ISO-10303-21;
HEADER;
FILE_DESCRIPTION(('Open CASCADE Model'),'2;1');
FILE_NAME('Open CASCADE Shape Model','2026-09-29T12:30:53',('Author'),(
    'Open CASCADE'),'Open CASCADE STEP processor 7.9','Open CASCADE 7.9'
  ,'Unknown');
FILE_SCHEMA(('AUTOMOTIVE_DESIGN { 1 0 10303 214 1 1 1 1 }'));
ENDSEC;
DATA;
#1 = APPLICATION_PROTOCOL_DEFINITION('international standard',
  'automotive_design',2000,#2);
#2 = APPLICATION_CONTEXT(
  'core data for automotive mechanical design processes');
#3 = SHAPE_DEFINITION_REPRESENTATION(#4,#10);
#4 = PRODUCT_DEFINITION_SHAPE('','',#5);
#5 = PRODUCT_DEFINITION('design','',#6,#9);
#6 = PRODUCT_DEFINITION_FORMATION('','',#7);
#7 = PRODUCT('Open CASCADE STEP translator 7.9 2',
  'Open CASCADE STEP translator 7.9 2','',(#8));
#8 = PRODUCT_CONTEXT('',#2,'mechanical');
#9 = PRODUCT_DEFINITION_CONTEXT('part definition',#2,'design');
#10 = ADVANCED_BREP_SHAPE_REPRESENTATION('',(#11,#15),#7929);
#11 = AXIS2_PLACEMENT_3D('',#12,#13,#14);
#12 = CARTESIAN_POINT('',(0.,0.,0.));
#13 = DIRECTION('',(0.,0.,1.));
#14 = DIRECTION('',(1.,0.,-0.));
#15 = MANIFOLD_SOLID_BREP('',#16);
#16 = CLOSED_SHELL('',(#17,#367,#440,#492,#544,#597,#650,#702,#754,#787,
    #1209,#1259,#1313,#1620,#1692,#1739,#1786,#1836,#1886,#1933,#1980,
    #2008,#2257,#2284,#2311,#2338,#4121,#4168,#4377,#4404,#5887,#5914,
    #5941,#5968,#5985,#6032,#6059,#6086,#6113,#6140,#6167,#6194,#6201,
    #6248,#6275,#6302,#6329,#6356,#6383,#6410,#6417,#6464,#6491,#6518,
    #6545,#6572,#6599,#6626,#6633,#6680,#6707,#6734,#6761,#6788,#6815,
    #6842,#6849,#6896,#6923,#6950,#6977,#7004,#7031,#7058,#7065,#7112,
    #7139,#7166,#7193,#7220,#7247,#7274,#7281,#7328,#7355,#7382,#7409,
    #7436,#7463,#7490,#7497,#7544,#7571,#7598,#7625,#7652,#7679,#7706,
    #7713,#7760,#7787,#7814,#7841,#7868,#7895,#7922));
#17 = ADVANCED_FACE('',(#18,#253),#33,.F.);
#18 = FACE_BOUND('',#19,.F.);
#19 = EDGE_LOOP('',(#20,#56,#84,#113,#141,#170,#198,#227));
#20 = ORIENTED_EDGE('',*,*,#21,.F.);
#21 = EDGE_CURVE('',#22,#24,#26,.T.);
#22 = VERTEX_POINT('',#23);
#23 = CARTESIAN_POINT('',(-26.05,-38.1,69.95));
#24 = VERTEX_POINT('',#25);
#25 = CARTESIAN_POINT('',(-23.25,-38.1,72.75));
#26 = SURFACE_CURVE('',#27,(#32,#44),.PCURVE_S1.);
#27 = CIRCLE('',#28,2.8);
#28 = AXIS2_PLACEMENT_3D('',#29,#30,#31);
#29 = CARTESIAN_POINT('',(-23.25,-38.1,69.95));
#30 = DIRECTION('',(0.,1.,0.));
#31 = DIRECTION('',(-1.,0.,0.));
#32 = PCURVE('',#33,#38);
#33 = PLANE('',#34);
#34 = AXIS2_PLACEMENT_3D('',#35,#36,#37);
#35 = CARTESIAN_POINT('',(-52.5,-38.1,14.7));
#36 = DIRECTION('',(0.,1.,0.));
#37 = DIRECTION('',(0.,0.,1.));
#38 = DEFINITIONAL_REPRESENTATION('',(#39),#43);
#39 = CIRCLE('',#40,2.8);
#40 = AXIS2_PLACEMENT_2D('',#41,#42);
#41 = CARTESIAN_POINT('',(55.25,29.25));
#42 = DIRECTION('',(0.,-1.));
#43 = ( GEOMETRIC_REPRESENTATION_CONTEXT(2) 
PARAMETRIC_REPRESENTATION_CONTEXT() REPRESENTATION_CONTEXT('2D SPACE',''
  ) );
#44 = PCURVE('',#45,#50);
#45 = CONICAL_SURFACE('',#46,2.,0.785398163397);
#46 = AXIS2_PLACEMENT_3D('',#47,#48,#49);
#47 = CARTESIAN_POINT('',(-23.25,-37.3,69.95));
#48 = DIRECTION('',(-0.,-1.,-0.));
#49 = DIRECTION('',(-1.,0.,0.));
#50 = DEFINITIONAL_REPRESENTATION('',(#51),#55);
#51 = LINE('',#52,#53);
#52 = CARTESIAN_POINT('',(0.,0.8));
#53 = VECTOR('',#54,1.);
#54 = DIRECTION('',(-1.,-0.));
#55 = ( GEOMETRIC_REPRESENTATION_CONTEXT(2) 
PARAMETRIC_REPRESENTATION_CONTEXT() REPRESENTATION_CONTEXT('2D SPACE',''
  ) );
#56 = ORIENTED_EDGE('',*,*,#57,.F.);
#57 = EDGE_CURVE('',#58,#22,#60,.T.);
#58 = VERTEX_POINT('',#59);
#59 = CARTESIAN_POINT('',(-26.05,-38.1,35.65));
#60 = SURFACE_CURVE('',#61,(#65,#72),.PCURVE_S1.);
#61 = LINE('',#62,#63);
#62 = CARTESIAN_POINT('',(-26.05,-38.1,35.65));
#63 = VECTOR('',#64,1.);
#64 = DIRECTION('',(-0.,-0.,1.));
#65 = PCURVE('',#33,#66);
#66 = DEFINITIONAL_REPRESENTATION('',(#67),#71);
#67 = LINE('',#68,#69);
#68 = CARTESIAN_POINT('',(20.95,26.45));
#69 = VECTOR('',#70,1.);
#70 = DIRECTION('',(1.,0.));
#71 = ( GEOMETRIC_REPRESENTATION_CONTEXT(2) 
PARAMETRIC_REPRESENTATION_CONTEXT() REPRESENTATION_CONTEXT('2D SPACE',''
  ) );
#72 = PCURVE('',#73,#78);
#73 = PLANE('',#74);
#74 = AXIS2_PLACEMENT_3D('',#75,#76,#77);
#75 = CARTESIAN_POINT('',(-25.65,-37.7,35.65));
#76 = DIRECTION('',(-0.707106781187,0.707106781187,-6.983161618628E-18)
  );
#77 = DIRECTION('',(-4.937840934654E-18,4.937840934654E-18,1.));
#78 = DEFINITIONAL_REPRESENTATION('',(#79),#83);
#79 = LINE('',#80,#81);
#80 = CARTESIAN_POINT('',(0.,-0.565685424949));
#81 = VECTOR('',#82,1.);
#82 = DIRECTION('',(1.,0.));
#83 = ( GEOMETRIC_REPRESENTATION_CONTEXT(2) 
PARAMETRIC_REPRESENTATION_CONTEXT() REPRESENTATION_CONTEXT('2D SPACE',''
  ) );
#84 = ORIENTED_EDGE('',*,*,#85,.F.);
#85 = EDGE_CURVE('',#86,#58,#88,.T.);
#86 = VERTEX_POINT('',#87);
#87 = CARTESIAN_POINT('',(-23.25,-38.1,32.85));
#88 = SURFACE_CURVE('',#89,(#94,#101),.PCURVE_S1.);
#89 = CIRCLE('',#90,2.8);
#90 = AXIS2_PLACEMENT_3D('',#91,#92,#93);
#91 = CARTESIAN_POINT('',(-23.25,-38.1,35.65));
#92 = DIRECTION('',(0.,1.,0.));
#93 = DIRECTION('',(0.,0.,-1.));
#94 = PCURVE('',#33,#95);
#95 = DEFINITIONAL_REPRESENTATION('',(#96),#100);
#96 = CIRCLE('',#97,2.8);
#97 = AXIS2_PLACEMENT_2D('',#98,#99);
#98 = CARTESIAN_POINT('',(20.95,29.25));
#99 = DIRECTION('',(-1.,0.));
#100 = ( GEOMETRIC_REPRESENTATION_CONTEXT(2) 
PARAMETRIC_REPRESENTATION_CONTEXT() REPRESENTATION_CONTEXT('2D SPACE',''
  ) );
#101 = PCURVE('',#102,#107);
#102 = CONICAL_SURFACE('',#103,2.,0.785398163397);
#103 = AXIS2_PLACEMENT_3D('',#104,#105,#106);
#104 = CARTESIAN_POINT('',(-23.25,-37.3,35.65));
#105 = DIRECTION('',(-0.,-1.,-0.));
#106 = DIRECTION('',(0.,0.,-1.));
#107 = DEFINITIONAL_REPRESENTATION('',(#108),#112);
#108 = LINE('',#109,#110);
#109 = CARTESIAN_POINT('',(0.,0.8));
#110 = VECTOR('',#111,1.);
#111 = DIRECTION('',(-1.,-0.));
#112 = ( GEOMETRIC_REPRESENTATION_CONTEXT(2) 
PARAMETRIC_REPRESENTATION_CONTEXT() REPRESENTATION_CONTEXT('2D SPACE',''
  ) );
#113 = ORIENTED_EDGE('',*,*,#114,.F.);
#114 = EDGE_CURVE('',#115,#86,#117,.T.);
#115 = VERTEX_POINT('',#116);
#116 = CARTESIAN_POINT('',(23.25,-38.1,32.85));
#117 = SURFACE_CURVE('',#118,(#122,#129),.PCURVE_S1.);
#118 = LINE('',#119,#120);
#119 = CARTESIAN_POINT('',(23.25,-38.1,32.85));
#120 = VECTOR('',#121,1.);
#121 = DIRECTION('',(-1.,-0.,-0.));
#122 = PCURVE('',#33,#123);
#123 = DEFINITIONAL_REPRESENTATION('',(#124),#128);
#124 = LINE('',#125,#126);
#125 = CARTESIAN_POINT('',(18.15,75.75));
#126 = VECTOR('',#127,1.);
#127 = DIRECTION('',(-0.,-1.));
#128 = ( GEOMETRIC_REPRESENTATION_CONTEXT(2) 
PARAMETRIC_REPRESENTATION_CONTEXT() REPRESENTATION_CONTEXT('2D SPACE',''
  ) );
#129 = PCURVE('',#130,#135);
#130 = PLANE('',#131);
#131 = AXIS2_PLACEMENT_3D('',#132,#133,#134);
#132 = CARTESIAN_POINT('',(23.25,-37.7,33.25));
#133 = DIRECTION('',(0.,0.707106781187,-0.707106781187));
#134 = DIRECTION('',(-1.,0.,-0.));
#135 = DEFINITIONAL_REPRESENTATION('',(#136),#140);
#136 = LINE('',#137,#138);
#137 = CARTESIAN_POINT('',(0.,-0.565685424949));
#138 = VECTOR('',#139,1.);
#139 = DIRECTION('',(1.,0.));
#140 = ( GEOMETRIC_REPRESENTATION_CONTEXT(2) 
PARAMETRIC_REPRESENTATION_CONTEXT() REPRESENTATION_CONTEXT('2D SPACE',''
  ) );
#141 = ORIENTED_EDGE('',*,*,#142,.F.);
#142 = EDGE_CURVE('',#143,#115,#145,.T.);
#143 = VERTEX_POINT('',#144);
#144 = CARTESIAN_POINT('',(26.05,-38.1,35.65));
#145 = SURFACE_CURVE('',#146,(#151,#158),.PCURVE_S1.);
#146 = CIRCLE('',#147,2.8);
#147 = AXIS2_PLACEMENT_3D('',#148,#149,#150);
#148 = CARTESIAN_POINT('',(23.25,-38.1,35.65));
#149 = DIRECTION('',(0.,1.,0.));
#150 = DIRECTION('',(1.,-0.,0.));
#151 = PCURVE('',#33,#152);
#152 = DEFINITIONAL_REPRESENTATION('',(#153),#157);
#153 = CIRCLE('',#154,2.8);
#154 = AXIS2_PLACEMENT_2D('',#155,#156);
#155 = CARTESIAN_POINT('',(20.95,75.75));
#156 = DIRECTION('',(0.,1.));
#157 = ( GEOMETRIC_REPRESENTATION_CONTEXT(2) 
PARAMETRIC_REPRESENTATION_CONTEXT() REPRESENTATION_CONTEXT('2D SPACE',''
  ) );
#158 = PCURVE('',#159,#164);
#159 = CONICAL_SURFACE('',#160,2.,0.785398163397);
#160 = AXIS2_PLACEMENT_3D('',#161,#162,#163);
#161 = CARTESIAN_POINT('',(23.25,-37.3,35.65));
#162 = DIRECTION('',(-0.,-1.,-0.));
#163 = DIRECTION('',(1.,-0.,0.));
#164 = DEFINITIONAL_REPRESENTATION('',(#165),#169);
#165 = LINE('',#166,#167);
#166 = CARTESIAN_POINT('',(0.,0.8));
#167 = VECTOR('',#168,1.);
#168 = DIRECTION('',(-1.,-0.));
#169 = ( GEOMETRIC_REPRESENTATION_CONTEXT(2) 
PARAMETRIC_REPRESENTATION_CONTEXT() REPRESENTATION_CONTEXT('2D SPACE',''
  ) );
#170 = ORIENTED_EDGE('',*,*,#171,.F.);
#171 = EDGE_CURVE('',#172,#143,#174,.T.);
#172 = VERTEX_POINT('',#173);
#173 = CARTESIAN_POINT('',(26.05,-38.1,69.95));
#174 = SURFACE_CURVE('',#175,(#179,#186),.PCURVE_S1.);
#175 = LINE('',#176,#177);
#176 = CARTESIAN_POINT('',(26.05,-38.1,69.95));
#177 = VECTOR('',#178,1.);
#178 = DIRECTION('',(0.,0.,-1.));
#179 = PCURVE('',#33,#180);
#180 = DEFINITIONAL_REPRESENTATION('',(#181),#185);
#181 = LINE('',#182,#183);
#182 = CARTESIAN_POINT('',(55.25,78.55));
#183 = VECTOR('',#184,1.);
#184 = DIRECTION('',(-1.,0.));
#185 = ( GEOMETRIC_REPRESENTATION_CONTEXT(2) 
PARAMETRIC_REPRESENTATION_CONTEXT() REPRESENTATION_CONTEXT('2D SPACE',''
  ) );
#186 = PCURVE('',#187,#192);
#187 = PLANE('',#188);
#188 = AXIS2_PLACEMENT_3D('',#189,#190,#191);
#189 = CARTESIAN_POINT('',(25.65,-37.7,69.95));
#190 = DIRECTION('',(-0.707106781187,-0.707106781187,6.983161618628E-18)
  );
#191 = DIRECTION('',(4.937840934654E-18,4.937840934654E-18,1.));
#192 = DEFINITIONAL_REPRESENTATION('',(#193),#197);
#193 = LINE('',#194,#195);
#194 = CARTESIAN_POINT('',(-0.,-0.565685424949));
#195 = VECTOR('',#196,1.);
#196 = DIRECTION('',(-1.,0.));
#197 = ( GEOMETRIC_REPRESENTATION_CONTEXT(2) 
PARAMETRIC_REPRESENTATION_CONTEXT() REPRESENTATION_CONTEXT('2D SPACE',''
  ) );
#198 = ORIENTED_EDGE('',*,*,#199,.F.);
#199 = EDGE_CURVE('',#200,#172,#202,.T.);
#200 = VERTEX_POINT('',#201);
#201 = CARTESIAN_POINT('',(23.25,-38.1,72.75));
#202 = SURFACE_CURVE('',#203,(#208,#215),.PCURVE_S1.);
#203 = CIRCLE('',#204,2.8);
#204 = AXIS2_PLACEMENT_3D('',#205,#206,#207);
#205 = CARTESIAN_POINT('',(23.25,-38.1,69.95));
#206 = DIRECTION('',(0.,1.,0.));
#207 = DIRECTION('',(0.,-0.,1.));
#208 = PCURVE('',#33,#209);
#209 = DEFINITIONAL_REPRESENTATION('',(#210),#214);
#210 = CIRCLE('',#211,2.8);
#211 = AXIS2_PLACEMENT_2D('',#212,#213);
#212 = CARTESIAN_POINT('',(55.25,75.75));
#213 = DIRECTION('',(1.,0.));
#214 = ( GEOMETRIC_REPRESENTATION_CONTEXT(2) 
PARAMETRIC_REPRESENTATION_CONTEXT() REPRESENTATION_CONTEXT('2D SPACE',''
  ) );
#215 = PCURVE('',#216,#221);
#216 = CONICAL_SURFACE('',#217,2.,0.785398163397);
#217 = AXIS2_PLACEMENT_3D('',#218,#219,#220);
#218 = CARTESIAN_POINT('',(23.25,-37.3,69.95));
#219 = DIRECTION('',(-0.,-1.,-0.));
#220 = DIRECTION('',(0.,0.,1.));
#221 = DEFINITIONAL_REPRESENTATION('',(#222),#226);
#222 = LINE('',#223,#224);
#223 = CARTESIAN_POINT('',(0.,0.8));
#224 = VECTOR('',#225,1.);
#225 = DIRECTION('',(-1.,-0.));
#226 = ( GEOMETRIC_REPRESENTATION_CONTEXT(2) 
PARAMETRIC_REPRESENTATION_CONTEXT() REPRESENTATION_CONTEXT('2D SPACE',''
  ) );
#227 = ORIENTED_EDGE('',*,*,#228,.F.);
#228 = EDGE_CURVE('',#24,#200,#229,.T.);
#229 = SURFACE_CURVE('',#230,(#234,#241),.PCURVE_S1.);
#230 = LINE('',#231,#232);
#231 = CARTESIAN_POINT('',(-23.25,-38.1,72.75));
#232 = VECTOR('',#233,1.);
#233 = DIRECTION('',(1.,0.,0.));
#234 = PCURVE('',#33,#235);
#235 = DEFINITIONAL_REPRESENTATION('',(#236),#240);
#236 = LINE('',#237,#238);
#237 = CARTESIAN_POINT('',(58.05,29.25));
#238 = VECTOR('',#239,1.);
#239 = DIRECTION('',(0.,1.));
#240 = ( GEOMETRIC_REPRESENTATION_CONTEXT(2) 
PARAMETRIC_REPRESENTATION_CONTEXT() REPRESENTATION_CONTEXT('2D SPACE',''
  ) );
#241 = PCURVE('',#242,#247);
#242 = PLANE('',#243);
#243 = AXIS2_PLACEMENT_3D('',#244,#245,#246);
#244 = CARTESIAN_POINT('',(-23.25,-37.7,72.35));
#245 = DIRECTION('',(0.,-0.707106781187,-0.707106781187));
#246 = DIRECTION('',(-1.,-0.,-0.));
#247 = DEFINITIONAL_REPRESENTATION('',(#248),#252);
#248 = LINE('',#249,#250);
#249 = CARTESIAN_POINT('',(-0.,-0.565685424949));
#250 = VECTOR('',#251,1.);
#251 = DIRECTION('',(-1.,0.));
#252 = ( GEOMETRIC_REPRESENTATION_CONTEXT(2) 
PARAMETRIC_REPRESENTATION_CONTEXT() REPRESENTATION_CONTEXT('2D SPACE',''
  ) );
#253 = FACE_BOUND('',#254,.F.);
#254 = EDGE_LOOP('',(#255,#285,#313,#341));
#255 = ORIENTED_EDGE('',*,*,#256,.F.);
#256 = EDGE_CURVE('',#257,#259,#261,.T.);
#257 = VERTEX_POINT('',#258);
#258 = CARTESIAN_POINT('',(52.5,-38.1,15.9));
#259 = VERTEX_POINT('',#260);
#260 = CARTESIAN_POINT('',(52.5,-38.1,89.7));
#261 = SURFACE_CURVE('',#262,(#266,#273),.PCURVE_S1.);
#262 = LINE('',#263,#264);
#263 = CARTESIAN_POINT('',(52.5,-38.1,14.7));
#264 = VECTOR('',#265,1.);
#265 = DIRECTION('',(0.,0.,1.));
#266 = PCURVE('',#33,#267);
#267 = DEFINITIONAL_REPRESENTATION('',(#268),#272);
#268 = LINE('',#269,#270);
#269 = CARTESIAN_POINT('',(0.,105.));
#270 = VECTOR('',#271,1.);
#271 = DIRECTION('',(1.,0.));
#272 = ( GEOMETRIC_REPRESENTATION_CONTEXT(2) 
PARAMETRIC_REPRESENTATION_CONTEXT() REPRESENTATION_CONTEXT('2D SPACE',''
  ) );
#273 = PCURVE('',#274,#279);
#274 = PLANE('',#275);
#275 = AXIS2_PLACEMENT_3D('',#276,#277,#278);
#276 = CARTESIAN_POINT('',(52.5,-38.1,14.7));
#277 = DIRECTION('',(1.,0.,0.));
#278 = DIRECTION('',(0.,0.,1.));
#279 = DEFINITIONAL_REPRESENTATION('',(#280),#284);
#280 = LINE('',#281,#282);
#281 = CARTESIAN_POINT('',(0.,0.));
#282 = VECTOR('',#283,1.);
#283 = DIRECTION('',(1.,0.));
#284 = ( GEOMETRIC_REPRESENTATION_CONTEXT(2) 
PARAMETRIC_REPRESENTATION_CONTEXT() REPRESENTATION_CONTEXT('2D SPACE',''
  ) );
#285 = ORIENTED_EDGE('',*,*,#286,.F.);
#286 = EDGE_CURVE('',#287,#257,#289,.T.);
#287 = VERTEX_POINT('',#288);
#288 = CARTESIAN_POINT('',(-52.5,-38.1,15.9));
#289 = SURFACE_CURVE('',#290,(#294,#301),.PCURVE_S1.);
#290 = LINE('',#291,#292);
#291 = CARTESIAN_POINT('',(-52.5,-38.1,15.9));
#292 = VECTOR('',#293,1.);
#293 = DIRECTION('',(1.,0.,0.));
#294 = PCURVE('',#33,#295);
#295 = DEFINITIONAL_REPRESENTATION('',(#296),#300);
#296 = LINE('',#297,#298);
#297 = CARTESIAN_POINT('',(1.2,0.));
#298 = VECTOR('',#299,1.);
#299 = DIRECTION('',(0.,1.));
#300 = ( GEOMETRIC_REPRESENTATION_CONTEXT(2) 
PARAMETRIC_REPRESENTATION_CONTEXT() REPRESENTATION_CONTEXT('2D SPACE',''
  ) );
#301 = PCURVE('',#302,#307);
#302 = CYLINDRICAL_SURFACE('',#303,1.2);
#303 = AXIS2_PLACEMENT_3D('',#304,#305,#306);
#304 = CARTESIAN_POINT('',(-52.5,-36.9,15.9));
#305 = DIRECTION('',(1.,0.,0.));
#306 = DIRECTION('',(0.,-1.,0.));
#307 = DEFINITIONAL_REPRESENTATION('',(#308),#312);
#308 = LINE('',#309,#310);
#309 = CARTESIAN_POINT('',(0.,0.));
#310 = VECTOR('',#311,1.);
#311 = DIRECTION('',(0.,1.));
#312 = ( GEOMETRIC_REPRESENTATION_CONTEXT(2) 
PARAMETRIC_REPRESENTATION_CONTEXT() REPRESENTATION_CONTEXT('2D SPACE',''
  ) );
#313 = ORIENTED_EDGE('',*,*,#314,.T.);
#314 = EDGE_CURVE('',#287,#315,#317,.T.);
#315 = VERTEX_POINT('',#316);
#316 = CARTESIAN_POINT('',(-52.5,-38.1,89.7));
#317 = SURFACE_CURVE('',#318,(#322,#329),.PCURVE_S1.);
#318 = LINE('',#319,#320);
#319 = CARTESIAN_POINT('',(-52.5,-38.1,14.7));
#320 = VECTOR('',#321,1.);
#321 = DIRECTION('',(0.,0.,1.));
#322 = PCURVE('',#33,#323);
#323 = DEFINITIONAL_REPRESENTATION('',(#324),#328);
#324 = LINE('',#325,#326);
#325 = CARTESIAN_POINT('',(0.,0.));
#326 = VECTOR('',#327,1.);
#327 = DIRECTION('',(1.,0.));
#328 = ( GEOMETRIC_REPRESENTATION_CONTEXT(2) 
PARAMETRIC_REPRESENTATION_CONTEXT() REPRESENTATION_CONTEXT('2D SPACE',''
  ) );
#329 = PCURVE('',#330,#335);
#330 = PLANE('',#331);
#331 = AXIS2_PLACEMENT_3D('',#332,#333,#334);
#332 = CARTESIAN_POINT('',(-52.5,-38.1,14.7));
#333 = DIRECTION('',(1.,0.,0.));
#334 = DIRECTION('',(0.,0.,1.));
#335 = DEFINITIONAL_REPRESENTATION('',(#336),#340);
#336 = LINE('',#337,#338);
#337 = CARTESIAN_POINT('',(0.,0.));
#338 = VECTOR('',#339,1.);
#339 = DIRECTION('',(1.,0.));
#340 = ( GEOMETRIC_REPRESENTATION_CONTEXT(2) 
PARAMETRIC_REPRESENTATION_CONTEXT() REPRESENTATION_CONTEXT('2D SPACE',''
  ) );
#341 = ORIENTED_EDGE('',*,*,#342,.T.);
#342 = EDGE_CURVE('',#315,#259,#343,.T.);
#343 = SURFACE_CURVE('',#344,(#348,#355),.PCURVE_S1.);
#344 = LINE('',#345,#346);
#345 = CARTESIAN_POINT('',(-52.5,-38.1,89.7));
#346 = VECTOR('',#347,1.);
#347 = DIRECTION('',(1.,0.,0.));
#348 = PCURVE('',#33,#349);
#349 = DEFINITIONAL_REPRESENTATION('',(#350),#354);
#350 = LINE('',#351,#352);
#351 = CARTESIAN_POINT('',(75.,0.));
#352 = VECTOR('',#353,1.);
#353 = DIRECTION('',(0.,1.));
#354 = ( GEOMETRIC_REPRESENTATION_CONTEXT(2) 
PARAMETRIC_REPRESENTATION_CONTEXT() REPRESENTATION_CONTEXT('2D SPACE',''
  ) );
#355 = PCURVE('',#356,#361);
#356 = CYLINDRICAL_SURFACE('',#357,1.2);
#357 = AXIS2_PLACEMENT_3D('',#358,#359,#360);
#358 = CARTESIAN_POINT('',(-52.5,-36.9,89.7));
#359 = DIRECTION('',(1.,0.,0.));
#360 = DIRECTION('',(0.,-1.,0.));
#361 = DEFINITIONAL_REPRESENTATION('',(#362),#366);
#362 = LINE('',#363,#364);
#363 = CARTESIAN_POINT('',(-0.,0.));
#364 = VECTOR('',#365,1.);
#365 = DIRECTION('',(-0.,1.));
#366 = ( GEOMETRIC_REPRESENTATION_CONTEXT(2) 
PARAMETRIC_REPRESENTATION_CONTEXT() REPRESENTATION_CONTEXT('2D SPACE',''
  ) );
#367 = ADVANCED_FACE('',(#368),#45,.F.);
#368 = FACE_BOUND('',#369,.F.);
#369 = EDGE_LOOP('',(#370,#391,#392,#413));
#370 = ORIENTED_EDGE('',*,*,#371,.F.);
#371 = EDGE_CURVE('',#22,#372,#374,.T.);
#372 = VERTEX_POINT('',#373);
#373 = CARTESIAN_POINT('',(-25.25,-37.3,69.95));
#374 = SURFACE_CURVE('',#375,(#379,#385),.PCURVE_S1.);
#375 = LINE('',#376,#377);
#376 = CARTESIAN_POINT('',(-25.25,-37.3,69.95));
#377 = VECTOR('',#378,1.);
#378 = DIRECTION('',(0.707106781187,0.707106781187,0.));
#379 = PCURVE('',#45,#380);
#380 = DEFINITIONAL_REPRESENTATION('',(#381),#384);
#381 = B_SPLINE_CURVE_WITH_KNOTS('',1,(#382,#383),.UNSPECIFIED.,.F.,.F.,
  (2,2),(-1.131370849898,0.),.PIECEWISE_BEZIER_KNOTS.);
#382 = CARTESIAN_POINT('',(0.,0.8));
#383 = CARTESIAN_POINT('',(0.,0.));
#384 = ( GEOMETRIC_REPRESENTATION_CONTEXT(2) 
PARAMETRIC_REPRESENTATION_CONTEXT() REPRESENTATION_CONTEXT('2D SPACE',''
  ) );
#385 = PCURVE('',#73,#386);
#386 = DEFINITIONAL_REPRESENTATION('',(#387),#390);
#387 = B_SPLINE_CURVE_WITH_KNOTS('',1,(#388,#389),.UNSPECIFIED.,.F.,.F.,
  (2,2),(-1.131370849898,0.),.PIECEWISE_BEZIER_KNOTS.);
#388 = CARTESIAN_POINT('',(34.3,-0.565685424949));
#389 = CARTESIAN_POINT('',(34.3,0.565685424949));
#390 = ( GEOMETRIC_REPRESENTATION_CONTEXT(2) 
PARAMETRIC_REPRESENTATION_CONTEXT() REPRESENTATION_CONTEXT('2D SPACE',''
  ) );
#391 = ORIENTED_EDGE('',*,*,#21,.T.);
#392 = ORIENTED_EDGE('',*,*,#393,.T.);
#393 = EDGE_CURVE('',#24,#394,#396,.T.);
#394 = VERTEX_POINT('',#395);
#395 = CARTESIAN_POINT('',(-23.25,-37.3,71.95));
#396 = SURFACE_CURVE('',#397,(#401,#407),.PCURVE_S1.);
#397 = LINE('',#398,#399);
#398 = CARTESIAN_POINT('',(-23.25,-37.3,71.95));
#399 = VECTOR('',#400,1.);
#400 = DIRECTION('',(4.329780281177E-17,0.707106781187,-0.707106781187)
  );
#401 = PCURVE('',#45,#402);
#402 = DEFINITIONAL_REPRESENTATION('',(#403),#406);
#403 = B_SPLINE_CURVE_WITH_KNOTS('',1,(#404,#405),.UNSPECIFIED.,.F.,.F.,
  (2,2),(-1.131370849898,0.),.PIECEWISE_BEZIER_KNOTS.);
#404 = CARTESIAN_POINT('',(-1.570796326795,0.8));
#405 = CARTESIAN_POINT('',(-1.570796326795,0.));
#406 = ( GEOMETRIC_REPRESENTATION_CONTEXT(2) 
PARAMETRIC_REPRESENTATION_CONTEXT() REPRESENTATION_CONTEXT('2D SPACE',''
  ) );
#407 = PCURVE('',#242,#408);
#408 = DEFINITIONAL_REPRESENTATION('',(#409),#412);
#409 = B_SPLINE_CURVE_WITH_KNOTS('',1,(#410,#411),.UNSPECIFIED.,.F.,.F.,
  (2,2),(-1.131370849898,0.),.PIECEWISE_BEZIER_KNOTS.);
#410 = CARTESIAN_POINT('',(0.,-0.565685424949));
#411 = CARTESIAN_POINT('',(0.,0.565685424949));
#412 = ( GEOMETRIC_REPRESENTATION_CONTEXT(2) 
PARAMETRIC_REPRESENTATION_CONTEXT() REPRESENTATION_CONTEXT('2D SPACE',''
  ) );
#413 = ORIENTED_EDGE('',*,*,#414,.F.);
#414 = EDGE_CURVE('',#372,#394,#415,.T.);
#415 = SURFACE_CURVE('',#416,(#421,#428),.PCURVE_S1.);
#416 = CIRCLE('',#417,2.);
#417 = AXIS2_PLACEMENT_3D('',#418,#419,#420);
#418 = CARTESIAN_POINT('',(-23.25,-37.3,69.95));
#419 = DIRECTION('',(0.,1.,0.));
#420 = DIRECTION('',(-1.,0.,0.));
#421 = PCURVE('',#45,#422);
#422 = DEFINITIONAL_REPRESENTATION('',(#423),#427);
#423 = LINE('',#424,#425);
#424 = CARTESIAN_POINT('',(-0.,-0.));
#425 = VECTOR('',#426,1.);
#426 = DIRECTION('',(-1.,-0.));
#427 = ( GEOMETRIC_REPRESENTATION_CONTEXT(2) 
PARAMETRIC_REPRESENTATION_CONTEXT() REPRESENTATION_CONTEXT('2D SPACE',''
  ) );
#428 = PCURVE('',#429,#434);
#429 = CYLINDRICAL_SURFACE('',#430,2.);
#430 = AXIS2_PLACEMENT_3D('',#431,#432,#433);
#431 = CARTESIAN_POINT('',(-23.25,-39.1,69.95));
#432 = DIRECTION('',(0.,1.,0.));
#433 = DIRECTION('',(-1.,0.,0.));
#434 = DEFINITIONAL_REPRESENTATION('',(#435),#439);
#435 = LINE('',#436,#437);
#436 = CARTESIAN_POINT('',(0.,1.8));
#437 = VECTOR('',#438,1.);
#438 = DIRECTION('',(1.,0.));
#439 = ( GEOMETRIC_REPRESENTATION_CONTEXT(2) 
PARAMETRIC_REPRESENTATION_CONTEXT() REPRESENTATION_CONTEXT('2D SPACE',''
  ) );
#440 = ADVANCED_FACE('',(#441),#73,.F.);
#441 = FACE_BOUND('',#442,.F.);
#442 = EDGE_LOOP('',(#443,#464,#465,#466));
#443 = ORIENTED_EDGE('',*,*,#444,.F.);
#444 = EDGE_CURVE('',#58,#445,#447,.T.);
#445 = VERTEX_POINT('',#446);
#446 = CARTESIAN_POINT('',(-25.25,-37.3,35.65));
#447 = SURFACE_CURVE('',#448,(#452,#458),.PCURVE_S1.);
#448 = LINE('',#449,#450);
#449 = CARTESIAN_POINT('',(-25.25,-37.3,35.65));
#450 = VECTOR('',#451,1.);
#451 = DIRECTION('',(0.707106781187,0.707106781187,4.329780281177E-17));
#452 = PCURVE('',#73,#453);
#453 = DEFINITIONAL_REPRESENTATION('',(#454),#457);
#454 = B_SPLINE_CURVE_WITH_KNOTS('',1,(#455,#456),.UNSPECIFIED.,.F.,.F.,
  (2,2),(-1.131370849898,0.),.PIECEWISE_BEZIER_KNOTS.);
#455 = CARTESIAN_POINT('',(0.,-0.565685424949));
#456 = CARTESIAN_POINT('',(0.,0.565685424949));
#457 = ( GEOMETRIC_REPRESENTATION_CONTEXT(2) 
PARAMETRIC_REPRESENTATION_CONTEXT() REPRESENTATION_CONTEXT('2D SPACE',''
  ) );
#458 = PCURVE('',#102,#459);
#459 = DEFINITIONAL_REPRESENTATION('',(#460),#463);
#460 = B_SPLINE_CURVE_WITH_KNOTS('',1,(#461,#462),.UNSPECIFIED.,.F.,.F.,
  (2,2),(-1.131370849898,0.),.PIECEWISE_BEZIER_KNOTS.);
#461 = CARTESIAN_POINT('',(-1.570796326795,0.8));
#462 = CARTESIAN_POINT('',(-1.570796326795,0.));
#463 = ( GEOMETRIC_REPRESENTATION_CONTEXT(2) 
PARAMETRIC_REPRESENTATION_CONTEXT() REPRESENTATION_CONTEXT('2D SPACE',''
  ) );
#464 = ORIENTED_EDGE('',*,*,#57,.T.);
#465 = ORIENTED_EDGE('',*,*,#371,.T.);
#466 = ORIENTED_EDGE('',*,*,#467,.F.);
#467 = EDGE_CURVE('',#445,#372,#468,.T.);
#468 = SURFACE_CURVE('',#469,(#473,#480),.PCURVE_S1.);
#469 = LINE('',#470,#471);
#470 = CARTESIAN_POINT('',(-25.25,-37.3,35.65));
#471 = VECTOR('',#472,1.);
#472 = DIRECTION('',(-0.,-0.,1.));
#473 = PCURVE('',#73,#474);
#474 = DEFINITIONAL_REPRESENTATION('',(#475),#479);
#475 = LINE('',#476,#477);
#476 = CARTESIAN_POINT('',(0.,0.565685424949));
#477 = VECTOR('',#478,1.);
#478 = DIRECTION('',(1.,0.));
#479 = ( GEOMETRIC_REPRESENTATION_CONTEXT(2) 
PARAMETRIC_REPRESENTATION_CONTEXT() REPRESENTATION_CONTEXT('2D SPACE',''
  ) );
#480 = PCURVE('',#481,#486);
#481 = PLANE('',#482);
#482 = AXIS2_PLACEMENT_3D('',#483,#484,#485);
#483 = CARTESIAN_POINT('',(-25.25,-39.1,33.65));
#484 = DIRECTION('',(1.,0.,0.));
#485 = DIRECTION('',(0.,0.,1.));
#486 = DEFINITIONAL_REPRESENTATION('',(#487),#491);
#487 = LINE('',#488,#489);
#488 = CARTESIAN_POINT('',(2.,-1.8));
#489 = VECTOR('',#490,1.);
#490 = DIRECTION('',(1.,0.));
#491 = ( GEOMETRIC_REPRESENTATION_CONTEXT(2) 
PARAMETRIC_REPRESENTATION_CONTEXT() REPRESENTATION_CONTEXT('2D SPACE',''
  ) );
#492 = ADVANCED_FACE('',(#493),#242,.T.);
#493 = FACE_BOUND('',#494,.F.);
#494 = EDGE_LOOP('',(#495,#496,#497,#518));
#495 = ORIENTED_EDGE('',*,*,#393,.F.);
#496 = ORIENTED_EDGE('',*,*,#228,.T.);
#497 = ORIENTED_EDGE('',*,*,#498,.T.);
#498 = EDGE_CURVE('',#200,#499,#501,.T.);
#499 = VERTEX_POINT('',#500);
#500 = CARTESIAN_POINT('',(23.25,-37.3,71.95));
#501 = SURFACE_CURVE('',#502,(#506,#512),.PCURVE_S1.);
#502 = LINE('',#503,#504);
#503 = CARTESIAN_POINT('',(23.25,-37.7,72.35));
#504 = VECTOR('',#505,1.);
#505 = DIRECTION('',(-0.,0.707106781187,-0.707106781187));
#506 = PCURVE('',#242,#507);
#507 = DEFINITIONAL_REPRESENTATION('',(#508),#511);
#508 = B_SPLINE_CURVE_WITH_KNOTS('',1,(#509,#510),.UNSPECIFIED.,.F.,.F.,
  (2,2),(-0.565685424949,0.565685424949),.PIECEWISE_BEZIER_KNOTS.);
#509 = CARTESIAN_POINT('',(-46.5,-0.565685424949));
#510 = CARTESIAN_POINT('',(-46.5,0.565685424949));
#511 = ( GEOMETRIC_REPRESENTATION_CONTEXT(2) 
PARAMETRIC_REPRESENTATION_CONTEXT() REPRESENTATION_CONTEXT('2D SPACE',''
  ) );
#512 = PCURVE('',#216,#513);
#513 = DEFINITIONAL_REPRESENTATION('',(#514),#517);
#514 = B_SPLINE_CURVE_WITH_KNOTS('',1,(#515,#516),.UNSPECIFIED.,.F.,.F.,
  (2,2),(-0.565685424949,0.565685424949),.PIECEWISE_BEZIER_KNOTS.);
#515 = CARTESIAN_POINT('',(0.,0.8));
#516 = CARTESIAN_POINT('',(0.,1.727101704552E-15));
#517 = ( GEOMETRIC_REPRESENTATION_CONTEXT(2) 
PARAMETRIC_REPRESENTATION_CONTEXT() REPRESENTATION_CONTEXT('2D SPACE',''
  ) );
#518 = ORIENTED_EDGE('',*,*,#519,.F.);
#519 = EDGE_CURVE('',#394,#499,#520,.T.);
#520 = SURFACE_CURVE('',#521,(#525,#532),.PCURVE_S1.);
#521 = LINE('',#522,#523);
#522 = CARTESIAN_POINT('',(-23.25,-37.3,71.95));
#523 = VECTOR('',#524,1.);
#524 = DIRECTION('',(1.,0.,0.));
#525 = PCURVE('',#242,#526);
#526 = DEFINITIONAL_REPRESENTATION('',(#527),#531);
#527 = LINE('',#528,#529);
#528 = CARTESIAN_POINT('',(-0.,0.565685424949));
#529 = VECTOR('',#530,1.);
#530 = DIRECTION('',(-1.,0.));
#531 = ( GEOMETRIC_REPRESENTATION_CONTEXT(2) 
PARAMETRIC_REPRESENTATION_CONTEXT() REPRESENTATION_CONTEXT('2D SPACE',''
  ) );
#532 = PCURVE('',#533,#538);
#533 = PLANE('',#534);
#534 = AXIS2_PLACEMENT_3D('',#535,#536,#537);
#535 = CARTESIAN_POINT('',(-25.25,-39.1,71.95));
#536 = DIRECTION('',(0.,0.,1.));
#537 = DIRECTION('',(1.,0.,0.));
#538 = DEFINITIONAL_REPRESENTATION('',(#539),#543);
#539 = LINE('',#540,#541);
#540 = CARTESIAN_POINT('',(2.,1.8));
#541 = VECTOR('',#542,1.);
#542 = DIRECTION('',(1.,0.));
#543 = ( GEOMETRIC_REPRESENTATION_CONTEXT(2) 
PARAMETRIC_REPRESENTATION_CONTEXT() REPRESENTATION_CONTEXT('2D SPACE',''
  ) );
#544 = ADVANCED_FACE('',(#545),#102,.F.);
#545 = FACE_BOUND('',#546,.F.);
#546 = EDGE_LOOP('',(#547,#568,#569,#570));
#547 = ORIENTED_EDGE('',*,*,#548,.F.);
#548 = EDGE_CURVE('',#86,#549,#551,.T.);
#549 = VERTEX_POINT('',#550);
#550 = CARTESIAN_POINT('',(-23.25,-37.3,33.65));
#551 = SURFACE_CURVE('',#552,(#556,#562),.PCURVE_S1.);
#552 = LINE('',#553,#554);
#553 = CARTESIAN_POINT('',(-23.25,-37.7,33.25));
#554 = VECTOR('',#555,1.);
#555 = DIRECTION('',(0.,0.707106781187,0.707106781187));
#556 = PCURVE('',#102,#557);
#557 = DEFINITIONAL_REPRESENTATION('',(#558),#561);
#558 = B_SPLINE_CURVE_WITH_KNOTS('',1,(#559,#560),.UNSPECIFIED.,.F.,.F.,
  (2,2),(-0.565685424949,0.565685424949),.PIECEWISE_BEZIER_KNOTS.);
#559 = CARTESIAN_POINT('',(0.,0.8));
#560 = CARTESIAN_POINT('',(0.,6.75139757234E-15));
#561 = ( GEOMETRIC_REPRESENTATION_CONTEXT(2) 
PARAMETRIC_REPRESENTATION_CONTEXT() REPRESENTATION_CONTEXT('2D SPACE',''
  ) );
#562 = PCURVE('',#130,#563);
#563 = DEFINITIONAL_REPRESENTATION('',(#564),#567);
#564 = B_SPLINE_CURVE_WITH_KNOTS('',1,(#565,#566),.UNSPECIFIED.,.F.,.F.,
  (2,2),(-0.565685424949,0.565685424949),.PIECEWISE_BEZIER_KNOTS.);
#565 = CARTESIAN_POINT('',(46.5,-0.565685424949));
#566 = CARTESIAN_POINT('',(46.5,0.565685424949));
#567 = ( GEOMETRIC_REPRESENTATION_CONTEXT(2) 
PARAMETRIC_REPRESENTATION_CONTEXT() REPRESENTATION_CONTEXT('2D SPACE',''
  ) );
#568 = ORIENTED_EDGE('',*,*,#85,.T.);
#569 = ORIENTED_EDGE('',*,*,#444,.T.);
#570 = ORIENTED_EDGE('',*,*,#571,.F.);
#571 = EDGE_CURVE('',#549,#445,#572,.T.);
#572 = SURFACE_CURVE('',#573,(#578,#585),.PCURVE_S1.);
#573 = CIRCLE('',#574,2.);
#574 = AXIS2_PLACEMENT_3D('',#575,#576,#577);
#575 = CARTESIAN_POINT('',(-23.25,-37.3,35.65));
#576 = DIRECTION('',(0.,1.,0.));
#577 = DIRECTION('',(0.,0.,-1.));
#578 = PCURVE('',#102,#579);
#579 = DEFINITIONAL_REPRESENTATION('',(#580),#584);
#580 = LINE('',#581,#582);
#581 = CARTESIAN_POINT('',(-0.,-0.));
#582 = VECTOR('',#583,1.);
#583 = DIRECTION('',(-1.,-0.));
#584 = ( GEOMETRIC_REPRESENTATION_CONTEXT(2) 
PARAMETRIC_REPRESENTATION_CONTEXT() REPRESENTATION_CONTEXT('2D SPACE',''
  ) );
#585 = PCURVE('',#586,#591);
#586 = CYLINDRICAL_SURFACE('',#587,2.);
#587 = AXIS2_PLACEMENT_3D('',#588,#589,#590);
#588 = CARTESIAN_POINT('',(-23.25,-39.1,35.65));
#589 = DIRECTION('',(0.,1.,0.));
#590 = DIRECTION('',(-1.,0.,0.));
#591 = DEFINITIONAL_REPRESENTATION('',(#592),#596);
#592 = LINE('',#593,#594);
#593 = CARTESIAN_POINT('',(-1.570796326795,1.8));
#594 = VECTOR('',#595,1.);
#595 = DIRECTION('',(1.,-0.));
#596 = ( GEOMETRIC_REPRESENTATION_CONTEXT(2) 
PARAMETRIC_REPRESENTATION_CONTEXT() REPRESENTATION_CONTEXT('2D SPACE',''
  ) );
#597 = ADVANCED_FACE('',(#598),#216,.F.);
#598 = FACE_BOUND('',#599,.F.);
#599 = EDGE_LOOP('',(#600,#601,#602,#623));
#600 = ORIENTED_EDGE('',*,*,#498,.F.);
#601 = ORIENTED_EDGE('',*,*,#199,.T.);
#602 = ORIENTED_EDGE('',*,*,#603,.T.);
#603 = EDGE_CURVE('',#172,#604,#606,.T.);
#604 = VERTEX_POINT('',#605);
#605 = CARTESIAN_POINT('',(25.25,-37.3,69.95));
#606 = SURFACE_CURVE('',#607,(#611,#617),.PCURVE_S1.);
#607 = LINE('',#608,#609);
#608 = CARTESIAN_POINT('',(25.25,-37.3,69.95));
#609 = VECTOR('',#610,1.);
#610 = DIRECTION('',(-0.707106781187,0.707106781187,-4.329780281177E-17)
  );
#611 = PCURVE('',#216,#612);
#612 = DEFINITIONAL_REPRESENTATION('',(#613),#616);
#613 = B_SPLINE_CURVE_WITH_KNOTS('',1,(#614,#615),.UNSPECIFIED.,.F.,.F.,
  (2,2),(-1.131370849898,0.),.PIECEWISE_BEZIER_KNOTS.);
#614 = CARTESIAN_POINT('',(-1.570796326795,0.8));
#615 = CARTESIAN_POINT('',(-1.570796326795,0.));
#616 = ( GEOMETRIC_REPRESENTATION_CONTEXT(2) 
PARAMETRIC_REPRESENTATION_CONTEXT() REPRESENTATION_CONTEXT('2D SPACE',''
  ) );
#617 = PCURVE('',#187,#618);
#618 = DEFINITIONAL_REPRESENTATION('',(#619),#622);
#619 = B_SPLINE_CURVE_WITH_KNOTS('',1,(#620,#621),.UNSPECIFIED.,.F.,.F.,
  (2,2),(-1.131370849898,0.),.PIECEWISE_BEZIER_KNOTS.);
#620 = CARTESIAN_POINT('',(0.,-0.565685424949));
#621 = CARTESIAN_POINT('',(0.,0.565685424949));
#622 = ( GEOMETRIC_REPRESENTATION_CONTEXT(2) 
PARAMETRIC_REPRESENTATION_CONTEXT() REPRESENTATION_CONTEXT('2D SPACE',''
  ) );
#623 = ORIENTED_EDGE('',*,*,#624,.F.);
#624 = EDGE_CURVE('',#499,#604,#625,.T.);
#625 = SURFACE_CURVE('',#626,(#631,#638),.PCURVE_S1.);
#626 = CIRCLE('',#627,2.);
#627 = AXIS2_PLACEMENT_3D('',#628,#629,#630);
#628 = CARTESIAN_POINT('',(23.25,-37.3,69.95));
#629 = DIRECTION('',(0.,1.,0.));
#630 = DIRECTION('',(0.,-0.,1.));
#631 = PCURVE('',#216,#632);
#632 = DEFINITIONAL_REPRESENTATION('',(#633),#637);
#633 = LINE('',#634,#635);
#634 = CARTESIAN_POINT('',(-0.,-0.));
#635 = VECTOR('',#636,1.);
#636 = DIRECTION('',(-1.,-0.));
#637 = ( GEOMETRIC_REPRESENTATION_CONTEXT(2) 
PARAMETRIC_REPRESENTATION_CONTEXT() REPRESENTATION_CONTEXT('2D SPACE',''
  ) );
#638 = PCURVE('',#639,#644);
#639 = CYLINDRICAL_SURFACE('',#640,2.);
#640 = AXIS2_PLACEMENT_3D('',#641,#642,#643);
#641 = CARTESIAN_POINT('',(23.25,-39.1,69.95));
#642 = DIRECTION('',(0.,1.,0.));
#643 = DIRECTION('',(1.,0.,-0.));
#644 = DEFINITIONAL_REPRESENTATION('',(#645),#649);
#645 = LINE('',#646,#647);
#646 = CARTESIAN_POINT('',(-1.570796326795,1.8));
#647 = VECTOR('',#648,1.);
#648 = DIRECTION('',(1.,-0.));
#649 = ( GEOMETRIC_REPRESENTATION_CONTEXT(2) 
PARAMETRIC_REPRESENTATION_CONTEXT() REPRESENTATION_CONTEXT('2D SPACE',''
  ) );
#650 = ADVANCED_FACE('',(#651),#130,.F.);
#651 = FACE_BOUND('',#652,.F.);
#652 = EDGE_LOOP('',(#653,#674,#675,#676));
#653 = ORIENTED_EDGE('',*,*,#654,.F.);
#654 = EDGE_CURVE('',#115,#655,#657,.T.);
#655 = VERTEX_POINT('',#656);
#656 = CARTESIAN_POINT('',(23.25,-37.3,33.65));
#657 = SURFACE_CURVE('',#658,(#662,#668),.PCURVE_S1.);
#658 = LINE('',#659,#660);
#659 = CARTESIAN_POINT('',(23.25,-37.3,33.65));
#660 = VECTOR('',#661,1.);
#661 = DIRECTION('',(-4.329780281177E-17,0.707106781187,0.707106781187)
  );
#662 = PCURVE('',#130,#663);
#663 = DEFINITIONAL_REPRESENTATION('',(#664),#667);
#664 = B_SPLINE_CURVE_WITH_KNOTS('',1,(#665,#666),.UNSPECIFIED.,.F.,.F.,
  (2,2),(-1.131370849898,0.),.PIECEWISE_BEZIER_KNOTS.);
#665 = CARTESIAN_POINT('',(0.,-0.565685424949));
#666 = CARTESIAN_POINT('',(0.,0.565685424949));
#667 = ( GEOMETRIC_REPRESENTATION_CONTEXT(2) 
PARAMETRIC_REPRESENTATION_CONTEXT() REPRESENTATION_CONTEXT('2D SPACE',''
  ) );
#668 = PCURVE('',#159,#669);
#669 = DEFINITIONAL_REPRESENTATION('',(#670),#673);
#670 = B_SPLINE_CURVE_WITH_KNOTS('',1,(#671,#672),.UNSPECIFIED.,.F.,.F.,
  (2,2),(-1.131370849898,0.),.PIECEWISE_BEZIER_KNOTS.);
#671 = CARTESIAN_POINT('',(-1.570796326795,0.8));
#672 = CARTESIAN_POINT('',(-1.570796326795,0.));
#673 = ( GEOMETRIC_REPRESENTATION_CONTEXT(2) 
PARAMETRIC_REPRESENTATION_CONTEXT() REPRESENTATION_CONTEXT('2D SPACE',''
  ) );
#674 = ORIENTED_EDGE('',*,*,#114,.T.);
#675 = ORIENTED_EDGE('',*,*,#548,.T.);
#676 = ORIENTED_EDGE('',*,*,#677,.F.);
#677 = EDGE_CURVE('',#655,#549,#678,.T.);
#678 = SURFACE_CURVE('',#679,(#683,#690),.PCURVE_S1.);
#679 = LINE('',#680,#681);
#680 = CARTESIAN_POINT('',(23.25,-37.3,33.65));
#681 = VECTOR('',#682,1.);
#682 = DIRECTION('',(-1.,-0.,-0.));
#683 = PCURVE('',#130,#684);
#684 = DEFINITIONAL_REPRESENTATION('',(#685),#689);
#685 = LINE('',#686,#687);
#686 = CARTESIAN_POINT('',(0.,0.565685424949));
#687 = VECTOR('',#688,1.);
#688 = DIRECTION('',(1.,0.));
#689 = ( GEOMETRIC_REPRESENTATION_CONTEXT(2) 
PARAMETRIC_REPRESENTATION_CONTEXT() REPRESENTATION_CONTEXT('2D SPACE',''
  ) );
#690 = PCURVE('',#691,#696);
#691 = PLANE('',#692);
#692 = AXIS2_PLACEMENT_3D('',#693,#694,#695);
#693 = CARTESIAN_POINT('',(-25.25,-39.1,33.65));
#694 = DIRECTION('',(0.,0.,1.));
#695 = DIRECTION('',(1.,0.,0.));
#696 = DEFINITIONAL_REPRESENTATION('',(#697),#701);
#697 = LINE('',#698,#699);
#698 = CARTESIAN_POINT('',(48.5,1.8));
#699 = VECTOR('',#700,1.);
#700 = DIRECTION('',(-1.,-0.));
#701 = ( GEOMETRIC_REPRESENTATION_CONTEXT(2) 
PARAMETRIC_REPRESENTATION_CONTEXT() REPRESENTATION_CONTEXT('2D SPACE',''
  ) );
#702 = ADVANCED_FACE('',(#703),#187,.T.);
#703 = FACE_BOUND('',#704,.F.);
#704 = EDGE_LOOP('',(#705,#706,#707,#728));
#705 = ORIENTED_EDGE('',*,*,#603,.F.);
#706 = ORIENTED_EDGE('',*,*,#171,.T.);
#707 = ORIENTED_EDGE('',*,*,#708,.T.);
#708 = EDGE_CURVE('',#143,#709,#711,.T.);
#709 = VERTEX_POINT('',#710);
#710 = CARTESIAN_POINT('',(25.25,-37.3,35.65));
#711 = SURFACE_CURVE('',#712,(#716,#722),.PCURVE_S1.);
#712 = LINE('',#713,#714);
#713 = CARTESIAN_POINT('',(25.65,-37.7,35.65));
#714 = VECTOR('',#715,1.);
#715 = DIRECTION('',(-0.707106781187,0.707106781187,-0.));
#716 = PCURVE('',#187,#717);
#717 = DEFINITIONAL_REPRESENTATION('',(#718),#721);
#718 = B_SPLINE_CURVE_WITH_KNOTS('',1,(#719,#720),.UNSPECIFIED.,.F.,.F.,
  (2,2),(-0.565685424949,0.565685424949),.PIECEWISE_BEZIER_KNOTS.);
#719 = CARTESIAN_POINT('',(-34.3,-0.565685424949));
#720 = CARTESIAN_POINT('',(-34.3,0.565685424949));
#721 = ( GEOMETRIC_REPRESENTATION_CONTEXT(2) 
PARAMETRIC_REPRESENTATION_CONTEXT() REPRESENTATION_CONTEXT('2D SPACE',''
  ) );
#722 = PCURVE('',#159,#723);
#723 = DEFINITIONAL_REPRESENTATION('',(#724),#727);
#724 = B_SPLINE_CURVE_WITH_KNOTS('',1,(#725,#726),.UNSPECIFIED.,.F.,.F.,
  (2,2),(-0.565685424949,0.565685424949),.PIECEWISE_BEZIER_KNOTS.);
#725 = CARTESIAN_POINT('',(0.,0.8));
#726 = CARTESIAN_POINT('',(0.,1.727101704552E-15));
#727 = ( GEOMETRIC_REPRESENTATION_CONTEXT(2) 
PARAMETRIC_REPRESENTATION_CONTEXT() REPRESENTATION_CONTEXT('2D SPACE',''
  ) );
#728 = ORIENTED_EDGE('',*,*,#729,.F.);
#729 = EDGE_CURVE('',#604,#709,#730,.T.);
#730 = SURFACE_CURVE('',#731,(#735,#742),.PCURVE_S1.);
#731 = LINE('',#732,#733);
#732 = CARTESIAN_POINT('',(25.25,-37.3,69.95));
#733 = VECTOR('',#734,1.);
#734 = DIRECTION('',(0.,0.,-1.));
#735 = PCURVE('',#187,#736);
#736 = DEFINITIONAL_REPRESENTATION('',(#737),#741);
#737 = LINE('',#738,#739);
#738 = CARTESIAN_POINT('',(-0.,0.565685424949));
#739 = VECTOR('',#740,1.);
#740 = DIRECTION('',(-1.,0.));
#741 = ( GEOMETRIC_REPRESENTATION_CONTEXT(2) 
PARAMETRIC_REPRESENTATION_CONTEXT() REPRESENTATION_CONTEXT('2D SPACE',''
  ) );
#742 = PCURVE('',#743,#748);
#743 = PLANE('',#744);
#744 = AXIS2_PLACEMENT_3D('',#745,#746,#747);
#745 = CARTESIAN_POINT('',(25.25,-39.1,33.65));
#746 = DIRECTION('',(1.,0.,0.));
#747 = DIRECTION('',(0.,0.,1.));
#748 = DEFINITIONAL_REPRESENTATION('',(#749),#753);
#749 = LINE('',#750,#751);
#750 = CARTESIAN_POINT('',(36.3,-1.8));
#751 = VECTOR('',#752,1.);
#752 = DIRECTION('',(-1.,0.));
#753 = ( GEOMETRIC_REPRESENTATION_CONTEXT(2) 
PARAMETRIC_REPRESENTATION_CONTEXT() REPRESENTATION_CONTEXT('2D SPACE',''
  ) );
#754 = ADVANCED_FACE('',(#755),#159,.F.);
#755 = FACE_BOUND('',#756,.F.);
#756 = EDGE_LOOP('',(#757,#758,#759,#760));
#757 = ORIENTED_EDGE('',*,*,#708,.F.);
#758 = ORIENTED_EDGE('',*,*,#142,.T.);
#759 = ORIENTED_EDGE('',*,*,#654,.T.);
#760 = ORIENTED_EDGE('',*,*,#761,.F.);
#761 = EDGE_CURVE('',#709,#655,#762,.T.);
#762 = SURFACE_CURVE('',#763,(#768,#775),.PCURVE_S1.);
#763 = CIRCLE('',#764,2.);
#764 = AXIS2_PLACEMENT_3D('',#765,#766,#767);
#765 = CARTESIAN_POINT('',(23.25,-37.3,35.65));
#766 = DIRECTION('',(0.,1.,0.));
#767 = DIRECTION('',(1.,-0.,0.));
#768 = PCURVE('',#159,#769);
#769 = DEFINITIONAL_REPRESENTATION('',(#770),#774);
#770 = LINE('',#771,#772);
#771 = CARTESIAN_POINT('',(-0.,-0.));
#772 = VECTOR('',#773,1.);
#773 = DIRECTION('',(-1.,-0.));
#774 = ( GEOMETRIC_REPRESENTATION_CONTEXT(2) 
PARAMETRIC_REPRESENTATION_CONTEXT() REPRESENTATION_CONTEXT('2D SPACE',''
  ) );
#775 = PCURVE('',#776,#781);
#776 = CYLINDRICAL_SURFACE('',#777,2.);
#777 = AXIS2_PLACEMENT_3D('',#778,#779,#780);
#778 = CARTESIAN_POINT('',(23.25,-39.1,35.65));
#779 = DIRECTION('',(0.,1.,0.));
#780 = DIRECTION('',(1.,0.,-0.));
#781 = DEFINITIONAL_REPRESENTATION('',(#782),#786);
#782 = LINE('',#783,#784);
#783 = CARTESIAN_POINT('',(0.,1.8));
#784 = VECTOR('',#785,1.);
#785 = DIRECTION('',(1.,0.));
#786 = ( GEOMETRIC_REPRESENTATION_CONTEXT(2) 
PARAMETRIC_REPRESENTATION_CONTEXT() REPRESENTATION_CONTEXT('2D SPACE',''
  ) );
#787 = ADVANCED_FACE('',(#788,#987),#274,.T.);
#788 = FACE_BOUND('',#789,.T.);
#789 = EDGE_LOOP('',(#790,#791,#815,#843,#876,#904,#933,#961));
#790 = ORIENTED_EDGE('',*,*,#256,.F.);
#791 = ORIENTED_EDGE('',*,*,#792,.T.);
#792 = EDGE_CURVE('',#257,#793,#795,.T.);
#793 = VERTEX_POINT('',#794);
#794 = CARTESIAN_POINT('',(52.5,-36.9,14.7));
#795 = SURFACE_CURVE('',#796,(#801,#808),.PCURVE_S1.);
#796 = CIRCLE('',#797,1.2);
#797 = AXIS2_PLACEMENT_3D('',#798,#799,#800);
#798 = CARTESIAN_POINT('',(52.5,-36.9,15.9));
#799 = DIRECTION('',(1.,0.,0.));
#800 = DIRECTION('',(-0.,0.,1.));
#801 = PCURVE('',#274,#802);
#802 = DEFINITIONAL_REPRESENTATION('',(#803),#807);
#803 = CIRCLE('',#804,1.2);
#804 = AXIS2_PLACEMENT_2D('',#805,#806);
#805 = CARTESIAN_POINT('',(1.2,-1.2));
#806 = DIRECTION('',(1.,0.));
#807 = ( GEOMETRIC_REPRESENTATION_CONTEXT(2) 
PARAMETRIC_REPRESENTATION_CONTEXT() REPRESENTATION_CONTEXT('2D SPACE',''
  ) );
#808 = PCURVE('',#302,#809);
#809 = DEFINITIONAL_REPRESENTATION('',(#810),#814);
#810 = LINE('',#811,#812);
#811 = CARTESIAN_POINT('',(-1.570796326795,105.));
#812 = VECTOR('',#813,1.);
#813 = DIRECTION('',(1.,0.));
#814 = ( GEOMETRIC_REPRESENTATION_CONTEXT(2) 
PARAMETRIC_REPRESENTATION_CONTEXT() REPRESENTATION_CONTEXT('2D SPACE',''
  ) );
#815 = ORIENTED_EDGE('',*,*,#816,.T.);
#816 = EDGE_CURVE('',#793,#817,#819,.T.);
#817 = VERTEX_POINT('',#818);
#818 = CARTESIAN_POINT('',(52.5,36.9,14.7));
#819 = SURFACE_CURVE('',#820,(#824,#831),.PCURVE_S1.);
#820 = LINE('',#821,#822);
#821 = CARTESIAN_POINT('',(52.5,-38.1,14.7));
#822 = VECTOR('',#823,1.);
#823 = DIRECTION('',(0.,1.,0.));
#824 = PCURVE('',#274,#825);
#825 = DEFINITIONAL_REPRESENTATION('',(#826),#830);
#826 = LINE('',#827,#828);
#827 = CARTESIAN_POINT('',(0.,0.));
#828 = VECTOR('',#829,1.);
#829 = DIRECTION('',(0.,-1.));
#830 = ( GEOMETRIC_REPRESENTATION_CONTEXT(2) 
PARAMETRIC_REPRESENTATION_CONTEXT() REPRESENTATION_CONTEXT('2D SPACE',''
  ) );
#831 = PCURVE('',#832,#837);
#832 = PLANE('',#833);
#833 = AXIS2_PLACEMENT_3D('',#834,#835,#836);
#834 = CARTESIAN_POINT('',(-52.5,-38.1,14.7));
#835 = DIRECTION('',(0.,0.,1.));
#836 = DIRECTION('',(1.,0.,0.));
#837 = DEFINITIONAL_REPRESENTATION('',(#838),#842);
#838 = LINE('',#839,#840);
#839 = CARTESIAN_POINT('',(105.,0.));
#840 = VECTOR('',#841,1.);
#841 = DIRECTION('',(0.,1.));
#842 = ( GEOMETRIC_REPRESENTATION_CONTEXT(2) 
PARAMETRIC_REPRESENTATION_CONTEXT() REPRESENTATION_CONTEXT('2D SPACE',''
  ) );
#843 = ORIENTED_EDGE('',*,*,#844,.F.);
#844 = EDGE_CURVE('',#845,#817,#847,.T.);
#845 = VERTEX_POINT('',#846);
#846 = CARTESIAN_POINT('',(52.5,38.1,15.9));
#847 = SURFACE_CURVE('',#848,(#853,#864),.PCURVE_S1.);
#848 = CIRCLE('',#849,1.2);
#849 = AXIS2_PLACEMENT_3D('',#850,#851,#852);
#850 = CARTESIAN_POINT('',(52.5,36.9,15.9));
#851 = DIRECTION('',(-1.,0.,-0.));
#852 = DIRECTION('',(-0.,0.,1.));
#853 = PCURVE('',#274,#854);
#854 = DEFINITIONAL_REPRESENTATION('',(#855),#863);
#855 = ( BOUNDED_CURVE() B_SPLINE_CURVE(2,(#856,#857,#858,#859,#860,#861
,#862),.UNSPECIFIED.,.T.,.F.) B_SPLINE_CURVE_WITH_KNOTS((1,2,2,2,2,1),(
    -2.094395102393,0.,2.094395102393,4.188790204786,6.28318530718,
8.377580409573),.UNSPECIFIED.) CURVE() GEOMETRIC_REPRESENTATION_ITEM() 
RATIONAL_B_SPLINE_CURVE((1.,0.5,1.,0.5,1.,0.5,1.)) REPRESENTATION_ITEM(
  '') );
#856 = CARTESIAN_POINT('',(2.4,-75.));
#857 = CARTESIAN_POINT('',(2.4,-77.07846096908));
#858 = CARTESIAN_POINT('',(0.6,-76.03923048454));
#859 = CARTESIAN_POINT('',(-1.2,-75.));
#860 = CARTESIAN_POINT('',(0.6,-73.96076951545));
#861 = CARTESIAN_POINT('',(2.4,-72.92153903091));
#862 = CARTESIAN_POINT('',(2.4,-75.));
#863 = ( GEOMETRIC_REPRESENTATION_CONTEXT(2) 
PARAMETRIC_REPRESENTATION_CONTEXT() REPRESENTATION_CONTEXT('2D SPACE',''
  ) );
#864 = PCURVE('',#865,#870);
#865 = CYLINDRICAL_SURFACE('',#866,1.2);
#866 = AXIS2_PLACEMENT_3D('',#867,#868,#869);
#867 = CARTESIAN_POINT('',(-52.5,36.9,15.9));
#868 = DIRECTION('',(1.,0.,0.));
#869 = DIRECTION('',(-0.,1.,0.));
#870 = DEFINITIONAL_REPRESENTATION('',(#871),#875);
#871 = LINE('',#872,#873);
#872 = CARTESIAN_POINT('',(1.570796326795,105.));
#873 = VECTOR('',#874,1.);
#874 = DIRECTION('',(-1.,0.));
#875 = ( GEOMETRIC_REPRESENTATION_CONTEXT(2) 
PARAMETRIC_REPRESENTATION_CONTEXT() REPRESENTATION_CONTEXT('2D SPACE',''
  ) );
#876 = ORIENTED_EDGE('',*,*,#877,.T.);
#877 = EDGE_CURVE('',#845,#878,#880,.T.);
#878 = VERTEX_POINT('',#879);
#879 = CARTESIAN_POINT('',(52.5,38.1,89.7));
#880 = SURFACE_CURVE('',#881,(#885,#892),.PCURVE_S1.);
#881 = LINE('',#882,#883);
#882 = CARTESIAN_POINT('',(52.5,38.1,14.7));
#883 = VECTOR('',#884,1.);
#884 = DIRECTION('',(0.,0.,1.));
#885 = PCURVE('',#274,#886);
#886 = DEFINITIONAL_REPRESENTATION('',(#887),#891);
#887 = LINE('',#888,#889);
#888 = CARTESIAN_POINT('',(0.,-76.2));
#889 = VECTOR('',#890,1.);
#890 = DIRECTION('',(1.,0.));
#891 = ( GEOMETRIC_REPRESENTATION_CONTEXT(2) 
PARAMETRIC_REPRESENTATION_CONTEXT() REPRESENTATION_CONTEXT('2D SPACE',''
  ) );
#892 = PCURVE('',#893,#898);
#893 = PLANE('',#894);
#894 = AXIS2_PLACEMENT_3D('',#895,#896,#897);
#895 = CARTESIAN_POINT('',(-52.5,38.1,14.7));
#896 = DIRECTION('',(0.,1.,0.));
#897 = DIRECTION('',(0.,0.,1.));
#898 = DEFINITIONAL_REPRESENTATION('',(#899),#903);
#899 = LINE('',#900,#901);
#900 = CARTESIAN_POINT('',(0.,105.));
#901 = VECTOR('',#902,1.);
#902 = DIRECTION('',(1.,0.));
#903 = ( GEOMETRIC_REPRESENTATION_CONTEXT(2) 
PARAMETRIC_REPRESENTATION_CONTEXT() REPRESENTATION_CONTEXT('2D SPACE',''
  ) );
#904 = ORIENTED_EDGE('',*,*,#905,.T.);
#905 = EDGE_CURVE('',#878,#906,#908,.T.);
#906 = VERTEX_POINT('',#907);
#907 = CARTESIAN_POINT('',(52.5,36.9,90.9));
#908 = SURFACE_CURVE('',#909,(#914,#921),.PCURVE_S1.);
#909 = CIRCLE('',#910,1.2);
#910 = AXIS2_PLACEMENT_3D('',#911,#912,#913);
#911 = CARTESIAN_POINT('',(52.5,36.9,89.7));
#912 = DIRECTION('',(1.,0.,0.));
#913 = DIRECTION('',(-0.,0.,1.));
#914 = PCURVE('',#274,#915);
#915 = DEFINITIONAL_REPRESENTATION('',(#916),#920);
#916 = CIRCLE('',#917,1.2);
#917 = AXIS2_PLACEMENT_2D('',#918,#919);
#918 = CARTESIAN_POINT('',(75.,-75.));
#919 = DIRECTION('',(1.,0.));
#920 = ( GEOMETRIC_REPRESENTATION_CONTEXT(2) 
PARAMETRIC_REPRESENTATION_CONTEXT() REPRESENTATION_CONTEXT('2D SPACE',''
  ) );
#921 = PCURVE('',#922,#927);
#922 = CYLINDRICAL_SURFACE('',#923,1.2);
#923 = AXIS2_PLACEMENT_3D('',#924,#925,#926);
#924 = CARTESIAN_POINT('',(-52.5,36.9,89.7));
#925 = DIRECTION('',(1.,0.,0.));
#926 = DIRECTION('',(-0.,1.,0.));
#927 = DEFINITIONAL_REPRESENTATION('',(#928),#932);
#928 = LINE('',#929,#930);
#929 = CARTESIAN_POINT('',(-4.712388980385,105.));
#930 = VECTOR('',#931,1.);
#931 = DIRECTION('',(1.,0.));
#932 = ( GEOMETRIC_REPRESENTATION_CONTEXT(2) 
PARAMETRIC_REPRESENTATION_CONTEXT() REPRESENTATION_CONTEXT('2D SPACE',''
  ) );
#933 = ORIENTED_EDGE('',*,*,#934,.F.);
#934 = EDGE_CURVE('',#935,#906,#937,.T.);
#935 = VERTEX_POINT('',#936);
#936 = CARTESIAN_POINT('',(52.5,-36.9,90.9));
#937 = SURFACE_CURVE('',#938,(#942,#949),.PCURVE_S1.);
#938 = LINE('',#939,#940);
#939 = CARTESIAN_POINT('',(52.5,-38.1,90.9));
#940 = VECTOR('',#941,1.);
#941 = DIRECTION('',(0.,1.,0.));
#942 = PCURVE('',#274,#943);
#943 = DEFINITIONAL_REPRESENTATION('',(#944),#948);
#944 = LINE('',#945,#946);
#945 = CARTESIAN_POINT('',(76.2,0.));
#946 = VECTOR('',#947,1.);
#947 = DIRECTION('',(0.,-1.));
#948 = ( GEOMETRIC_REPRESENTATION_CONTEXT(2) 
PARAMETRIC_REPRESENTATION_CONTEXT() REPRESENTATION_CONTEXT('2D SPACE',''
  ) );
#949 = PCURVE('',#950,#955);
#950 = PLANE('',#951);
#951 = AXIS2_PLACEMENT_3D('',#952,#953,#954);
#952 = CARTESIAN_POINT('',(-52.5,-38.1,90.9));
#953 = DIRECTION('',(0.,0.,1.));
#954 = DIRECTION('',(1.,0.,0.));
#955 = DEFINITIONAL_REPRESENTATION('',(#956),#960);
#956 = LINE('',#957,#958);
#957 = CARTESIAN_POINT('',(105.,0.));
#958 = VECTOR('',#959,1.);
#959 = DIRECTION('',(0.,1.));
#960 = ( GEOMETRIC_REPRESENTATION_CONTEXT(2) 
PARAMETRIC_REPRESENTATION_CONTEXT() REPRESENTATION_CONTEXT('2D SPACE',''
  ) );
#961 = ORIENTED_EDGE('',*,*,#962,.F.);
#962 = EDGE_CURVE('',#259,#935,#963,.T.);
#963 = SURFACE_CURVE('',#964,(#969,#980),.PCURVE_S1.);
#964 = CIRCLE('',#965,1.2);
#965 = AXIS2_PLACEMENT_3D('',#966,#967,#968);
#966 = CARTESIAN_POINT('',(52.5,-36.9,89.7));
#967 = DIRECTION('',(-1.,0.,-0.));
#968 = DIRECTION('',(-0.,0.,1.));
#969 = PCURVE('',#274,#970);
#970 = DEFINITIONAL_REPRESENTATION('',(#971),#979);
#971 = ( BOUNDED_CURVE() B_SPLINE_CURVE(2,(#972,#973,#974,#975,#976,#977
,#978),.UNSPECIFIED.,.T.,.F.) B_SPLINE_CURVE_WITH_KNOTS((1,2,2,2,2,1),(
    -2.094395102393,0.,2.094395102393,4.188790204786,6.28318530718,
8.377580409573),.UNSPECIFIED.) CURVE() GEOMETRIC_REPRESENTATION_ITEM() 
RATIONAL_B_SPLINE_CURVE((1.,0.5,1.,0.5,1.,0.5,1.)) REPRESENTATION_ITEM(
  '') );
#972 = CARTESIAN_POINT('',(76.2,-1.2));
#973 = CARTESIAN_POINT('',(76.2,-3.278460969083));
#974 = CARTESIAN_POINT('',(74.4,-2.239230484541));
#975 = CARTESIAN_POINT('',(72.6,-1.2));
#976 = CARTESIAN_POINT('',(74.4,-0.160769515459));
#977 = CARTESIAN_POINT('',(76.2,0.878460969083));
#978 = CARTESIAN_POINT('',(76.2,-1.2));
#979 = ( GEOMETRIC_REPRESENTATION_CONTEXT(2) 
PARAMETRIC_REPRESENTATION_CONTEXT() REPRESENTATION_CONTEXT('2D SPACE',''
  ) );
#980 = PCURVE('',#356,#981);
#981 = DEFINITIONAL_REPRESENTATION('',(#982),#986);
#982 = LINE('',#983,#984);
#983 = CARTESIAN_POINT('',(4.712388980385,105.));
#984 = VECTOR('',#985,1.);
#985 = DIRECTION('',(-1.,0.));
#986 = ( GEOMETRIC_REPRESENTATION_CONTEXT(2) 
PARAMETRIC_REPRESENTATION_CONTEXT() REPRESENTATION_CONTEXT('2D SPACE',''
  ) );
#987 = FACE_BOUND('',#988,.T.);
#988 = EDGE_LOOP('',(#989,#1020,#1046,#1075,#1101,#1130,#1156,#1185));
#989 = ORIENTED_EDGE('',*,*,#990,.F.);
#990 = EDGE_CURVE('',#991,#993,#995,.T.);
#991 = VERTEX_POINT('',#992);
#992 = CARTESIAN_POINT('',(52.5,-34.925,18.475));
#993 = VERTEX_POINT('',#994);
#994 = CARTESIAN_POINT('',(52.5,-34.325,17.875));
#995 = SURFACE_CURVE('',#996,(#1001,#1008),.PCURVE_S1.);
#996 = CIRCLE('',#997,0.6);
#997 = AXIS2_PLACEMENT_3D('',#998,#999,#1000);
#998 = CARTESIAN_POINT('',(52.5,-34.325,18.475));
#999 = DIRECTION('',(1.,0.,0.));
#1000 = DIRECTION('',(0.,-1.,0.));
#1001 = PCURVE('',#274,#1002);
#1002 = DEFINITIONAL_REPRESENTATION('',(#1003),#1007);
#1003 = CIRCLE('',#1004,0.6);
#1004 = AXIS2_PLACEMENT_2D('',#1005,#1006);
#1005 = CARTESIAN_POINT('',(3.775,-3.775));
#1006 = DIRECTION('',(0.,1.));
#1007 = ( GEOMETRIC_REPRESENTATION_CONTEXT(2) 
PARAMETRIC_REPRESENTATION_CONTEXT() REPRESENTATION_CONTEXT('2D SPACE',''
  ) );
#1008 = PCURVE('',#1009,#1014);
#1009 = CYLINDRICAL_SURFACE('',#1010,0.6);
#1010 = AXIS2_PLACEMENT_3D('',#1011,#1012,#1013);
#1011 = CARTESIAN_POINT('',(-53.5,-34.325,18.475));
#1012 = DIRECTION('',(1.,0.,0.));
#1013 = DIRECTION('',(0.,-1.,0.));
#1014 = DEFINITIONAL_REPRESENTATION('',(#1015),#1019);
#1015 = LINE('',#1016,#1017);
#1016 = CARTESIAN_POINT('',(0.,106.));
#1017 = VECTOR('',#1018,1.);
#1018 = DIRECTION('',(1.,0.));
#1019 = ( GEOMETRIC_REPRESENTATION_CONTEXT(2) 
PARAMETRIC_REPRESENTATION_CONTEXT() REPRESENTATION_CONTEXT('2D SPACE',''
  ) );
#1020 = ORIENTED_EDGE('',*,*,#1021,.T.);
#1021 = EDGE_CURVE('',#991,#1022,#1024,.T.);
#1022 = VERTEX_POINT('',#1023);
#1023 = CARTESIAN_POINT('',(52.5,-34.925,87.125));
#1024 = SURFACE_CURVE('',#1025,(#1029,#1035),.PCURVE_S1.);
#1025 = LINE('',#1026,#1027);
#1026 = CARTESIAN_POINT('',(52.5,-34.925,16.2875));
#1027 = VECTOR('',#1028,1.);
#1028 = DIRECTION('',(0.,0.,1.));
#1029 = PCURVE('',#274,#1030);
#1030 = DEFINITIONAL_REPRESENTATION('',(#1031),#1034);
#1031 = B_SPLINE_CURVE_WITH_KNOTS('',1,(#1032,#1033),.UNSPECIFIED.,.F.,
  .F.,(2,2),(2.1875,70.8375),.PIECEWISE_BEZIER_KNOTS.);
#1032 = CARTESIAN_POINT('',(3.775,-3.175));
#1033 = CARTESIAN_POINT('',(72.425,-3.175));
#1034 = ( GEOMETRIC_REPRESENTATION_CONTEXT(2) 
PARAMETRIC_REPRESENTATION_CONTEXT() REPRESENTATION_CONTEXT('2D SPACE',''
  ) );
#1035 = PCURVE('',#1036,#1041);
#1036 = PLANE('',#1037);
#1037 = AXIS2_PLACEMENT_3D('',#1038,#1039,#1040);
#1038 = CARTESIAN_POINT('',(-53.5,-34.925,17.875));
#1039 = DIRECTION('',(0.,1.,0.));
#1040 = DIRECTION('',(0.,0.,1.));
#1041 = DEFINITIONAL_REPRESENTATION('',(#1042),#1045);
#1042 = B_SPLINE_CURVE_WITH_KNOTS('',1,(#1043,#1044),.UNSPECIFIED.,.F.,
  .F.,(2,2),(2.1875,70.8375),.PIECEWISE_BEZIER_KNOTS.);
#1043 = CARTESIAN_POINT('',(0.6,106.));
#1044 = CARTESIAN_POINT('',(69.25,106.));
#1045 = ( GEOMETRIC_REPRESENTATION_CONTEXT(2) 
PARAMETRIC_REPRESENTATION_CONTEXT() REPRESENTATION_CONTEXT('2D SPACE',''
  ) );
#1046 = ORIENTED_EDGE('',*,*,#1047,.F.);
#1047 = EDGE_CURVE('',#1048,#1022,#1050,.T.);
#1048 = VERTEX_POINT('',#1049);
#1049 = CARTESIAN_POINT('',(52.5,-34.325,87.725));
#1050 = SURFACE_CURVE('',#1051,(#1056,#1063),.PCURVE_S1.);
#1051 = CIRCLE('',#1052,0.6);
#1052 = AXIS2_PLACEMENT_3D('',#1053,#1054,#1055);
#1053 = CARTESIAN_POINT('',(52.5,-34.325,87.125));
#1054 = DIRECTION('',(1.,0.,0.));
#1055 = DIRECTION('',(0.,-1.,0.));
#1056 = PCURVE('',#274,#1057);
#1057 = DEFINITIONAL_REPRESENTATION('',(#1058),#1062);
#1058 = CIRCLE('',#1059,0.6);
#1059 = AXIS2_PLACEMENT_2D('',#1060,#1061);
#1060 = CARTESIAN_POINT('',(72.425,-3.775));
#1061 = DIRECTION('',(0.,1.));
#1062 = ( GEOMETRIC_REPRESENTATION_CONTEXT(2) 
PARAMETRIC_REPRESENTATION_CONTEXT() REPRESENTATION_CONTEXT('2D SPACE',''
  ) );
#1063 = PCURVE('',#1064,#1069);
#1064 = CYLINDRICAL_SURFACE('',#1065,0.6);
#1065 = AXIS2_PLACEMENT_3D('',#1066,#1067,#1068);
#1066 = CARTESIAN_POINT('',(-53.5,-34.325,87.125));
#1067 = DIRECTION('',(1.,0.,0.));
#1068 = DIRECTION('',(0.,-1.,0.));
#1069 = DEFINITIONAL_REPRESENTATION('',(#1070),#1074);
#1070 = LINE('',#1071,#1072);
#1071 = CARTESIAN_POINT('',(-6.28318530718,106.));
#1072 = VECTOR('',#1073,1.);
#1073 = DIRECTION('',(1.,-0.));
#1074 = ( GEOMETRIC_REPRESENTATION_CONTEXT(2) 
PARAMETRIC_REPRESENTATION_CONTEXT() REPRESENTATION_CONTEXT('2D SPACE',''
  ) );
#1075 = ORIENTED_EDGE('',*,*,#1076,.F.);
#1076 = EDGE_CURVE('',#1077,#1048,#1079,.T.);
#1077 = VERTEX_POINT('',#1078);
#1078 = CARTESIAN_POINT('',(52.5,34.325,87.725));
#1079 = SURFACE_CURVE('',#1080,(#1084,#1090),.PCURVE_S1.);
#1080 = LINE('',#1081,#1082);
#1081 = CARTESIAN_POINT('',(52.5,-36.5125,87.725));
#1082 = VECTOR('',#1083,1.);
#1083 = DIRECTION('',(0.,-1.,0.));
#1084 = PCURVE('',#274,#1085);
#1085 = DEFINITIONAL_REPRESENTATION('',(#1086),#1089);
#1086 = B_SPLINE_CURVE_WITH_KNOTS('',1,(#1087,#1088),.UNSPECIFIED.,.F.,
  .F.,(2,2),(-70.8375,-2.1875),.PIECEWISE_BEZIER_KNOTS.);
#1087 = CARTESIAN_POINT('',(73.025,-72.425));
#1088 = CARTESIAN_POINT('',(73.025,-3.775));
#1089 = ( GEOMETRIC_REPRESENTATION_CONTEXT(2) 
PARAMETRIC_REPRESENTATION_CONTEXT() REPRESENTATION_CONTEXT('2D SPACE',''
  ) );
#1090 = PCURVE('',#1091,#1096);
#1091 = PLANE('',#1092);
#1092 = AXIS2_PLACEMENT_3D('',#1093,#1094,#1095);
#1093 = CARTESIAN_POINT('',(-53.5,-34.925,87.725));
#1094 = DIRECTION('',(0.,0.,1.));
#1095 = DIRECTION('',(1.,0.,0.));
#1096 = DEFINITIONAL_REPRESENTATION('',(#1097),#1100);
#1097 = B_SPLINE_CURVE_WITH_KNOTS('',1,(#1098,#1099),.UNSPECIFIED.,.F.,
  .F.,(2,2),(-70.8375,-2.1875),.PIECEWISE_BEZIER_KNOTS.);
#1098 = CARTESIAN_POINT('',(106.,69.25));
#1099 = CARTESIAN_POINT('',(106.,0.6));
#1100 = ( GEOMETRIC_REPRESENTATION_CONTEXT(2) 
PARAMETRIC_REPRESENTATION_CONTEXT() REPRESENTATION_CONTEXT('2D SPACE',''
  ) );
#1101 = ORIENTED_EDGE('',*,*,#1102,.F.);
#1102 = EDGE_CURVE('',#1103,#1077,#1105,.T.);
#1103 = VERTEX_POINT('',#1104);
#1104 = CARTESIAN_POINT('',(52.5,34.925,87.125));
#1105 = SURFACE_CURVE('',#1106,(#1111,#1118),.PCURVE_S1.);
#1106 = CIRCLE('',#1107,0.6);
#1107 = AXIS2_PLACEMENT_3D('',#1108,#1109,#1110);
#1108 = CARTESIAN_POINT('',(52.5,34.325,87.125));
#1109 = DIRECTION('',(1.,0.,0.));
#1110 = DIRECTION('',(-0.,1.,0.));
#1111 = PCURVE('',#274,#1112);
#1112 = DEFINITIONAL_REPRESENTATION('',(#1113),#1117);
#1113 = CIRCLE('',#1114,0.6);
#1114 = AXIS2_PLACEMENT_2D('',#1115,#1116);
#1115 = CARTESIAN_POINT('',(72.425,-72.425));
#1116 = DIRECTION('',(0.,-1.));
#1117 = ( GEOMETRIC_REPRESENTATION_CONTEXT(2) 
PARAMETRIC_REPRESENTATION_CONTEXT() REPRESENTATION_CONTEXT('2D SPACE',''
  ) );
#1118 = PCURVE('',#1119,#1124);
#1119 = CYLINDRICAL_SURFACE('',#1120,0.6);
#1120 = AXIS2_PLACEMENT_3D('',#1121,#1122,#1123);
#1121 = CARTESIAN_POINT('',(-53.5,34.325,87.125));
#1122 = DIRECTION('',(1.,0.,0.));
#1123 = DIRECTION('',(-0.,1.,0.));
#1124 = DEFINITIONAL_REPRESENTATION('',(#1125),#1129);
#1125 = LINE('',#1126,#1127);
#1126 = CARTESIAN_POINT('',(0.,106.));
#1127 = VECTOR('',#1128,1.);
#1128 = DIRECTION('',(1.,0.));
#1129 = ( GEOMETRIC_REPRESENTATION_CONTEXT(2) 
PARAMETRIC_REPRESENTATION_CONTEXT() REPRESENTATION_CONTEXT('2D SPACE',''
  ) );
#1130 = ORIENTED_EDGE('',*,*,#1131,.F.);
#1131 = EDGE_CURVE('',#1132,#1103,#1134,.T.);
#1132 = VERTEX_POINT('',#1133);
#1133 = CARTESIAN_POINT('',(52.5,34.925,18.475));
#1134 = SURFACE_CURVE('',#1135,(#1139,#1145),.PCURVE_S1.);
#1135 = LINE('',#1136,#1137);
#1136 = CARTESIAN_POINT('',(52.5,34.925,16.2875));
#1137 = VECTOR('',#1138,1.);
#1138 = DIRECTION('',(0.,0.,1.));
#1139 = PCURVE('',#274,#1140);
#1140 = DEFINITIONAL_REPRESENTATION('',(#1141),#1144);
#1141 = B_SPLINE_CURVE_WITH_KNOTS('',1,(#1142,#1143),.UNSPECIFIED.,.F.,
  .F.,(2,2),(2.1875,70.8375),.PIECEWISE_BEZIER_KNOTS.);
#1142 = CARTESIAN_POINT('',(3.775,-73.025));
#1143 = CARTESIAN_POINT('',(72.425,-73.025));
#1144 = ( GEOMETRIC_REPRESENTATION_CONTEXT(2) 
PARAMETRIC_REPRESENTATION_CONTEXT() REPRESENTATION_CONTEXT('2D SPACE',''
  ) );
#1145 = PCURVE('',#1146,#1151);
#1146 = PLANE('',#1147);
#1147 = AXIS2_PLACEMENT_3D('',#1148,#1149,#1150);
#1148 = CARTESIAN_POINT('',(-53.5,34.925,17.875));
#1149 = DIRECTION('',(0.,1.,0.));
#1150 = DIRECTION('',(0.,0.,1.));
#1151 = DEFINITIONAL_REPRESENTATION('',(#1152),#1155);
#1152 = B_SPLINE_CURVE_WITH_KNOTS('',1,(#1153,#1154),.UNSPECIFIED.,.F.,
  .F.,(2,2),(2.1875,70.8375),.PIECEWISE_BEZIER_KNOTS.);
#1153 = CARTESIAN_POINT('',(0.6,106.));
#1154 = CARTESIAN_POINT('',(69.25,106.));
#1155 = ( GEOMETRIC_REPRESENTATION_CONTEXT(2) 
PARAMETRIC_REPRESENTATION_CONTEXT() REPRESENTATION_CONTEXT('2D SPACE',''
  ) );
#1156 = ORIENTED_EDGE('',*,*,#1157,.F.);
#1157 = EDGE_CURVE('',#1158,#1132,#1160,.T.);
#1158 = VERTEX_POINT('',#1159);
#1159 = CARTESIAN_POINT('',(52.5,34.325,17.875));
#1160 = SURFACE_CURVE('',#1161,(#1166,#1173),.PCURVE_S1.);
#1161 = CIRCLE('',#1162,0.6);
#1162 = AXIS2_PLACEMENT_3D('',#1163,#1164,#1165);
#1163 = CARTESIAN_POINT('',(52.5,34.325,18.475));
#1164 = DIRECTION('',(1.,0.,0.));
#1165 = DIRECTION('',(-0.,1.,0.));
#1166 = PCURVE('',#274,#1167);
#1167 = DEFINITIONAL_REPRESENTATION('',(#1168),#1172);
#1168 = CIRCLE('',#1169,0.6);
#1169 = AXIS2_PLACEMENT_2D('',#1170,#1171);
#1170 = CARTESIAN_POINT('',(3.775,-72.425));
#1171 = DIRECTION('',(0.,-1.));
#1172 = ( GEOMETRIC_REPRESENTATION_CONTEXT(2) 
PARAMETRIC_REPRESENTATION_CONTEXT() REPRESENTATION_CONTEXT('2D SPACE',''
  ) );
#1173 = PCURVE('',#1174,#1179);
#1174 = CYLINDRICAL_SURFACE('',#1175,0.6);
#1175 = AXIS2_PLACEMENT_3D('',#1176,#1177,#1178);
#1176 = CARTESIAN_POINT('',(-53.5,34.325,18.475));
#1177 = DIRECTION('',(1.,0.,0.));
#1178 = DIRECTION('',(-0.,1.,0.));
#1179 = DEFINITIONAL_REPRESENTATION('',(#1180),#1184);
#1180 = LINE('',#1181,#1182);
#1181 = CARTESIAN_POINT('',(-6.28318530718,106.));
#1182 = VECTOR('',#1183,1.);
#1183 = DIRECTION('',(1.,-0.));
#1184 = ( GEOMETRIC_REPRESENTATION_CONTEXT(2) 
PARAMETRIC_REPRESENTATION_CONTEXT() REPRESENTATION_CONTEXT('2D SPACE',''
  ) );
#1185 = ORIENTED_EDGE('',*,*,#1186,.T.);
#1186 = EDGE_CURVE('',#1158,#993,#1187,.T.);
#1187 = SURFACE_CURVE('',#1188,(#1192,#1198),.PCURVE_S1.);
#1188 = LINE('',#1189,#1190);
#1189 = CARTESIAN_POINT('',(52.5,-36.5125,17.875));
#1190 = VECTOR('',#1191,1.);
#1191 = DIRECTION('',(0.,-1.,0.));
#1192 = PCURVE('',#274,#1193);
#1193 = DEFINITIONAL_REPRESENTATION('',(#1194),#1197);
#1194 = B_SPLINE_CURVE_WITH_KNOTS('',1,(#1195,#1196),.UNSPECIFIED.,.F.,
  .F.,(2,2),(-70.8375,-2.1875),.PIECEWISE_BEZIER_KNOTS.);
#1195 = CARTESIAN_POINT('',(3.175,-72.425));
#1196 = CARTESIAN_POINT('',(3.175,-3.775));
#1197 = ( GEOMETRIC_REPRESENTATION_CONTEXT(2) 
PARAMETRIC_REPRESENTATION_CONTEXT() REPRESENTATION_CONTEXT('2D SPACE',''
  ) );
#1198 = PCURVE('',#1199,#1204);
#1199 = PLANE('',#1200);
#1200 = AXIS2_PLACEMENT_3D('',#1201,#1202,#1203);
#1201 = CARTESIAN_POINT('',(-53.5,-34.925,17.875));
#1202 = DIRECTION('',(0.,0.,1.));
#1203 = DIRECTION('',(1.,0.,0.));
#1204 = DEFINITIONAL_REPRESENTATION('',(#1205),#1208);
#1205 = B_SPLINE_CURVE_WITH_KNOTS('',1,(#1206,#1207),.UNSPECIFIED.,.F.,
  .F.,(2,2),(-70.8375,-2.1875),.PIECEWISE_BEZIER_KNOTS.);
#1206 = CARTESIAN_POINT('',(106.,69.25));
#1207 = CARTESIAN_POINT('',(106.,0.6));
#1208 = ( GEOMETRIC_REPRESENTATION_CONTEXT(2) 
PARAMETRIC_REPRESENTATION_CONTEXT() REPRESENTATION_CONTEXT('2D SPACE',''
  ) );
#1209 = ADVANCED_FACE('',(#1210),#302,.T.);
#1210 = FACE_BOUND('',#1211,.T.);
#1211 = EDGE_LOOP('',(#1212,#1236,#1257,#1258));
#1212 = ORIENTED_EDGE('',*,*,#1213,.T.);
#1213 = EDGE_CURVE('',#287,#1214,#1216,.T.);
#1214 = VERTEX_POINT('',#1215);
#1215 = CARTESIAN_POINT('',(-52.5,-36.9,14.7));
#1216 = SURFACE_CURVE('',#1217,(#1222,#1229),.PCURVE_S1.);
#1217 = CIRCLE('',#1218,1.2);
#1218 = AXIS2_PLACEMENT_3D('',#1219,#1220,#1221);
#1219 = CARTESIAN_POINT('',(-52.5,-36.9,15.9));
#1220 = DIRECTION('',(1.,0.,0.));
#1221 = DIRECTION('',(-0.,0.,1.));
#1222 = PCURVE('',#302,#1223);
#1223 = DEFINITIONAL_REPRESENTATION('',(#1224),#1228);
#1224 = LINE('',#1225,#1226);
#1225 = CARTESIAN_POINT('',(-1.570796326795,0.));
#1226 = VECTOR('',#1227,1.);
#1227 = DIRECTION('',(1.,0.));
#1228 = ( GEOMETRIC_REPRESENTATION_CONTEXT(2) 
PARAMETRIC_REPRESENTATION_CONTEXT() REPRESENTATION_CONTEXT('2D SPACE',''
  ) );
#1229 = PCURVE('',#330,#1230);
#1230 = DEFINITIONAL_REPRESENTATION('',(#1231),#1235);
#1231 = CIRCLE('',#1232,1.2);
#1232 = AXIS2_PLACEMENT_2D('',#1233,#1234);
#1233 = CARTESIAN_POINT('',(1.2,-1.2));
#1234 = DIRECTION('',(1.,0.));
#1235 = ( GEOMETRIC_REPRESENTATION_CONTEXT(2) 
PARAMETRIC_REPRESENTATION_CONTEXT() REPRESENTATION_CONTEXT('2D SPACE',''
  ) );
#1236 = ORIENTED_EDGE('',*,*,#1237,.T.);
#1237 = EDGE_CURVE('',#1214,#793,#1238,.T.);
#1238 = SURFACE_CURVE('',#1239,(#1243,#1250),.PCURVE_S1.);
#1239 = LINE('',#1240,#1241);
#1240 = CARTESIAN_POINT('',(-52.5,-36.9,14.7));
#1241 = VECTOR('',#1242,1.);
#1242 = DIRECTION('',(1.,0.,0.));
#1243 = PCURVE('',#302,#1244);
#1244 = DEFINITIONAL_REPRESENTATION('',(#1245),#1249);
#1245 = LINE('',#1246,#1247);
#1246 = CARTESIAN_POINT('',(1.570796326795,0.));
#1247 = VECTOR('',#1248,1.);
#1248 = DIRECTION('',(0.,1.));
#1249 = ( GEOMETRIC_REPRESENTATION_CONTEXT(2) 
PARAMETRIC_REPRESENTATION_CONTEXT() REPRESENTATION_CONTEXT('2D SPACE',''
  ) );
#1250 = PCURVE('',#832,#1251);
#1251 = DEFINITIONAL_REPRESENTATION('',(#1252),#1256);
#1252 = LINE('',#1253,#1254);
#1253 = CARTESIAN_POINT('',(0.,1.2));
#1254 = VECTOR('',#1255,1.);
#1255 = DIRECTION('',(1.,0.));
#1256 = ( GEOMETRIC_REPRESENTATION_CONTEXT(2) 
PARAMETRIC_REPRESENTATION_CONTEXT() REPRESENTATION_CONTEXT('2D SPACE',''
  ) );
#1257 = ORIENTED_EDGE('',*,*,#792,.F.);
#1258 = ORIENTED_EDGE('',*,*,#286,.F.);
#1259 = ADVANCED_FACE('',(#1260),#356,.T.);
#1260 = FACE_BOUND('',#1261,.F.);
#1261 = EDGE_LOOP('',(#1262,#1290,#1311,#1312));
#1262 = ORIENTED_EDGE('',*,*,#1263,.T.);
#1263 = EDGE_CURVE('',#315,#1264,#1266,.T.);
#1264 = VERTEX_POINT('',#1265);
#1265 = CARTESIAN_POINT('',(-52.5,-36.9,90.9));
#1266 = SURFACE_CURVE('',#1267,(#1272,#1279),.PCURVE_S1.);
#1267 = CIRCLE('',#1268,1.2);
#1268 = AXIS2_PLACEMENT_3D('',#1269,#1270,#1271);
#1269 = CARTESIAN_POINT('',(-52.5,-36.9,89.7));
#1270 = DIRECTION('',(-1.,0.,-0.));
#1271 = DIRECTION('',(-0.,0.,1.));
#1272 = PCURVE('',#356,#1273);
#1273 = DEFINITIONAL_REPRESENTATION('',(#1274),#1278);
#1274 = LINE('',#1275,#1276);
#1275 = CARTESIAN_POINT('',(4.712388980385,-0.));
#1276 = VECTOR('',#1277,1.);
#1277 = DIRECTION('',(-1.,0.));
#1278 = ( GEOMETRIC_REPRESENTATION_CONTEXT(2) 
PARAMETRIC_REPRESENTATION_CONTEXT() REPRESENTATION_CONTEXT('2D SPACE',''
  ) );
#1279 = PCURVE('',#330,#1280);
#1280 = DEFINITIONAL_REPRESENTATION('',(#1281),#1289);
#1281 = ( BOUNDED_CURVE() B_SPLINE_CURVE(2,(#1282,#1283,#1284,#1285,
#1286,#1287,#1288),.UNSPECIFIED.,.T.,.F.) B_SPLINE_CURVE_WITH_KNOTS((1,2
    ,2,2,2,1),(-2.094395102393,0.,2.094395102393,4.188790204786,
6.28318530718,8.377580409573),.UNSPECIFIED.) CURVE() 
GEOMETRIC_REPRESENTATION_ITEM() RATIONAL_B_SPLINE_CURVE((1.,0.5,1.,0.5,
1.,0.5,1.)) REPRESENTATION_ITEM('') );
#1282 = CARTESIAN_POINT('',(76.2,-1.2));
#1283 = CARTESIAN_POINT('',(76.2,-3.278460969083));
#1284 = CARTESIAN_POINT('',(74.4,-2.239230484541));
#1285 = CARTESIAN_POINT('',(72.6,-1.2));
#1286 = CARTESIAN_POINT('',(74.4,-0.160769515459));
#1287 = CARTESIAN_POINT('',(76.2,0.878460969083));
#1288 = CARTESIAN_POINT('',(76.2,-1.2));
#1289 = ( GEOMETRIC_REPRESENTATION_CONTEXT(2) 
PARAMETRIC_REPRESENTATION_CONTEXT() REPRESENTATION_CONTEXT('2D SPACE',''
  ) );
#1290 = ORIENTED_EDGE('',*,*,#1291,.T.);
#1291 = EDGE_CURVE('',#1264,#935,#1292,.T.);
#1292 = SURFACE_CURVE('',#1293,(#1297,#1304),.PCURVE_S1.);
#1293 = LINE('',#1294,#1295);
#1294 = CARTESIAN_POINT('',(-52.5,-36.9,90.9));
#1295 = VECTOR('',#1296,1.);
#1296 = DIRECTION('',(1.,0.,0.));
#1297 = PCURVE('',#356,#1298);
#1298 = DEFINITIONAL_REPRESENTATION('',(#1299),#1303);
#1299 = LINE('',#1300,#1301);
#1300 = CARTESIAN_POINT('',(-1.570796326795,0.));
#1301 = VECTOR('',#1302,1.);
#1302 = DIRECTION('',(-0.,1.));
#1303 = ( GEOMETRIC_REPRESENTATION_CONTEXT(2) 
PARAMETRIC_REPRESENTATION_CONTEXT() REPRESENTATION_CONTEXT('2D SPACE',''
  ) );
#1304 = PCURVE('',#950,#1305);
#1305 = DEFINITIONAL_REPRESENTATION('',(#1306),#1310);
#1306 = LINE('',#1307,#1308);
#1307 = CARTESIAN_POINT('',(0.,1.2));
#1308 = VECTOR('',#1309,1.);
#1309 = DIRECTION('',(1.,0.));
#1310 = ( GEOMETRIC_REPRESENTATION_CONTEXT(2) 
PARAMETRIC_REPRESENTATION_CONTEXT() REPRESENTATION_CONTEXT('2D SPACE',''
  ) );
#1311 = ORIENTED_EDGE('',*,*,#962,.F.);
#1312 = ORIENTED_EDGE('',*,*,#342,.F.);
#1313 = ADVANCED_FACE('',(#1314,#1438),#330,.F.);
#1314 = FACE_BOUND('',#1315,.F.);
#1315 = EDGE_LOOP('',(#1316,#1317,#1318,#1341,#1369,#1392,#1416,#1437));
#1316 = ORIENTED_EDGE('',*,*,#314,.F.);
#1317 = ORIENTED_EDGE('',*,*,#1213,.T.);
#1318 = ORIENTED_EDGE('',*,*,#1319,.T.);
#1319 = EDGE_CURVE('',#1214,#1320,#1322,.T.);
#1320 = VERTEX_POINT('',#1321);
#1321 = CARTESIAN_POINT('',(-52.5,36.9,14.7));
#1322 = SURFACE_CURVE('',#1323,(#1327,#1334),.PCURVE_S1.);
#1323 = LINE('',#1324,#1325);
#1324 = CARTESIAN_POINT('',(-52.5,-38.1,14.7));
#1325 = VECTOR('',#1326,1.);
#1326 = DIRECTION('',(0.,1.,0.));
#1327 = PCURVE('',#330,#1328);
#1328 = DEFINITIONAL_REPRESENTATION('',(#1329),#1333);
#1329 = LINE('',#1330,#1331);
#1330 = CARTESIAN_POINT('',(0.,0.));
#1331 = VECTOR('',#1332,1.);
#1332 = DIRECTION('',(0.,-1.));
#1333 = ( GEOMETRIC_REPRESENTATION_CONTEXT(2) 
PARAMETRIC_REPRESENTATION_CONTEXT() REPRESENTATION_CONTEXT('2D SPACE',''
  ) );
#1334 = PCURVE('',#832,#1335);
#1335 = DEFINITIONAL_REPRESENTATION('',(#1336),#1340);
#1336 = LINE('',#1337,#1338);
#1337 = CARTESIAN_POINT('',(0.,0.));
#1338 = VECTOR('',#1339,1.);
#1339 = DIRECTION('',(0.,1.));
#1340 = ( GEOMETRIC_REPRESENTATION_CONTEXT(2) 
PARAMETRIC_REPRESENTATION_CONTEXT() REPRESENTATION_CONTEXT('2D SPACE',''
  ) );
#1341 = ORIENTED_EDGE('',*,*,#1342,.F.);
#1342 = EDGE_CURVE('',#1343,#1320,#1345,.T.);
#1343 = VERTEX_POINT('',#1344);
#1344 = CARTESIAN_POINT('',(-52.5,38.1,15.9));
#1345 = SURFACE_CURVE('',#1346,(#1351,#1362),.PCURVE_S1.);
#1346 = CIRCLE('',#1347,1.2);
#1347 = AXIS2_PLACEMENT_3D('',#1348,#1349,#1350);
#1348 = CARTESIAN_POINT('',(-52.5,36.9,15.9));
#1349 = DIRECTION('',(-1.,0.,-0.));
#1350 = DIRECTION('',(-0.,0.,1.));
#1351 = PCURVE('',#330,#1352);
#1352 = DEFINITIONAL_REPRESENTATION('',(#1353),#1361);
#1353 = ( BOUNDED_CURVE() B_SPLINE_CURVE(2,(#1354,#1355,#1356,#1357,
#1358,#1359,#1360),.UNSPECIFIED.,.T.,.F.) B_SPLINE_CURVE_WITH_KNOTS((1,2
    ,2,2,2,1),(-2.094395102393,0.,2.094395102393,4.188790204786,
6.28318530718,8.377580409573),.UNSPECIFIED.) CURVE() 
GEOMETRIC_REPRESENTATION_ITEM() RATIONAL_B_SPLINE_CURVE((1.,0.5,1.,0.5,
1.,0.5,1.)) REPRESENTATION_ITEM('') );
#1354 = CARTESIAN_POINT('',(2.4,-75.));
#1355 = CARTESIAN_POINT('',(2.4,-77.07846096908));
#1356 = CARTESIAN_POINT('',(0.6,-76.03923048454));
#1357 = CARTESIAN_POINT('',(-1.2,-75.));
#1358 = CARTESIAN_POINT('',(0.6,-73.96076951545));
#1359 = CARTESIAN_POINT('',(2.4,-72.92153903091));
#1360 = CARTESIAN_POINT('',(2.4,-75.));
#1361 = ( GEOMETRIC_REPRESENTATION_CONTEXT(2) 
PARAMETRIC_REPRESENTATION_CONTEXT() REPRESENTATION_CONTEXT('2D SPACE',''
  ) );
#1362 = PCURVE('',#865,#1363);
#1363 = DEFINITIONAL_REPRESENTATION('',(#1364),#1368);
#1364 = LINE('',#1365,#1366);
#1365 = CARTESIAN_POINT('',(1.570796326795,-0.));
#1366 = VECTOR('',#1367,1.);
#1367 = DIRECTION('',(-1.,0.));
#1368 = ( GEOMETRIC_REPRESENTATION_CONTEXT(2) 
PARAMETRIC_REPRESENTATION_CONTEXT() REPRESENTATION_CONTEXT('2D SPACE',''
  ) );
#1369 = ORIENTED_EDGE('',*,*,#1370,.T.);
#1370 = EDGE_CURVE('',#1343,#1371,#1373,.T.);
#1371 = VERTEX_POINT('',#1372);
#1372 = CARTESIAN_POINT('',(-52.5,38.1,89.7));
#1373 = SURFACE_CURVE('',#1374,(#1378,#1385),.PCURVE_S1.);
#1374 = LINE('',#1375,#1376);
#1375 = CARTESIAN_POINT('',(-52.5,38.1,14.7));
#1376 = VECTOR('',#1377,1.);
#1377 = DIRECTION('',(0.,0.,1.));
#1378 = PCURVE('',#330,#1379);
#1379 = DEFINITIONAL_REPRESENTATION('',(#1380),#1384);
#1380 = LINE('',#1381,#1382);
#1381 = CARTESIAN_POINT('',(0.,-76.2));
#1382 = VECTOR('',#1383,1.);
#1383 = DIRECTION('',(1.,0.));
#1384 = ( GEOMETRIC_REPRESENTATION_CONTEXT(2) 
PARAMETRIC_REPRESENTATION_CONTEXT() REPRESENTATION_CONTEXT('2D SPACE',''
  ) );
#1385 = PCURVE('',#893,#1386);
#1386 = DEFINITIONAL_REPRESENTATION('',(#1387),#1391);
#1387 = LINE('',#1388,#1389);
#1388 = CARTESIAN_POINT('',(0.,0.));
#1389 = VECTOR('',#1390,1.);
#1390 = DIRECTION('',(1.,0.));
#1391 = ( GEOMETRIC_REPRESENTATION_CONTEXT(2) 
PARAMETRIC_REPRESENTATION_CONTEXT() REPRESENTATION_CONTEXT('2D SPACE',''
  ) );
#1392 = ORIENTED_EDGE('',*,*,#1393,.T.);
#1393 = EDGE_CURVE('',#1371,#1394,#1396,.T.);
#1394 = VERTEX_POINT('',#1395);
#1395 = CARTESIAN_POINT('',(-52.5,36.9,90.9));
#1396 = SURFACE_CURVE('',#1397,(#1402,#1409),.PCURVE_S1.);
#1397 = CIRCLE('',#1398,1.2);
#1398 = AXIS2_PLACEMENT_3D('',#1399,#1400,#1401);
#1399 = CARTESIAN_POINT('',(-52.5,36.9,89.7));
#1400 = DIRECTION('',(1.,0.,0.));
#1401 = DIRECTION('',(-0.,0.,1.));
#1402 = PCURVE('',#330,#1403);
#1403 = DEFINITIONAL_REPRESENTATION('',(#1404),#1408);
#1404 = CIRCLE('',#1405,1.2);
#1405 = AXIS2_PLACEMENT_2D('',#1406,#1407);
#1406 = CARTESIAN_POINT('',(75.,-75.));
#1407 = DIRECTION('',(1.,0.));
#1408 = ( GEOMETRIC_REPRESENTATION_CONTEXT(2) 
PARAMETRIC_REPRESENTATION_CONTEXT() REPRESENTATION_CONTEXT('2D SPACE',''
  ) );
#1409 = PCURVE('',#922,#1410);
#1410 = DEFINITIONAL_REPRESENTATION('',(#1411),#1415);
#1411 = LINE('',#1412,#1413);
#1412 = CARTESIAN_POINT('',(-4.712388980385,0.));
#1413 = VECTOR('',#1414,1.);
#1414 = DIRECTION('',(1.,0.));
#1415 = ( GEOMETRIC_REPRESENTATION_CONTEXT(2) 
PARAMETRIC_REPRESENTATION_CONTEXT() REPRESENTATION_CONTEXT('2D SPACE',''
  ) );
#1416 = ORIENTED_EDGE('',*,*,#1417,.F.);
#1417 = EDGE_CURVE('',#1264,#1394,#1418,.T.);
#1418 = SURFACE_CURVE('',#1419,(#1423,#1430),.PCURVE_S1.);
#1419 = LINE('',#1420,#1421);
#1420 = CARTESIAN_POINT('',(-52.5,-38.1,90.9));
#1421 = VECTOR('',#1422,1.);
#1422 = DIRECTION('',(0.,1.,0.));
#1423 = PCURVE('',#330,#1424);
#1424 = DEFINITIONAL_REPRESENTATION('',(#1425),#1429);
#1425 = LINE('',#1426,#1427);
#1426 = CARTESIAN_POINT('',(76.2,0.));
#1427 = VECTOR('',#1428,1.);
#1428 = DIRECTION('',(0.,-1.));
#1429 = ( GEOMETRIC_REPRESENTATION_CONTEXT(2) 
PARAMETRIC_REPRESENTATION_CONTEXT() REPRESENTATION_CONTEXT('2D SPACE',''
  ) );
#1430 = PCURVE('',#950,#1431);
#1431 = DEFINITIONAL_REPRESENTATION('',(#1432),#1436);
#1432 = LINE('',#1433,#1434);
#1433 = CARTESIAN_POINT('',(0.,0.));
#1434 = VECTOR('',#1435,1.);
#1435 = DIRECTION('',(0.,1.));
#1436 = ( GEOMETRIC_REPRESENTATION_CONTEXT(2) 
PARAMETRIC_REPRESENTATION_CONTEXT() REPRESENTATION_CONTEXT('2D SPACE',''
  ) );
#1437 = ORIENTED_EDGE('',*,*,#1263,.F.);
#1438 = FACE_BOUND('',#1439,.F.);
#1439 = EDGE_LOOP('',(#1440,#1466,#1487,#1511,#1532,#1556,#1577,#1601));
#1440 = ORIENTED_EDGE('',*,*,#1441,.F.);
#1441 = EDGE_CURVE('',#1442,#1444,#1446,.T.);
#1442 = VERTEX_POINT('',#1443);
#1443 = CARTESIAN_POINT('',(-52.5,-34.925,18.475));
#1444 = VERTEX_POINT('',#1445);
#1445 = CARTESIAN_POINT('',(-52.5,-34.325,17.875));
#1446 = SURFACE_CURVE('',#1447,(#1452,#1459),.PCURVE_S1.);
#1447 = CIRCLE('',#1448,0.6);
#1448 = AXIS2_PLACEMENT_3D('',#1449,#1450,#1451);
#1449 = CARTESIAN_POINT('',(-52.5,-34.325,18.475));
#1450 = DIRECTION('',(1.,0.,0.));
#1451 = DIRECTION('',(0.,-1.,0.));
#1452 = PCURVE('',#330,#1453);
#1453 = DEFINITIONAL_REPRESENTATION('',(#1454),#1458);
#1454 = CIRCLE('',#1455,0.6);
#1455 = AXIS2_PLACEMENT_2D('',#1456,#1457);
#1456 = CARTESIAN_POINT('',(3.775,-3.775));
#1457 = DIRECTION('',(0.,1.));
#1458 = ( GEOMETRIC_REPRESENTATION_CONTEXT(2) 
PARAMETRIC_REPRESENTATION_CONTEXT() REPRESENTATION_CONTEXT('2D SPACE',''
  ) );
#1459 = PCURVE('',#1009,#1460);
#1460 = DEFINITIONAL_REPRESENTATION('',(#1461),#1465);
#1461 = LINE('',#1462,#1463);
#1462 = CARTESIAN_POINT('',(0.,1.));
#1463 = VECTOR('',#1464,1.);
#1464 = DIRECTION('',(1.,0.));
#1465 = ( GEOMETRIC_REPRESENTATION_CONTEXT(2) 
PARAMETRIC_REPRESENTATION_CONTEXT() REPRESENTATION_CONTEXT('2D SPACE',''
  ) );
#1466 = ORIENTED_EDGE('',*,*,#1467,.T.);
#1467 = EDGE_CURVE('',#1442,#1468,#1470,.T.);
#1468 = VERTEX_POINT('',#1469);
#1469 = CARTESIAN_POINT('',(-52.5,-34.925,87.125));
#1470 = SURFACE_CURVE('',#1471,(#1475,#1481),.PCURVE_S1.);
#1471 = LINE('',#1472,#1473);
#1472 = CARTESIAN_POINT('',(-52.5,-34.925,16.2875));
#1473 = VECTOR('',#1474,1.);
#1474 = DIRECTION('',(0.,0.,1.));
#1475 = PCURVE('',#330,#1476);
#1476 = DEFINITIONAL_REPRESENTATION('',(#1477),#1480);
#1477 = B_SPLINE_CURVE_WITH_KNOTS('',1,(#1478,#1479),.UNSPECIFIED.,.F.,
  .F.,(2,2),(2.1875,70.8375),.PIECEWISE_BEZIER_KNOTS.);
#1478 = CARTESIAN_POINT('',(3.775,-3.175));
#1479 = CARTESIAN_POINT('',(72.425,-3.175));
#1480 = ( GEOMETRIC_REPRESENTATION_CONTEXT(2) 
PARAMETRIC_REPRESENTATION_CONTEXT() REPRESENTATION_CONTEXT('2D SPACE',''
  ) );
#1481 = PCURVE('',#1036,#1482);
#1482 = DEFINITIONAL_REPRESENTATION('',(#1483),#1486);
#1483 = B_SPLINE_CURVE_WITH_KNOTS('',1,(#1484,#1485),.UNSPECIFIED.,.F.,
  .F.,(2,2),(2.1875,70.8375),.PIECEWISE_BEZIER_KNOTS.);
#1484 = CARTESIAN_POINT('',(0.6,1.));
#1485 = CARTESIAN_POINT('',(69.25,1.));
#1486 = ( GEOMETRIC_REPRESENTATION_CONTEXT(2) 
PARAMETRIC_REPRESENTATION_CONTEXT() REPRESENTATION_CONTEXT('2D SPACE',''
  ) );
#1487 = ORIENTED_EDGE('',*,*,#1488,.F.);
#1488 = EDGE_CURVE('',#1489,#1468,#1491,.T.);
#1489 = VERTEX_POINT('',#1490);
#1490 = CARTESIAN_POINT('',(-52.5,-34.325,87.725));
#1491 = SURFACE_CURVE('',#1492,(#1497,#1504),.PCURVE_S1.);
#1492 = CIRCLE('',#1493,0.6);
#1493 = AXIS2_PLACEMENT_3D('',#1494,#1495,#1496);
#1494 = CARTESIAN_POINT('',(-52.5,-34.325,87.125));
#1495 = DIRECTION('',(1.,0.,0.));
#1496 = DIRECTION('',(0.,-1.,0.));
#1497 = PCURVE('',#330,#1498);
#1498 = DEFINITIONAL_REPRESENTATION('',(#1499),#1503);
#1499 = CIRCLE('',#1500,0.6);
#1500 = AXIS2_PLACEMENT_2D('',#1501,#1502);
#1501 = CARTESIAN_POINT('',(72.425,-3.775));
#1502 = DIRECTION('',(0.,1.));
#1503 = ( GEOMETRIC_REPRESENTATION_CONTEXT(2) 
PARAMETRIC_REPRESENTATION_CONTEXT() REPRESENTATION_CONTEXT('2D SPACE',''
  ) );
#1504 = PCURVE('',#1064,#1505);
#1505 = DEFINITIONAL_REPRESENTATION('',(#1506),#1510);
#1506 = LINE('',#1507,#1508);
#1507 = CARTESIAN_POINT('',(-6.28318530718,1.));
#1508 = VECTOR('',#1509,1.);
#1509 = DIRECTION('',(1.,-0.));
#1510 = ( GEOMETRIC_REPRESENTATION_CONTEXT(2) 
PARAMETRIC_REPRESENTATION_CONTEXT() REPRESENTATION_CONTEXT('2D SPACE',''
  ) );
#1511 = ORIENTED_EDGE('',*,*,#1512,.F.);
#1512 = EDGE_CURVE('',#1513,#1489,#1515,.T.);
#1513 = VERTEX_POINT('',#1514);
#1514 = CARTESIAN_POINT('',(-52.5,34.325,87.725));
#1515 = SURFACE_CURVE('',#1516,(#1520,#1526),.PCURVE_S1.);
#1516 = LINE('',#1517,#1518);
#1517 = CARTESIAN_POINT('',(-52.5,-36.5125,87.725));
#1518 = VECTOR('',#1519,1.);
#1519 = DIRECTION('',(0.,-1.,0.));
#1520 = PCURVE('',#330,#1521);
#1521 = DEFINITIONAL_REPRESENTATION('',(#1522),#1525);
#1522 = B_SPLINE_CURVE_WITH_KNOTS('',1,(#1523,#1524),.UNSPECIFIED.,.F.,
  .F.,(2,2),(-70.8375,-2.1875),.PIECEWISE_BEZIER_KNOTS.);
#1523 = CARTESIAN_POINT('',(73.025,-72.425));
#1524 = CARTESIAN_POINT('',(73.025,-3.775));
#1525 = ( GEOMETRIC_REPRESENTATION_CONTEXT(2) 
PARAMETRIC_REPRESENTATION_CONTEXT() REPRESENTATION_CONTEXT('2D SPACE',''
  ) );
#1526 = PCURVE('',#1091,#1527);
#1527 = DEFINITIONAL_REPRESENTATION('',(#1528),#1531);
#1528 = B_SPLINE_CURVE_WITH_KNOTS('',1,(#1529,#1530),.UNSPECIFIED.,.F.,
  .F.,(2,2),(-70.8375,-2.1875),.PIECEWISE_BEZIER_KNOTS.);
#1529 = CARTESIAN_POINT('',(1.,69.25));
#1530 = CARTESIAN_POINT('',(1.,0.6));
#1531 = ( GEOMETRIC_REPRESENTATION_CONTEXT(2) 
PARAMETRIC_REPRESENTATION_CONTEXT() REPRESENTATION_CONTEXT('2D SPACE',''
  ) );
#1532 = ORIENTED_EDGE('',*,*,#1533,.F.);
#1533 = EDGE_CURVE('',#1534,#1513,#1536,.T.);
#1534 = VERTEX_POINT('',#1535);
#1535 = CARTESIAN_POINT('',(-52.5,34.925,87.125));
#1536 = SURFACE_CURVE('',#1537,(#1542,#1549),.PCURVE_S1.);
#1537 = CIRCLE('',#1538,0.6);
#1538 = AXIS2_PLACEMENT_3D('',#1539,#1540,#1541);
#1539 = CARTESIAN_POINT('',(-52.5,34.325,87.125));
#1540 = DIRECTION('',(1.,0.,0.));
#1541 = DIRECTION('',(-0.,1.,0.));
#1542 = PCURVE('',#330,#1543);
#1543 = DEFINITIONAL_REPRESENTATION('',(#1544),#1548);
#1544 = CIRCLE('',#1545,0.6);
#1545 = AXIS2_PLACEMENT_2D('',#1546,#1547);
#1546 = CARTESIAN_POINT('',(72.425,-72.425));
#1547 = DIRECTION('',(0.,-1.));
#1548 = ( GEOMETRIC_REPRESENTATION_CONTEXT(2) 
PARAMETRIC_REPRESENTATION_CONTEXT() REPRESENTATION_CONTEXT('2D SPACE',''
  ) );
#1549 = PCURVE('',#1119,#1550);
#1550 = DEFINITIONAL_REPRESENTATION('',(#1551),#1555);
#1551 = LINE('',#1552,#1553);
#1552 = CARTESIAN_POINT('',(0.,1.));
#1553 = VECTOR('',#1554,1.);
#1554 = DIRECTION('',(1.,0.));
#1555 = ( GEOMETRIC_REPRESENTATION_CONTEXT(2) 
PARAMETRIC_REPRESENTATION_CONTEXT() REPRESENTATION_CONTEXT('2D SPACE',''
  ) );
#1556 = ORIENTED_EDGE('',*,*,#1557,.F.);
#1557 = EDGE_CURVE('',#1558,#1534,#1560,.T.);
#1558 = VERTEX_POINT('',#1559);
#1559 = CARTESIAN_POINT('',(-52.5,34.925,18.475));
#1560 = SURFACE_CURVE('',#1561,(#1565,#1571),.PCURVE_S1.);
#1561 = LINE('',#1562,#1563);
#1562 = CARTESIAN_POINT('',(-52.5,34.925,16.2875));
#1563 = VECTOR('',#1564,1.);
#1564 = DIRECTION('',(0.,0.,1.));
#1565 = PCURVE('',#330,#1566);
#1566 = DEFINITIONAL_REPRESENTATION('',(#1567),#1570);
#1567 = B_SPLINE_CURVE_WITH_KNOTS('',1,(#1568,#1569),.UNSPECIFIED.,.F.,
  .F.,(2,2),(2.1875,70.8375),.PIECEWISE_BEZIER_KNOTS.);
#1568 = CARTESIAN_POINT('',(3.775,-73.025));
#1569 = CARTESIAN_POINT('',(72.425,-73.025));
#1570 = ( GEOMETRIC_REPRESENTATION_CONTEXT(2) 
PARAMETRIC_REPRESENTATION_CONTEXT() REPRESENTATION_CONTEXT('2D SPACE',''
  ) );
#1571 = PCURVE('',#1146,#1572);
#1572 = DEFINITIONAL_REPRESENTATION('',(#1573),#1576);
#1573 = B_SPLINE_CURVE_WITH_KNOTS('',1,(#1574,#1575),.UNSPECIFIED.,.F.,
  .F.,(2,2),(2.1875,70.8375),.PIECEWISE_BEZIER_KNOTS.);
#1574 = CARTESIAN_POINT('',(0.6,1.));
#1575 = CARTESIAN_POINT('',(69.25,1.));
#1576 = ( GEOMETRIC_REPRESENTATION_CONTEXT(2) 
PARAMETRIC_REPRESENTATION_CONTEXT() REPRESENTATION_CONTEXT('2D SPACE',''
  ) );
#1577 = ORIENTED_EDGE('',*,*,#1578,.F.);
#1578 = EDGE_CURVE('',#1579,#1558,#1581,.T.);
#1579 = VERTEX_POINT('',#1580);
#1580 = CARTESIAN_POINT('',(-52.5,34.325,17.875));
#1581 = SURFACE_CURVE('',#1582,(#1587,#1594),.PCURVE_S1.);
#1582 = CIRCLE('',#1583,0.6);
#1583 = AXIS2_PLACEMENT_3D('',#1584,#1585,#1586);
#1584 = CARTESIAN_POINT('',(-52.5,34.325,18.475));
#1585 = DIRECTION('',(1.,0.,0.));
#1586 = DIRECTION('',(-0.,1.,0.));
#1587 = PCURVE('',#330,#1588);
#1588 = DEFINITIONAL_REPRESENTATION('',(#1589),#1593);
#1589 = CIRCLE('',#1590,0.6);
#1590 = AXIS2_PLACEMENT_2D('',#1591,#1592);
#1591 = CARTESIAN_POINT('',(3.775,-72.425));
#1592 = DIRECTION('',(0.,-1.));
#1593 = ( GEOMETRIC_REPRESENTATION_CONTEXT(2) 
PARAMETRIC_REPRESENTATION_CONTEXT() REPRESENTATION_CONTEXT('2D SPACE',''
  ) );
#1594 = PCURVE('',#1174,#1595);
#1595 = DEFINITIONAL_REPRESENTATION('',(#1596),#1600);
#1596 = LINE('',#1597,#1598);
#1597 = CARTESIAN_POINT('',(-6.28318530718,1.));
#1598 = VECTOR('',#1599,1.);
#1599 = DIRECTION('',(1.,-0.));
#1600 = ( GEOMETRIC_REPRESENTATION_CONTEXT(2) 
PARAMETRIC_REPRESENTATION_CONTEXT() REPRESENTATION_CONTEXT('2D SPACE',''
  ) );
#1601 = ORIENTED_EDGE('',*,*,#1602,.T.);
#1602 = EDGE_CURVE('',#1579,#1444,#1603,.T.);
#1603 = SURFACE_CURVE('',#1604,(#1608,#1614),.PCURVE_S1.);
#1604 = LINE('',#1605,#1606);
#1605 = CARTESIAN_POINT('',(-52.5,-36.5125,17.875));
#1606 = VECTOR('',#1607,1.);
#1607 = DIRECTION('',(0.,-1.,0.));
#1608 = PCURVE('',#330,#1609);
#1609 = DEFINITIONAL_REPRESENTATION('',(#1610),#1613);
#1610 = B_SPLINE_CURVE_WITH_KNOTS('',1,(#1611,#1612),.UNSPECIFIED.,.F.,
  .F.,(2,2),(-70.8375,-2.1875),.PIECEWISE_BEZIER_KNOTS.);
#1611 = CARTESIAN_POINT('',(3.175,-72.425));
#1612 = CARTESIAN_POINT('',(3.175,-3.775));
#1613 = ( GEOMETRIC_REPRESENTATION_CONTEXT(2) 
PARAMETRIC_REPRESENTATION_CONTEXT() REPRESENTATION_CONTEXT('2D SPACE',''
  ) );
#1614 = PCURVE('',#1199,#1615);
#1615 = DEFINITIONAL_REPRESENTATION('',(#1616),#1619);
#1616 = B_SPLINE_CURVE_WITH_KNOTS('',1,(#1617,#1618),.UNSPECIFIED.,.F.,
  .F.,(2,2),(-70.8375,-2.1875),.PIECEWISE_BEZIER_KNOTS.);
#1617 = CARTESIAN_POINT('',(1.,69.25));
#1618 = CARTESIAN_POINT('',(1.,0.6));
#1619 = ( GEOMETRIC_REPRESENTATION_CONTEXT(2) 
PARAMETRIC_REPRESENTATION_CONTEXT() REPRESENTATION_CONTEXT('2D SPACE',''
  ) );
#1620 = ADVANCED_FACE('',(#1621),#429,.F.);
#1621 = FACE_BOUND('',#1622,.F.);
#1622 = EDGE_LOOP('',(#1623,#1646,#1647,#1670));
#1623 = ORIENTED_EDGE('',*,*,#1624,.F.);
#1624 = EDGE_CURVE('',#372,#1625,#1627,.T.);
#1625 = VERTEX_POINT('',#1626);
#1626 = CARTESIAN_POINT('',(-25.25,-34.925,69.95));
#1627 = SURFACE_CURVE('',#1628,(#1632,#1639),.PCURVE_S1.);
#1628 = LINE('',#1629,#1630);
#1629 = CARTESIAN_POINT('',(-25.25,-39.1,69.95));
#1630 = VECTOR('',#1631,1.);
#1631 = DIRECTION('',(0.,1.,0.));
#1632 = PCURVE('',#429,#1633);
#1633 = DEFINITIONAL_REPRESENTATION('',(#1634),#1638);
#1634 = LINE('',#1635,#1636);
#1635 = CARTESIAN_POINT('',(0.,0.));
#1636 = VECTOR('',#1637,1.);
#1637 = DIRECTION('',(0.,1.));
#1638 = ( GEOMETRIC_REPRESENTATION_CONTEXT(2) 
PARAMETRIC_REPRESENTATION_CONTEXT() REPRESENTATION_CONTEXT('2D SPACE',''
  ) );
#1639 = PCURVE('',#481,#1640);
#1640 = DEFINITIONAL_REPRESENTATION('',(#1641),#1645);
#1641 = LINE('',#1642,#1643);
#1642 = CARTESIAN_POINT('',(36.3,0.));
#1643 = VECTOR('',#1644,1.);
#1644 = DIRECTION('',(0.,-1.));
#1645 = ( GEOMETRIC_REPRESENTATION_CONTEXT(2) 
PARAMETRIC_REPRESENTATION_CONTEXT() REPRESENTATION_CONTEXT('2D SPACE',''
  ) );
#1646 = ORIENTED_EDGE('',*,*,#414,.T.);
#1647 = ORIENTED_EDGE('',*,*,#1648,.T.);
#1648 = EDGE_CURVE('',#394,#1649,#1651,.T.);
#1649 = VERTEX_POINT('',#1650);
#1650 = CARTESIAN_POINT('',(-23.25,-34.925,71.95));
#1651 = SURFACE_CURVE('',#1652,(#1656,#1663),.PCURVE_S1.);
#1652 = LINE('',#1653,#1654);
#1653 = CARTESIAN_POINT('',(-23.25,-39.1,71.95));
#1654 = VECTOR('',#1655,1.);
#1655 = DIRECTION('',(0.,1.,0.));
#1656 = PCURVE('',#429,#1657);
#1657 = DEFINITIONAL_REPRESENTATION('',(#1658),#1662);
#1658 = LINE('',#1659,#1660);
#1659 = CARTESIAN_POINT('',(1.570796326795,0.));
#1660 = VECTOR('',#1661,1.);
#1661 = DIRECTION('',(0.,1.));
#1662 = ( GEOMETRIC_REPRESENTATION_CONTEXT(2) 
PARAMETRIC_REPRESENTATION_CONTEXT() REPRESENTATION_CONTEXT('2D SPACE',''
  ) );
#1663 = PCURVE('',#533,#1664);
#1664 = DEFINITIONAL_REPRESENTATION('',(#1665),#1669);
#1665 = LINE('',#1666,#1667);
#1666 = CARTESIAN_POINT('',(2.,0.));
#1667 = VECTOR('',#1668,1.);
#1668 = DIRECTION('',(0.,1.));
#1669 = ( GEOMETRIC_REPRESENTATION_CONTEXT(2) 
PARAMETRIC_REPRESENTATION_CONTEXT() REPRESENTATION_CONTEXT('2D SPACE',''
  ) );
#1670 = ORIENTED_EDGE('',*,*,#1671,.F.);
#1671 = EDGE_CURVE('',#1625,#1649,#1672,.T.);
#1672 = SURFACE_CURVE('',#1673,(#1678,#1685),.PCURVE_S1.);
#1673 = CIRCLE('',#1674,2.);
#1674 = AXIS2_PLACEMENT_3D('',#1675,#1676,#1677);
#1675 = CARTESIAN_POINT('',(-23.25,-34.925,69.95));
#1676 = DIRECTION('',(0.,1.,0.));
#1677 = DIRECTION('',(-1.,0.,0.));
#1678 = PCURVE('',#429,#1679);
#1679 = DEFINITIONAL_REPRESENTATION('',(#1680),#1684);
#1680 = LINE('',#1681,#1682);
#1681 = CARTESIAN_POINT('',(0.,4.175));
#1682 = VECTOR('',#1683,1.);
#1683 = DIRECTION('',(1.,0.));
#1684 = ( GEOMETRIC_REPRESENTATION_CONTEXT(2) 
PARAMETRIC_REPRESENTATION_CONTEXT() REPRESENTATION_CONTEXT('2D SPACE',''
  ) );
#1685 = PCURVE('',#1036,#1686);
#1686 = DEFINITIONAL_REPRESENTATION('',(#1687),#1691);
#1687 = CIRCLE('',#1688,2.);
#1688 = AXIS2_PLACEMENT_2D('',#1689,#1690);
#1689 = CARTESIAN_POINT('',(52.075,30.25));
#1690 = DIRECTION('',(0.,-1.));
#1691 = ( GEOMETRIC_REPRESENTATION_CONTEXT(2) 
PARAMETRIC_REPRESENTATION_CONTEXT() REPRESENTATION_CONTEXT('2D SPACE',''
  ) );
#1692 = ADVANCED_FACE('',(#1693),#481,.T.);
#1693 = FACE_BOUND('',#1694,.T.);
#1694 = EDGE_LOOP('',(#1695,#1696,#1697,#1720));
#1695 = ORIENTED_EDGE('',*,*,#1624,.F.);
#1696 = ORIENTED_EDGE('',*,*,#467,.F.);
#1697 = ORIENTED_EDGE('',*,*,#1698,.T.);
#1698 = EDGE_CURVE('',#445,#1699,#1701,.T.);
#1699 = VERTEX_POINT('',#1700);
#1700 = CARTESIAN_POINT('',(-25.25,-34.925,35.65));
#1701 = SURFACE_CURVE('',#1702,(#1706,#1713),.PCURVE_S1.);
#1702 = LINE('',#1703,#1704);
#1703 = CARTESIAN_POINT('',(-25.25,-39.1,35.65));
#1704 = VECTOR('',#1705,1.);
#1705 = DIRECTION('',(0.,1.,0.));
#1706 = PCURVE('',#481,#1707);
#1707 = DEFINITIONAL_REPRESENTATION('',(#1708),#1712);
#1708 = LINE('',#1709,#1710);
#1709 = CARTESIAN_POINT('',(2.,0.));
#1710 = VECTOR('',#1711,1.);
#1711 = DIRECTION('',(0.,-1.));
#1712 = ( GEOMETRIC_REPRESENTATION_CONTEXT(2) 
PARAMETRIC_REPRESENTATION_CONTEXT() REPRESENTATION_CONTEXT('2D SPACE',''
  ) );
#1713 = PCURVE('',#586,#1714);
#1714 = DEFINITIONAL_REPRESENTATION('',(#1715),#1719);
#1715 = LINE('',#1716,#1717);
#1716 = CARTESIAN_POINT('',(-0.,0.));
#1717 = VECTOR('',#1718,1.);
#1718 = DIRECTION('',(-0.,1.));
#1719 = ( GEOMETRIC_REPRESENTATION_CONTEXT(2) 
PARAMETRIC_REPRESENTATION_CONTEXT() REPRESENTATION_CONTEXT('2D SPACE',''
  ) );
#1720 = ORIENTED_EDGE('',*,*,#1721,.F.);
#1721 = EDGE_CURVE('',#1625,#1699,#1722,.T.);
#1722 = SURFACE_CURVE('',#1723,(#1727,#1733),.PCURVE_S1.);
#1723 = LINE('',#1724,#1725);
#1724 = CARTESIAN_POINT('',(-25.25,-34.925,25.7625));
#1725 = VECTOR('',#1726,1.);
#1726 = DIRECTION('',(0.,0.,-1.));
#1727 = PCURVE('',#481,#1728);
#1728 = DEFINITIONAL_REPRESENTATION('',(#1729),#1732);
#1729 = B_SPLINE_CURVE_WITH_KNOTS('',1,(#1730,#1731),.UNSPECIFIED.,.F.,
  .F.,(2,2),(-44.1875,-9.8875),.PIECEWISE_BEZIER_KNOTS.);
#1730 = CARTESIAN_POINT('',(36.3,-4.175));
#1731 = CARTESIAN_POINT('',(2.,-4.175));
#1732 = ( GEOMETRIC_REPRESENTATION_CONTEXT(2) 
PARAMETRIC_REPRESENTATION_CONTEXT() REPRESENTATION_CONTEXT('2D SPACE',''
  ) );
#1733 = PCURVE('',#1036,#1734);
#1734 = DEFINITIONAL_REPRESENTATION('',(#1735),#1738);
#1735 = B_SPLINE_CURVE_WITH_KNOTS('',1,(#1736,#1737),.UNSPECIFIED.,.F.,
  .F.,(2,2),(-44.1875,-9.8875),.PIECEWISE_BEZIER_KNOTS.);
#1736 = CARTESIAN_POINT('',(52.075,28.25));
#1737 = CARTESIAN_POINT('',(17.775,28.25));
#1738 = ( GEOMETRIC_REPRESENTATION_CONTEXT(2) 
PARAMETRIC_REPRESENTATION_CONTEXT() REPRESENTATION_CONTEXT('2D SPACE',''
  ) );
#1739 = ADVANCED_FACE('',(#1740),#533,.F.);
#1740 = FACE_BOUND('',#1741,.F.);
#1741 = EDGE_LOOP('',(#1742,#1765,#1784,#1785));
#1742 = ORIENTED_EDGE('',*,*,#1743,.T.);
#1743 = EDGE_CURVE('',#499,#1744,#1746,.T.);
#1744 = VERTEX_POINT('',#1745);
#1745 = CARTESIAN_POINT('',(23.25,-34.925,71.95));
#1746 = SURFACE_CURVE('',#1747,(#1751,#1758),.PCURVE_S1.);
#1747 = LINE('',#1748,#1749);
#1748 = CARTESIAN_POINT('',(23.25,-39.1,71.95));
#1749 = VECTOR('',#1750,1.);
#1750 = DIRECTION('',(0.,1.,0.));
#1751 = PCURVE('',#533,#1752);
#1752 = DEFINITIONAL_REPRESENTATION('',(#1753),#1757);
#1753 = LINE('',#1754,#1755);
#1754 = CARTESIAN_POINT('',(48.5,0.));
#1755 = VECTOR('',#1756,1.);
#1756 = DIRECTION('',(0.,1.));
#1757 = ( GEOMETRIC_REPRESENTATION_CONTEXT(2) 
PARAMETRIC_REPRESENTATION_CONTEXT() REPRESENTATION_CONTEXT('2D SPACE',''
  ) );
#1758 = PCURVE('',#639,#1759);
#1759 = DEFINITIONAL_REPRESENTATION('',(#1760),#1764);
#1760 = LINE('',#1761,#1762);
#1761 = CARTESIAN_POINT('',(-1.570796326795,0.));
#1762 = VECTOR('',#1763,1.);
#1763 = DIRECTION('',(-0.,1.));
#1764 = ( GEOMETRIC_REPRESENTATION_CONTEXT(2) 
PARAMETRIC_REPRESENTATION_CONTEXT() REPRESENTATION_CONTEXT('2D SPACE',''
  ) );
#1765 = ORIENTED_EDGE('',*,*,#1766,.F.);
#1766 = EDGE_CURVE('',#1649,#1744,#1767,.T.);
#1767 = SURFACE_CURVE('',#1768,(#1772,#1778),.PCURVE_S1.);
#1768 = LINE('',#1769,#1770);
#1769 = CARTESIAN_POINT('',(-39.375,-34.925,71.95));
#1770 = VECTOR('',#1771,1.);
#1771 = DIRECTION('',(1.,0.,0.));
#1772 = PCURVE('',#533,#1773);
#1773 = DEFINITIONAL_REPRESENTATION('',(#1774),#1777);
#1774 = B_SPLINE_CURVE_WITH_KNOTS('',1,(#1775,#1776),.UNSPECIFIED.,.F.,
  .F.,(2,2),(16.125,62.625),.PIECEWISE_BEZIER_KNOTS.);
#1775 = CARTESIAN_POINT('',(2.,4.175));
#1776 = CARTESIAN_POINT('',(48.5,4.175));
#1777 = ( GEOMETRIC_REPRESENTATION_CONTEXT(2) 
PARAMETRIC_REPRESENTATION_CONTEXT() REPRESENTATION_CONTEXT('2D SPACE',''
  ) );
#1778 = PCURVE('',#1036,#1779);
#1779 = DEFINITIONAL_REPRESENTATION('',(#1780),#1783);
#1780 = B_SPLINE_CURVE_WITH_KNOTS('',1,(#1781,#1782),.UNSPECIFIED.,.F.,
  .F.,(2,2),(16.125,62.625),.PIECEWISE_BEZIER_KNOTS.);
#1781 = CARTESIAN_POINT('',(54.075,30.25));
#1782 = CARTESIAN_POINT('',(54.075,76.75));
#1783 = ( GEOMETRIC_REPRESENTATION_CONTEXT(2) 
PARAMETRIC_REPRESENTATION_CONTEXT() REPRESENTATION_CONTEXT('2D SPACE',''
  ) );
#1784 = ORIENTED_EDGE('',*,*,#1648,.F.);
#1785 = ORIENTED_EDGE('',*,*,#519,.T.);
#1786 = ADVANCED_FACE('',(#1787),#586,.F.);
#1787 = FACE_BOUND('',#1788,.T.);
#1788 = EDGE_LOOP('',(#1789,#1790,#1791,#1814));
#1789 = ORIENTED_EDGE('',*,*,#1698,.F.);
#1790 = ORIENTED_EDGE('',*,*,#571,.F.);
#1791 = ORIENTED_EDGE('',*,*,#1792,.T.);
#1792 = EDGE_CURVE('',#549,#1793,#1795,.T.);
#1793 = VERTEX_POINT('',#1794);
#1794 = CARTESIAN_POINT('',(-23.25,-34.925,33.65));
#1795 = SURFACE_CURVE('',#1796,(#1800,#1807),.PCURVE_S1.);
#1796 = LINE('',#1797,#1798);
#1797 = CARTESIAN_POINT('',(-23.25,-39.1,33.65));
#1798 = VECTOR('',#1799,1.);
#1799 = DIRECTION('',(0.,1.,0.));
#1800 = PCURVE('',#586,#1801);
#1801 = DEFINITIONAL_REPRESENTATION('',(#1802),#1806);
#1802 = LINE('',#1803,#1804);
#1803 = CARTESIAN_POINT('',(-1.570796326795,0.));
#1804 = VECTOR('',#1805,1.);
#1805 = DIRECTION('',(-0.,1.));
#1806 = ( GEOMETRIC_REPRESENTATION_CONTEXT(2) 
PARAMETRIC_REPRESENTATION_CONTEXT() REPRESENTATION_CONTEXT('2D SPACE',''
  ) );
#1807 = PCURVE('',#691,#1808);
#1808 = DEFINITIONAL_REPRESENTATION('',(#1809),#1813);
#1809 = LINE('',#1810,#1811);
#1810 = CARTESIAN_POINT('',(2.,0.));
#1811 = VECTOR('',#1812,1.);
#1812 = DIRECTION('',(0.,1.));
#1813 = ( GEOMETRIC_REPRESENTATION_CONTEXT(2) 
PARAMETRIC_REPRESENTATION_CONTEXT() REPRESENTATION_CONTEXT('2D SPACE',''
  ) );
#1814 = ORIENTED_EDGE('',*,*,#1815,.T.);
#1815 = EDGE_CURVE('',#1793,#1699,#1816,.T.);
#1816 = SURFACE_CURVE('',#1817,(#1822,#1829),.PCURVE_S1.);
#1817 = CIRCLE('',#1818,2.);
#1818 = AXIS2_PLACEMENT_3D('',#1819,#1820,#1821);
#1819 = CARTESIAN_POINT('',(-23.25,-34.925,35.65));
#1820 = DIRECTION('',(0.,1.,0.));
#1821 = DIRECTION('',(-1.,0.,0.));
#1822 = PCURVE('',#586,#1823);
#1823 = DEFINITIONAL_REPRESENTATION('',(#1824),#1828);
#1824 = LINE('',#1825,#1826);
#1825 = CARTESIAN_POINT('',(-6.28318530718,4.175));
#1826 = VECTOR('',#1827,1.);
#1827 = DIRECTION('',(1.,-0.));
#1828 = ( GEOMETRIC_REPRESENTATION_CONTEXT(2) 
PARAMETRIC_REPRESENTATION_CONTEXT() REPRESENTATION_CONTEXT('2D SPACE',''
  ) );
#1829 = PCURVE('',#1036,#1830);
#1830 = DEFINITIONAL_REPRESENTATION('',(#1831),#1835);
#1831 = CIRCLE('',#1832,2.);
#1832 = AXIS2_PLACEMENT_2D('',#1833,#1834);
#1833 = CARTESIAN_POINT('',(17.775,30.25));
#1834 = DIRECTION('',(0.,-1.));
#1835 = ( GEOMETRIC_REPRESENTATION_CONTEXT(2) 
PARAMETRIC_REPRESENTATION_CONTEXT() REPRESENTATION_CONTEXT('2D SPACE',''
  ) );
#1836 = ADVANCED_FACE('',(#1837),#639,.F.);
#1837 = FACE_BOUND('',#1838,.T.);
#1838 = EDGE_LOOP('',(#1839,#1862,#1863,#1864));
#1839 = ORIENTED_EDGE('',*,*,#1840,.F.);
#1840 = EDGE_CURVE('',#604,#1841,#1843,.T.);
#1841 = VERTEX_POINT('',#1842);
#1842 = CARTESIAN_POINT('',(25.25,-34.925,69.95));
#1843 = SURFACE_CURVE('',#1844,(#1848,#1855),.PCURVE_S1.);
#1844 = LINE('',#1845,#1846);
#1845 = CARTESIAN_POINT('',(25.25,-39.1,69.95));
#1846 = VECTOR('',#1847,1.);
#1847 = DIRECTION('',(0.,1.,0.));
#1848 = PCURVE('',#639,#1849);
#1849 = DEFINITIONAL_REPRESENTATION('',(#1850),#1854);
#1850 = LINE('',#1851,#1852);
#1851 = CARTESIAN_POINT('',(-0.,0.));
#1852 = VECTOR('',#1853,1.);
#1853 = DIRECTION('',(-0.,1.));
#1854 = ( GEOMETRIC_REPRESENTATION_CONTEXT(2) 
PARAMETRIC_REPRESENTATION_CONTEXT() REPRESENTATION_CONTEXT('2D SPACE',''
  ) );
#1855 = PCURVE('',#743,#1856);
#1856 = DEFINITIONAL_REPRESENTATION('',(#1857),#1861);
#1857 = LINE('',#1858,#1859);
#1858 = CARTESIAN_POINT('',(36.3,0.));
#1859 = VECTOR('',#1860,1.);
#1860 = DIRECTION('',(0.,-1.));
#1861 = ( GEOMETRIC_REPRESENTATION_CONTEXT(2) 
PARAMETRIC_REPRESENTATION_CONTEXT() REPRESENTATION_CONTEXT('2D SPACE',''
  ) );
#1862 = ORIENTED_EDGE('',*,*,#624,.F.);
#1863 = ORIENTED_EDGE('',*,*,#1743,.T.);
#1864 = ORIENTED_EDGE('',*,*,#1865,.T.);
#1865 = EDGE_CURVE('',#1744,#1841,#1866,.T.);
#1866 = SURFACE_CURVE('',#1867,(#1872,#1879),.PCURVE_S1.);
#1867 = CIRCLE('',#1868,2.);
#1868 = AXIS2_PLACEMENT_3D('',#1869,#1870,#1871);
#1869 = CARTESIAN_POINT('',(23.25,-34.925,69.95));
#1870 = DIRECTION('',(0.,1.,0.));
#1871 = DIRECTION('',(1.,0.,-0.));
#1872 = PCURVE('',#639,#1873);
#1873 = DEFINITIONAL_REPRESENTATION('',(#1874),#1878);
#1874 = LINE('',#1875,#1876);
#1875 = CARTESIAN_POINT('',(-6.28318530718,4.175));
#1876 = VECTOR('',#1877,1.);
#1877 = DIRECTION('',(1.,-0.));
#1878 = ( GEOMETRIC_REPRESENTATION_CONTEXT(2) 
PARAMETRIC_REPRESENTATION_CONTEXT() REPRESENTATION_CONTEXT('2D SPACE',''
  ) );
#1879 = PCURVE('',#1036,#1880);
#1880 = DEFINITIONAL_REPRESENTATION('',(#1881),#1885);
#1881 = CIRCLE('',#1882,2.);
#1882 = AXIS2_PLACEMENT_2D('',#1883,#1884);
#1883 = CARTESIAN_POINT('',(52.075,76.75));
#1884 = DIRECTION('',(0.,1.));
#1885 = ( GEOMETRIC_REPRESENTATION_CONTEXT(2) 
PARAMETRIC_REPRESENTATION_CONTEXT() REPRESENTATION_CONTEXT('2D SPACE',''
  ) );
#1886 = ADVANCED_FACE('',(#1887),#691,.T.);
#1887 = FACE_BOUND('',#1888,.T.);
#1888 = EDGE_LOOP('',(#1889,#1912,#1931,#1932));
#1889 = ORIENTED_EDGE('',*,*,#1890,.T.);
#1890 = EDGE_CURVE('',#655,#1891,#1893,.T.);
#1891 = VERTEX_POINT('',#1892);
#1892 = CARTESIAN_POINT('',(23.25,-34.925,33.65));
#1893 = SURFACE_CURVE('',#1894,(#1898,#1905),.PCURVE_S1.);
#1894 = LINE('',#1895,#1896);
#1895 = CARTESIAN_POINT('',(23.25,-39.1,33.65));
#1896 = VECTOR('',#1897,1.);
#1897 = DIRECTION('',(0.,1.,0.));
#1898 = PCURVE('',#691,#1899);
#1899 = DEFINITIONAL_REPRESENTATION('',(#1900),#1904);
#1900 = LINE('',#1901,#1902);
#1901 = CARTESIAN_POINT('',(48.5,0.));
#1902 = VECTOR('',#1903,1.);
#1903 = DIRECTION('',(0.,1.));
#1904 = ( GEOMETRIC_REPRESENTATION_CONTEXT(2) 
PARAMETRIC_REPRESENTATION_CONTEXT() REPRESENTATION_CONTEXT('2D SPACE',''
  ) );
#1905 = PCURVE('',#776,#1906);
#1906 = DEFINITIONAL_REPRESENTATION('',(#1907),#1911);
#1907 = LINE('',#1908,#1909);
#1908 = CARTESIAN_POINT('',(1.570796326795,0.));
#1909 = VECTOR('',#1910,1.);
#1910 = DIRECTION('',(0.,1.));
#1911 = ( GEOMETRIC_REPRESENTATION_CONTEXT(2) 
PARAMETRIC_REPRESENTATION_CONTEXT() REPRESENTATION_CONTEXT('2D SPACE',''
  ) );
#1912 = ORIENTED_EDGE('',*,*,#1913,.F.);
#1913 = EDGE_CURVE('',#1793,#1891,#1914,.T.);
#1914 = SURFACE_CURVE('',#1915,(#1919,#1925),.PCURVE_S1.);
#1915 = LINE('',#1916,#1917);
#1916 = CARTESIAN_POINT('',(-39.375,-34.925,33.65));
#1917 = VECTOR('',#1918,1.);
#1918 = DIRECTION('',(1.,0.,0.));
#1919 = PCURVE('',#691,#1920);
#1920 = DEFINITIONAL_REPRESENTATION('',(#1921),#1924);
#1921 = B_SPLINE_CURVE_WITH_KNOTS('',1,(#1922,#1923),.UNSPECIFIED.,.F.,
  .F.,(2,2),(16.125,62.625),.PIECEWISE_BEZIER_KNOTS.);
#1922 = CARTESIAN_POINT('',(2.,4.175));
#1923 = CARTESIAN_POINT('',(48.5,4.175));
#1924 = ( GEOMETRIC_REPRESENTATION_CONTEXT(2) 
PARAMETRIC_REPRESENTATION_CONTEXT() REPRESENTATION_CONTEXT('2D SPACE',''
  ) );
#1925 = PCURVE('',#1036,#1926);
#1926 = DEFINITIONAL_REPRESENTATION('',(#1927),#1930);
#1927 = B_SPLINE_CURVE_WITH_KNOTS('',1,(#1928,#1929),.UNSPECIFIED.,.F.,
  .F.,(2,2),(16.125,62.625),.PIECEWISE_BEZIER_KNOTS.);
#1928 = CARTESIAN_POINT('',(15.775,30.25));
#1929 = CARTESIAN_POINT('',(15.775,76.75));
#1930 = ( GEOMETRIC_REPRESENTATION_CONTEXT(2) 
PARAMETRIC_REPRESENTATION_CONTEXT() REPRESENTATION_CONTEXT('2D SPACE',''
  ) );
#1931 = ORIENTED_EDGE('',*,*,#1792,.F.);
#1932 = ORIENTED_EDGE('',*,*,#677,.F.);
#1933 = ADVANCED_FACE('',(#1934),#743,.F.);
#1934 = FACE_BOUND('',#1935,.F.);
#1935 = EDGE_LOOP('',(#1936,#1937,#1938,#1961));
#1936 = ORIENTED_EDGE('',*,*,#1840,.F.);
#1937 = ORIENTED_EDGE('',*,*,#729,.T.);
#1938 = ORIENTED_EDGE('',*,*,#1939,.T.);
#1939 = EDGE_CURVE('',#709,#1940,#1942,.T.);
#1940 = VERTEX_POINT('',#1941);
#1941 = CARTESIAN_POINT('',(25.25,-34.925,35.65));
#1942 = SURFACE_CURVE('',#1943,(#1947,#1954),.PCURVE_S1.);
#1943 = LINE('',#1944,#1945);
#1944 = CARTESIAN_POINT('',(25.25,-39.1,35.65));
#1945 = VECTOR('',#1946,1.);
#1946 = DIRECTION('',(0.,1.,0.));
#1947 = PCURVE('',#743,#1948);
#1948 = DEFINITIONAL_REPRESENTATION('',(#1949),#1953);
#1949 = LINE('',#1950,#1951);
#1950 = CARTESIAN_POINT('',(2.,0.));
#1951 = VECTOR('',#1952,1.);
#1952 = DIRECTION('',(0.,-1.));
#1953 = ( GEOMETRIC_REPRESENTATION_CONTEXT(2) 
PARAMETRIC_REPRESENTATION_CONTEXT() REPRESENTATION_CONTEXT('2D SPACE',''
  ) );
#1954 = PCURVE('',#776,#1955);
#1955 = DEFINITIONAL_REPRESENTATION('',(#1956),#1960);
#1956 = LINE('',#1957,#1958);
#1957 = CARTESIAN_POINT('',(0.,0.));
#1958 = VECTOR('',#1959,1.);
#1959 = DIRECTION('',(0.,1.));
#1960 = ( GEOMETRIC_REPRESENTATION_CONTEXT(2) 
PARAMETRIC_REPRESENTATION_CONTEXT() REPRESENTATION_CONTEXT('2D SPACE',''
  ) );
#1961 = ORIENTED_EDGE('',*,*,#1962,.F.);
#1962 = EDGE_CURVE('',#1841,#1940,#1963,.T.);
#1963 = SURFACE_CURVE('',#1964,(#1968,#1974),.PCURVE_S1.);
#1964 = LINE('',#1965,#1966);
#1965 = CARTESIAN_POINT('',(25.25,-34.925,25.7625));
#1966 = VECTOR('',#1967,1.);
#1967 = DIRECTION('',(0.,0.,-1.));
#1968 = PCURVE('',#743,#1969);
#1969 = DEFINITIONAL_REPRESENTATION('',(#1970),#1973);
#1970 = B_SPLINE_CURVE_WITH_KNOTS('',1,(#1971,#1972),.UNSPECIFIED.,.F.,
  .F.,(2,2),(-44.1875,-9.8875),.PIECEWISE_BEZIER_KNOTS.);
#1971 = CARTESIAN_POINT('',(36.3,-4.175));
#1972 = CARTESIAN_POINT('',(2.,-4.175));
#1973 = ( GEOMETRIC_REPRESENTATION_CONTEXT(2) 
PARAMETRIC_REPRESENTATION_CONTEXT() REPRESENTATION_CONTEXT('2D SPACE',''
  ) );
#1974 = PCURVE('',#1036,#1975);
#1975 = DEFINITIONAL_REPRESENTATION('',(#1976),#1979);
#1976 = B_SPLINE_CURVE_WITH_KNOTS('',1,(#1977,#1978),.UNSPECIFIED.,.F.,
  .F.,(2,2),(-44.1875,-9.8875),.PIECEWISE_BEZIER_KNOTS.);
#1977 = CARTESIAN_POINT('',(52.075,78.75));
#1978 = CARTESIAN_POINT('',(17.775,78.75));
#1979 = ( GEOMETRIC_REPRESENTATION_CONTEXT(2) 
PARAMETRIC_REPRESENTATION_CONTEXT() REPRESENTATION_CONTEXT('2D SPACE',''
  ) );
#1980 = ADVANCED_FACE('',(#1981),#776,.F.);
#1981 = FACE_BOUND('',#1982,.F.);
#1982 = EDGE_LOOP('',(#1983,#1984,#1985,#1986));
#1983 = ORIENTED_EDGE('',*,*,#1939,.F.);
#1984 = ORIENTED_EDGE('',*,*,#761,.T.);
#1985 = ORIENTED_EDGE('',*,*,#1890,.T.);
#1986 = ORIENTED_EDGE('',*,*,#1987,.F.);
#1987 = EDGE_CURVE('',#1940,#1891,#1988,.T.);
#1988 = SURFACE_CURVE('',#1989,(#1994,#2001),.PCURVE_S1.);
#1989 = CIRCLE('',#1990,2.);
#1990 = AXIS2_PLACEMENT_3D('',#1991,#1992,#1993);
#1991 = CARTESIAN_POINT('',(23.25,-34.925,35.65));
#1992 = DIRECTION('',(0.,1.,0.));
#1993 = DIRECTION('',(1.,0.,-0.));
#1994 = PCURVE('',#776,#1995);
#1995 = DEFINITIONAL_REPRESENTATION('',(#1996),#2000);
#1996 = LINE('',#1997,#1998);
#1997 = CARTESIAN_POINT('',(0.,4.175));
#1998 = VECTOR('',#1999,1.);
#1999 = DIRECTION('',(1.,0.));
#2000 = ( GEOMETRIC_REPRESENTATION_CONTEXT(2) 
PARAMETRIC_REPRESENTATION_CONTEXT() REPRESENTATION_CONTEXT('2D SPACE',''
  ) );
#2001 = PCURVE('',#1036,#2002);
#2002 = DEFINITIONAL_REPRESENTATION('',(#2003),#2007);
#2003 = CIRCLE('',#2004,2.);
#2004 = AXIS2_PLACEMENT_2D('',#2005,#2006);
#2005 = CARTESIAN_POINT('',(17.775,76.75));
#2006 = DIRECTION('',(0.,1.));
#2007 = ( GEOMETRIC_REPRESENTATION_CONTEXT(2) 
PARAMETRIC_REPRESENTATION_CONTEXT() REPRESENTATION_CONTEXT('2D SPACE',''
  ) );
#2008 = ADVANCED_FACE('',(#2009,#2035),#832,.F.);
#2009 = FACE_BOUND('',#2010,.F.);
#2010 = EDGE_LOOP('',(#2011,#2012,#2013,#2014));
#2011 = ORIENTED_EDGE('',*,*,#1319,.F.);
#2012 = ORIENTED_EDGE('',*,*,#1237,.T.);
#2013 = ORIENTED_EDGE('',*,*,#816,.T.);
#2014 = ORIENTED_EDGE('',*,*,#2015,.F.);
#2015 = EDGE_CURVE('',#1320,#817,#2016,.T.);
#2016 = SURFACE_CURVE('',#2017,(#2021,#2028),.PCURVE_S1.);
#2017 = LINE('',#2018,#2019);
#2018 = CARTESIAN_POINT('',(-52.5,36.9,14.7));
#2019 = VECTOR('',#2020,1.);
#2020 = DIRECTION('',(1.,0.,0.));
#2021 = PCURVE('',#832,#2022);
#2022 = DEFINITIONAL_REPRESENTATION('',(#2023),#2027);
#2023 = LINE('',#2024,#2025);
#2024 = CARTESIAN_POINT('',(0.,75.));
#2025 = VECTOR('',#2026,1.);
#2026 = DIRECTION('',(1.,0.));
#2027 = ( GEOMETRIC_REPRESENTATION_CONTEXT(2) 
PARAMETRIC_REPRESENTATION_CONTEXT() REPRESENTATION_CONTEXT('2D SPACE',''
  ) );
#2028 = PCURVE('',#865,#2029);
#2029 = DEFINITIONAL_REPRESENTATION('',(#2030),#2034);
#2030 = LINE('',#2031,#2032);
#2031 = CARTESIAN_POINT('',(-1.570796326795,0.));
#2032 = VECTOR('',#2033,1.);
#2033 = DIRECTION('',(-0.,1.));
#2034 = ( GEOMETRIC_REPRESENTATION_CONTEXT(2) 
PARAMETRIC_REPRESENTATION_CONTEXT() REPRESENTATION_CONTEXT('2D SPACE',''
  ) );
#2035 = FACE_BOUND('',#2036,.F.);
#2036 = EDGE_LOOP('',(#2037,#2068,#2094,#2123,#2149,#2178,#2204,#2233));
#2037 = ORIENTED_EDGE('',*,*,#2038,.F.);
#2038 = EDGE_CURVE('',#2039,#2041,#2043,.T.);
#2039 = VERTEX_POINT('',#2040);
#2040 = CARTESIAN_POINT('',(-32.5,-12.01,14.7));
#2041 = VERTEX_POINT('',#2042);
#2042 = CARTESIAN_POINT('',(-29.51,-15.,14.7));
#2043 = SURFACE_CURVE('',#2044,(#2049,#2056),.PCURVE_S1.);
#2044 = CIRCLE('',#2045,2.99);
#2045 = AXIS2_PLACEMENT_3D('',#2046,#2047,#2048);
#2046 = CARTESIAN_POINT('',(-29.51,-12.01,14.7));
#2047 = DIRECTION('',(0.,0.,1.));
#2048 = DIRECTION('',(-1.,-0.,0.));
#2049 = PCURVE('',#832,#2050);
#2050 = DEFINITIONAL_REPRESENTATION('',(#2051),#2055);
#2051 = CIRCLE('',#2052,2.99);
#2052 = AXIS2_PLACEMENT_2D('',#2053,#2054);
#2053 = CARTESIAN_POINT('',(22.99,26.09));
#2054 = DIRECTION('',(-1.,0.));
#2055 = ( GEOMETRIC_REPRESENTATION_CONTEXT(2) 
PARAMETRIC_REPRESENTATION_CONTEXT() REPRESENTATION_CONTEXT('2D SPACE',''
  ) );
#2056 = PCURVE('',#2057,#2062);
#2057 = CYLINDRICAL_SURFACE('',#2058,2.99);
#2058 = AXIS2_PLACEMENT_3D('',#2059,#2060,#2061);
#2059 = CARTESIAN_POINT('',(-29.51,-12.01,13.7));
#2060 = DIRECTION('',(0.,0.,1.));
#2061 = DIRECTION('',(-1.,-0.,0.));
#2062 = DEFINITIONAL_REPRESENTATION('',(#2063),#2067);
#2063 = LINE('',#2064,#2065);
#2064 = CARTESIAN_POINT('',(0.,1.));
#2065 = VECTOR('',#2066,1.);
#2066 = DIRECTION('',(1.,0.));
#2067 = ( GEOMETRIC_REPRESENTATION_CONTEXT(2) 
PARAMETRIC_REPRESENTATION_CONTEXT() REPRESENTATION_CONTEXT('2D SPACE',''
  ) );
#2068 = ORIENTED_EDGE('',*,*,#2069,.T.);
#2069 = EDGE_CURVE('',#2039,#2070,#2072,.T.);
#2070 = VERTEX_POINT('',#2071);
#2071 = CARTESIAN_POINT('',(-32.5,-11.99,14.7));
#2072 = SURFACE_CURVE('',#2073,(#2077,#2083),.PCURVE_S1.);
#2073 = LINE('',#2074,#2075);
#2074 = CARTESIAN_POINT('',(-32.5,-26.55,14.7));
#2075 = VECTOR('',#2076,1.);
#2076 = DIRECTION('',(0.,1.,0.));
#2077 = PCURVE('',#832,#2078);
#2078 = DEFINITIONAL_REPRESENTATION('',(#2079),#2082);
#2079 = B_SPLINE_CURVE_WITH_KNOTS('',1,(#2080,#2081),.UNSPECIFIED.,.F.,
  .F.,(2,2),(14.54,14.56),.PIECEWISE_BEZIER_KNOTS.);
#2080 = CARTESIAN_POINT('',(20.,26.09));
#2081 = CARTESIAN_POINT('',(20.,26.11));
#2082 = ( GEOMETRIC_REPRESENTATION_CONTEXT(2) 
PARAMETRIC_REPRESENTATION_CONTEXT() REPRESENTATION_CONTEXT('2D SPACE',''
  ) );
#2083 = PCURVE('',#2084,#2089);
#2084 = PLANE('',#2085);
#2085 = AXIS2_PLACEMENT_3D('',#2086,#2087,#2088);
#2086 = CARTESIAN_POINT('',(-32.5,-15.,13.7));
#2087 = DIRECTION('',(1.,0.,0.));
#2088 = DIRECTION('',(0.,0.,1.));
#2089 = DEFINITIONAL_REPRESENTATION('',(#2090),#2093);
#2090 = B_SPLINE_CURVE_WITH_KNOTS('',1,(#2091,#2092),.UNSPECIFIED.,.F.,
  .F.,(2,2),(14.54,14.56),.PIECEWISE_BEZIER_KNOTS.);
#2091 = CARTESIAN_POINT('',(1.,-2.99));
#2092 = CARTESIAN_POINT('',(1.,-3.01));
#2093 = ( GEOMETRIC_REPRESENTATION_CONTEXT(2) 
PARAMETRIC_REPRESENTATION_CONTEXT() REPRESENTATION_CONTEXT('2D SPACE',''
  ) );
#2094 = ORIENTED_EDGE('',*,*,#2095,.F.);
#2095 = EDGE_CURVE('',#2096,#2070,#2098,.T.);
#2096 = VERTEX_POINT('',#2097);
#2097 = CARTESIAN_POINT('',(-29.51,-9.,14.7));
#2098 = SURFACE_CURVE('',#2099,(#2104,#2111),.PCURVE_S1.);
#2099 = CIRCLE('',#2100,2.99);
#2100 = AXIS2_PLACEMENT_3D('',#2101,#2102,#2103);
#2101 = CARTESIAN_POINT('',(-29.51,-11.99,14.7));
#2102 = DIRECTION('',(0.,0.,1.));
#2103 = DIRECTION('',(-1.,-0.,0.));
#2104 = PCURVE('',#832,#2105);
#2105 = DEFINITIONAL_REPRESENTATION('',(#2106),#2110);
#2106 = CIRCLE('',#2107,2.99);
#2107 = AXIS2_PLACEMENT_2D('',#2108,#2109);
#2108 = CARTESIAN_POINT('',(22.99,26.11));
#2109 = DIRECTION('',(-1.,0.));
#2110 = ( GEOMETRIC_REPRESENTATION_CONTEXT(2) 
PARAMETRIC_REPRESENTATION_CONTEXT() REPRESENTATION_CONTEXT('2D SPACE',''
  ) );
#2111 = PCURVE('',#2112,#2117);
#2112 = CYLINDRICAL_SURFACE('',#2113,2.99);
#2113 = AXIS2_PLACEMENT_3D('',#2114,#2115,#2116);
#2114 = CARTESIAN_POINT('',(-29.51,-11.99,13.7));
#2115 = DIRECTION('',(0.,0.,1.));
#2116 = DIRECTION('',(-1.,-0.,0.));
#2117 = DEFINITIONAL_REPRESENTATION('',(#2118),#2122);
#2118 = LINE('',#2119,#2120);
#2119 = CARTESIAN_POINT('',(-6.28318530718,1.));
#2120 = VECTOR('',#2121,1.);
#2121 = DIRECTION('',(1.,-0.));
#2122 = ( GEOMETRIC_REPRESENTATION_CONTEXT(2) 
PARAMETRIC_REPRESENTATION_CONTEXT() REPRESENTATION_CONTEXT('2D SPACE',''
  ) );
#2123 = ORIENTED_EDGE('',*,*,#2124,.F.);
#2124 = EDGE_CURVE('',#2125,#2096,#2127,.T.);
#2125 = VERTEX_POINT('',#2126);
#2126 = CARTESIAN_POINT('',(29.51,-9.,14.7));
#2127 = SURFACE_CURVE('',#2128,(#2132,#2138),.PCURVE_S1.);
#2128 = LINE('',#2129,#2130);
#2129 = CARTESIAN_POINT('',(-42.5,-9.,14.7));
#2130 = VECTOR('',#2131,1.);
#2131 = DIRECTION('',(-1.,0.,0.));
#2132 = PCURVE('',#832,#2133);
#2133 = DEFINITIONAL_REPRESENTATION('',(#2134),#2137);
#2134 = B_SPLINE_CURVE_WITH_KNOTS('',1,(#2135,#2136),.UNSPECIFIED.,.F.,
  .F.,(2,2),(-72.01,-12.99),.PIECEWISE_BEZIER_KNOTS.);
#2135 = CARTESIAN_POINT('',(82.01,29.1));
#2136 = CARTESIAN_POINT('',(22.99,29.1));
#2137 = ( GEOMETRIC_REPRESENTATION_CONTEXT(2) 
PARAMETRIC_REPRESENTATION_CONTEXT() REPRESENTATION_CONTEXT('2D SPACE',''
  ) );
#2138 = PCURVE('',#2139,#2144);
#2139 = PLANE('',#2140);
#2140 = AXIS2_PLACEMENT_3D('',#2141,#2142,#2143);
#2141 = CARTESIAN_POINT('',(-32.5,-9.,13.7));
#2142 = DIRECTION('',(0.,1.,0.));
#2143 = DIRECTION('',(0.,0.,1.));
#2144 = DEFINITIONAL_REPRESENTATION('',(#2145),#2148);
#2145 = B_SPLINE_CURVE_WITH_KNOTS('',1,(#2146,#2147),.UNSPECIFIED.,.F.,
  .F.,(2,2),(-72.01,-12.99),.PIECEWISE_BEZIER_KNOTS.);
#2146 = CARTESIAN_POINT('',(1.,62.01));
#2147 = CARTESIAN_POINT('',(1.,2.99));
#2148 = ( GEOMETRIC_REPRESENTATION_CONTEXT(2) 
PARAMETRIC_REPRESENTATION_CONTEXT() REPRESENTATION_CONTEXT('2D SPACE',''
  ) );
#2149 = ORIENTED_EDGE('',*,*,#2150,.F.);
#2150 = EDGE_CURVE('',#2151,#2125,#2153,.T.);
#2151 = VERTEX_POINT('',#2152);
#2152 = CARTESIAN_POINT('',(32.5,-11.99,14.7));
#2153 = SURFACE_CURVE('',#2154,(#2159,#2166),.PCURVE_S1.);
#2154 = CIRCLE('',#2155,2.99);
#2155 = AXIS2_PLACEMENT_3D('',#2156,#2157,#2158);
#2156 = CARTESIAN_POINT('',(29.51,-11.99,14.7));
#2157 = DIRECTION('',(0.,0.,1.));
#2158 = DIRECTION('',(1.,0.,-0.));
#2159 = PCURVE('',#832,#2160);
#2160 = DEFINITIONAL_REPRESENTATION('',(#2161),#2165);
#2161 = CIRCLE('',#2162,2.99);
#2162 = AXIS2_PLACEMENT_2D('',#2163,#2164);
#2163 = CARTESIAN_POINT('',(82.01,26.11));
#2164 = DIRECTION('',(1.,0.));
#2165 = ( GEOMETRIC_REPRESENTATION_CONTEXT(2) 
PARAMETRIC_REPRESENTATION_CONTEXT() REPRESENTATION_CONTEXT('2D SPACE',''
  ) );
#2166 = PCURVE('',#2167,#2172);
#2167 = CYLINDRICAL_SURFACE('',#2168,2.99);
#2168 = AXIS2_PLACEMENT_3D('',#2169,#2170,#2171);
#2169 = CARTESIAN_POINT('',(29.51,-11.99,13.7));
#2170 = DIRECTION('',(0.,0.,1.));
#2171 = DIRECTION('',(1.,0.,-0.));
#2172 = DEFINITIONAL_REPRESENTATION('',(#2173),#2177);
#2173 = LINE('',#2174,#2175);
#2174 = CARTESIAN_POINT('',(0.,1.));
#2175 = VECTOR('',#2176,1.);
#2176 = DIRECTION('',(1.,0.));
#2177 = ( GEOMETRIC_REPRESENTATION_CONTEXT(2) 
PARAMETRIC_REPRESENTATION_CONTEXT() REPRESENTATION_CONTEXT('2D SPACE',''
  ) );
#2178 = ORIENTED_EDGE('',*,*,#2179,.F.);
#2179 = EDGE_CURVE('',#2180,#2151,#2182,.T.);
#2180 = VERTEX_POINT('',#2181);
#2181 = CARTESIAN_POINT('',(32.5,-12.01,14.7));
#2182 = SURFACE_CURVE('',#2183,(#2187,#2193),.PCURVE_S1.);
#2183 = LINE('',#2184,#2185);
#2184 = CARTESIAN_POINT('',(32.5,-26.55,14.7));
#2185 = VECTOR('',#2186,1.);
#2186 = DIRECTION('',(0.,1.,0.));
#2187 = PCURVE('',#832,#2188);
#2188 = DEFINITIONAL_REPRESENTATION('',(#2189),#2192);
#2189 = B_SPLINE_CURVE_WITH_KNOTS('',1,(#2190,#2191),.UNSPECIFIED.,.F.,
  .F.,(2,2),(14.54,14.56),.PIECEWISE_BEZIER_KNOTS.);
#2190 = CARTESIAN_POINT('',(85.,26.09));
#2191 = CARTESIAN_POINT('',(85.,26.11));
#2192 = ( GEOMETRIC_REPRESENTATION_CONTEXT(2) 
PARAMETRIC_REPRESENTATION_CONTEXT() REPRESENTATION_CONTEXT('2D SPACE',''
  ) );
#2193 = PCURVE('',#2194,#2199);
#2194 = PLANE('',#2195);
#2195 = AXIS2_PLACEMENT_3D('',#2196,#2197,#2198);
#2196 = CARTESIAN_POINT('',(32.5,-15.,13.7));
#2197 = DIRECTION('',(1.,0.,0.));
#2198 = DIRECTION('',(0.,0.,1.));
#2199 = DEFINITIONAL_REPRESENTATION('',(#2200),#2203);
#2200 = B_SPLINE_CURVE_WITH_KNOTS('',1,(#2201,#2202),.UNSPECIFIED.,.F.,
  .F.,(2,2),(14.54,14.56),.PIECEWISE_BEZIER_KNOTS.);
#2201 = CARTESIAN_POINT('',(1.,-2.99));
#2202 = CARTESIAN_POINT('',(1.,-3.01));
#2203 = ( GEOMETRIC_REPRESENTATION_CONTEXT(2) 
PARAMETRIC_REPRESENTATION_CONTEXT() REPRESENTATION_CONTEXT('2D SPACE',''
  ) );
#2204 = ORIENTED_EDGE('',*,*,#2205,.F.);
#2205 = EDGE_CURVE('',#2206,#2180,#2208,.T.);
#2206 = VERTEX_POINT('',#2207);
#2207 = CARTESIAN_POINT('',(29.51,-15.,14.7));
#2208 = SURFACE_CURVE('',#2209,(#2214,#2221),.PCURVE_S1.);
#2209 = CIRCLE('',#2210,2.99);
#2210 = AXIS2_PLACEMENT_3D('',#2211,#2212,#2213);
#2211 = CARTESIAN_POINT('',(29.51,-12.01,14.7));
#2212 = DIRECTION('',(0.,0.,1.));
#2213 = DIRECTION('',(1.,0.,-0.));
#2214 = PCURVE('',#832,#2215);
#2215 = DEFINITIONAL_REPRESENTATION('',(#2216),#2220);
#2216 = CIRCLE('',#2217,2.99);
#2217 = AXIS2_PLACEMENT_2D('',#2218,#2219);
#2218 = CARTESIAN_POINT('',(82.01,26.09));
#2219 = DIRECTION('',(1.,0.));
#2220 = ( GEOMETRIC_REPRESENTATION_CONTEXT(2) 
PARAMETRIC_REPRESENTATION_CONTEXT() REPRESENTATION_CONTEXT('2D SPACE',''
  ) );
#2221 = PCURVE('',#2222,#2227);
#2222 = CYLINDRICAL_SURFACE('',#2223,2.99);
#2223 = AXIS2_PLACEMENT_3D('',#2224,#2225,#2226);
#2224 = CARTESIAN_POINT('',(29.51,-12.01,13.7));
#2225 = DIRECTION('',(0.,0.,1.));
#2226 = DIRECTION('',(1.,0.,-0.));
#2227 = DEFINITIONAL_REPRESENTATION('',(#2228),#2232);
#2228 = LINE('',#2229,#2230);
#2229 = CARTESIAN_POINT('',(-6.28318530718,1.));
#2230 = VECTOR('',#2231,1.);
#2231 = DIRECTION('',(1.,-0.));
#2232 = ( GEOMETRIC_REPRESENTATION_CONTEXT(2) 
PARAMETRIC_REPRESENTATION_CONTEXT() REPRESENTATION_CONTEXT('2D SPACE',''
  ) );
#2233 = ORIENTED_EDGE('',*,*,#2234,.T.);
#2234 = EDGE_CURVE('',#2206,#2041,#2235,.T.);
#2235 = SURFACE_CURVE('',#2236,(#2240,#2246),.PCURVE_S1.);
#2236 = LINE('',#2237,#2238);
#2237 = CARTESIAN_POINT('',(-42.5,-15.,14.7));
#2238 = VECTOR('',#2239,1.);
#2239 = DIRECTION('',(-1.,0.,0.));
#2240 = PCURVE('',#832,#2241);
#2241 = DEFINITIONAL_REPRESENTATION('',(#2242),#2245);
#2242 = B_SPLINE_CURVE_WITH_KNOTS('',1,(#2243,#2244),.UNSPECIFIED.,.F.,
  .F.,(2,2),(-72.01,-12.99),.PIECEWISE_BEZIER_KNOTS.);
#2243 = CARTESIAN_POINT('',(82.01,23.1));
#2244 = CARTESIAN_POINT('',(22.99,23.1));
#2245 = ( GEOMETRIC_REPRESENTATION_CONTEXT(2) 
PARAMETRIC_REPRESENTATION_CONTEXT() REPRESENTATION_CONTEXT('2D SPACE',''
  ) );
#2246 = PCURVE('',#2247,#2252);
#2247 = PLANE('',#2248);
#2248 = AXIS2_PLACEMENT_3D('',#2249,#2250,#2251);
#2249 = CARTESIAN_POINT('',(-32.5,-15.,13.7));
#2250 = DIRECTION('',(0.,1.,0.));
#2251 = DIRECTION('',(0.,0.,1.));
#2252 = DEFINITIONAL_REPRESENTATION('',(#2253),#2256);
#2253 = B_SPLINE_CURVE_WITH_KNOTS('',1,(#2254,#2255),.UNSPECIFIED.,.F.,
  .F.,(2,2),(-72.01,-12.99),.PIECEWISE_BEZIER_KNOTS.);
#2254 = CARTESIAN_POINT('',(1.,62.01));
#2255 = CARTESIAN_POINT('',(1.,2.99));
#2256 = ( GEOMETRIC_REPRESENTATION_CONTEXT(2) 
PARAMETRIC_REPRESENTATION_CONTEXT() REPRESENTATION_CONTEXT('2D SPACE',''
  ) );
#2257 = ADVANCED_FACE('',(#2258),#950,.T.);
#2258 = FACE_BOUND('',#2259,.T.);
#2259 = EDGE_LOOP('',(#2260,#2261,#2262,#2263));
#2260 = ORIENTED_EDGE('',*,*,#1417,.F.);
#2261 = ORIENTED_EDGE('',*,*,#1291,.T.);
#2262 = ORIENTED_EDGE('',*,*,#934,.T.);
#2263 = ORIENTED_EDGE('',*,*,#2264,.F.);
#2264 = EDGE_CURVE('',#1394,#906,#2265,.T.);
#2265 = SURFACE_CURVE('',#2266,(#2270,#2277),.PCURVE_S1.);
#2266 = LINE('',#2267,#2268);
#2267 = CARTESIAN_POINT('',(-52.5,36.9,90.9));
#2268 = VECTOR('',#2269,1.);
#2269 = DIRECTION('',(1.,0.,0.));
#2270 = PCURVE('',#950,#2271);
#2271 = DEFINITIONAL_REPRESENTATION('',(#2272),#2276);
#2272 = LINE('',#2273,#2274);
#2273 = CARTESIAN_POINT('',(0.,75.));
#2274 = VECTOR('',#2275,1.);
#2275 = DIRECTION('',(1.,0.));
#2276 = ( GEOMETRIC_REPRESENTATION_CONTEXT(2) 
PARAMETRIC_REPRESENTATION_CONTEXT() REPRESENTATION_CONTEXT('2D SPACE',''
  ) );
#2277 = PCURVE('',#922,#2278);
#2278 = DEFINITIONAL_REPRESENTATION('',(#2279),#2283);
#2279 = LINE('',#2280,#2281);
#2280 = CARTESIAN_POINT('',(1.570796326795,0.));
#2281 = VECTOR('',#2282,1.);
#2282 = DIRECTION('',(0.,1.));
#2283 = ( GEOMETRIC_REPRESENTATION_CONTEXT(2) 
PARAMETRIC_REPRESENTATION_CONTEXT() REPRESENTATION_CONTEXT('2D SPACE',''
  ) );
#2284 = ADVANCED_FACE('',(#2285),#865,.T.);
#2285 = FACE_BOUND('',#2286,.F.);
#2286 = EDGE_LOOP('',(#2287,#2288,#2289,#2290));
#2287 = ORIENTED_EDGE('',*,*,#1342,.T.);
#2288 = ORIENTED_EDGE('',*,*,#2015,.T.);
#2289 = ORIENTED_EDGE('',*,*,#844,.F.);
#2290 = ORIENTED_EDGE('',*,*,#2291,.F.);
#2291 = EDGE_CURVE('',#1343,#845,#2292,.T.);
#2292 = SURFACE_CURVE('',#2293,(#2297,#2304),.PCURVE_S1.);
#2293 = LINE('',#2294,#2295);
#2294 = CARTESIAN_POINT('',(-52.5,38.1,15.9));
#2295 = VECTOR('',#2296,1.);
#2296 = DIRECTION('',(1.,0.,0.));
#2297 = PCURVE('',#865,#2298);
#2298 = DEFINITIONAL_REPRESENTATION('',(#2299),#2303);
#2299 = LINE('',#2300,#2301);
#2300 = CARTESIAN_POINT('',(-0.,0.));
#2301 = VECTOR('',#2302,1.);
#2302 = DIRECTION('',(-0.,1.));
#2303 = ( GEOMETRIC_REPRESENTATION_CONTEXT(2) 
PARAMETRIC_REPRESENTATION_CONTEXT() REPRESENTATION_CONTEXT('2D SPACE',''
  ) );
#2304 = PCURVE('',#893,#2305);
#2305 = DEFINITIONAL_REPRESENTATION('',(#2306),#2310);
#2306 = LINE('',#2307,#2308);
#2307 = CARTESIAN_POINT('',(1.2,0.));
#2308 = VECTOR('',#2309,1.);
#2309 = DIRECTION('',(0.,1.));
#2310 = ( GEOMETRIC_REPRESENTATION_CONTEXT(2) 
PARAMETRIC_REPRESENTATION_CONTEXT() REPRESENTATION_CONTEXT('2D SPACE',''
  ) );
#2311 = ADVANCED_FACE('',(#2312),#922,.T.);
#2312 = FACE_BOUND('',#2313,.T.);
#2313 = EDGE_LOOP('',(#2314,#2315,#2316,#2317));
#2314 = ORIENTED_EDGE('',*,*,#1393,.T.);
#2315 = ORIENTED_EDGE('',*,*,#2264,.T.);
#2316 = ORIENTED_EDGE('',*,*,#905,.F.);
#2317 = ORIENTED_EDGE('',*,*,#2318,.F.);
#2318 = EDGE_CURVE('',#1371,#878,#2319,.T.);
#2319 = SURFACE_CURVE('',#2320,(#2324,#2331),.PCURVE_S1.);
#2320 = LINE('',#2321,#2322);
#2321 = CARTESIAN_POINT('',(-52.5,38.1,89.7));
#2322 = VECTOR('',#2323,1.);
#2323 = DIRECTION('',(1.,0.,0.));
#2324 = PCURVE('',#922,#2325);
#2325 = DEFINITIONAL_REPRESENTATION('',(#2326),#2330);
#2326 = LINE('',#2327,#2328);
#2327 = CARTESIAN_POINT('',(0.,0.));
#2328 = VECTOR('',#2329,1.);
#2329 = DIRECTION('',(0.,1.));
#2330 = ( GEOMETRIC_REPRESENTATION_CONTEXT(2) 
PARAMETRIC_REPRESENTATION_CONTEXT() REPRESENTATION_CONTEXT('2D SPACE',''
  ) );
#2331 = PCURVE('',#893,#2332);
#2332 = DEFINITIONAL_REPRESENTATION('',(#2333),#2337);
#2333 = LINE('',#2334,#2335);
#2334 = CARTESIAN_POINT('',(75.,0.));
#2335 = VECTOR('',#2336,1.);
#2336 = DIRECTION('',(0.,1.));
#2337 = ( GEOMETRIC_REPRESENTATION_CONTEXT(2) 
PARAMETRIC_REPRESENTATION_CONTEXT() REPRESENTATION_CONTEXT('2D SPACE',''
  ) );
#2338 = ADVANCED_FACE('',(#2339,#2345,#2567,#2789,#3011,#3233,#3455,
    #3677,#3899),#893,.T.);
#2339 = FACE_BOUND('',#2340,.T.);
#2340 = EDGE_LOOP('',(#2341,#2342,#2343,#2344));
#2341 = ORIENTED_EDGE('',*,*,#877,.F.);
#2342 = ORIENTED_EDGE('',*,*,#2291,.F.);
#2343 = ORIENTED_EDGE('',*,*,#1370,.T.);
#2344 = ORIENTED_EDGE('',*,*,#2318,.T.);
#2345 = FACE_BOUND('',#2346,.T.);
#2346 = EDGE_LOOP('',(#2347,#2378,#2404,#2433,#2459,#2488,#2514,#2543));
#2347 = ORIENTED_EDGE('',*,*,#2348,.F.);
#2348 = EDGE_CURVE('',#2349,#2351,#2353,.T.);
#2349 = VERTEX_POINT('',#2350);
#2350 = CARTESIAN_POINT('',(-19.4,38.1,73.572716664998));
#2351 = VERTEX_POINT('',#2352);
#2352 = CARTESIAN_POINT('',(-18.21,38.1,74.762716664998));
#2353 = SURFACE_CURVE('',#2354,(#2359,#2366),.PCURVE_S1.);
#2354 = CIRCLE('',#2355,1.19);
#2355 = AXIS2_PLACEMENT_3D('',#2356,#2357,#2358);
#2356 = CARTESIAN_POINT('',(-18.21,38.1,73.572716664998));
#2357 = DIRECTION('',(0.,1.,0.));
#2358 = DIRECTION('',(-1.,0.,0.));
#2359 = PCURVE('',#893,#2360);
#2360 = DEFINITIONAL_REPRESENTATION('',(#2361),#2365);
#2361 = CIRCLE('',#2362,1.19);
#2362 = AXIS2_PLACEMENT_2D('',#2363,#2364);
#2363 = CARTESIAN_POINT('',(58.872716664998,34.29));
#2364 = DIRECTION('',(0.,-1.));
#2365 = ( GEOMETRIC_REPRESENTATION_CONTEXT(2) 
PARAMETRIC_REPRESENTATION_CONTEXT() REPRESENTATION_CONTEXT('2D SPACE',''
  ) );
#2366 = PCURVE('',#2367,#2372);
#2367 = CYLINDRICAL_SURFACE('',#2368,1.19);
#2368 = AXIS2_PLACEMENT_3D('',#2369,#2370,#2371);
#2369 = CARTESIAN_POINT('',(-18.21,33.925,73.572716664998));
#2370 = DIRECTION('',(0.,1.,0.));
#2371 = DIRECTION('',(-1.,0.,0.));
#2372 = DEFINITIONAL_REPRESENTATION('',(#2373),#2377);
#2373 = LINE('',#2374,#2375);
#2374 = CARTESIAN_POINT('',(0.,4.175));
#2375 = VECTOR('',#2376,1.);
#2376 = DIRECTION('',(1.,0.));
#2377 = ( GEOMETRIC_REPRESENTATION_CONTEXT(2) 
PARAMETRIC_REPRESENTATION_CONTEXT() REPRESENTATION_CONTEXT('2D SPACE',''
  ) );
#2378 = ORIENTED_EDGE('',*,*,#2379,.T.);
#2379 = EDGE_CURVE('',#2349,#2380,#2382,.T.);
#2380 = VERTEX_POINT('',#2381);
#2381 = CARTESIAN_POINT('',(-19.4,38.1,47.827283335002));
#2382 = SURFACE_CURVE('',#2383,(#2387,#2393),.PCURVE_S1.);
#2383 = LINE('',#2384,#2385);
#2384 = CARTESIAN_POINT('',(-19.4,38.1,30.668641667501));
#2385 = VECTOR('',#2386,1.);
#2386 = DIRECTION('',(0.,0.,-1.));
#2387 = PCURVE('',#893,#2388);
#2388 = DEFINITIONAL_REPRESENTATION('',(#2389),#2392);
#2389 = B_SPLINE_CURVE_WITH_KNOTS('',1,(#2390,#2391),.UNSPECIFIED.,.F.,
  .F.,(2,2),(-42.90407499749,-17.1586416675),.PIECEWISE_BEZIER_KNOTS.);
#2390 = CARTESIAN_POINT('',(58.872716664998,33.1));
#2391 = CARTESIAN_POINT('',(33.127283335002,33.1));
#2392 = ( GEOMETRIC_REPRESENTATION_CONTEXT(2) 
PARAMETRIC_REPRESENTATION_CONTEXT() REPRESENTATION_CONTEXT('2D SPACE',''
  ) );
#2393 = PCURVE('',#2394,#2399);
#2394 = PLANE('',#2395);
#2395 = AXIS2_PLACEMENT_3D('',#2396,#2397,#2398);
#2396 = CARTESIAN_POINT('',(-19.4,33.925,46.637283335002));
#2397 = DIRECTION('',(1.,0.,0.));
#2398 = DIRECTION('',(0.,0.,1.));
#2399 = DEFINITIONAL_REPRESENTATION('',(#2400),#2403);
#2400 = B_SPLINE_CURVE_WITH_KNOTS('',1,(#2401,#2402),.UNSPECIFIED.,.F.,
  .F.,(2,2),(-42.90407499749,-17.1586416675),.PIECEWISE_BEZIER_KNOTS.);
#2401 = CARTESIAN_POINT('',(26.935433329995,-4.175));
#2402 = CARTESIAN_POINT('',(1.19,-4.175));
#2403 = ( GEOMETRIC_REPRESENTATION_CONTEXT(2) 
PARAMETRIC_REPRESENTATION_CONTEXT() REPRESENTATION_CONTEXT('2D SPACE',''
  ) );
#2404 = ORIENTED_EDGE('',*,*,#2405,.F.);
#2405 = EDGE_CURVE('',#2406,#2380,#2408,.T.);
#2406 = VERTEX_POINT('',#2407);
#2407 = CARTESIAN_POINT('',(-18.21,38.1,46.637283335002));
#2408 = SURFACE_CURVE('',#2409,(#2414,#2421),.PCURVE_S1.);
#2409 = CIRCLE('',#2410,1.19);
#2410 = AXIS2_PLACEMENT_3D('',#2411,#2412,#2413);
#2411 = CARTESIAN_POINT('',(-18.21,38.1,47.827283335002));
#2412 = DIRECTION('',(0.,1.,0.));
#2413 = DIRECTION('',(-1.,0.,0.));
#2414 = PCURVE('',#893,#2415);
#2415 = DEFINITIONAL_REPRESENTATION('',(#2416),#2420);
#2416 = CIRCLE('',#2417,1.19);
#2417 = AXIS2_PLACEMENT_2D('',#2418,#2419);
#2418 = CARTESIAN_POINT('',(33.127283335002,34.29));
#2419 = DIRECTION('',(0.,-1.));
#2420 = ( GEOMETRIC_REPRESENTATION_CONTEXT(2) 
PARAMETRIC_REPRESENTATION_CONTEXT() REPRESENTATION_CONTEXT('2D SPACE',''
  ) );
#2421 = PCURVE('',#2422,#2427);
#2422 = CYLINDRICAL_SURFACE('',#2423,1.19);
#2423 = AXIS2_PLACEMENT_3D('',#2424,#2425,#2426);
#2424 = CARTESIAN_POINT('',(-18.21,33.925,47.827283335002));
#2425 = DIRECTION('',(0.,1.,0.));
#2426 = DIRECTION('',(-1.,0.,0.));
#2427 = DEFINITIONAL_REPRESENTATION('',(#2428),#2432);
#2428 = LINE('',#2429,#2430);
#2429 = CARTESIAN_POINT('',(-6.28318530718,4.175));
#2430 = VECTOR('',#2431,1.);
#2431 = DIRECTION('',(1.,-0.));
#2432 = ( GEOMETRIC_REPRESENTATION_CONTEXT(2) 
PARAMETRIC_REPRESENTATION_CONTEXT() REPRESENTATION_CONTEXT('2D SPACE',''
  ) );
#2433 = ORIENTED_EDGE('',*,*,#2434,.T.);
#2434 = EDGE_CURVE('',#2406,#2435,#2437,.T.);
#2435 = VERTEX_POINT('',#2436);
#2436 = CARTESIAN_POINT('',(-18.19,38.1,46.637283335002));
#2437 = SURFACE_CURVE('',#2438,(#2442,#2448),.PCURVE_S1.);
#2438 = LINE('',#2439,#2440);
#2439 = CARTESIAN_POINT('',(-35.95,38.1,46.637283335002));
#2440 = VECTOR('',#2441,1.);
#2441 = DIRECTION('',(1.,0.,0.));
#2442 = PCURVE('',#893,#2443);
#2443 = DEFINITIONAL_REPRESENTATION('',(#2444),#2447);
#2444 = B_SPLINE_CURVE_WITH_KNOTS('',1,(#2445,#2446),.UNSPECIFIED.,.F.,
  .F.,(2,2),(17.74,17.76),.PIECEWISE_BEZIER_KNOTS.);
#2445 = CARTESIAN_POINT('',(31.937283335002,34.29));
#2446 = CARTESIAN_POINT('',(31.937283335002,34.31));
#2447 = ( GEOMETRIC_REPRESENTATION_CONTEXT(2) 
PARAMETRIC_REPRESENTATION_CONTEXT() REPRESENTATION_CONTEXT('2D SPACE',''
  ) );
#2448 = PCURVE('',#2449,#2454);
#2449 = PLANE('',#2450);
#2450 = AXIS2_PLACEMENT_3D('',#2451,#2452,#2453);
#2451 = CARTESIAN_POINT('',(-19.4,33.925,46.637283335002));
#2452 = DIRECTION('',(0.,0.,1.));
#2453 = DIRECTION('',(1.,0.,0.));
#2454 = DEFINITIONAL_REPRESENTATION('',(#2455),#2458);
#2455 = B_SPLINE_CURVE_WITH_KNOTS('',1,(#2456,#2457),.UNSPECIFIED.,.F.,
  .F.,(2,2),(17.74,17.76),.PIECEWISE_BEZIER_KNOTS.);
#2456 = CARTESIAN_POINT('',(1.19,4.175));
#2457 = CARTESIAN_POINT('',(1.21,4.175));
#2458 = ( GEOMETRIC_REPRESENTATION_CONTEXT(2) 
PARAMETRIC_REPRESENTATION_CONTEXT() REPRESENTATION_CONTEXT('2D SPACE',''
  ) );
#2459 = ORIENTED_EDGE('',*,*,#2460,.F.);
#2460 = EDGE_CURVE('',#2461,#2435,#2463,.T.);
#2461 = VERTEX_POINT('',#2462);
#2462 = CARTESIAN_POINT('',(-17.,38.1,47.827283335002));
#2463 = SURFACE_CURVE('',#2464,(#2469,#2476),.PCURVE_S1.);
#2464 = CIRCLE('',#2465,1.19);
#2465 = AXIS2_PLACEMENT_3D('',#2466,#2467,#2468);
#2466 = CARTESIAN_POINT('',(-18.19,38.1,47.827283335002));
#2467 = DIRECTION('',(0.,1.,0.));
#2468 = DIRECTION('',(1.,0.,-0.));
#2469 = PCURVE('',#893,#2470);
#2470 = DEFINITIONAL_REPRESENTATION('',(#2471),#2475);
#2471 = CIRCLE('',#2472,1.19);
#2472 = AXIS2_PLACEMENT_2D('',#2473,#2474);
#2473 = CARTESIAN_POINT('',(33.127283335002,34.31));
#2474 = DIRECTION('',(0.,1.));
#2475 = ( GEOMETRIC_REPRESENTATION_CONTEXT(2) 
PARAMETRIC_REPRESENTATION_CONTEXT() REPRESENTATION_CONTEXT('2D SPACE',''
  ) );
#2476 = PCURVE('',#2477,#2482);
#2477 = CYLINDRICAL_SURFACE('',#2478,1.19);
#2478 = AXIS2_PLACEMENT_3D('',#2479,#2480,#2481);
#2479 = CARTESIAN_POINT('',(-18.19,33.925,47.827283335002));
#2480 = DIRECTION('',(0.,1.,0.));
#2481 = DIRECTION('',(1.,0.,-0.));
#2482 = DEFINITIONAL_REPRESENTATION('',(#2483),#2487);
#2483 = LINE('',#2484,#2485);
#2484 = CARTESIAN_POINT('',(0.,4.175));
#2485 = VECTOR('',#2486,1.);
#2486 = DIRECTION('',(1.,0.));
#2487 = ( GEOMETRIC_REPRESENTATION_CONTEXT(2) 
PARAMETRIC_REPRESENTATION_CONTEXT() REPRESENTATION_CONTEXT('2D SPACE',''
  ) );
#2488 = ORIENTED_EDGE('',*,*,#2489,.F.);
#2489 = EDGE_CURVE('',#2490,#2461,#2492,.T.);
#2490 = VERTEX_POINT('',#2491);
#2491 = CARTESIAN_POINT('',(-17.,38.1,73.572716664998));
#2492 = SURFACE_CURVE('',#2493,(#2497,#2503),.PCURVE_S1.);
#2493 = LINE('',#2494,#2495);
#2494 = CARTESIAN_POINT('',(-17.,38.1,30.668641667501));
#2495 = VECTOR('',#2496,1.);
#2496 = DIRECTION('',(0.,0.,-1.));
#2497 = PCURVE('',#893,#2498);
#2498 = DEFINITIONAL_REPRESENTATION('',(#2499),#2502);
#2499 = B_SPLINE_CURVE_WITH_KNOTS('',1,(#2500,#2501),.UNSPECIFIED.,.F.,
  .F.,(2,2),(-42.90407499749,-17.1586416675),.PIECEWISE_BEZIER_KNOTS.);
#2500 = CARTESIAN_POINT('',(58.872716664998,35.5));
#2501 = CARTESIAN_POINT('',(33.127283335002,35.5));
#2502 = ( GEOMETRIC_REPRESENTATION_CONTEXT(2) 
PARAMETRIC_REPRESENTATION_CONTEXT() REPRESENTATION_CONTEXT('2D SPACE',''
  ) );
#2503 = PCURVE('',#2504,#2509);
#2504 = PLANE('',#2505);
#2505 = AXIS2_PLACEMENT_3D('',#2506,#2507,#2508);
#2506 = CARTESIAN_POINT('',(-17.,33.925,46.637283335002));
#2507 = DIRECTION('',(1.,0.,0.));
#2508 = DIRECTION('',(0.,0.,1.));
#2509 = DEFINITIONAL_REPRESENTATION('',(#2510),#2513);
#2510 = B_SPLINE_CURVE_WITH_KNOTS('',1,(#2511,#2512),.UNSPECIFIED.,.F.,
  .F.,(2,2),(-42.90407499749,-17.1586416675),.PIECEWISE_BEZIER_KNOTS.);
#2511 = CARTESIAN_POINT('',(26.935433329995,-4.175));
#2512 = CARTESIAN_POINT('',(1.19,-4.175));
#2513 = ( GEOMETRIC_REPRESENTATION_CONTEXT(2) 
PARAMETRIC_REPRESENTATION_CONTEXT() REPRESENTATION_CONTEXT('2D SPACE',''
  ) );
#2514 = ORIENTED_EDGE('',*,*,#2515,.F.);
#2515 = EDGE_CURVE('',#2516,#2490,#2518,.T.);
#2516 = VERTEX_POINT('',#2517);
#2517 = CARTESIAN_POINT('',(-18.19,38.1,74.762716664998));
#2518 = SURFACE_CURVE('',#2519,(#2524,#2531),.PCURVE_S1.);
#2519 = CIRCLE('',#2520,1.19);
#2520 = AXIS2_PLACEMENT_3D('',#2521,#2522,#2523);
#2521 = CARTESIAN_POINT('',(-18.19,38.1,73.572716664998));
#2522 = DIRECTION('',(0.,1.,0.));
#2523 = DIRECTION('',(1.,0.,-0.));
#2524 = PCURVE('',#893,#2525);
#2525 = DEFINITIONAL_REPRESENTATION('',(#2526),#2530);
#2526 = CIRCLE('',#2527,1.19);
#2527 = AXIS2_PLACEMENT_2D('',#2528,#2529);
#2528 = CARTESIAN_POINT('',(58.872716664998,34.31));
#2529 = DIRECTION('',(0.,1.));
#2530 = ( GEOMETRIC_REPRESENTATION_CONTEXT(2) 
PARAMETRIC_REPRESENTATION_CONTEXT() REPRESENTATION_CONTEXT('2D SPACE',''
  ) );
#2531 = PCURVE('',#2532,#2537);
#2532 = CYLINDRICAL_SURFACE('',#2533,1.19);
#2533 = AXIS2_PLACEMENT_3D('',#2534,#2535,#2536);
#2534 = CARTESIAN_POINT('',(-18.19,33.925,73.572716664998));
#2535 = DIRECTION('',(0.,1.,0.));
#2536 = DIRECTION('',(1.,0.,-0.));
#2537 = DEFINITIONAL_REPRESENTATION('',(#2538),#2542);
#2538 = LINE('',#2539,#2540);
#2539 = CARTESIAN_POINT('',(-6.28318530718,4.175));
#2540 = VECTOR('',#2541,1.);
#2541 = DIRECTION('',(1.,-0.));
#2542 = ( GEOMETRIC_REPRESENTATION_CONTEXT(2) 
PARAMETRIC_REPRESENTATION_CONTEXT() REPRESENTATION_CONTEXT('2D SPACE',''
  ) );
#2543 = ORIENTED_EDGE('',*,*,#2544,.F.);
#2544 = EDGE_CURVE('',#2351,#2516,#2545,.T.);
#2545 = SURFACE_CURVE('',#2546,(#2550,#2556),.PCURVE_S1.);
#2546 = LINE('',#2547,#2548);
#2547 = CARTESIAN_POINT('',(-35.95,38.1,74.762716664998));
#2548 = VECTOR('',#2549,1.);
#2549 = DIRECTION('',(1.,0.,0.));
#2550 = PCURVE('',#893,#2551);
#2551 = DEFINITIONAL_REPRESENTATION('',(#2552),#2555);
#2552 = B_SPLINE_CURVE_WITH_KNOTS('',1,(#2553,#2554),.UNSPECIFIED.,.F.,
  .F.,(2,2),(17.74,17.76),.PIECEWISE_BEZIER_KNOTS.);
#2553 = CARTESIAN_POINT('',(60.062716664998,34.29));
#2554 = CARTESIAN_POINT('',(60.062716664998,34.31));
#2555 = ( GEOMETRIC_REPRESENTATION_CONTEXT(2) 
PARAMETRIC_REPRESENTATION_CONTEXT() REPRESENTATION_CONTEXT('2D SPACE',''
  ) );
#2556 = PCURVE('',#2557,#2562);
#2557 = PLANE('',#2558);
#2558 = AXIS2_PLACEMENT_3D('',#2559,#2560,#2561);
#2559 = CARTESIAN_POINT('',(-19.4,33.925,74.762716664998));
#2560 = DIRECTION('',(0.,0.,1.));
#2561 = DIRECTION('',(1.,0.,0.));
#2562 = DEFINITIONAL_REPRESENTATION('',(#2563),#2566);
#2563 = B_SPLINE_CURVE_WITH_KNOTS('',1,(#2564,#2565),.UNSPECIFIED.,.F.,
  .F.,(2,2),(17.74,17.76),.PIECEWISE_BEZIER_KNOTS.);
#2564 = CARTESIAN_POINT('',(1.19,4.175));
#2565 = CARTESIAN_POINT('',(1.21,4.175));
#2566 = ( GEOMETRIC_REPRESENTATION_CONTEXT(2) 
PARAMETRIC_REPRESENTATION_CONTEXT() REPRESENTATION_CONTEXT('2D SPACE',''
  ) );
#2567 = FACE_BOUND('',#2568,.T.);
#2568 = EDGE_LOOP('',(#2569,#2600,#2626,#2655,#2681,#2710,#2736,#2765));
#2569 = ORIENTED_EDGE('',*,*,#2570,.F.);
#2570 = EDGE_CURVE('',#2571,#2573,#2575,.T.);
#2571 = VERTEX_POINT('',#2572);
#2572 = CARTESIAN_POINT('',(-14.2,38.1,78.48366596101));
#2573 = VERTEX_POINT('',#2574);
#2574 = CARTESIAN_POINT('',(-13.01,38.1,79.67366596101));
#2575 = SURFACE_CURVE('',#2576,(#2581,#2588),.PCURVE_S1.);
#2576 = CIRCLE('',#2577,1.19);
#2577 = AXIS2_PLACEMENT_3D('',#2578,#2579,#2580);
#2578 = CARTESIAN_POINT('',(-13.01,38.1,78.48366596101));
#2579 = DIRECTION('',(0.,1.,0.));
#2580 = DIRECTION('',(-1.,0.,0.));
#2581 = PCURVE('',#893,#2582);
#2582 = DEFINITIONAL_REPRESENTATION('',(#2583),#2587);
#2583 = CIRCLE('',#2584,1.19);
#2584 = AXIS2_PLACEMENT_2D('',#2585,#2586);
#2585 = CARTESIAN_POINT('',(63.78366596101,39.49));
#2586 = DIRECTION('',(0.,-1.));
#2587 = ( GEOMETRIC_REPRESENTATION_CONTEXT(2) 
PARAMETRIC_REPRESENTATION_CONTEXT() REPRESENTATION_CONTEXT('2D SPACE',''
  ) );
#2588 = PCURVE('',#2589,#2594);
#2589 = CYLINDRICAL_SURFACE('',#2590,1.19);
#2590 = AXIS2_PLACEMENT_3D('',#2591,#2592,#2593);
#2591 = CARTESIAN_POINT('',(-13.01,33.925,78.48366596101));
#2592 = DIRECTION('',(0.,1.,0.));
#2593 = DIRECTION('',(-1.,0.,0.));
#2594 = DEFINITIONAL_REPRESENTATION('',(#2595),#2599);
#2595 = LINE('',#2596,#2597);
#2596 = CARTESIAN_POINT('',(0.,4.175));
#2597 = VECTOR('',#2598,1.);
#2598 = DIRECTION('',(1.,0.));
#2599 = ( GEOMETRIC_REPRESENTATION_CONTEXT(2) 
PARAMETRIC_REPRESENTATION_CONTEXT() REPRESENTATION_CONTEXT('2D SPACE',''
  ) );
#2600 = ORIENTED_EDGE('',*,*,#2601,.T.);
#2601 = EDGE_CURVE('',#2571,#2602,#2604,.T.);
#2602 = VERTEX_POINT('',#2603);
#2603 = CARTESIAN_POINT('',(-14.2,38.1,42.91633403899));
#2604 = SURFACE_CURVE('',#2605,(#2609,#2615),.PCURVE_S1.);
#2605 = LINE('',#2606,#2607);
#2606 = CARTESIAN_POINT('',(-14.2,38.1,28.213167019495));
#2607 = VECTOR('',#2608,1.);
#2608 = DIRECTION('',(0.,0.,-1.));
#2609 = PCURVE('',#893,#2610);
#2610 = DEFINITIONAL_REPRESENTATION('',(#2611),#2614);
#2611 = B_SPLINE_CURVE_WITH_KNOTS('',1,(#2612,#2613),.UNSPECIFIED.,.F.,
  .F.,(2,2),(-50.27049894151,-14.70316701949),.PIECEWISE_BEZIER_KNOTS.);
#2612 = CARTESIAN_POINT('',(63.78366596101,38.3));
#2613 = CARTESIAN_POINT('',(28.21633403899,38.3));
#2614 = ( GEOMETRIC_REPRESENTATION_CONTEXT(2) 
PARAMETRIC_REPRESENTATION_CONTEXT() REPRESENTATION_CONTEXT('2D SPACE',''
  ) );
#2615 = PCURVE('',#2616,#2621);
#2616 = PLANE('',#2617);
#2617 = AXIS2_PLACEMENT_3D('',#2618,#2619,#2620);
#2618 = CARTESIAN_POINT('',(-14.2,33.925,41.72633403899));
#2619 = DIRECTION('',(1.,0.,0.));
#2620 = DIRECTION('',(0.,0.,1.));
#2621 = DEFINITIONAL_REPRESENTATION('',(#2622),#2625);
#2622 = B_SPLINE_CURVE_WITH_KNOTS('',1,(#2623,#2624),.UNSPECIFIED.,.F.,
  .F.,(2,2),(-50.27049894151,-14.70316701949),.PIECEWISE_BEZIER_KNOTS.);
#2623 = CARTESIAN_POINT('',(36.757331922021,-4.175));
#2624 = CARTESIAN_POINT('',(1.19,-4.175));
#2625 = ( GEOMETRIC_REPRESENTATION_CONTEXT(2) 
PARAMETRIC_REPRESENTATION_CONTEXT() REPRESENTATION_CONTEXT('2D SPACE',''
  ) );
#2626 = ORIENTED_EDGE('',*,*,#2627,.F.);
#2627 = EDGE_CURVE('',#2628,#2602,#2630,.T.);
#2628 = VERTEX_POINT('',#2629);
#2629 = CARTESIAN_POINT('',(-13.01,38.1,41.72633403899));
#2630 = SURFACE_CURVE('',#2631,(#2636,#2643),.PCURVE_S1.);
#2631 = CIRCLE('',#2632,1.19);
#2632 = AXIS2_PLACEMENT_3D('',#2633,#2634,#2635);
#2633 = CARTESIAN_POINT('',(-13.01,38.1,42.91633403899));
#2634 = DIRECTION('',(0.,1.,0.));
#2635 = DIRECTION('',(-1.,0.,0.));
#2636 = PCURVE('',#893,#2637);
#2637 = DEFINITIONAL_REPRESENTATION('',(#2638),#2642);
#2638 = CIRCLE('',#2639,1.19);
#2639 = AXIS2_PLACEMENT_2D('',#2640,#2641);
#2640 = CARTESIAN_POINT('',(28.21633403899,39.49));
#2641 = DIRECTION('',(0.,-1.));
#2642 = ( GEOMETRIC_REPRESENTATION_CONTEXT(2) 
PARAMETRIC_REPRESENTATION_CONTEXT() REPRESENTATION_CONTEXT('2D SPACE',''
  ) );
#2643 = PCURVE('',#2644,#2649);
#2644 = CYLINDRICAL_SURFACE('',#2645,1.19);
#2645 = AXIS2_PLACEMENT_3D('',#2646,#2647,#2648);
#2646 = CARTESIAN_POINT('',(-13.01,33.925,42.91633403899));
#2647 = DIRECTION('',(0.,1.,0.));
#2648 = DIRECTION('',(-1.,0.,0.));
#2649 = DEFINITIONAL_REPRESENTATION('',(#2650),#2654);
#2650 = LINE('',#2651,#2652);
#2651 = CARTESIAN_POINT('',(-6.28318530718,4.175));
#2652 = VECTOR('',#2653,1.);
#2653 = DIRECTION('',(1.,-0.));
#2654 = ( GEOMETRIC_REPRESENTATION_CONTEXT(2) 
PARAMETRIC_REPRESENTATION_CONTEXT() REPRESENTATION_CONTEXT('2D SPACE',''
  ) );
#2655 = ORIENTED_EDGE('',*,*,#2656,.T.);
#2656 = EDGE_CURVE('',#2628,#2657,#2659,.T.);
#2657 = VERTEX_POINT('',#2658);
#2658 = CARTESIAN_POINT('',(-12.99,38.1,41.72633403899));
#2659 = SURFACE_CURVE('',#2660,(#2664,#2670),.PCURVE_S1.);
#2660 = LINE('',#2661,#2662);
#2661 = CARTESIAN_POINT('',(-33.35,38.1,41.72633403899));
#2662 = VECTOR('',#2663,1.);
#2663 = DIRECTION('',(1.,0.,0.));
#2664 = PCURVE('',#893,#2665);
#2665 = DEFINITIONAL_REPRESENTATION('',(#2666),#2669);
#2666 = B_SPLINE_CURVE_WITH_KNOTS('',1,(#2667,#2668),.UNSPECIFIED.,.F.,
  .F.,(2,2),(20.34,20.36),.PIECEWISE_BEZIER_KNOTS.);
#2667 = CARTESIAN_POINT('',(27.02633403899,39.49));
#2668 = CARTESIAN_POINT('',(27.02633403899,39.51));
#2669 = ( GEOMETRIC_REPRESENTATION_CONTEXT(2) 
PARAMETRIC_REPRESENTATION_CONTEXT() REPRESENTATION_CONTEXT('2D SPACE',''
  ) );
#2670 = PCURVE('',#2671,#2676);
#2671 = PLANE('',#2672);
#2672 = AXIS2_PLACEMENT_3D('',#2673,#2674,#2675);
#2673 = CARTESIAN_POINT('',(-14.2,33.925,41.72633403899));
#2674 = DIRECTION('',(0.,0.,1.));
#2675 = DIRECTION('',(1.,0.,0.));
#2676 = DEFINITIONAL_REPRESENTATION('',(#2677),#2680);
#2677 = B_SPLINE_CURVE_WITH_KNOTS('',1,(#2678,#2679),.UNSPECIFIED.,.F.,
  .F.,(2,2),(20.34,20.36),.PIECEWISE_BEZIER_KNOTS.);
#2678 = CARTESIAN_POINT('',(1.19,4.175));
#2679 = CARTESIAN_POINT('',(1.21,4.175));
#2680 = ( GEOMETRIC_REPRESENTATION_CONTEXT(2) 
PARAMETRIC_REPRESENTATION_CONTEXT() REPRESENTATION_CONTEXT('2D SPACE',''
  ) );
#2681 = ORIENTED_EDGE('',*,*,#2682,.F.);
#2682 = EDGE_CURVE('',#2683,#2657,#2685,.T.);
#2683 = VERTEX_POINT('',#2684);
#2684 = CARTESIAN_POINT('',(-11.8,38.1,42.91633403899));
#2685 = SURFACE_CURVE('',#2686,(#2691,#2698),.PCURVE_S1.);
#2686 = CIRCLE('',#2687,1.19);
#2687 = AXIS2_PLACEMENT_3D('',#2688,#2689,#2690);
#2688 = CARTESIAN_POINT('',(-12.99,38.1,42.91633403899));
#2689 = DIRECTION('',(0.,1.,0.));
#2690 = DIRECTION('',(1.,0.,-0.));
#2691 = PCURVE('',#893,#2692);
#2692 = DEFINITIONAL_REPRESENTATION('',(#2693),#2697);
#2693 = CIRCLE('',#2694,1.19);
#2694 = AXIS2_PLACEMENT_2D('',#2695,#2696);
#2695 = CARTESIAN_POINT('',(28.21633403899,39.51));
#2696 = DIRECTION('',(0.,1.));
#2697 = ( GEOMETRIC_REPRESENTATION_CONTEXT(2) 
PARAMETRIC_REPRESENTATION_CONTEXT() REPRESENTATION_CONTEXT('2D SPACE',''
  ) );
#2698 = PCURVE('',#2699,#2704);
#2699 = CYLINDRICAL_SURFACE('',#2700,1.19);
#2700 = AXIS2_PLACEMENT_3D('',#2701,#2702,#2703);
#2701 = CARTESIAN_POINT('',(-12.99,33.925,42.91633403899));
#2702 = DIRECTION('',(0.,1.,0.));
#2703 = DIRECTION('',(1.,0.,-0.));
#2704 = DEFINITIONAL_REPRESENTATION('',(#2705),#2709);
#2705 = LINE('',#2706,#2707);
#2706 = CARTESIAN_POINT('',(0.,4.175));
#2707 = VECTOR('',#2708,1.);
#2708 = DIRECTION('',(1.,0.));
#2709 = ( GEOMETRIC_REPRESENTATION_CONTEXT(2) 
PARAMETRIC_REPRESENTATION_CONTEXT() REPRESENTATION_CONTEXT('2D SPACE',''
  ) );
#2710 = ORIENTED_EDGE('',*,*,#2711,.F.);
#2711 = EDGE_CURVE('',#2712,#2683,#2714,.T.);
#2712 = VERTEX_POINT('',#2713);
#2713 = CARTESIAN_POINT('',(-11.8,38.1,78.48366596101));
#2714 = SURFACE_CURVE('',#2715,(#2719,#2725),.PCURVE_S1.);
#2715 = LINE('',#2716,#2717);
#2716 = CARTESIAN_POINT('',(-11.8,38.1,28.213167019495));
#2717 = VECTOR('',#2718,1.);
#2718 = DIRECTION('',(0.,0.,-1.));
#2719 = PCURVE('',#893,#2720);
#2720 = DEFINITIONAL_REPRESENTATION('',(#2721),#2724);
#2721 = B_SPLINE_CURVE_WITH_KNOTS('',1,(#2722,#2723),.UNSPECIFIED.,.F.,
  .F.,(2,2),(-50.27049894151,-14.70316701949),.PIECEWISE_BEZIER_KNOTS.);
#2722 = CARTESIAN_POINT('',(63.78366596101,40.7));
#2723 = CARTESIAN_POINT('',(28.21633403899,40.7));
#2724 = ( GEOMETRIC_REPRESENTATION_CONTEXT(2) 
PARAMETRIC_REPRESENTATION_CONTEXT() REPRESENTATION_CONTEXT('2D SPACE',''
  ) );
#2725 = PCURVE('',#2726,#2731);
#2726 = PLANE('',#2727);
#2727 = AXIS2_PLACEMENT_3D('',#2728,#2729,#2730);
#2728 = CARTESIAN_POINT('',(-11.8,33.925,41.72633403899));
#2729 = DIRECTION('',(1.,0.,0.));
#2730 = DIRECTION('',(0.,0.,1.));
#2731 = DEFINITIONAL_REPRESENTATION('',(#2732),#2735);
#2732 = B_SPLINE_CURVE_WITH_KNOTS('',1,(#2733,#2734),.UNSPECIFIED.,.F.,
  .F.,(2,2),(-50.27049894151,-14.70316701949),.PIECEWISE_BEZIER_KNOTS.);
#2733 = CARTESIAN_POINT('',(36.757331922021,-4.175));
#2734 = CARTESIAN_POINT('',(1.19,-4.175));
#2735 = ( GEOMETRIC_REPRESENTATION_CONTEXT(2) 
PARAMETRIC_REPRESENTATION_CONTEXT() REPRESENTATION_CONTEXT('2D SPACE',''
  ) );
#2736 = ORIENTED_EDGE('',*,*,#2737,.F.);
#2737 = EDGE_CURVE('',#2738,#2712,#2740,.T.);
#2738 = VERTEX_POINT('',#2739);
#2739 = CARTESIAN_POINT('',(-12.99,38.1,79.67366596101));
#2740 = SURFACE_CURVE('',#2741,(#2746,#2753),.PCURVE_S1.);
#2741 = CIRCLE('',#2742,1.19);
#2742 = AXIS2_PLACEMENT_3D('',#2743,#2744,#2745);
#2743 = CARTESIAN_POINT('',(-12.99,38.1,78.48366596101));
#2744 = DIRECTION('',(0.,1.,0.));
#2745 = DIRECTION('',(1.,0.,-0.));
#2746 = PCURVE('',#893,#2747);
#2747 = DEFINITIONAL_REPRESENTATION('',(#2748),#2752);
#2748 = CIRCLE('',#2749,1.19);
#2749 = AXIS2_PLACEMENT_2D('',#2750,#2751);
#2750 = CARTESIAN_POINT('',(63.78366596101,39.51));
#2751 = DIRECTION('',(0.,1.));
#2752 = ( GEOMETRIC_REPRESENTATION_CONTEXT(2) 
PARAMETRIC_REPRESENTATION_CONTEXT() REPRESENTATION_CONTEXT('2D SPACE',''
  ) );
#2753 = PCURVE('',#2754,#2759);
#2754 = CYLINDRICAL_SURFACE('',#2755,1.19);
#2755 = AXIS2_PLACEMENT_3D('',#2756,#2757,#2758);
#2756 = CARTESIAN_POINT('',(-12.99,33.925,78.48366596101));
#2757 = DIRECTION('',(0.,1.,0.));
#2758 = DIRECTION('',(1.,0.,-0.));
#2759 = DEFINITIONAL_REPRESENTATION('',(#2760),#2764);
#2760 = LINE('',#2761,#2762);
#2761 = CARTESIAN_POINT('',(-6.28318530718,4.175));
#2762 = VECTOR('',#2763,1.);
#2763 = DIRECTION('',(1.,-0.));
#2764 = ( GEOMETRIC_REPRESENTATION_CONTEXT(2) 
PARAMETRIC_REPRESENTATION_CONTEXT() REPRESENTATION_CONTEXT('2D SPACE',''
  ) );
#2765 = ORIENTED_EDGE('',*,*,#2766,.F.);
#2766 = EDGE_CURVE('',#2573,#2738,#2767,.T.);
#2767 = SURFACE_CURVE('',#2768,(#2772,#2778),.PCURVE_S1.);
#2768 = LINE('',#2769,#2770);
#2769 = CARTESIAN_POINT('',(-33.35,38.1,79.67366596101));
#2770 = VECTOR('',#2771,1.);
#2771 = DIRECTION('',(1.,0.,0.));
#2772 = PCURVE('',#893,#2773);
#2773 = DEFINITIONAL_REPRESENTATION('',(#2774),#2777);
#2774 = B_SPLINE_CURVE_WITH_KNOTS('',1,(#2775,#2776),.UNSPECIFIED.,.F.,
  .F.,(2,2),(20.34,20.36),.PIECEWISE_BEZIER_KNOTS.);
#2775 = CARTESIAN_POINT('',(64.97366596101,39.49));
#2776 = CARTESIAN_POINT('',(64.97366596101,39.51));
#2777 = ( GEOMETRIC_REPRESENTATION_CONTEXT(2) 
PARAMETRIC_REPRESENTATION_CONTEXT() REPRESENTATION_CONTEXT('2D SPACE',''
  ) );
#2778 = PCURVE('',#2779,#2784);
#2779 = PLANE('',#2780);
#2780 = AXIS2_PLACEMENT_3D('',#2781,#2782,#2783);
#2781 = CARTESIAN_POINT('',(-14.2,33.925,79.67366596101));
#2782 = DIRECTION('',(0.,0.,1.));
#2783 = DIRECTION('',(1.,0.,0.));
#2784 = DEFINITIONAL_REPRESENTATION('',(#2785),#2788);
#2785 = B_SPLINE_CURVE_WITH_KNOTS('',1,(#2786,#2787),.UNSPECIFIED.,.F.,
  .F.,(2,2),(20.34,20.36),.PIECEWISE_BEZIER_KNOTS.);
#2786 = CARTESIAN_POINT('',(1.19,4.175));
#2787 = CARTESIAN_POINT('',(1.21,4.175));
#2788 = ( GEOMETRIC_REPRESENTATION_CONTEXT(2) 
PARAMETRIC_REPRESENTATION_CONTEXT() REPRESENTATION_CONTEXT('2D SPACE',''
  ) );
#2789 = FACE_BOUND('',#2790,.T.);
#2790 = EDGE_LOOP('',(#2791,#2822,#2848,#2877,#2903,#2932,#2958,#2987));
#2791 = ORIENTED_EDGE('',*,*,#2792,.F.);
#2792 = EDGE_CURVE('',#2793,#2795,#2797,.T.);
#2793 = VERTEX_POINT('',#2794);
#2794 = CARTESIAN_POINT('',(-9.,38.1,81.147005338078));
#2795 = VERTEX_POINT('',#2796);
#2796 = CARTESIAN_POINT('',(-7.81,38.1,82.337005338078));
#2797 = SURFACE_CURVE('',#2798,(#2803,#2810),.PCURVE_S1.);
#2798 = CIRCLE('',#2799,1.19);
#2799 = AXIS2_PLACEMENT_3D('',#2800,#2801,#2802);
#2800 = CARTESIAN_POINT('',(-7.81,38.1,81.147005338078));
#2801 = DIRECTION('',(0.,1.,0.));
#2802 = DIRECTION('',(-1.,0.,0.));
#2803 = PCURVE('',#893,#2804);
#2804 = DEFINITIONAL_REPRESENTATION('',(#2805),#2809);
#2805 = CIRCLE('',#2806,1.19);
#2806 = AXIS2_PLACEMENT_2D('',#2807,#2808);
#2807 = CARTESIAN_POINT('',(66.447005338078,44.69));
#2808 = DIRECTION('',(0.,-1.));
#2809 = ( GEOMETRIC_REPRESENTATION_CONTEXT(2) 
PARAMETRIC_REPRESENTATION_CONTEXT() REPRESENTATION_CONTEXT('2D SPACE',''
  ) );
#2810 = PCURVE('',#2811,#2816);
#2811 = CYLINDRICAL_SURFACE('',#2812,1.19);
#2812 = AXIS2_PLACEMENT_3D('',#2813,#2814,#2815);
#2813 = CARTESIAN_POINT('',(-7.81,33.925,81.147005338078));
#2814 = DIRECTION('',(0.,1.,0.));
#2815 = DIRECTION('',(-1.,0.,0.));
#2816 = DEFINITIONAL_REPRESENTATION('',(#2817),#2821);
#2817 = LINE('',#2818,#2819);
#2818 = CARTESIAN_POINT('',(0.,4.175));
#2819 = VECTOR('',#2820,1.);
#2820 = DIRECTION('',(1.,0.));
#2821 = ( GEOMETRIC_REPRESENTATION_CONTEXT(2) 
PARAMETRIC_REPRESENTATION_CONTEXT() REPRESENTATION_CONTEXT('2D SPACE',''
  ) );
#2822 = ORIENTED_EDGE('',*,*,#2823,.T.);
#2823 = EDGE_CURVE('',#2793,#2824,#2826,.T.);
#2824 = VERTEX_POINT('',#2825);
#2825 = CARTESIAN_POINT('',(-9.,38.1,40.252994661922));
#2826 = SURFACE_CURVE('',#2827,(#2831,#2837),.PCURVE_S1.);
#2827 = LINE('',#2828,#2829);
#2828 = CARTESIAN_POINT('',(-9.,38.1,26.881497330961));
#2829 = VECTOR('',#2830,1.);
#2830 = DIRECTION('',(0.,0.,-1.));
#2831 = PCURVE('',#893,#2832);
#2832 = DEFINITIONAL_REPRESENTATION('',(#2833),#2836);
#2833 = B_SPLINE_CURVE_WITH_KNOTS('',1,(#2834,#2835),.UNSPECIFIED.,.F.,
  .F.,(2,2),(-54.26550800711,-13.37149733096),.PIECEWISE_BEZIER_KNOTS.);
#2834 = CARTESIAN_POINT('',(66.447005338078,43.5));
#2835 = CARTESIAN_POINT('',(25.552994661922,43.5));
#2836 = ( GEOMETRIC_REPRESENTATION_CONTEXT(2) 
PARAMETRIC_REPRESENTATION_CONTEXT() REPRESENTATION_CONTEXT('2D SPACE',''
  ) );
#2837 = PCURVE('',#2838,#2843);
#2838 = PLANE('',#2839);
#2839 = AXIS2_PLACEMENT_3D('',#2840,#2841,#2842);
#2840 = CARTESIAN_POINT('',(-9.,33.925,39.062994661922));
#2841 = DIRECTION('',(1.,0.,0.));
#2842 = DIRECTION('',(0.,0.,1.));
#2843 = DEFINITIONAL_REPRESENTATION('',(#2844),#2847);
#2844 = B_SPLINE_CURVE_WITH_KNOTS('',1,(#2845,#2846),.UNSPECIFIED.,.F.,
  .F.,(2,2),(-54.26550800711,-13.37149733096),.PIECEWISE_BEZIER_KNOTS.);
#2845 = CARTESIAN_POINT('',(42.084010676155,-4.175));
#2846 = CARTESIAN_POINT('',(1.19,-4.175));
#2847 = ( GEOMETRIC_REPRESENTATION_CONTEXT(2) 
PARAMETRIC_REPRESENTATION_CONTEXT() REPRESENTATION_CONTEXT('2D SPACE',''
  ) );
#2848 = ORIENTED_EDGE('',*,*,#2849,.F.);
#2849 = EDGE_CURVE('',#2850,#2824,#2852,.T.);
#2850 = VERTEX_POINT('',#2851);
#2851 = CARTESIAN_POINT('',(-7.81,38.1,39.062994661922));
#2852 = SURFACE_CURVE('',#2853,(#2858,#2865),.PCURVE_S1.);
#2853 = CIRCLE('',#2854,1.19);
#2854 = AXIS2_PLACEMENT_3D('',#2855,#2856,#2857);
#2855 = CARTESIAN_POINT('',(-7.81,38.1,40.252994661922));
#2856 = DIRECTION('',(0.,1.,0.));
#2857 = DIRECTION('',(-1.,0.,0.));
#2858 = PCURVE('',#893,#2859);
#2859 = DEFINITIONAL_REPRESENTATION('',(#2860),#2864);
#2860 = CIRCLE('',#2861,1.19);
#2861 = AXIS2_PLACEMENT_2D('',#2862,#2863);
#2862 = CARTESIAN_POINT('',(25.552994661922,44.69));
#2863 = DIRECTION('',(0.,-1.));
#2864 = ( GEOMETRIC_REPRESENTATION_CONTEXT(2) 
PARAMETRIC_REPRESENTATION_CONTEXT() REPRESENTATION_CONTEXT('2D SPACE',''
  ) );
#2865 = PCURVE('',#2866,#2871);
#2866 = CYLINDRICAL_SURFACE('',#2867,1.19);
#2867 = AXIS2_PLACEMENT_3D('',#2868,#2869,#2870);
#2868 = CARTESIAN_POINT('',(-7.81,33.925,40.252994661922));
#2869 = DIRECTION('',(0.,1.,0.));
#2870 = DIRECTION('',(-1.,0.,0.));
#2871 = DEFINITIONAL_REPRESENTATION('',(#2872),#2876);
#2872 = LINE('',#2873,#2874);
#2873 = CARTESIAN_POINT('',(-6.28318530718,4.175));
#2874 = VECTOR('',#2875,1.);
#2875 = DIRECTION('',(1.,-0.));
#2876 = ( GEOMETRIC_REPRESENTATION_CONTEXT(2) 
PARAMETRIC_REPRESENTATION_CONTEXT() REPRESENTATION_CONTEXT('2D SPACE',''
  ) );
#2877 = ORIENTED_EDGE('',*,*,#2878,.T.);
#2878 = EDGE_CURVE('',#2850,#2879,#2881,.T.);
#2879 = VERTEX_POINT('',#2880);
#2880 = CARTESIAN_POINT('',(-7.79,38.1,39.062994661922));
#2881 = SURFACE_CURVE('',#2882,(#2886,#2892),.PCURVE_S1.);
#2882 = LINE('',#2883,#2884);
#2883 = CARTESIAN_POINT('',(-30.75,38.1,39.062994661922));
#2884 = VECTOR('',#2885,1.);
#2885 = DIRECTION('',(1.,0.,0.));
#2886 = PCURVE('',#893,#2887);
#2887 = DEFINITIONAL_REPRESENTATION('',(#2888),#2891);
#2888 = B_SPLINE_CURVE_WITH_KNOTS('',1,(#2889,#2890),.UNSPECIFIED.,.F.,
  .F.,(2,2),(22.94,22.96),.PIECEWISE_BEZIER_KNOTS.);
#2889 = CARTESIAN_POINT('',(24.362994661922,44.69));
#2890 = CARTESIAN_POINT('',(24.362994661922,44.71));
#2891 = ( GEOMETRIC_REPRESENTATION_CONTEXT(2) 
PARAMETRIC_REPRESENTATION_CONTEXT() REPRESENTATION_CONTEXT('2D SPACE',''
  ) );
#2892 = PCURVE('',#2893,#2898);
#2893 = PLANE('',#2894);
#2894 = AXIS2_PLACEMENT_3D('',#2895,#2896,#2897);
#2895 = CARTESIAN_POINT('',(-9.,33.925,39.062994661922));
#2896 = DIRECTION('',(0.,0.,1.));
#2897 = DIRECTION('',(1.,0.,0.));
#2898 = DEFINITIONAL_REPRESENTATION('',(#2899),#2902);
#2899 = B_SPLINE_CURVE_WITH_KNOTS('',1,(#2900,#2901),.UNSPECIFIED.,.F.,
  .F.,(2,2),(22.94,22.96),.PIECEWISE_BEZIER_KNOTS.);
#2900 = CARTESIAN_POINT('',(1.19,4.175));
#2901 = CARTESIAN_POINT('',(1.21,4.175));
#2902 = ( GEOMETRIC_REPRESENTATION_CONTEXT(2) 
PARAMETRIC_REPRESENTATION_CONTEXT() REPRESENTATION_CONTEXT('2D SPACE',''
  ) );
#2903 = ORIENTED_EDGE('',*,*,#2904,.F.);
#2904 = EDGE_CURVE('',#2905,#2879,#2907,.T.);
#2905 = VERTEX_POINT('',#2906);
#2906 = CARTESIAN_POINT('',(-6.6,38.1,40.252994661922));
#2907 = SURFACE_CURVE('',#2908,(#2913,#2920),.PCURVE_S1.);
#2908 = CIRCLE('',#2909,1.19);
#2909 = AXIS2_PLACEMENT_3D('',#2910,#2911,#2912);
#2910 = CARTESIAN_POINT('',(-7.79,38.1,40.252994661922));
#2911 = DIRECTION('',(0.,1.,0.));
#2912 = DIRECTION('',(1.,0.,-0.));
#2913 = PCURVE('',#893,#2914);
#2914 = DEFINITIONAL_REPRESENTATION('',(#2915),#2919);
#2915 = CIRCLE('',#2916,1.19);
#2916 = AXIS2_PLACEMENT_2D('',#2917,#2918);
#2917 = CARTESIAN_POINT('',(25.552994661922,44.71));
#2918 = DIRECTION('',(0.,1.));
#2919 = ( GEOMETRIC_REPRESENTATION_CONTEXT(2) 
PARAMETRIC_REPRESENTATION_CONTEXT() REPRESENTATION_CONTEXT('2D SPACE',''
  ) );
#2920 = PCURVE('',#2921,#2926);
#2921 = CYLINDRICAL_SURFACE('',#2922,1.19);
#2922 = AXIS2_PLACEMENT_3D('',#2923,#2924,#2925);
#2923 = CARTESIAN_POINT('',(-7.79,33.925,40.252994661922));
#2924 = DIRECTION('',(0.,1.,0.));
#2925 = DIRECTION('',(1.,0.,-0.));
#2926 = DEFINITIONAL_REPRESENTATION('',(#2927),#2931);
#2927 = LINE('',#2928,#2929);
#2928 = CARTESIAN_POINT('',(0.,4.175));
#2929 = VECTOR('',#2930,1.);
#2930 = DIRECTION('',(1.,0.));
#2931 = ( GEOMETRIC_REPRESENTATION_CONTEXT(2) 
PARAMETRIC_REPRESENTATION_CONTEXT() REPRESENTATION_CONTEXT('2D SPACE',''
  ) );
#2932 = ORIENTED_EDGE('',*,*,#2933,.F.);
#2933 = EDGE_CURVE('',#2934,#2905,#2936,.T.);
#2934 = VERTEX_POINT('',#2935);
#2935 = CARTESIAN_POINT('',(-6.6,38.1,81.147005338078));
#2936 = SURFACE_CURVE('',#2937,(#2941,#2947),.PCURVE_S1.);
#2937 = LINE('',#2938,#2939);
#2938 = CARTESIAN_POINT('',(-6.6,38.1,26.881497330961));
#2939 = VECTOR('',#2940,1.);
#2940 = DIRECTION('',(0.,0.,-1.));
#2941 = PCURVE('',#893,#2942);
#2942 = DEFINITIONAL_REPRESENTATION('',(#2943),#2946);
#2943 = B_SPLINE_CURVE_WITH_KNOTS('',1,(#2944,#2945),.UNSPECIFIED.,.F.,
  .F.,(2,2),(-54.26550800711,-13.37149733096),.PIECEWISE_BEZIER_KNOTS.);
#2944 = CARTESIAN_POINT('',(66.447005338078,45.9));
#2945 = CARTESIAN_POINT('',(25.552994661922,45.9));
#2946 = ( GEOMETRIC_REPRESENTATION_CONTEXT(2) 
PARAMETRIC_REPRESENTATION_CONTEXT() REPRESENTATION_CONTEXT('2D SPACE',''
  ) );
#2947 = PCURVE('',#2948,#2953);
#2948 = PLANE('',#2949);
#2949 = AXIS2_PLACEMENT_3D('',#2950,#2951,#2952);
#2950 = CARTESIAN_POINT('',(-6.6,33.925,39.062994661922));
#2951 = DIRECTION('',(1.,0.,0.));
#2952 = DIRECTION('',(0.,0.,1.));
#2953 = DEFINITIONAL_REPRESENTATION('',(#2954),#2957);
#2954 = B_SPLINE_CURVE_WITH_KNOTS('',1,(#2955,#2956),.UNSPECIFIED.,.F.,
  .F.,(2,2),(-54.26550800711,-13.37149733096),.PIECEWISE_BEZIER_KNOTS.);
#2955 = CARTESIAN_POINT('',(42.084010676155,-4.175));
#2956 = CARTESIAN_POINT('',(1.19,-4.175));
#2957 = ( GEOMETRIC_REPRESENTATION_CONTEXT(2) 
PARAMETRIC_REPRESENTATION_CONTEXT() REPRESENTATION_CONTEXT('2D SPACE',''
  ) );
#2958 = ORIENTED_EDGE('',*,*,#2959,.F.);
#2959 = EDGE_CURVE('',#2960,#2934,#2962,.T.);
#2960 = VERTEX_POINT('',#2961);
#2961 = CARTESIAN_POINT('',(-7.79,38.1,82.337005338078));
#2962 = SURFACE_CURVE('',#2963,(#2968,#2975),.PCURVE_S1.);
#2963 = CIRCLE('',#2964,1.19);
#2964 = AXIS2_PLACEMENT_3D('',#2965,#2966,#2967);
#2965 = CARTESIAN_POINT('',(-7.79,38.1,81.147005338078));
#2966 = DIRECTION('',(0.,1.,0.));
#2967 = DIRECTION('',(1.,0.,-0.));
#2968 = PCURVE('',#893,#2969);
#2969 = DEFINITIONAL_REPRESENTATION('',(#2970),#2974);
#2970 = CIRCLE('',#2971,1.19);
#2971 = AXIS2_PLACEMENT_2D('',#2972,#2973);
#2972 = CARTESIAN_POINT('',(66.447005338078,44.71));
#2973 = DIRECTION('',(0.,1.));
#2974 = ( GEOMETRIC_REPRESENTATION_CONTEXT(2) 
PARAMETRIC_REPRESENTATION_CONTEXT() REPRESENTATION_CONTEXT('2D SPACE',''
  ) );
#2975 = PCURVE('',#2976,#2981);
#2976 = CYLINDRICAL_SURFACE('',#2977,1.19);
#2977 = AXIS2_PLACEMENT_3D('',#2978,#2979,#2980);
#2978 = CARTESIAN_POINT('',(-7.79,33.925,81.147005338078));
#2979 = DIRECTION('',(0.,1.,0.));
#2980 = DIRECTION('',(1.,0.,-0.));
#2981 = DEFINITIONAL_REPRESENTATION('',(#2982),#2986);
#2982 = LINE('',#2983,#2984);
#2983 = CARTESIAN_POINT('',(-6.28318530718,4.175));
#2984 = VECTOR('',#2985,1.);
#2985 = DIRECTION('',(1.,-0.));
#2986 = ( GEOMETRIC_REPRESENTATION_CONTEXT(2) 
PARAMETRIC_REPRESENTATION_CONTEXT() REPRESENTATION_CONTEXT('2D SPACE',''
  ) );
#2987 = ORIENTED_EDGE('',*,*,#2988,.F.);
#2988 = EDGE_CURVE('',#2795,#2960,#2989,.T.);
#2989 = SURFACE_CURVE('',#2990,(#2994,#3000),.PCURVE_S1.);
#2990 = LINE('',#2991,#2992);
#2991 = CARTESIAN_POINT('',(-30.75,38.1,82.337005338078));
#2992 = VECTOR('',#2993,1.);
#2993 = DIRECTION('',(1.,0.,0.));
#2994 = PCURVE('',#893,#2995);
#2995 = DEFINITIONAL_REPRESENTATION('',(#2996),#2999);
#2996 = B_SPLINE_CURVE_WITH_KNOTS('',1,(#2997,#2998),.UNSPECIFIED.,.F.,
  .F.,(2,2),(22.94,22.96),.PIECEWISE_BEZIER_KNOTS.);
#2997 = CARTESIAN_POINT('',(67.637005338078,44.69));
#2998 = CARTESIAN_POINT('',(67.637005338078,44.71));
#2999 = ( GEOMETRIC_REPRESENTATION_CONTEXT(2) 
PARAMETRIC_REPRESENTATION_CONTEXT() REPRESENTATION_CONTEXT('2D SPACE',''
  ) );
#3000 = PCURVE('',#3001,#3006);
#3001 = PLANE('',#3002);
#3002 = AXIS2_PLACEMENT_3D('',#3003,#3004,#3005);
#3003 = CARTESIAN_POINT('',(-9.,33.925,82.337005338078));
#3004 = DIRECTION('',(0.,0.,1.));
#3005 = DIRECTION('',(1.,0.,0.));
#3006 = DEFINITIONAL_REPRESENTATION('',(#3007),#3010);
#3007 = B_SPLINE_CURVE_WITH_KNOTS('',1,(#3008,#3009),.UNSPECIFIED.,.F.,
  .F.,(2,2),(22.94,22.96),.PIECEWISE_BEZIER_KNOTS.);
#3008 = CARTESIAN_POINT('',(1.19,4.175));
#3009 = CARTESIAN_POINT('',(1.21,4.175));
#3010 = ( GEOMETRIC_REPRESENTATION_CONTEXT(2) 
PARAMETRIC_REPRESENTATION_CONTEXT() REPRESENTATION_CONTEXT('2D SPACE',''
  ) );
#3011 = FACE_BOUND('',#3012,.T.);
#3012 = EDGE_LOOP('',(#3013,#3044,#3070,#3099,#3125,#3154,#3180,#3209));
#3013 = ORIENTED_EDGE('',*,*,#3014,.F.);
#3014 = EDGE_CURVE('',#3015,#3017,#3019,.T.);
#3015 = VERTEX_POINT('',#3016);
#3016 = CARTESIAN_POINT('',(-3.8,38.1,82.362570971337));
#3017 = VERTEX_POINT('',#3018);
#3018 = CARTESIAN_POINT('',(-2.61,38.1,83.552570971337));
#3019 = SURFACE_CURVE('',#3020,(#3025,#3032),.PCURVE_S1.);
#3020 = CIRCLE('',#3021,1.19);
#3021 = AXIS2_PLACEMENT_3D('',#3022,#3023,#3024);
#3022 = CARTESIAN_POINT('',(-2.61,38.1,82.362570971337));
#3023 = DIRECTION('',(0.,1.,0.));
#3024 = DIRECTION('',(-1.,0.,0.));
#3025 = PCURVE('',#893,#3026);
#3026 = DEFINITIONAL_REPRESENTATION('',(#3027),#3031);
#3027 = CIRCLE('',#3028,1.19);
#3028 = AXIS2_PLACEMENT_2D('',#3029,#3030);
#3029 = CARTESIAN_POINT('',(67.662570971337,49.89));
#3030 = DIRECTION('',(0.,-1.));
#3031 = ( GEOMETRIC_REPRESENTATION_CONTEXT(2) 
PARAMETRIC_REPRESENTATION_CONTEXT() REPRESENTATION_CONTEXT('2D SPACE',''
  ) );
#3032 = PCURVE('',#3033,#3038);
#3033 = CYLINDRICAL_SURFACE('',#3034,1.19);
#3034 = AXIS2_PLACEMENT_3D('',#3035,#3036,#3037);
#3035 = CARTESIAN_POINT('',(-2.61,33.925,82.362570971337));
#3036 = DIRECTION('',(0.,1.,0.));
#3037 = DIRECTION('',(-1.,0.,0.));
#3038 = DEFINITIONAL_REPRESENTATION('',(#3039),#3043);
#3039 = LINE('',#3040,#3041);
#3040 = CARTESIAN_POINT('',(0.,4.175));
#3041 = VECTOR('',#3042,1.);
#3042 = DIRECTION('',(1.,0.));
#3043 = ( GEOMETRIC_REPRESENTATION_CONTEXT(2) 
PARAMETRIC_REPRESENTATION_CONTEXT() REPRESENTATION_CONTEXT('2D SPACE',''
  ) );
#3044 = ORIENTED_EDGE('',*,*,#3045,.T.);
#3045 = EDGE_CURVE('',#3015,#3046,#3048,.T.);
#3046 = VERTEX_POINT('',#3047);
#3047 = CARTESIAN_POINT('',(-3.8,38.1,39.037429028663));
#3048 = SURFACE_CURVE('',#3049,(#3053,#3059),.PCURVE_S1.);
#3049 = LINE('',#3050,#3051);
#3050 = CARTESIAN_POINT('',(-3.8,38.1,26.273714514331));
#3051 = VECTOR('',#3052,1.);
#3052 = DIRECTION('',(0.,0.,-1.));
#3053 = PCURVE('',#893,#3054);
#3054 = DEFINITIONAL_REPRESENTATION('',(#3055),#3058);
#3055 = B_SPLINE_CURVE_WITH_KNOTS('',1,(#3056,#3057),.UNSPECIFIED.,.F.,
  .F.,(2,2),(-56.088856457,-12.76371451433),.PIECEWISE_BEZIER_KNOTS.);
#3056 = CARTESIAN_POINT('',(67.662570971337,48.7));
#3057 = CARTESIAN_POINT('',(24.337429028663,48.7));
#3058 = ( GEOMETRIC_REPRESENTATION_CONTEXT(2) 
PARAMETRIC_REPRESENTATION_CONTEXT() REPRESENTATION_CONTEXT('2D SPACE',''
  ) );
#3059 = PCURVE('',#3060,#3065);
#3060 = PLANE('',#3061);
#3061 = AXIS2_PLACEMENT_3D('',#3062,#3063,#3064);
#3062 = CARTESIAN_POINT('',(-3.8,33.925,37.847429028663));
#3063 = DIRECTION('',(1.,0.,0.));
#3064 = DIRECTION('',(0.,0.,1.));
#3065 = DEFINITIONAL_REPRESENTATION('',(#3066),#3069);
#3066 = B_SPLINE_CURVE_WITH_KNOTS('',1,(#3067,#3068),.UNSPECIFIED.,.F.,
  .F.,(2,2),(-56.088856457,-12.76371451433),.PIECEWISE_BEZIER_KNOTS.);
#3067 = CARTESIAN_POINT('',(44.515141942674,-4.175));
#3068 = CARTESIAN_POINT('',(1.19,-4.175));
#3069 = ( GEOMETRIC_REPRESENTATION_CONTEXT(2) 
PARAMETRIC_REPRESENTATION_CONTEXT() REPRESENTATION_CONTEXT('2D SPACE',''
  ) );
#3070 = ORIENTED_EDGE('',*,*,#3071,.F.);
#3071 = EDGE_CURVE('',#3072,#3046,#3074,.T.);
#3072 = VERTEX_POINT('',#3073);
#3073 = CARTESIAN_POINT('',(-2.61,38.1,37.847429028663));
#3074 = SURFACE_CURVE('',#3075,(#3080,#3087),.PCURVE_S1.);
#3075 = CIRCLE('',#3076,1.19);
#3076 = AXIS2_PLACEMENT_3D('',#3077,#3078,#3079);
#3077 = CARTESIAN_POINT('',(-2.61,38.1,39.037429028663));
#3078 = DIRECTION('',(0.,1.,0.));
#3079 = DIRECTION('',(-1.,0.,0.));
#3080 = PCURVE('',#893,#3081);
#3081 = DEFINITIONAL_REPRESENTATION('',(#3082),#3086);
#3082 = CIRCLE('',#3083,1.19);
#3083 = AXIS2_PLACEMENT_2D('',#3084,#3085);
#3084 = CARTESIAN_POINT('',(24.337429028663,49.89));
#3085 = DIRECTION('',(0.,-1.));
#3086 = ( GEOMETRIC_REPRESENTATION_CONTEXT(2) 
PARAMETRIC_REPRESENTATION_CONTEXT() REPRESENTATION_CONTEXT('2D SPACE',''
  ) );
#3087 = PCURVE('',#3088,#3093);
#3088 = CYLINDRICAL_SURFACE('',#3089,1.19);
#3089 = AXIS2_PLACEMENT_3D('',#3090,#3091,#3092);
#3090 = CARTESIAN_POINT('',(-2.61,33.925,39.037429028663));
#3091 = DIRECTION('',(0.,1.,0.));
#3092 = DIRECTION('',(-1.,0.,0.));
#3093 = DEFINITIONAL_REPRESENTATION('',(#3094),#3098);
#3094 = LINE('',#3095,#3096);
#3095 = CARTESIAN_POINT('',(-6.28318530718,4.175));
#3096 = VECTOR('',#3097,1.);
#3097 = DIRECTION('',(1.,-0.));
#3098 = ( GEOMETRIC_REPRESENTATION_CONTEXT(2) 
PARAMETRIC_REPRESENTATION_CONTEXT() REPRESENTATION_CONTEXT('2D SPACE',''
  ) );
#3099 = ORIENTED_EDGE('',*,*,#3100,.T.);
#3100 = EDGE_CURVE('',#3072,#3101,#3103,.T.);
#3101 = VERTEX_POINT('',#3102);
#3102 = CARTESIAN_POINT('',(-2.59,38.1,37.847429028663));
#3103 = SURFACE_CURVE('',#3104,(#3108,#3114),.PCURVE_S1.);
#3104 = LINE('',#3105,#3106);
#3105 = CARTESIAN_POINT('',(-28.15,38.1,37.847429028663));
#3106 = VECTOR('',#3107,1.);
#3107 = DIRECTION('',(1.,0.,0.));
#3108 = PCURVE('',#893,#3109);
#3109 = DEFINITIONAL_REPRESENTATION('',(#3110),#3113);
#3110 = B_SPLINE_CURVE_WITH_KNOTS('',1,(#3111,#3112),.UNSPECIFIED.,.F.,
  .F.,(2,2),(25.54,25.56),.PIECEWISE_BEZIER_KNOTS.);
#3111 = CARTESIAN_POINT('',(23.147429028663,49.89));
#3112 = CARTESIAN_POINT('',(23.147429028663,49.91));
#3113 = ( GEOMETRIC_REPRESENTATION_CONTEXT(2) 
PARAMETRIC_REPRESENTATION_CONTEXT() REPRESENTATION_CONTEXT('2D SPACE',''
  ) );
#3114 = PCURVE('',#3115,#3120);
#3115 = PLANE('',#3116);
#3116 = AXIS2_PLACEMENT_3D('',#3117,#3118,#3119);
#3117 = CARTESIAN_POINT('',(-3.8,33.925,37.847429028663));
#3118 = DIRECTION('',(0.,0.,1.));
#3119 = DIRECTION('',(1.,0.,0.));
#3120 = DEFINITIONAL_REPRESENTATION('',(#3121),#3124);
#3121 = B_SPLINE_CURVE_WITH_KNOTS('',1,(#3122,#3123),.UNSPECIFIED.,.F.,
  .F.,(2,2),(25.54,25.56),.PIECEWISE_BEZIER_KNOTS.);
#3122 = CARTESIAN_POINT('',(1.19,4.175));
#3123 = CARTESIAN_POINT('',(1.21,4.175));
#3124 = ( GEOMETRIC_REPRESENTATION_CONTEXT(2) 
PARAMETRIC_REPRESENTATION_CONTEXT() REPRESENTATION_CONTEXT('2D SPACE',''
  ) );
#3125 = ORIENTED_EDGE('',*,*,#3126,.F.);
#3126 = EDGE_CURVE('',#3127,#3101,#3129,.T.);
#3127 = VERTEX_POINT('',#3128);
#3128 = CARTESIAN_POINT('',(-1.4,38.1,39.037429028663));
#3129 = SURFACE_CURVE('',#3130,(#3135,#3142),.PCURVE_S1.);
#3130 = CIRCLE('',#3131,1.19);
#3131 = AXIS2_PLACEMENT_3D('',#3132,#3133,#3134);
#3132 = CARTESIAN_POINT('',(-2.59,38.1,39.037429028663));
#3133 = DIRECTION('',(0.,1.,0.));
#3134 = DIRECTION('',(1.,0.,-0.));
#3135 = PCURVE('',#893,#3136);
#3136 = DEFINITIONAL_REPRESENTATION('',(#3137),#3141);
#3137 = CIRCLE('',#3138,1.19);
#3138 = AXIS2_PLACEMENT_2D('',#3139,#3140);
#3139 = CARTESIAN_POINT('',(24.337429028663,49.91));
#3140 = DIRECTION('',(0.,1.));
#3141 = ( GEOMETRIC_REPRESENTATION_CONTEXT(2) 
PARAMETRIC_REPRESENTATION_CONTEXT() REPRESENTATION_CONTEXT('2D SPACE',''
  ) );
#3142 = PCURVE('',#3143,#3148);
#3143 = CYLINDRICAL_SURFACE('',#3144,1.19);
#3144 = AXIS2_PLACEMENT_3D('',#3145,#3146,#3147);
#3145 = CARTESIAN_POINT('',(-2.59,33.925,39.037429028663));
#3146 = DIRECTION('',(0.,1.,0.));
#3147 = DIRECTION('',(1.,0.,-0.));
#3148 = DEFINITIONAL_REPRESENTATION('',(#3149),#3153);
#3149 = LINE('',#3150,#3151);
#3150 = CARTESIAN_POINT('',(0.,4.175));
#3151 = VECTOR('',#3152,1.);
#3152 = DIRECTION('',(1.,0.));
#3153 = ( GEOMETRIC_REPRESENTATION_CONTEXT(2) 
PARAMETRIC_REPRESENTATION_CONTEXT() REPRESENTATION_CONTEXT('2D SPACE',''
  ) );
#3154 = ORIENTED_EDGE('',*,*,#3155,.F.);
#3155 = EDGE_CURVE('',#3156,#3127,#3158,.T.);
#3156 = VERTEX_POINT('',#3157);
#3157 = CARTESIAN_POINT('',(-1.4,38.1,82.362570971337));
#3158 = SURFACE_CURVE('',#3159,(#3163,#3169),.PCURVE_S1.);
#3159 = LINE('',#3160,#3161);
#3160 = CARTESIAN_POINT('',(-1.4,38.1,26.273714514331));
#3161 = VECTOR('',#3162,1.);
#3162 = DIRECTION('',(0.,0.,-1.));
#3163 = PCURVE('',#893,#3164);
#3164 = DEFINITIONAL_REPRESENTATION('',(#3165),#3168);
#3165 = B_SPLINE_CURVE_WITH_KNOTS('',1,(#3166,#3167),.UNSPECIFIED.,.F.,
  .F.,(2,2),(-56.088856457,-12.76371451433),.PIECEWISE_BEZIER_KNOTS.);
#3166 = CARTESIAN_POINT('',(67.662570971337,51.1));
#3167 = CARTESIAN_POINT('',(24.337429028663,51.1));
#3168 = ( GEOMETRIC_REPRESENTATION_CONTEXT(2) 
PARAMETRIC_REPRESENTATION_CONTEXT() REPRESENTATION_CONTEXT('2D SPACE',''
  ) );
#3169 = PCURVE('',#3170,#3175);
#3170 = PLANE('',#3171);
#3171 = AXIS2_PLACEMENT_3D('',#3172,#3173,#3174);
#3172 = CARTESIAN_POINT('',(-1.4,33.925,37.847429028663));
#3173 = DIRECTION('',(1.,0.,0.));
#3174 = DIRECTION('',(0.,0.,1.));
#3175 = DEFINITIONAL_REPRESENTATION('',(#3176),#3179);
#3176 = B_SPLINE_CURVE_WITH_KNOTS('',1,(#3177,#3178),.UNSPECIFIED.,.F.,
  .F.,(2,2),(-56.088856457,-12.76371451433),.PIECEWISE_BEZIER_KNOTS.);
#3177 = CARTESIAN_POINT('',(44.515141942674,-4.175));
#3178 = CARTESIAN_POINT('',(1.19,-4.175));
#3179 = ( GEOMETRIC_REPRESENTATION_CONTEXT(2) 
PARAMETRIC_REPRESENTATION_CONTEXT() REPRESENTATION_CONTEXT('2D SPACE',''
  ) );
#3180 = ORIENTED_EDGE('',*,*,#3181,.F.);
#3181 = EDGE_CURVE('',#3182,#3156,#3184,.T.);
#3182 = VERTEX_POINT('',#3183);
#3183 = CARTESIAN_POINT('',(-2.59,38.1,83.552570971337));
#3184 = SURFACE_CURVE('',#3185,(#3190,#3197),.PCURVE_S1.);
#3185 = CIRCLE('',#3186,1.19);
#3186 = AXIS2_PLACEMENT_3D('',#3187,#3188,#3189);
#3187 = CARTESIAN_POINT('',(-2.59,38.1,82.362570971337));
#3188 = DIRECTION('',(0.,1.,0.));
#3189 = DIRECTION('',(1.,0.,-0.));
#3190 = PCURVE('',#893,#3191);
#3191 = DEFINITIONAL_REPRESENTATION('',(#3192),#3196);
#3192 = CIRCLE('',#3193,1.19);
#3193 = AXIS2_PLACEMENT_2D('',#3194,#3195);
#3194 = CARTESIAN_POINT('',(67.662570971337,49.91));
#3195 = DIRECTION('',(0.,1.));
#3196 = ( GEOMETRIC_REPRESENTATION_CONTEXT(2) 
PARAMETRIC_REPRESENTATION_CONTEXT() REPRESENTATION_CONTEXT('2D SPACE',''
  ) );
#3197 = PCURVE('',#3198,#3203);
#3198 = CYLINDRICAL_SURFACE('',#3199,1.19);
#3199 = AXIS2_PLACEMENT_3D('',#3200,#3201,#3202);
#3200 = CARTESIAN_POINT('',(-2.59,33.925,82.362570971337));
#3201 = DIRECTION('',(0.,1.,0.));
#3202 = DIRECTION('',(1.,0.,-0.));
#3203 = DEFINITIONAL_REPRESENTATION('',(#3204),#3208);
#3204 = LINE('',#3205,#3206);
#3205 = CARTESIAN_POINT('',(-6.28318530718,4.175));
#3206 = VECTOR('',#3207,1.);
#3207 = DIRECTION('',(1.,-0.));
#3208 = ( GEOMETRIC_REPRESENTATION_CONTEXT(2) 
PARAMETRIC_REPRESENTATION_CONTEXT() REPRESENTATION_CONTEXT('2D SPACE',''
  ) );
#3209 = ORIENTED_EDGE('',*,*,#3210,.F.);
#3210 = EDGE_CURVE('',#3017,#3182,#3211,.T.);
#3211 = SURFACE_CURVE('',#3212,(#3216,#3222),.PCURVE_S1.);
#3212 = LINE('',#3213,#3214);
#3213 = CARTESIAN_POINT('',(-28.15,38.1,83.552570971337));
#3214 = VECTOR('',#3215,1.);
#3215 = DIRECTION('',(1.,0.,0.));
#3216 = PCURVE('',#893,#3217);
#3217 = DEFINITIONAL_REPRESENTATION('',(#3218),#3221);
#3218 = B_SPLINE_CURVE_WITH_KNOTS('',1,(#3219,#3220),.UNSPECIFIED.,.F.,
  .F.,(2,2),(25.54,25.56),.PIECEWISE_BEZIER_KNOTS.);
#3219 = CARTESIAN_POINT('',(68.852570971337,49.89));
#3220 = CARTESIAN_POINT('',(68.852570971337,49.91));
#3221 = ( GEOMETRIC_REPRESENTATION_CONTEXT(2) 
PARAMETRIC_REPRESENTATION_CONTEXT() REPRESENTATION_CONTEXT('2D SPACE',''
  ) );
#3222 = PCURVE('',#3223,#3228);
#3223 = PLANE('',#3224);
#3224 = AXIS2_PLACEMENT_3D('',#3225,#3226,#3227);
#3225 = CARTESIAN_POINT('',(-3.8,33.925,83.552570971337));
#3226 = DIRECTION('',(0.,0.,1.));
#3227 = DIRECTION('',(1.,0.,0.));
#3228 = DEFINITIONAL_REPRESENTATION('',(#3229),#3232);
#3229 = B_SPLINE_CURVE_WITH_KNOTS('',1,(#3230,#3231),.UNSPECIFIED.,.F.,
  .F.,(2,2),(25.54,25.56),.PIECEWISE_BEZIER_KNOTS.);
#3230 = CARTESIAN_POINT('',(1.19,4.175));
#3231 = CARTESIAN_POINT('',(1.21,4.175));
#3232 = ( GEOMETRIC_REPRESENTATION_CONTEXT(2) 
PARAMETRIC_REPRESENTATION_CONTEXT() REPRESENTATION_CONTEXT('2D SPACE',''
  ) );
#3233 = FACE_BOUND('',#3234,.T.);
#3234 = EDGE_LOOP('',(#3235,#3266,#3292,#3321,#3347,#3376,#3402,#3431));
#3235 = ORIENTED_EDGE('',*,*,#3236,.F.);
#3236 = EDGE_CURVE('',#3237,#3239,#3241,.T.);
#3237 = VERTEX_POINT('',#3238);
#3238 = CARTESIAN_POINT('',(1.4,38.1,82.362570971337));
#3239 = VERTEX_POINT('',#3240);
#3240 = CARTESIAN_POINT('',(2.59,38.1,83.552570971337));
#3241 = SURFACE_CURVE('',#3242,(#3247,#3254),.PCURVE_S1.);
#3242 = CIRCLE('',#3243,1.19);
#3243 = AXIS2_PLACEMENT_3D('',#3244,#3245,#3246);
#3244 = CARTESIAN_POINT('',(2.59,38.1,82.362570971337));
#3245 = DIRECTION('',(0.,1.,0.));
#3246 = DIRECTION('',(-1.,0.,0.));
#3247 = PCURVE('',#893,#3248);
#3248 = DEFINITIONAL_REPRESENTATION('',(#3249),#3253);
#3249 = CIRCLE('',#3250,1.19);
#3250 = AXIS2_PLACEMENT_2D('',#3251,#3252);
#3251 = CARTESIAN_POINT('',(67.662570971337,55.09));
#3252 = DIRECTION('',(0.,-1.));
#3253 = ( GEOMETRIC_REPRESENTATION_CONTEXT(2) 
PARAMETRIC_REPRESENTATION_CONTEXT() REPRESENTATION_CONTEXT('2D SPACE',''
  ) );
#3254 = PCURVE('',#3255,#3260);
#3255 = CYLINDRICAL_SURFACE('',#3256,1.19);
#3256 = AXIS2_PLACEMENT_3D('',#3257,#3258,#3259);
#3257 = CARTESIAN_POINT('',(2.59,33.925,82.362570971337));
#3258 = DIRECTION('',(0.,1.,0.));
#3259 = DIRECTION('',(-1.,0.,0.));
#3260 = DEFINITIONAL_REPRESENTATION('',(#3261),#3265);
#3261 = LINE('',#3262,#3263);
#3262 = CARTESIAN_POINT('',(0.,4.175));
#3263 = VECTOR('',#3264,1.);
#3264 = DIRECTION('',(1.,0.));
#3265 = ( GEOMETRIC_REPRESENTATION_CONTEXT(2) 
PARAMETRIC_REPRESENTATION_CONTEXT() REPRESENTATION_CONTEXT('2D SPACE',''
  ) );
#3266 = ORIENTED_EDGE('',*,*,#3267,.T.);
#3267 = EDGE_CURVE('',#3237,#3268,#3270,.T.);
#3268 = VERTEX_POINT('',#3269);
#3269 = CARTESIAN_POINT('',(1.4,38.1,39.037429028663));
#3270 = SURFACE_CURVE('',#3271,(#3275,#3281),.PCURVE_S1.);
#3271 = LINE('',#3272,#3273);
#3272 = CARTESIAN_POINT('',(1.4,38.1,26.273714514331));
#3273 = VECTOR('',#3274,1.);
#3274 = DIRECTION('',(0.,0.,-1.));
#3275 = PCURVE('',#893,#3276);
#3276 = DEFINITIONAL_REPRESENTATION('',(#3277),#3280);
#3277 = B_SPLINE_CURVE_WITH_KNOTS('',1,(#3278,#3279),.UNSPECIFIED.,.F.,
  .F.,(2,2),(-56.088856457,-12.76371451433),.PIECEWISE_BEZIER_KNOTS.);
#3278 = CARTESIAN_POINT('',(67.662570971337,53.9));
#3279 = CARTESIAN_POINT('',(24.337429028663,53.9));
#3280 = ( GEOMETRIC_REPRESENTATION_CONTEXT(2) 
PARAMETRIC_REPRESENTATION_CONTEXT() REPRESENTATION_CONTEXT('2D SPACE',''
  ) );
#3281 = PCURVE('',#3282,#3287);
#3282 = PLANE('',#3283);
#3283 = AXIS2_PLACEMENT_3D('',#3284,#3285,#3286);
#3284 = CARTESIAN_POINT('',(1.4,33.925,37.847429028663));
#3285 = DIRECTION('',(1.,0.,0.));
#3286 = DIRECTION('',(0.,0.,1.));
#3287 = DEFINITIONAL_REPRESENTATION('',(#3288),#3291);
#3288 = B_SPLINE_CURVE_WITH_KNOTS('',1,(#3289,#3290),.UNSPECIFIED.,.F.,
  .F.,(2,2),(-56.088856457,-12.76371451433),.PIECEWISE_BEZIER_KNOTS.);
#3289 = CARTESIAN_POINT('',(44.515141942674,-4.175));
#3290 = CARTESIAN_POINT('',(1.19,-4.175));
#3291 = ( GEOMETRIC_REPRESENTATION_CONTEXT(2) 
PARAMETRIC_REPRESENTATION_CONTEXT() REPRESENTATION_CONTEXT('2D SPACE',''
  ) );
#3292 = ORIENTED_EDGE('',*,*,#3293,.F.);
#3293 = EDGE_CURVE('',#3294,#3268,#3296,.T.);
#3294 = VERTEX_POINT('',#3295);
#3295 = CARTESIAN_POINT('',(2.59,38.1,37.847429028663));
#3296 = SURFACE_CURVE('',#3297,(#3302,#3309),.PCURVE_S1.);
#3297 = CIRCLE('',#3298,1.19);
#3298 = AXIS2_PLACEMENT_3D('',#3299,#3300,#3301);
#3299 = CARTESIAN_POINT('',(2.59,38.1,39.037429028663));
#3300 = DIRECTION('',(0.,1.,0.));
#3301 = DIRECTION('',(-1.,0.,0.));
#3302 = PCURVE('',#893,#3303);
#3303 = DEFINITIONAL_REPRESENTATION('',(#3304),#3308);
#3304 = CIRCLE('',#3305,1.19);
#3305 = AXIS2_PLACEMENT_2D('',#3306,#3307);
#3306 = CARTESIAN_POINT('',(24.337429028663,55.09));
#3307 = DIRECTION('',(0.,-1.));
#3308 = ( GEOMETRIC_REPRESENTATION_CONTEXT(2) 
PARAMETRIC_REPRESENTATION_CONTEXT() REPRESENTATION_CONTEXT('2D SPACE',''
  ) );
#3309 = PCURVE('',#3310,#3315);
#3310 = CYLINDRICAL_SURFACE('',#3311,1.19);
#3311 = AXIS2_PLACEMENT_3D('',#3312,#3313,#3314);
#3312 = CARTESIAN_POINT('',(2.59,33.925,39.037429028663));
#3313 = DIRECTION('',(0.,1.,0.));
#3314 = DIRECTION('',(-1.,0.,0.));
#3315 = DEFINITIONAL_REPRESENTATION('',(#3316),#3320);
#3316 = LINE('',#3317,#3318);
#3317 = CARTESIAN_POINT('',(-6.28318530718,4.175));
#3318 = VECTOR('',#3319,1.);
#3319 = DIRECTION('',(1.,-0.));
#3320 = ( GEOMETRIC_REPRESENTATION_CONTEXT(2) 
PARAMETRIC_REPRESENTATION_CONTEXT() REPRESENTATION_CONTEXT('2D SPACE',''
  ) );
#3321 = ORIENTED_EDGE('',*,*,#3322,.T.);
#3322 = EDGE_CURVE('',#3294,#3323,#3325,.T.);
#3323 = VERTEX_POINT('',#3324);
#3324 = CARTESIAN_POINT('',(2.61,38.1,37.847429028663));
#3325 = SURFACE_CURVE('',#3326,(#3330,#3336),.PCURVE_S1.);
#3326 = LINE('',#3327,#3328);
#3327 = CARTESIAN_POINT('',(-25.55,38.1,37.847429028663));
#3328 = VECTOR('',#3329,1.);
#3329 = DIRECTION('',(1.,0.,0.));
#3330 = PCURVE('',#893,#3331);
#3331 = DEFINITIONAL_REPRESENTATION('',(#3332),#3335);
#3332 = B_SPLINE_CURVE_WITH_KNOTS('',1,(#3333,#3334),.UNSPECIFIED.,.F.,
  .F.,(2,2),(28.14,28.16),.PIECEWISE_BEZIER_KNOTS.);
#3333 = CARTESIAN_POINT('',(23.147429028663,55.09));
#3334 = CARTESIAN_POINT('',(23.147429028663,55.11));
#3335 = ( GEOMETRIC_REPRESENTATION_CONTEXT(2) 
PARAMETRIC_REPRESENTATION_CONTEXT() REPRESENTATION_CONTEXT('2D SPACE',''
  ) );
#3336 = PCURVE('',#3337,#3342);
#3337 = PLANE('',#3338);
#3338 = AXIS2_PLACEMENT_3D('',#3339,#3340,#3341);
#3339 = CARTESIAN_POINT('',(1.4,33.925,37.847429028663));
#3340 = DIRECTION('',(0.,0.,1.));
#3341 = DIRECTION('',(1.,0.,0.));
#3342 = DEFINITIONAL_REPRESENTATION('',(#3343),#3346);
#3343 = B_SPLINE_CURVE_WITH_KNOTS('',1,(#3344,#3345),.UNSPECIFIED.,.F.,
  .F.,(2,2),(28.14,28.16),.PIECEWISE_BEZIER_KNOTS.);
#3344 = CARTESIAN_POINT('',(1.19,4.175));
#3345 = CARTESIAN_POINT('',(1.21,4.175));
#3346 = ( GEOMETRIC_REPRESENTATION_CONTEXT(2) 
PARAMETRIC_REPRESENTATION_CONTEXT() REPRESENTATION_CONTEXT('2D SPACE',''
  ) );
#3347 = ORIENTED_EDGE('',*,*,#3348,.F.);
#3348 = EDGE_CURVE('',#3349,#3323,#3351,.T.);
#3349 = VERTEX_POINT('',#3350);
#3350 = CARTESIAN_POINT('',(3.8,38.1,39.037429028663));
#3351 = SURFACE_CURVE('',#3352,(#3357,#3364),.PCURVE_S1.);
#3352 = CIRCLE('',#3353,1.19);
#3353 = AXIS2_PLACEMENT_3D('',#3354,#3355,#3356);
#3354 = CARTESIAN_POINT('',(2.61,38.1,39.037429028663));
#3355 = DIRECTION('',(0.,1.,0.));
#3356 = DIRECTION('',(1.,0.,-0.));
#3357 = PCURVE('',#893,#3358);
#3358 = DEFINITIONAL_REPRESENTATION('',(#3359),#3363);
#3359 = CIRCLE('',#3360,1.19);
#3360 = AXIS2_PLACEMENT_2D('',#3361,#3362);
#3361 = CARTESIAN_POINT('',(24.337429028663,55.11));
#3362 = DIRECTION('',(0.,1.));
#3363 = ( GEOMETRIC_REPRESENTATION_CONTEXT(2) 
PARAMETRIC_REPRESENTATION_CONTEXT() REPRESENTATION_CONTEXT('2D SPACE',''
  ) );
#3364 = PCURVE('',#3365,#3370);
#3365 = CYLINDRICAL_SURFACE('',#3366,1.19);
#3366 = AXIS2_PLACEMENT_3D('',#3367,#3368,#3369);
#3367 = CARTESIAN_POINT('',(2.61,33.925,39.037429028663));
#3368 = DIRECTION('',(0.,1.,0.));
#3369 = DIRECTION('',(1.,0.,-0.));
#3370 = DEFINITIONAL_REPRESENTATION('',(#3371),#3375);
#3371 = LINE('',#3372,#3373);
#3372 = CARTESIAN_POINT('',(0.,4.175));
#3373 = VECTOR('',#3374,1.);
#3374 = DIRECTION('',(1.,0.));
#3375 = ( GEOMETRIC_REPRESENTATION_CONTEXT(2) 
PARAMETRIC_REPRESENTATION_CONTEXT() REPRESENTATION_CONTEXT('2D SPACE',''
  ) );
#3376 = ORIENTED_EDGE('',*,*,#3377,.F.);
#3377 = EDGE_CURVE('',#3378,#3349,#3380,.T.);
#3378 = VERTEX_POINT('',#3379);
#3379 = CARTESIAN_POINT('',(3.8,38.1,82.362570971337));
#3380 = SURFACE_CURVE('',#3381,(#3385,#3391),.PCURVE_S1.);
#3381 = LINE('',#3382,#3383);
#3382 = CARTESIAN_POINT('',(3.8,38.1,26.273714514331));
#3383 = VECTOR('',#3384,1.);
#3384 = DIRECTION('',(0.,0.,-1.));
#3385 = PCURVE('',#893,#3386);
#3386 = DEFINITIONAL_REPRESENTATION('',(#3387),#3390);
#3387 = B_SPLINE_CURVE_WITH_KNOTS('',1,(#3388,#3389),.UNSPECIFIED.,.F.,
  .F.,(2,2),(-56.088856457,-12.76371451433),.PIECEWISE_BEZIER_KNOTS.);
#3388 = CARTESIAN_POINT('',(67.662570971337,56.3));
#3389 = CARTESIAN_POINT('',(24.337429028663,56.3));
#3390 = ( GEOMETRIC_REPRESENTATION_CONTEXT(2) 
PARAMETRIC_REPRESENTATION_CONTEXT() REPRESENTATION_CONTEXT('2D SPACE',''
  ) );
#3391 = PCURVE('',#3392,#3397);
#3392 = PLANE('',#3393);
#3393 = AXIS2_PLACEMENT_3D('',#3394,#3395,#3396);
#3394 = CARTESIAN_POINT('',(3.8,33.925,37.847429028663));
#3395 = DIRECTION('',(1.,0.,0.));
#3396 = DIRECTION('',(0.,0.,1.));
#3397 = DEFINITIONAL_REPRESENTATION('',(#3398),#3401);
#3398 = B_SPLINE_CURVE_WITH_KNOTS('',1,(#3399,#3400),.UNSPECIFIED.,.F.,
  .F.,(2,2),(-56.088856457,-12.76371451433),.PIECEWISE_BEZIER_KNOTS.);
#3399 = CARTESIAN_POINT('',(44.515141942674,-4.175));
#3400 = CARTESIAN_POINT('',(1.19,-4.175));
#3401 = ( GEOMETRIC_REPRESENTATION_CONTEXT(2) 
PARAMETRIC_REPRESENTATION_CONTEXT() REPRESENTATION_CONTEXT('2D SPACE',''
  ) );
#3402 = ORIENTED_EDGE('',*,*,#3403,.F.);
#3403 = EDGE_CURVE('',#3404,#3378,#3406,.T.);
#3404 = VERTEX_POINT('',#3405);
#3405 = CARTESIAN_POINT('',(2.61,38.1,83.552570971337));
#3406 = SURFACE_CURVE('',#3407,(#3412,#3419),.PCURVE_S1.);
#3407 = CIRCLE('',#3408,1.19);
#3408 = AXIS2_PLACEMENT_3D('',#3409,#3410,#3411);
#3409 = CARTESIAN_POINT('',(2.61,38.1,82.362570971337));
#3410 = DIRECTION('',(0.,1.,0.));
#3411 = DIRECTION('',(1.,0.,-0.));
#3412 = PCURVE('',#893,#3413);
#3413 = DEFINITIONAL_REPRESENTATION('',(#3414),#3418);
#3414 = CIRCLE('',#3415,1.19);
#3415 = AXIS2_PLACEMENT_2D('',#3416,#3417);
#3416 = CARTESIAN_POINT('',(67.662570971337,55.11));
#3417 = DIRECTION('',(0.,1.));
#3418 = ( GEOMETRIC_REPRESENTATION_CONTEXT(2) 
PARAMETRIC_REPRESENTATION_CONTEXT() REPRESENTATION_CONTEXT('2D SPACE',''
  ) );
#3419 = PCURVE('',#3420,#3425);
#3420 = CYLINDRICAL_SURFACE('',#3421,1.19);
#3421 = AXIS2_PLACEMENT_3D('',#3422,#3423,#3424);
#3422 = CARTESIAN_POINT('',(2.61,33.925,82.362570971337));
#3423 = DIRECTION('',(0.,1.,0.));
#3424 = DIRECTION('',(1.,0.,-0.));
#3425 = DEFINITIONAL_REPRESENTATION('',(#3426),#3430);
#3426 = LINE('',#3427,#3428);
#3427 = CARTESIAN_POINT('',(-6.28318530718,4.175));
#3428 = VECTOR('',#3429,1.);
#3429 = DIRECTION('',(1.,-0.));
#3430 = ( GEOMETRIC_REPRESENTATION_CONTEXT(2) 
PARAMETRIC_REPRESENTATION_CONTEXT() REPRESENTATION_CONTEXT('2D SPACE',''
  ) );
#3431 = ORIENTED_EDGE('',*,*,#3432,.F.);
#3432 = EDGE_CURVE('',#3239,#3404,#3433,.T.);
#3433 = SURFACE_CURVE('',#3434,(#3438,#3444),.PCURVE_S1.);
#3434 = LINE('',#3435,#3436);
#3435 = CARTESIAN_POINT('',(-25.55,38.1,83.552570971337));
#3436 = VECTOR('',#3437,1.);
#3437 = DIRECTION('',(1.,0.,0.));
#3438 = PCURVE('',#893,#3439);
#3439 = DEFINITIONAL_REPRESENTATION('',(#3440),#3443);
#3440 = B_SPLINE_CURVE_WITH_KNOTS('',1,(#3441,#3442),.UNSPECIFIED.,.F.,
  .F.,(2,2),(28.14,28.16),.PIECEWISE_BEZIER_KNOTS.);
#3441 = CARTESIAN_POINT('',(68.852570971337,55.09));
#3442 = CARTESIAN_POINT('',(68.852570971337,55.11));
#3443 = ( GEOMETRIC_REPRESENTATION_CONTEXT(2) 
PARAMETRIC_REPRESENTATION_CONTEXT() REPRESENTATION_CONTEXT('2D SPACE',''
  ) );
#3444 = PCURVE('',#3445,#3450);
#3445 = PLANE('',#3446);
#3446 = AXIS2_PLACEMENT_3D('',#3447,#3448,#3449);
#3447 = CARTESIAN_POINT('',(1.4,33.925,83.552570971337));
#3448 = DIRECTION('',(0.,0.,1.));
#3449 = DIRECTION('',(1.,0.,0.));
#3450 = DEFINITIONAL_REPRESENTATION('',(#3451),#3454);
#3451 = B_SPLINE_CURVE_WITH_KNOTS('',1,(#3452,#3453),.UNSPECIFIED.,.F.,
  .F.,(2,2),(28.14,28.16),.PIECEWISE_BEZIER_KNOTS.);
#3452 = CARTESIAN_POINT('',(1.19,4.175));
#3453 = CARTESIAN_POINT('',(1.21,4.175));
#3454 = ( GEOMETRIC_REPRESENTATION_CONTEXT(2) 
PARAMETRIC_REPRESENTATION_CONTEXT() REPRESENTATION_CONTEXT('2D SPACE',''
  ) );
#3455 = FACE_BOUND('',#3456,.T.);
#3456 = EDGE_LOOP('',(#3457,#3488,#3514,#3543,#3569,#3598,#3624,#3653));
#3457 = ORIENTED_EDGE('',*,*,#3458,.F.);
#3458 = EDGE_CURVE('',#3459,#3461,#3463,.T.);
#3459 = VERTEX_POINT('',#3460);
#3460 = CARTESIAN_POINT('',(6.6,38.1,81.147005338078));
#3461 = VERTEX_POINT('',#3462);
#3462 = CARTESIAN_POINT('',(7.79,38.1,82.337005338078));
#3463 = SURFACE_CURVE('',#3464,(#3469,#3476),.PCURVE_S1.);
#3464 = CIRCLE('',#3465,1.19);
#3465 = AXIS2_PLACEMENT_3D('',#3466,#3467,#3468);
#3466 = CARTESIAN_POINT('',(7.79,38.1,81.147005338078));
#3467 = DIRECTION('',(0.,1.,0.));
#3468 = DIRECTION('',(-1.,0.,0.));
#3469 = PCURVE('',#893,#3470);
#3470 = DEFINITIONAL_REPRESENTATION('',(#3471),#3475);
#3471 = CIRCLE('',#3472,1.19);
#3472 = AXIS2_PLACEMENT_2D('',#3473,#3474);
#3473 = CARTESIAN_POINT('',(66.447005338078,60.29));
#3474 = DIRECTION('',(0.,-1.));
#3475 = ( GEOMETRIC_REPRESENTATION_CONTEXT(2) 
PARAMETRIC_REPRESENTATION_CONTEXT() REPRESENTATION_CONTEXT('2D SPACE',''
  ) );
#3476 = PCURVE('',#3477,#3482);
#3477 = CYLINDRICAL_SURFACE('',#3478,1.19);
#3478 = AXIS2_PLACEMENT_3D('',#3479,#3480,#3481);
#3479 = CARTESIAN_POINT('',(7.79,33.925,81.147005338078));
#3480 = DIRECTION('',(0.,1.,0.));
#3481 = DIRECTION('',(-1.,0.,0.));
#3482 = DEFINITIONAL_REPRESENTATION('',(#3483),#3487);
#3483 = LINE('',#3484,#3485);
#3484 = CARTESIAN_POINT('',(0.,4.175));
#3485 = VECTOR('',#3486,1.);
#3486 = DIRECTION('',(1.,0.));
#3487 = ( GEOMETRIC_REPRESENTATION_CONTEXT(2) 
PARAMETRIC_REPRESENTATION_CONTEXT() REPRESENTATION_CONTEXT('2D SPACE',''
  ) );
#3488 = ORIENTED_EDGE('',*,*,#3489,.T.);
#3489 = EDGE_CURVE('',#3459,#3490,#3492,.T.);
#3490 = VERTEX_POINT('',#3491);
#3491 = CARTESIAN_POINT('',(6.6,38.1,40.252994661922));
#3492 = SURFACE_CURVE('',#3493,(#3497,#3503),.PCURVE_S1.);
#3493 = LINE('',#3494,#3495);
#3494 = CARTESIAN_POINT('',(6.6,38.1,26.881497330961));
#3495 = VECTOR('',#3496,1.);
#3496 = DIRECTION('',(0.,0.,-1.));
#3497 = PCURVE('',#893,#3498);
#3498 = DEFINITIONAL_REPRESENTATION('',(#3499),#3502);
#3499 = B_SPLINE_CURVE_WITH_KNOTS('',1,(#3500,#3501),.UNSPECIFIED.,.F.,
  .F.,(2,2),(-54.26550800711,-13.37149733096),.PIECEWISE_BEZIER_KNOTS.);
#3500 = CARTESIAN_POINT('',(66.447005338078,59.1));
#3501 = CARTESIAN_POINT('',(25.552994661922,59.1));
#3502 = ( GEOMETRIC_REPRESENTATION_CONTEXT(2) 
PARAMETRIC_REPRESENTATION_CONTEXT() REPRESENTATION_CONTEXT('2D SPACE',''
  ) );
#3503 = PCURVE('',#3504,#3509);
#3504 = PLANE('',#3505);
#3505 = AXIS2_PLACEMENT_3D('',#3506,#3507,#3508);
#3506 = CARTESIAN_POINT('',(6.6,33.925,39.062994661922));
#3507 = DIRECTION('',(1.,0.,0.));
#3508 = DIRECTION('',(0.,0.,1.));
#3509 = DEFINITIONAL_REPRESENTATION('',(#3510),#3513);
#3510 = B_SPLINE_CURVE_WITH_KNOTS('',1,(#3511,#3512),.UNSPECIFIED.,.F.,
  .F.,(2,2),(-54.26550800711,-13.37149733096),.PIECEWISE_BEZIER_KNOTS.);
#3511 = CARTESIAN_POINT('',(42.084010676155,-4.175));
#3512 = CARTESIAN_POINT('',(1.19,-4.175));
#3513 = ( GEOMETRIC_REPRESENTATION_CONTEXT(2) 
PARAMETRIC_REPRESENTATION_CONTEXT() REPRESENTATION_CONTEXT('2D SPACE',''
  ) );
#3514 = ORIENTED_EDGE('',*,*,#3515,.F.);
#3515 = EDGE_CURVE('',#3516,#3490,#3518,.T.);
#3516 = VERTEX_POINT('',#3517);
#3517 = CARTESIAN_POINT('',(7.79,38.1,39.062994661922));
#3518 = SURFACE_CURVE('',#3519,(#3524,#3531),.PCURVE_S1.);
#3519 = CIRCLE('',#3520,1.19);
#3520 = AXIS2_PLACEMENT_3D('',#3521,#3522,#3523);
#3521 = CARTESIAN_POINT('',(7.79,38.1,40.252994661922));
#3522 = DIRECTION('',(0.,1.,0.));
#3523 = DIRECTION('',(-1.,0.,0.));
#3524 = PCURVE('',#893,#3525);
#3525 = DEFINITIONAL_REPRESENTATION('',(#3526),#3530);
#3526 = CIRCLE('',#3527,1.19);
#3527 = AXIS2_PLACEMENT_2D('',#3528,#3529);
#3528 = CARTESIAN_POINT('',(25.552994661922,60.29));
#3529 = DIRECTION('',(0.,-1.));
#3530 = ( GEOMETRIC_REPRESENTATION_CONTEXT(2) 
PARAMETRIC_REPRESENTATION_CONTEXT() REPRESENTATION_CONTEXT('2D SPACE',''
  ) );
#3531 = PCURVE('',#3532,#3537);
#3532 = CYLINDRICAL_SURFACE('',#3533,1.19);
#3533 = AXIS2_PLACEMENT_3D('',#3534,#3535,#3536);
#3534 = CARTESIAN_POINT('',(7.79,33.925,40.252994661922));
#3535 = DIRECTION('',(0.,1.,0.));
#3536 = DIRECTION('',(-1.,0.,0.));
#3537 = DEFINITIONAL_REPRESENTATION('',(#3538),#3542);
#3538 = LINE('',#3539,#3540);
#3539 = CARTESIAN_POINT('',(-6.28318530718,4.175));
#3540 = VECTOR('',#3541,1.);
#3541 = DIRECTION('',(1.,-0.));
#3542 = ( GEOMETRIC_REPRESENTATION_CONTEXT(2) 
PARAMETRIC_REPRESENTATION_CONTEXT() REPRESENTATION_CONTEXT('2D SPACE',''
  ) );
#3543 = ORIENTED_EDGE('',*,*,#3544,.T.);
#3544 = EDGE_CURVE('',#3516,#3545,#3547,.T.);
#3545 = VERTEX_POINT('',#3546);
#3546 = CARTESIAN_POINT('',(7.81,38.1,39.062994661922));
#3547 = SURFACE_CURVE('',#3548,(#3552,#3558),.PCURVE_S1.);
#3548 = LINE('',#3549,#3550);
#3549 = CARTESIAN_POINT('',(-22.95,38.1,39.062994661922));
#3550 = VECTOR('',#3551,1.);
#3551 = DIRECTION('',(1.,0.,0.));
#3552 = PCURVE('',#893,#3553);
#3553 = DEFINITIONAL_REPRESENTATION('',(#3554),#3557);
#3554 = B_SPLINE_CURVE_WITH_KNOTS('',1,(#3555,#3556),.UNSPECIFIED.,.F.,
  .F.,(2,2),(30.74,30.76),.PIECEWISE_BEZIER_KNOTS.);
#3555 = CARTESIAN_POINT('',(24.362994661922,60.29));
#3556 = CARTESIAN_POINT('',(24.362994661922,60.31));
#3557 = ( GEOMETRIC_REPRESENTATION_CONTEXT(2) 
PARAMETRIC_REPRESENTATION_CONTEXT() REPRESENTATION_CONTEXT('2D SPACE',''
  ) );
#3558 = PCURVE('',#3559,#3564);
#3559 = PLANE('',#3560);
#3560 = AXIS2_PLACEMENT_3D('',#3561,#3562,#3563);
#3561 = CARTESIAN_POINT('',(6.6,33.925,39.062994661922));
#3562 = DIRECTION('',(0.,0.,1.));
#3563 = DIRECTION('',(1.,0.,0.));
#3564 = DEFINITIONAL_REPRESENTATION('',(#3565),#3568);
#3565 = B_SPLINE_CURVE_WITH_KNOTS('',1,(#3566,#3567),.UNSPECIFIED.,.F.,
  .F.,(2,2),(30.74,30.76),.PIECEWISE_BEZIER_KNOTS.);
#3566 = CARTESIAN_POINT('',(1.19,4.175));
#3567 = CARTESIAN_POINT('',(1.21,4.175));
#3568 = ( GEOMETRIC_REPRESENTATION_CONTEXT(2) 
PARAMETRIC_REPRESENTATION_CONTEXT() REPRESENTATION_CONTEXT('2D SPACE',''
  ) );
#3569 = ORIENTED_EDGE('',*,*,#3570,.F.);
#3570 = EDGE_CURVE('',#3571,#3545,#3573,.T.);
#3571 = VERTEX_POINT('',#3572);
#3572 = CARTESIAN_POINT('',(9.,38.1,40.252994661922));
#3573 = SURFACE_CURVE('',#3574,(#3579,#3586),.PCURVE_S1.);
#3574 = CIRCLE('',#3575,1.19);
#3575 = AXIS2_PLACEMENT_3D('',#3576,#3577,#3578);
#3576 = CARTESIAN_POINT('',(7.81,38.1,40.252994661922));
#3577 = DIRECTION('',(0.,1.,0.));
#3578 = DIRECTION('',(1.,0.,-0.));
#3579 = PCURVE('',#893,#3580);
#3580 = DEFINITIONAL_REPRESENTATION('',(#3581),#3585);
#3581 = CIRCLE('',#3582,1.19);
#3582 = AXIS2_PLACEMENT_2D('',#3583,#3584);
#3583 = CARTESIAN_POINT('',(25.552994661922,60.31));
#3584 = DIRECTION('',(0.,1.));
#3585 = ( GEOMETRIC_REPRESENTATION_CONTEXT(2) 
PARAMETRIC_REPRESENTATION_CONTEXT() REPRESENTATION_CONTEXT('2D SPACE',''
  ) );
#3586 = PCURVE('',#3587,#3592);
#3587 = CYLINDRICAL_SURFACE('',#3588,1.19);
#3588 = AXIS2_PLACEMENT_3D('',#3589,#3590,#3591);
#3589 = CARTESIAN_POINT('',(7.81,33.925,40.252994661922));
#3590 = DIRECTION('',(0.,1.,0.));
#3591 = DIRECTION('',(1.,0.,-0.));
#3592 = DEFINITIONAL_REPRESENTATION('',(#3593),#3597);
#3593 = LINE('',#3594,#3595);
#3594 = CARTESIAN_POINT('',(0.,4.175));
#3595 = VECTOR('',#3596,1.);
#3596 = DIRECTION('',(1.,0.));
#3597 = ( GEOMETRIC_REPRESENTATION_CONTEXT(2) 
PARAMETRIC_REPRESENTATION_CONTEXT() REPRESENTATION_CONTEXT('2D SPACE',''
  ) );
#3598 = ORIENTED_EDGE('',*,*,#3599,.F.);
#3599 = EDGE_CURVE('',#3600,#3571,#3602,.T.);
#3600 = VERTEX_POINT('',#3601);
#3601 = CARTESIAN_POINT('',(9.,38.1,81.147005338078));
#3602 = SURFACE_CURVE('',#3603,(#3607,#3613),.PCURVE_S1.);
#3603 = LINE('',#3604,#3605);
#3604 = CARTESIAN_POINT('',(9.,38.1,26.881497330961));
#3605 = VECTOR('',#3606,1.);
#3606 = DIRECTION('',(0.,0.,-1.));
#3607 = PCURVE('',#893,#3608);
#3608 = DEFINITIONAL_REPRESENTATION('',(#3609),#3612);
#3609 = B_SPLINE_CURVE_WITH_KNOTS('',1,(#3610,#3611),.UNSPECIFIED.,.F.,
  .F.,(2,2),(-54.26550800711,-13.37149733096),.PIECEWISE_BEZIER_KNOTS.);
#3610 = CARTESIAN_POINT('',(66.447005338078,61.5));
#3611 = CARTESIAN_POINT('',(25.552994661922,61.5));
#3612 = ( GEOMETRIC_REPRESENTATION_CONTEXT(2) 
PARAMETRIC_REPRESENTATION_CONTEXT() REPRESENTATION_CONTEXT('2D SPACE',''
  ) );
#3613 = PCURVE('',#3614,#3619);
#3614 = PLANE('',#3615);
#3615 = AXIS2_PLACEMENT_3D('',#3616,#3617,#3618);
#3616 = CARTESIAN_POINT('',(9.,33.925,39.062994661922));
#3617 = DIRECTION('',(1.,0.,0.));
#3618 = DIRECTION('',(0.,0.,1.));
#3619 = DEFINITIONAL_REPRESENTATION('',(#3620),#3623);
#3620 = B_SPLINE_CURVE_WITH_KNOTS('',1,(#3621,#3622),.UNSPECIFIED.,.F.,
  .F.,(2,2),(-54.26550800711,-13.37149733096),.PIECEWISE_BEZIER_KNOTS.);
#3621 = CARTESIAN_POINT('',(42.084010676155,-4.175));
#3622 = CARTESIAN_POINT('',(1.19,-4.175));
#3623 = ( GEOMETRIC_REPRESENTATION_CONTEXT(2) 
PARAMETRIC_REPRESENTATION_CONTEXT() REPRESENTATION_CONTEXT('2D SPACE',''
  ) );
#3624 = ORIENTED_EDGE('',*,*,#3625,.F.);
#3625 = EDGE_CURVE('',#3626,#3600,#3628,.T.);
#3626 = VERTEX_POINT('',#3627);
#3627 = CARTESIAN_POINT('',(7.81,38.1,82.337005338078));
#3628 = SURFACE_CURVE('',#3629,(#3634,#3641),.PCURVE_S1.);
#3629 = CIRCLE('',#3630,1.19);
#3630 = AXIS2_PLACEMENT_3D('',#3631,#3632,#3633);
#3631 = CARTESIAN_POINT('',(7.81,38.1,81.147005338078));
#3632 = DIRECTION('',(0.,1.,0.));
#3633 = DIRECTION('',(1.,0.,-0.));
#3634 = PCURVE('',#893,#3635);
#3635 = DEFINITIONAL_REPRESENTATION('',(#3636),#3640);
#3636 = CIRCLE('',#3637,1.19);
#3637 = AXIS2_PLACEMENT_2D('',#3638,#3639);
#3638 = CARTESIAN_POINT('',(66.447005338078,60.31));
#3639 = DIRECTION('',(0.,1.));
#3640 = ( GEOMETRIC_REPRESENTATION_CONTEXT(2) 
PARAMETRIC_REPRESENTATION_CONTEXT() REPRESENTATION_CONTEXT('2D SPACE',''
  ) );
#3641 = PCURVE('',#3642,#3647);
#3642 = CYLINDRICAL_SURFACE('',#3643,1.19);
#3643 = AXIS2_PLACEMENT_3D('',#3644,#3645,#3646);
#3644 = CARTESIAN_POINT('',(7.81,33.925,81.147005338078));
#3645 = DIRECTION('',(0.,1.,0.));
#3646 = DIRECTION('',(1.,0.,-0.));
#3647 = DEFINITIONAL_REPRESENTATION('',(#3648),#3652);
#3648 = LINE('',#3649,#3650);
#3649 = CARTESIAN_POINT('',(-6.28318530718,4.175));
#3650 = VECTOR('',#3651,1.);
#3651 = DIRECTION('',(1.,-0.));
#3652 = ( GEOMETRIC_REPRESENTATION_CONTEXT(2) 
PARAMETRIC_REPRESENTATION_CONTEXT() REPRESENTATION_CONTEXT('2D SPACE',''
  ) );
#3653 = ORIENTED_EDGE('',*,*,#3654,.F.);
#3654 = EDGE_CURVE('',#3461,#3626,#3655,.T.);
#3655 = SURFACE_CURVE('',#3656,(#3660,#3666),.PCURVE_S1.);
#3656 = LINE('',#3657,#3658);
#3657 = CARTESIAN_POINT('',(-22.95,38.1,82.337005338078));
#3658 = VECTOR('',#3659,1.);
#3659 = DIRECTION('',(1.,0.,0.));
#3660 = PCURVE('',#893,#3661);
#3661 = DEFINITIONAL_REPRESENTATION('',(#3662),#3665);
#3662 = B_SPLINE_CURVE_WITH_KNOTS('',1,(#3663,#3664),.UNSPECIFIED.,.F.,
  .F.,(2,2),(30.74,30.76),.PIECEWISE_BEZIER_KNOTS.);
#3663 = CARTESIAN_POINT('',(67.637005338078,60.29));
#3664 = CARTESIAN_POINT('',(67.637005338078,60.31));
#3665 = ( GEOMETRIC_REPRESENTATION_CONTEXT(2) 
PARAMETRIC_REPRESENTATION_CONTEXT() REPRESENTATION_CONTEXT('2D SPACE',''
  ) );
#3666 = PCURVE('',#3667,#3672);
#3667 = PLANE('',#3668);
#3668 = AXIS2_PLACEMENT_3D('',#3669,#3670,#3671);
#3669 = CARTESIAN_POINT('',(6.6,33.925,82.337005338078));
#3670 = DIRECTION('',(0.,0.,1.));
#3671 = DIRECTION('',(1.,0.,0.));
#3672 = DEFINITIONAL_REPRESENTATION('',(#3673),#3676);
#3673 = B_SPLINE_CURVE_WITH_KNOTS('',1,(#3674,#3675),.UNSPECIFIED.,.F.,
  .F.,(2,2),(30.74,30.76),.PIECEWISE_BEZIER_KNOTS.);
#3674 = CARTESIAN_POINT('',(1.19,4.175));
#3675 = CARTESIAN_POINT('',(1.21,4.175));
#3676 = ( GEOMETRIC_REPRESENTATION_CONTEXT(2) 
PARAMETRIC_REPRESENTATION_CONTEXT() REPRESENTATION_CONTEXT('2D SPACE',''
  ) );
#3677 = FACE_BOUND('',#3678,.T.);
#3678 = EDGE_LOOP('',(#3679,#3710,#3736,#3765,#3791,#3820,#3846,#3875));
#3679 = ORIENTED_EDGE('',*,*,#3680,.F.);
#3680 = EDGE_CURVE('',#3681,#3683,#3685,.T.);
#3681 = VERTEX_POINT('',#3682);
#3682 = CARTESIAN_POINT('',(11.8,38.1,78.48366596101));
#3683 = VERTEX_POINT('',#3684);
#3684 = CARTESIAN_POINT('',(12.99,38.1,79.67366596101));
#3685 = SURFACE_CURVE('',#3686,(#3691,#3698),.PCURVE_S1.);
#3686 = CIRCLE('',#3687,1.19);
#3687 = AXIS2_PLACEMENT_3D('',#3688,#3689,#3690);
#3688 = CARTESIAN_POINT('',(12.99,38.1,78.48366596101));
#3689 = DIRECTION('',(0.,1.,0.));
#3690 = DIRECTION('',(-1.,0.,0.));
#3691 = PCURVE('',#893,#3692);
#3692 = DEFINITIONAL_REPRESENTATION('',(#3693),#3697);
#3693 = CIRCLE('',#3694,1.19);
#3694 = AXIS2_PLACEMENT_2D('',#3695,#3696);
#3695 = CARTESIAN_POINT('',(63.78366596101,65.49));
#3696 = DIRECTION('',(0.,-1.));
#3697 = ( GEOMETRIC_REPRESENTATION_CONTEXT(2) 
PARAMETRIC_REPRESENTATION_CONTEXT() REPRESENTATION_CONTEXT('2D SPACE',''
  ) );
#3698 = PCURVE('',#3699,#3704);
#3699 = CYLINDRICAL_SURFACE('',#3700,1.19);
#3700 = AXIS2_PLACEMENT_3D('',#3701,#3702,#3703);
#3701 = CARTESIAN_POINT('',(12.99,33.925,78.48366596101));
#3702 = DIRECTION('',(0.,1.,0.));
#3703 = DIRECTION('',(-1.,0.,0.));
#3704 = DEFINITIONAL_REPRESENTATION('',(#3705),#3709);
#3705 = LINE('',#3706,#3707);
#3706 = CARTESIAN_POINT('',(0.,4.175));
#3707 = VECTOR('',#3708,1.);
#3708 = DIRECTION('',(1.,0.));
#3709 = ( GEOMETRIC_REPRESENTATION_CONTEXT(2) 
PARAMETRIC_REPRESENTATION_CONTEXT() REPRESENTATION_CONTEXT('2D SPACE',''
  ) );
#3710 = ORIENTED_EDGE('',*,*,#3711,.T.);
#3711 = EDGE_CURVE('',#3681,#3712,#3714,.T.);
#3712 = VERTEX_POINT('',#3713);
#3713 = CARTESIAN_POINT('',(11.8,38.1,42.91633403899));
#3714 = SURFACE_CURVE('',#3715,(#3719,#3725),.PCURVE_S1.);
#3715 = LINE('',#3716,#3717);
#3716 = CARTESIAN_POINT('',(11.8,38.1,28.213167019495));
#3717 = VECTOR('',#3718,1.);
#3718 = DIRECTION('',(0.,0.,-1.));
#3719 = PCURVE('',#893,#3720);
#3720 = DEFINITIONAL_REPRESENTATION('',(#3721),#3724);
#3721 = B_SPLINE_CURVE_WITH_KNOTS('',1,(#3722,#3723),.UNSPECIFIED.,.F.,
  .F.,(2,2),(-50.27049894151,-14.70316701949),.PIECEWISE_BEZIER_KNOTS.);
#3722 = CARTESIAN_POINT('',(63.78366596101,64.3));
#3723 = CARTESIAN_POINT('',(28.21633403899,64.3));
#3724 = ( GEOMETRIC_REPRESENTATION_CONTEXT(2) 
PARAMETRIC_REPRESENTATION_CONTEXT() REPRESENTATION_CONTEXT('2D SPACE',''
  ) );
#3725 = PCURVE('',#3726,#3731);
#3726 = PLANE('',#3727);
#3727 = AXIS2_PLACEMENT_3D('',#3728,#3729,#3730);
#3728 = CARTESIAN_POINT('',(11.8,33.925,41.72633403899));
#3729 = DIRECTION('',(1.,0.,0.));
#3730 = DIRECTION('',(0.,0.,1.));
#3731 = DEFINITIONAL_REPRESENTATION('',(#3732),#3735);
#3732 = B_SPLINE_CURVE_WITH_KNOTS('',1,(#3733,#3734),.UNSPECIFIED.,.F.,
  .F.,(2,2),(-50.27049894151,-14.70316701949),.PIECEWISE_BEZIER_KNOTS.);
#3733 = CARTESIAN_POINT('',(36.757331922021,-4.175));
#3734 = CARTESIAN_POINT('',(1.19,-4.175));
#3735 = ( GEOMETRIC_REPRESENTATION_CONTEXT(2) 
PARAMETRIC_REPRESENTATION_CONTEXT() REPRESENTATION_CONTEXT('2D SPACE',''
  ) );
#3736 = ORIENTED_EDGE('',*,*,#3737,.F.);
#3737 = EDGE_CURVE('',#3738,#3712,#3740,.T.);
#3738 = VERTEX_POINT('',#3739);
#3739 = CARTESIAN_POINT('',(12.99,38.1,41.72633403899));
#3740 = SURFACE_CURVE('',#3741,(#3746,#3753),.PCURVE_S1.);
#3741 = CIRCLE('',#3742,1.19);
#3742 = AXIS2_PLACEMENT_3D('',#3743,#3744,#3745);
#3743 = CARTESIAN_POINT('',(12.99,38.1,42.91633403899));
#3744 = DIRECTION('',(0.,1.,0.));
#3745 = DIRECTION('',(-1.,0.,0.));
#3746 = PCURVE('',#893,#3747);
#3747 = DEFINITIONAL_REPRESENTATION('',(#3748),#3752);
#3748 = CIRCLE('',#3749,1.19);
#3749 = AXIS2_PLACEMENT_2D('',#3750,#3751);
#3750 = CARTESIAN_POINT('',(28.21633403899,65.49));
#3751 = DIRECTION('',(0.,-1.));
#3752 = ( GEOMETRIC_REPRESENTATION_CONTEXT(2) 
PARAMETRIC_REPRESENTATION_CONTEXT() REPRESENTATION_CONTEXT('2D SPACE',''
  ) );
#3753 = PCURVE('',#3754,#3759);
#3754 = CYLINDRICAL_SURFACE('',#3755,1.19);
#3755 = AXIS2_PLACEMENT_3D('',#3756,#3757,#3758);
#3756 = CARTESIAN_POINT('',(12.99,33.925,42.91633403899));
#3757 = DIRECTION('',(0.,1.,0.));
#3758 = DIRECTION('',(-1.,0.,0.));
#3759 = DEFINITIONAL_REPRESENTATION('',(#3760),#3764);
#3760 = LINE('',#3761,#3762);
#3761 = CARTESIAN_POINT('',(-6.28318530718,4.175));
#3762 = VECTOR('',#3763,1.);
#3763 = DIRECTION('',(1.,-0.));
#3764 = ( GEOMETRIC_REPRESENTATION_CONTEXT(2) 
PARAMETRIC_REPRESENTATION_CONTEXT() REPRESENTATION_CONTEXT('2D SPACE',''
  ) );
#3765 = ORIENTED_EDGE('',*,*,#3766,.T.);
#3766 = EDGE_CURVE('',#3738,#3767,#3769,.T.);
#3767 = VERTEX_POINT('',#3768);
#3768 = CARTESIAN_POINT('',(13.01,38.1,41.72633403899));
#3769 = SURFACE_CURVE('',#3770,(#3774,#3780),.PCURVE_S1.);
#3770 = LINE('',#3771,#3772);
#3771 = CARTESIAN_POINT('',(-20.35,38.1,41.72633403899));
#3772 = VECTOR('',#3773,1.);
#3773 = DIRECTION('',(1.,0.,0.));
#3774 = PCURVE('',#893,#3775);
#3775 = DEFINITIONAL_REPRESENTATION('',(#3776),#3779);
#3776 = B_SPLINE_CURVE_WITH_KNOTS('',1,(#3777,#3778),.UNSPECIFIED.,.F.,
  .F.,(2,2),(33.34,33.36),.PIECEWISE_BEZIER_KNOTS.);
#3777 = CARTESIAN_POINT('',(27.02633403899,65.49));
#3778 = CARTESIAN_POINT('',(27.02633403899,65.51));
#3779 = ( GEOMETRIC_REPRESENTATION_CONTEXT(2) 
PARAMETRIC_REPRESENTATION_CONTEXT() REPRESENTATION_CONTEXT('2D SPACE',''
  ) );
#3780 = PCURVE('',#3781,#3786);
#3781 = PLANE('',#3782);
#3782 = AXIS2_PLACEMENT_3D('',#3783,#3784,#3785);
#3783 = CARTESIAN_POINT('',(11.8,33.925,41.72633403899));
#3784 = DIRECTION('',(0.,0.,1.));
#3785 = DIRECTION('',(1.,0.,0.));
#3786 = DEFINITIONAL_REPRESENTATION('',(#3787),#3790);
#3787 = B_SPLINE_CURVE_WITH_KNOTS('',1,(#3788,#3789),.UNSPECIFIED.,.F.,
  .F.,(2,2),(33.34,33.36),.PIECEWISE_BEZIER_KNOTS.);
#3788 = CARTESIAN_POINT('',(1.19,4.175));
#3789 = CARTESIAN_POINT('',(1.21,4.175));
#3790 = ( GEOMETRIC_REPRESENTATION_CONTEXT(2) 
PARAMETRIC_REPRESENTATION_CONTEXT() REPRESENTATION_CONTEXT('2D SPACE',''
  ) );
#3791 = ORIENTED_EDGE('',*,*,#3792,.F.);
#3792 = EDGE_CURVE('',#3793,#3767,#3795,.T.);
#3793 = VERTEX_POINT('',#3794);
#3794 = CARTESIAN_POINT('',(14.2,38.1,42.91633403899));
#3795 = SURFACE_CURVE('',#3796,(#3801,#3808),.PCURVE_S1.);
#3796 = CIRCLE('',#3797,1.19);
#3797 = AXIS2_PLACEMENT_3D('',#3798,#3799,#3800);
#3798 = CARTESIAN_POINT('',(13.01,38.1,42.91633403899));
#3799 = DIRECTION('',(0.,1.,0.));
#3800 = DIRECTION('',(1.,0.,-0.));
#3801 = PCURVE('',#893,#3802);
#3802 = DEFINITIONAL_REPRESENTATION('',(#3803),#3807);
#3803 = CIRCLE('',#3804,1.19);
#3804 = AXIS2_PLACEMENT_2D('',#3805,#3806);
#3805 = CARTESIAN_POINT('',(28.21633403899,65.51));
#3806 = DIRECTION('',(0.,1.));
#3807 = ( GEOMETRIC_REPRESENTATION_CONTEXT(2) 
PARAMETRIC_REPRESENTATION_CONTEXT() REPRESENTATION_CONTEXT('2D SPACE',''
  ) );
#3808 = PCURVE('',#3809,#3814);
#3809 = CYLINDRICAL_SURFACE('',#3810,1.19);
#3810 = AXIS2_PLACEMENT_3D('',#3811,#3812,#3813);
#3811 = CARTESIAN_POINT('',(13.01,33.925,42.91633403899));
#3812 = DIRECTION('',(0.,1.,0.));
#3813 = DIRECTION('',(1.,0.,-0.));
#3814 = DEFINITIONAL_REPRESENTATION('',(#3815),#3819);
#3815 = LINE('',#3816,#3817);
#3816 = CARTESIAN_POINT('',(0.,4.175));
#3817 = VECTOR('',#3818,1.);
#3818 = DIRECTION('',(1.,0.));
#3819 = ( GEOMETRIC_REPRESENTATION_CONTEXT(2) 
PARAMETRIC_REPRESENTATION_CONTEXT() REPRESENTATION_CONTEXT('2D SPACE',''
  ) );
#3820 = ORIENTED_EDGE('',*,*,#3821,.F.);
#3821 = EDGE_CURVE('',#3822,#3793,#3824,.T.);
#3822 = VERTEX_POINT('',#3823);
#3823 = CARTESIAN_POINT('',(14.2,38.1,78.48366596101));
#3824 = SURFACE_CURVE('',#3825,(#3829,#3835),.PCURVE_S1.);
#3825 = LINE('',#3826,#3827);
#3826 = CARTESIAN_POINT('',(14.2,38.1,28.213167019495));
#3827 = VECTOR('',#3828,1.);
#3828 = DIRECTION('',(0.,0.,-1.));
#3829 = PCURVE('',#893,#3830);
#3830 = DEFINITIONAL_REPRESENTATION('',(#3831),#3834);
#3831 = B_SPLINE_CURVE_WITH_KNOTS('',1,(#3832,#3833),.UNSPECIFIED.,.F.,
  .F.,(2,2),(-50.27049894151,-14.70316701949),.PIECEWISE_BEZIER_KNOTS.);
#3832 = CARTESIAN_POINT('',(63.78366596101,66.7));
#3833 = CARTESIAN_POINT('',(28.21633403899,66.7));
#3834 = ( GEOMETRIC_REPRESENTATION_CONTEXT(2) 
PARAMETRIC_REPRESENTATION_CONTEXT() REPRESENTATION_CONTEXT('2D SPACE',''
  ) );
#3835 = PCURVE('',#3836,#3841);
#3836 = PLANE('',#3837);
#3837 = AXIS2_PLACEMENT_3D('',#3838,#3839,#3840);
#3838 = CARTESIAN_POINT('',(14.2,33.925,41.72633403899));
#3839 = DIRECTION('',(1.,0.,0.));
#3840 = DIRECTION('',(0.,0.,1.));
#3841 = DEFINITIONAL_REPRESENTATION('',(#3842),#3845);
#3842 = B_SPLINE_CURVE_WITH_KNOTS('',1,(#3843,#3844),.UNSPECIFIED.,.F.,
  .F.,(2,2),(-50.27049894151,-14.70316701949),.PIECEWISE_BEZIER_KNOTS.);
#3843 = CARTESIAN_POINT('',(36.757331922021,-4.175));
#3844 = CARTESIAN_POINT('',(1.19,-4.175));
#3845 = ( GEOMETRIC_REPRESENTATION_CONTEXT(2) 
PARAMETRIC_REPRESENTATION_CONTEXT() REPRESENTATION_CONTEXT('2D SPACE',''
  ) );
#3846 = ORIENTED_EDGE('',*,*,#3847,.F.);
#3847 = EDGE_CURVE('',#3848,#3822,#3850,.T.);
#3848 = VERTEX_POINT('',#3849);
#3849 = CARTESIAN_POINT('',(13.01,38.1,79.67366596101));
#3850 = SURFACE_CURVE('',#3851,(#3856,#3863),.PCURVE_S1.);
#3851 = CIRCLE('',#3852,1.19);
#3852 = AXIS2_PLACEMENT_3D('',#3853,#3854,#3855);
#3853 = CARTESIAN_POINT('',(13.01,38.1,78.48366596101));
#3854 = DIRECTION('',(0.,1.,0.));
#3855 = DIRECTION('',(1.,0.,-0.));
#3856 = PCURVE('',#893,#3857);
#3857 = DEFINITIONAL_REPRESENTATION('',(#3858),#3862);
#3858 = CIRCLE('',#3859,1.19);
#3859 = AXIS2_PLACEMENT_2D('',#3860,#3861);
#3860 = CARTESIAN_POINT('',(63.78366596101,65.51));
#3861 = DIRECTION('',(0.,1.));
#3862 = ( GEOMETRIC_REPRESENTATION_CONTEXT(2) 
PARAMETRIC_REPRESENTATION_CONTEXT() REPRESENTATION_CONTEXT('2D SPACE',''
  ) );
#3863 = PCURVE('',#3864,#3869);
#3864 = CYLINDRICAL_SURFACE('',#3865,1.19);
#3865 = AXIS2_PLACEMENT_3D('',#3866,#3867,#3868);
#3866 = CARTESIAN_POINT('',(13.01,33.925,78.48366596101));
#3867 = DIRECTION('',(0.,1.,0.));
#3868 = DIRECTION('',(1.,0.,-0.));
#3869 = DEFINITIONAL_REPRESENTATION('',(#3870),#3874);
#3870 = LINE('',#3871,#3872);
#3871 = CARTESIAN_POINT('',(-6.28318530718,4.175));
#3872 = VECTOR('',#3873,1.);
#3873 = DIRECTION('',(1.,-0.));
#3874 = ( GEOMETRIC_REPRESENTATION_CONTEXT(2) 
PARAMETRIC_REPRESENTATION_CONTEXT() REPRESENTATION_CONTEXT('2D SPACE',''
  ) );
#3875 = ORIENTED_EDGE('',*,*,#3876,.F.);
#3876 = EDGE_CURVE('',#3683,#3848,#3877,.T.);
#3877 = SURFACE_CURVE('',#3878,(#3882,#3888),.PCURVE_S1.);
#3878 = LINE('',#3879,#3880);
#3879 = CARTESIAN_POINT('',(-20.35,38.1,79.67366596101));
#3880 = VECTOR('',#3881,1.);
#3881 = DIRECTION('',(1.,0.,0.));
#3882 = PCURVE('',#893,#3883);
#3883 = DEFINITIONAL_REPRESENTATION('',(#3884),#3887);
#3884 = B_SPLINE_CURVE_WITH_KNOTS('',1,(#3885,#3886),.UNSPECIFIED.,.F.,
  .F.,(2,2),(33.34,33.36),.PIECEWISE_BEZIER_KNOTS.);
#3885 = CARTESIAN_POINT('',(64.97366596101,65.49));
#3886 = CARTESIAN_POINT('',(64.97366596101,65.51));
#3887 = ( GEOMETRIC_REPRESENTATION_CONTEXT(2) 
PARAMETRIC_REPRESENTATION_CONTEXT() REPRESENTATION_CONTEXT('2D SPACE',''
  ) );
#3888 = PCURVE('',#3889,#3894);
#3889 = PLANE('',#3890);
#3890 = AXIS2_PLACEMENT_3D('',#3891,#3892,#3893);
#3891 = CARTESIAN_POINT('',(11.8,33.925,79.67366596101));
#3892 = DIRECTION('',(0.,0.,1.));
#3893 = DIRECTION('',(1.,0.,0.));
#3894 = DEFINITIONAL_REPRESENTATION('',(#3895),#3898);
#3895 = B_SPLINE_CURVE_WITH_KNOTS('',1,(#3896,#3897),.UNSPECIFIED.,.F.,
  .F.,(2,2),(33.34,33.36),.PIECEWISE_BEZIER_KNOTS.);
#3896 = CARTESIAN_POINT('',(1.19,4.175));
#3897 = CARTESIAN_POINT('',(1.21,4.175));
#3898 = ( GEOMETRIC_REPRESENTATION_CONTEXT(2) 
PARAMETRIC_REPRESENTATION_CONTEXT() REPRESENTATION_CONTEXT('2D SPACE',''
  ) );
#3899 = FACE_BOUND('',#3900,.T.);
#3900 = EDGE_LOOP('',(#3901,#3932,#3958,#3987,#4013,#4042,#4068,#4097));
#3901 = ORIENTED_EDGE('',*,*,#3902,.F.);
#3902 = EDGE_CURVE('',#3903,#3905,#3907,.T.);
#3903 = VERTEX_POINT('',#3904);
#3904 = CARTESIAN_POINT('',(17.,38.1,73.572716664998));
#3905 = VERTEX_POINT('',#3906);
#3906 = CARTESIAN_POINT('',(18.19,38.1,74.762716664998));
#3907 = SURFACE_CURVE('',#3908,(#3913,#3920),.PCURVE_S1.);
#3908 = CIRCLE('',#3909,1.19);
#3909 = AXIS2_PLACEMENT_3D('',#3910,#3911,#3912);
#3910 = CARTESIAN_POINT('',(18.19,38.1,73.572716664998));
#3911 = DIRECTION('',(0.,1.,0.));
#3912 = DIRECTION('',(-1.,0.,0.));
#3913 = PCURVE('',#893,#3914);
#3914 = DEFINITIONAL_REPRESENTATION('',(#3915),#3919);
#3915 = CIRCLE('',#3916,1.19);
#3916 = AXIS2_PLACEMENT_2D('',#3917,#3918);
#3917 = CARTESIAN_POINT('',(58.872716664998,70.69));
#3918 = DIRECTION('',(0.,-1.));
#3919 = ( GEOMETRIC_REPRESENTATION_CONTEXT(2) 
PARAMETRIC_REPRESENTATION_CONTEXT() REPRESENTATION_CONTEXT('2D SPACE',''
  ) );
#3920 = PCURVE('',#3921,#3926);
#3921 = CYLINDRICAL_SURFACE('',#3922,1.19);
#3922 = AXIS2_PLACEMENT_3D('',#3923,#3924,#3925);
#3923 = CARTESIAN_POINT('',(18.19,33.925,73.572716664998));
#3924 = DIRECTION('',(0.,1.,0.));
#3925 = DIRECTION('',(-1.,0.,0.));
#3926 = DEFINITIONAL_REPRESENTATION('',(#3927),#3931);
#3927 = LINE('',#3928,#3929);
#3928 = CARTESIAN_POINT('',(0.,4.175));
#3929 = VECTOR('',#3930,1.);
#3930 = DIRECTION('',(1.,0.));
#3931 = ( GEOMETRIC_REPRESENTATION_CONTEXT(2) 
PARAMETRIC_REPRESENTATION_CONTEXT() REPRESENTATION_CONTEXT('2D SPACE',''
  ) );
#3932 = ORIENTED_EDGE('',*,*,#3933,.T.);
#3933 = EDGE_CURVE('',#3903,#3934,#3936,.T.);
#3934 = VERTEX_POINT('',#3935);
#3935 = CARTESIAN_POINT('',(17.,38.1,47.827283335002));
#3936 = SURFACE_CURVE('',#3937,(#3941,#3947),.PCURVE_S1.);
#3937 = LINE('',#3938,#3939);
#3938 = CARTESIAN_POINT('',(17.,38.1,30.668641667501));
#3939 = VECTOR('',#3940,1.);
#3940 = DIRECTION('',(0.,0.,-1.));
#3941 = PCURVE('',#893,#3942);
#3942 = DEFINITIONAL_REPRESENTATION('',(#3943),#3946);
#3943 = B_SPLINE_CURVE_WITH_KNOTS('',1,(#3944,#3945),.UNSPECIFIED.,.F.,
  .F.,(2,2),(-42.90407499749,-17.1586416675),.PIECEWISE_BEZIER_KNOTS.);
#3944 = CARTESIAN_POINT('',(58.872716664998,69.5));
#3945 = CARTESIAN_POINT('',(33.127283335002,69.5));
#3946 = ( GEOMETRIC_REPRESENTATION_CONTEXT(2) 
PARAMETRIC_REPRESENTATION_CONTEXT() REPRESENTATION_CONTEXT('2D SPACE',''
  ) );
#3947 = PCURVE('',#3948,#3953);
#3948 = PLANE('',#3949);
#3949 = AXIS2_PLACEMENT_3D('',#3950,#3951,#3952);
#3950 = CARTESIAN_POINT('',(17.,33.925,46.637283335002));
#3951 = DIRECTION('',(1.,0.,0.));
#3952 = DIRECTION('',(0.,0.,1.));
#3953 = DEFINITIONAL_REPRESENTATION('',(#3954),#3957);
#3954 = B_SPLINE_CURVE_WITH_KNOTS('',1,(#3955,#3956),.UNSPECIFIED.,.F.,
  .F.,(2,2),(-42.90407499749,-17.1586416675),.PIECEWISE_BEZIER_KNOTS.);
#3955 = CARTESIAN_POINT('',(26.935433329995,-4.175));
#3956 = CARTESIAN_POINT('',(1.19,-4.175));
#3957 = ( GEOMETRIC_REPRESENTATION_CONTEXT(2) 
PARAMETRIC_REPRESENTATION_CONTEXT() REPRESENTATION_CONTEXT('2D SPACE',''
  ) );
#3958 = ORIENTED_EDGE('',*,*,#3959,.F.);
#3959 = EDGE_CURVE('',#3960,#3934,#3962,.T.);
#3960 = VERTEX_POINT('',#3961);
#3961 = CARTESIAN_POINT('',(18.19,38.1,46.637283335002));
#3962 = SURFACE_CURVE('',#3963,(#3968,#3975),.PCURVE_S1.);
#3963 = CIRCLE('',#3964,1.19);
#3964 = AXIS2_PLACEMENT_3D('',#3965,#3966,#3967);
#3965 = CARTESIAN_POINT('',(18.19,38.1,47.827283335002));
#3966 = DIRECTION('',(0.,1.,0.));
#3967 = DIRECTION('',(-1.,0.,0.));
#3968 = PCURVE('',#893,#3969);
#3969 = DEFINITIONAL_REPRESENTATION('',(#3970),#3974);
#3970 = CIRCLE('',#3971,1.19);
#3971 = AXIS2_PLACEMENT_2D('',#3972,#3973);
#3972 = CARTESIAN_POINT('',(33.127283335002,70.69));
#3973 = DIRECTION('',(0.,-1.));
#3974 = ( GEOMETRIC_REPRESENTATION_CONTEXT(2) 
PARAMETRIC_REPRESENTATION_CONTEXT() REPRESENTATION_CONTEXT('2D SPACE',''
  ) );
#3975 = PCURVE('',#3976,#3981);
#3976 = CYLINDRICAL_SURFACE('',#3977,1.19);
#3977 = AXIS2_PLACEMENT_3D('',#3978,#3979,#3980);
#3978 = CARTESIAN_POINT('',(18.19,33.925,47.827283335002));
#3979 = DIRECTION('',(0.,1.,0.));
#3980 = DIRECTION('',(-1.,0.,0.));
#3981 = DEFINITIONAL_REPRESENTATION('',(#3982),#3986);
#3982 = LINE('',#3983,#3984);
#3983 = CARTESIAN_POINT('',(-6.28318530718,4.175));
#3984 = VECTOR('',#3985,1.);
#3985 = DIRECTION('',(1.,-0.));
#3986 = ( GEOMETRIC_REPRESENTATION_CONTEXT(2) 
PARAMETRIC_REPRESENTATION_CONTEXT() REPRESENTATION_CONTEXT('2D SPACE',''
  ) );
#3987 = ORIENTED_EDGE('',*,*,#3988,.T.);
#3988 = EDGE_CURVE('',#3960,#3989,#3991,.T.);
#3989 = VERTEX_POINT('',#3990);
#3990 = CARTESIAN_POINT('',(18.21,38.1,46.637283335002));
#3991 = SURFACE_CURVE('',#3992,(#3996,#4002),.PCURVE_S1.);
#3992 = LINE('',#3993,#3994);
#3993 = CARTESIAN_POINT('',(-17.75,38.1,46.637283335002));
#3994 = VECTOR('',#3995,1.);
#3995 = DIRECTION('',(1.,0.,0.));
#3996 = PCURVE('',#893,#3997);
#3997 = DEFINITIONAL_REPRESENTATION('',(#3998),#4001);
#3998 = B_SPLINE_CURVE_WITH_KNOTS('',1,(#3999,#4000),.UNSPECIFIED.,.F.,
  .F.,(2,2),(35.94,35.96),.PIECEWISE_BEZIER_KNOTS.);
#3999 = CARTESIAN_POINT('',(31.937283335002,70.69));
#4000 = CARTESIAN_POINT('',(31.937283335002,70.71));
#4001 = ( GEOMETRIC_REPRESENTATION_CONTEXT(2) 
PARAMETRIC_REPRESENTATION_CONTEXT() REPRESENTATION_CONTEXT('2D SPACE',''
  ) );
#4002 = PCURVE('',#4003,#4008);
#4003 = PLANE('',#4004);
#4004 = AXIS2_PLACEMENT_3D('',#4005,#4006,#4007);
#4005 = CARTESIAN_POINT('',(17.,33.925,46.637283335002));
#4006 = DIRECTION('',(0.,0.,1.));
#4007 = DIRECTION('',(1.,0.,0.));
#4008 = DEFINITIONAL_REPRESENTATION('',(#4009),#4012);
#4009 = B_SPLINE_CURVE_WITH_KNOTS('',1,(#4010,#4011),.UNSPECIFIED.,.F.,
  .F.,(2,2),(35.94,35.96),.PIECEWISE_BEZIER_KNOTS.);
#4010 = CARTESIAN_POINT('',(1.19,4.175));
#4011 = CARTESIAN_POINT('',(1.21,4.175));
#4012 = ( GEOMETRIC_REPRESENTATION_CONTEXT(2) 
PARAMETRIC_REPRESENTATION_CONTEXT() REPRESENTATION_CONTEXT('2D SPACE',''
  ) );
#4013 = ORIENTED_EDGE('',*,*,#4014,.F.);
#4014 = EDGE_CURVE('',#4015,#3989,#4017,.T.);
#4015 = VERTEX_POINT('',#4016);
#4016 = CARTESIAN_POINT('',(19.4,38.1,47.827283335002));
#4017 = SURFACE_CURVE('',#4018,(#4023,#4030),.PCURVE_S1.);
#4018 = CIRCLE('',#4019,1.19);
#4019 = AXIS2_PLACEMENT_3D('',#4020,#4021,#4022);
#4020 = CARTESIAN_POINT('',(18.21,38.1,47.827283335002));
#4021 = DIRECTION('',(0.,1.,0.));
#4022 = DIRECTION('',(1.,0.,-0.));
#4023 = PCURVE('',#893,#4024);
#4024 = DEFINITIONAL_REPRESENTATION('',(#4025),#4029);
#4025 = CIRCLE('',#4026,1.19);
#4026 = AXIS2_PLACEMENT_2D('',#4027,#4028);
#4027 = CARTESIAN_POINT('',(33.127283335002,70.71));
#4028 = DIRECTION('',(0.,1.));
#4029 = ( GEOMETRIC_REPRESENTATION_CONTEXT(2) 
PARAMETRIC_REPRESENTATION_CONTEXT() REPRESENTATION_CONTEXT('2D SPACE',''
  ) );
#4030 = PCURVE('',#4031,#4036);
#4031 = CYLINDRICAL_SURFACE('',#4032,1.19);
#4032 = AXIS2_PLACEMENT_3D('',#4033,#4034,#4035);
#4033 = CARTESIAN_POINT('',(18.21,33.925,47.827283335002));
#4034 = DIRECTION('',(0.,1.,0.));
#4035 = DIRECTION('',(1.,0.,-0.));
#4036 = DEFINITIONAL_REPRESENTATION('',(#4037),#4041);
#4037 = LINE('',#4038,#4039);
#4038 = CARTESIAN_POINT('',(0.,4.175));
#4039 = VECTOR('',#4040,1.);
#4040 = DIRECTION('',(1.,0.));
#4041 = ( GEOMETRIC_REPRESENTATION_CONTEXT(2) 
PARAMETRIC_REPRESENTATION_CONTEXT() REPRESENTATION_CONTEXT('2D SPACE',''
  ) );
#4042 = ORIENTED_EDGE('',*,*,#4043,.F.);
#4043 = EDGE_CURVE('',#4044,#4015,#4046,.T.);
#4044 = VERTEX_POINT('',#4045);
#4045 = CARTESIAN_POINT('',(19.4,38.1,73.572716664998));
#4046 = SURFACE_CURVE('',#4047,(#4051,#4057),.PCURVE_S1.);
#4047 = LINE('',#4048,#4049);
#4048 = CARTESIAN_POINT('',(19.4,38.1,30.668641667501));
#4049 = VECTOR('',#4050,1.);
#4050 = DIRECTION('',(0.,0.,-1.));
#4051 = PCURVE('',#893,#4052);
#4052 = DEFINITIONAL_REPRESENTATION('',(#4053),#4056);
#4053 = B_SPLINE_CURVE_WITH_KNOTS('',1,(#4054,#4055),.UNSPECIFIED.,.F.,
  .F.,(2,2),(-42.90407499749,-17.1586416675),.PIECEWISE_BEZIER_KNOTS.);
#4054 = CARTESIAN_POINT('',(58.872716664998,71.9));
#4055 = CARTESIAN_POINT('',(33.127283335002,71.9));
#4056 = ( GEOMETRIC_REPRESENTATION_CONTEXT(2) 
PARAMETRIC_REPRESENTATION_CONTEXT() REPRESENTATION_CONTEXT('2D SPACE',''
  ) );
#4057 = PCURVE('',#4058,#4063);
#4058 = PLANE('',#4059);
#4059 = AXIS2_PLACEMENT_3D('',#4060,#4061,#4062);
#4060 = CARTESIAN_POINT('',(19.4,33.925,46.637283335002));
#4061 = DIRECTION('',(1.,0.,0.));
#4062 = DIRECTION('',(0.,0.,1.));
#4063 = DEFINITIONAL_REPRESENTATION('',(#4064),#4067);
#4064 = B_SPLINE_CURVE_WITH_KNOTS('',1,(#4065,#4066),.UNSPECIFIED.,.F.,
  .F.,(2,2),(-42.90407499749,-17.1586416675),.PIECEWISE_BEZIER_KNOTS.);
#4065 = CARTESIAN_POINT('',(26.935433329995,-4.175));
#4066 = CARTESIAN_POINT('',(1.19,-4.175));
#4067 = ( GEOMETRIC_REPRESENTATION_CONTEXT(2) 
PARAMETRIC_REPRESENTATION_CONTEXT() REPRESENTATION_CONTEXT('2D SPACE',''
  ) );
#4068 = ORIENTED_EDGE('',*,*,#4069,.F.);
#4069 = EDGE_CURVE('',#4070,#4044,#4072,.T.);
#4070 = VERTEX_POINT('',#4071);
#4071 = CARTESIAN_POINT('',(18.21,38.1,74.762716664998));
#4072 = SURFACE_CURVE('',#4073,(#4078,#4085),.PCURVE_S1.);
#4073 = CIRCLE('',#4074,1.19);
#4074 = AXIS2_PLACEMENT_3D('',#4075,#4076,#4077);
#4075 = CARTESIAN_POINT('',(18.21,38.1,73.572716664998));
#4076 = DIRECTION('',(0.,1.,0.));
#4077 = DIRECTION('',(1.,0.,-0.));
#4078 = PCURVE('',#893,#4079);
#4079 = DEFINITIONAL_REPRESENTATION('',(#4080),#4084);
#4080 = CIRCLE('',#4081,1.19);
#4081 = AXIS2_PLACEMENT_2D('',#4082,#4083);
#4082 = CARTESIAN_POINT('',(58.872716664998,70.71));
#4083 = DIRECTION('',(0.,1.));
#4084 = ( GEOMETRIC_REPRESENTATION_CONTEXT(2) 
PARAMETRIC_REPRESENTATION_CONTEXT() REPRESENTATION_CONTEXT('2D SPACE',''
  ) );
#4085 = PCURVE('',#4086,#4091);
#4086 = CYLINDRICAL_SURFACE('',#4087,1.19);
#4087 = AXIS2_PLACEMENT_3D('',#4088,#4089,#4090);
#4088 = CARTESIAN_POINT('',(18.21,33.925,73.572716664998));
#4089 = DIRECTION('',(0.,1.,0.));
#4090 = DIRECTION('',(1.,0.,-0.));
#4091 = DEFINITIONAL_REPRESENTATION('',(#4092),#4096);
#4092 = LINE('',#4093,#4094);
#4093 = CARTESIAN_POINT('',(-6.28318530718,4.175));
#4094 = VECTOR('',#4095,1.);
#4095 = DIRECTION('',(1.,-0.));
#4096 = ( GEOMETRIC_REPRESENTATION_CONTEXT(2) 
PARAMETRIC_REPRESENTATION_CONTEXT() REPRESENTATION_CONTEXT('2D SPACE',''
  ) );
#4097 = ORIENTED_EDGE('',*,*,#4098,.F.);
#4098 = EDGE_CURVE('',#3905,#4070,#4099,.T.);
#4099 = SURFACE_CURVE('',#4100,(#4104,#4110),.PCURVE_S1.);
#4100 = LINE('',#4101,#4102);
#4101 = CARTESIAN_POINT('',(-17.75,38.1,74.762716664998));
#4102 = VECTOR('',#4103,1.);
#4103 = DIRECTION('',(1.,0.,0.));
#4104 = PCURVE('',#893,#4105);
#4105 = DEFINITIONAL_REPRESENTATION('',(#4106),#4109);
#4106 = B_SPLINE_CURVE_WITH_KNOTS('',1,(#4107,#4108),.UNSPECIFIED.,.F.,
  .F.,(2,2),(35.94,35.96),.PIECEWISE_BEZIER_KNOTS.);
#4107 = CARTESIAN_POINT('',(60.062716664998,70.69));
#4108 = CARTESIAN_POINT('',(60.062716664998,70.71));
#4109 = ( GEOMETRIC_REPRESENTATION_CONTEXT(2) 
PARAMETRIC_REPRESENTATION_CONTEXT() REPRESENTATION_CONTEXT('2D SPACE',''
  ) );
#4110 = PCURVE('',#4111,#4116);
#4111 = PLANE('',#4112);
#4112 = AXIS2_PLACEMENT_3D('',#4113,#4114,#4115);
#4113 = CARTESIAN_POINT('',(17.,33.925,74.762716664998));
#4114 = DIRECTION('',(0.,0.,1.));
#4115 = DIRECTION('',(1.,0.,0.));
#4116 = DEFINITIONAL_REPRESENTATION('',(#4117),#4120);
#4117 = B_SPLINE_CURVE_WITH_KNOTS('',1,(#4118,#4119),.UNSPECIFIED.,.F.,
  .F.,(2,2),(35.94,35.96),.PIECEWISE_BEZIER_KNOTS.);
#4118 = CARTESIAN_POINT('',(1.19,4.175));
#4119 = CARTESIAN_POINT('',(1.21,4.175));
#4120 = ( GEOMETRIC_REPRESENTATION_CONTEXT(2) 
PARAMETRIC_REPRESENTATION_CONTEXT() REPRESENTATION_CONTEXT('2D SPACE',''
  ) );
#4121 = ADVANCED_FACE('',(#4122),#1009,.F.);
#4122 = FACE_BOUND('',#4123,.F.);
#4123 = EDGE_LOOP('',(#4124,#4145,#4146,#4167));
#4124 = ORIENTED_EDGE('',*,*,#4125,.F.);
#4125 = EDGE_CURVE('',#1442,#991,#4126,.T.);
#4126 = SURFACE_CURVE('',#4127,(#4131,#4138),.PCURVE_S1.);
#4127 = LINE('',#4128,#4129);
#4128 = CARTESIAN_POINT('',(-53.5,-34.925,18.475));
#4129 = VECTOR('',#4130,1.);
#4130 = DIRECTION('',(1.,0.,0.));
#4131 = PCURVE('',#1009,#4132);
#4132 = DEFINITIONAL_REPRESENTATION('',(#4133),#4137);
#4133 = LINE('',#4134,#4135);
#4134 = CARTESIAN_POINT('',(0.,0.));
#4135 = VECTOR('',#4136,1.);
#4136 = DIRECTION('',(0.,1.));
#4137 = ( GEOMETRIC_REPRESENTATION_CONTEXT(2) 
PARAMETRIC_REPRESENTATION_CONTEXT() REPRESENTATION_CONTEXT('2D SPACE',''
  ) );
#4138 = PCURVE('',#1036,#4139);
#4139 = DEFINITIONAL_REPRESENTATION('',(#4140),#4144);
#4140 = LINE('',#4141,#4142);
#4141 = CARTESIAN_POINT('',(0.6,0.));
#4142 = VECTOR('',#4143,1.);
#4143 = DIRECTION('',(0.,1.));
#4144 = ( GEOMETRIC_REPRESENTATION_CONTEXT(2) 
PARAMETRIC_REPRESENTATION_CONTEXT() REPRESENTATION_CONTEXT('2D SPACE',''
  ) );
#4145 = ORIENTED_EDGE('',*,*,#1441,.T.);
#4146 = ORIENTED_EDGE('',*,*,#4147,.T.);
#4147 = EDGE_CURVE('',#1444,#993,#4148,.T.);
#4148 = SURFACE_CURVE('',#4149,(#4153,#4160),.PCURVE_S1.);
#4149 = LINE('',#4150,#4151);
#4150 = CARTESIAN_POINT('',(-53.5,-34.325,17.875));
#4151 = VECTOR('',#4152,1.);
#4152 = DIRECTION('',(1.,0.,0.));
#4153 = PCURVE('',#1009,#4154);
#4154 = DEFINITIONAL_REPRESENTATION('',(#4155),#4159);
#4155 = LINE('',#4156,#4157);
#4156 = CARTESIAN_POINT('',(1.570796326795,0.));
#4157 = VECTOR('',#4158,1.);
#4158 = DIRECTION('',(0.,1.));
#4159 = ( GEOMETRIC_REPRESENTATION_CONTEXT(2) 
PARAMETRIC_REPRESENTATION_CONTEXT() REPRESENTATION_CONTEXT('2D SPACE',''
  ) );
#4160 = PCURVE('',#1199,#4161);
#4161 = DEFINITIONAL_REPRESENTATION('',(#4162),#4166);
#4162 = LINE('',#4163,#4164);
#4163 = CARTESIAN_POINT('',(0.,0.6));
#4164 = VECTOR('',#4165,1.);
#4165 = DIRECTION('',(1.,0.));
#4166 = ( GEOMETRIC_REPRESENTATION_CONTEXT(2) 
PARAMETRIC_REPRESENTATION_CONTEXT() REPRESENTATION_CONTEXT('2D SPACE',''
  ) );
#4167 = ORIENTED_EDGE('',*,*,#990,.F.);
#4168 = ADVANCED_FACE('',(#4169,#4195),#1199,.T.);
#4169 = FACE_BOUND('',#4170,.T.);
#4170 = EDGE_LOOP('',(#4171,#4172,#4173,#4174));
#4171 = ORIENTED_EDGE('',*,*,#1602,.T.);
#4172 = ORIENTED_EDGE('',*,*,#4147,.T.);
#4173 = ORIENTED_EDGE('',*,*,#1186,.F.);
#4174 = ORIENTED_EDGE('',*,*,#4175,.F.);
#4175 = EDGE_CURVE('',#1579,#1158,#4176,.T.);
#4176 = SURFACE_CURVE('',#4177,(#4181,#4188),.PCURVE_S1.);
#4177 = LINE('',#4178,#4179);
#4178 = CARTESIAN_POINT('',(-53.5,34.325,17.875));
#4179 = VECTOR('',#4180,1.);
#4180 = DIRECTION('',(1.,0.,0.));
#4181 = PCURVE('',#1199,#4182);
#4182 = DEFINITIONAL_REPRESENTATION('',(#4183),#4187);
#4183 = LINE('',#4184,#4185);
#4184 = CARTESIAN_POINT('',(0.,69.25));
#4185 = VECTOR('',#4186,1.);
#4186 = DIRECTION('',(1.,0.));
#4187 = ( GEOMETRIC_REPRESENTATION_CONTEXT(2) 
PARAMETRIC_REPRESENTATION_CONTEXT() REPRESENTATION_CONTEXT('2D SPACE',''
  ) );
#4188 = PCURVE('',#1174,#4189);
#4189 = DEFINITIONAL_REPRESENTATION('',(#4190),#4194);
#4190 = LINE('',#4191,#4192);
#4191 = CARTESIAN_POINT('',(-1.570796326795,0.));
#4192 = VECTOR('',#4193,1.);
#4193 = DIRECTION('',(-0.,1.));
#4194 = ( GEOMETRIC_REPRESENTATION_CONTEXT(2) 
PARAMETRIC_REPRESENTATION_CONTEXT() REPRESENTATION_CONTEXT('2D SPACE',''
  ) );
#4195 = FACE_BOUND('',#4196,.T.);
#4196 = EDGE_LOOP('',(#4197,#4223,#4244,#4268,#4289,#4313,#4334,#4358));
#4197 = ORIENTED_EDGE('',*,*,#4198,.F.);
#4198 = EDGE_CURVE('',#4199,#4201,#4203,.T.);
#4199 = VERTEX_POINT('',#4200);
#4200 = CARTESIAN_POINT('',(-32.5,-12.01,17.875));
#4201 = VERTEX_POINT('',#4202);
#4202 = CARTESIAN_POINT('',(-29.51,-15.,17.875));
#4203 = SURFACE_CURVE('',#4204,(#4209,#4216),.PCURVE_S1.);
#4204 = CIRCLE('',#4205,2.99);
#4205 = AXIS2_PLACEMENT_3D('',#4206,#4207,#4208);
#4206 = CARTESIAN_POINT('',(-29.51,-12.01,17.875));
#4207 = DIRECTION('',(0.,0.,1.));
#4208 = DIRECTION('',(-1.,-0.,0.));
#4209 = PCURVE('',#1199,#4210);
#4210 = DEFINITIONAL_REPRESENTATION('',(#4211),#4215);
#4211 = CIRCLE('',#4212,2.99);
#4212 = AXIS2_PLACEMENT_2D('',#4213,#4214);
#4213 = CARTESIAN_POINT('',(23.99,22.915));
#4214 = DIRECTION('',(-1.,0.));
#4215 = ( GEOMETRIC_REPRESENTATION_CONTEXT(2) 
PARAMETRIC_REPRESENTATION_CONTEXT() REPRESENTATION_CONTEXT('2D SPACE',''
  ) );
#4216 = PCURVE('',#2057,#4217);
#4217 = DEFINITIONAL_REPRESENTATION('',(#4218),#4222);
#4218 = LINE('',#4219,#4220);
#4219 = CARTESIAN_POINT('',(0.,4.175));
#4220 = VECTOR('',#4221,1.);
#4221 = DIRECTION('',(1.,0.));
#4222 = ( GEOMETRIC_REPRESENTATION_CONTEXT(2) 
PARAMETRIC_REPRESENTATION_CONTEXT() REPRESENTATION_CONTEXT('2D SPACE',''
  ) );
#4223 = ORIENTED_EDGE('',*,*,#4224,.T.);
#4224 = EDGE_CURVE('',#4199,#4225,#4227,.T.);
#4225 = VERTEX_POINT('',#4226);
#4226 = CARTESIAN_POINT('',(-32.5,-11.99,17.875));
#4227 = SURFACE_CURVE('',#4228,(#4232,#4238),.PCURVE_S1.);
#4228 = LINE('',#4229,#4230);
#4229 = CARTESIAN_POINT('',(-32.5,-24.9625,17.875));
#4230 = VECTOR('',#4231,1.);
#4231 = DIRECTION('',(0.,1.,0.));
#4232 = PCURVE('',#1199,#4233);
#4233 = DEFINITIONAL_REPRESENTATION('',(#4234),#4237);
#4234 = B_SPLINE_CURVE_WITH_KNOTS('',1,(#4235,#4236),.UNSPECIFIED.,.F.,
  .F.,(2,2),(12.9525,12.9725),.PIECEWISE_BEZIER_KNOTS.);
#4235 = CARTESIAN_POINT('',(21.,22.915));
#4236 = CARTESIAN_POINT('',(21.,22.935));
#4237 = ( GEOMETRIC_REPRESENTATION_CONTEXT(2) 
PARAMETRIC_REPRESENTATION_CONTEXT() REPRESENTATION_CONTEXT('2D SPACE',''
  ) );
#4238 = PCURVE('',#2084,#4239);
#4239 = DEFINITIONAL_REPRESENTATION('',(#4240),#4243);
#4240 = B_SPLINE_CURVE_WITH_KNOTS('',1,(#4241,#4242),.UNSPECIFIED.,.F.,
  .F.,(2,2),(12.9525,12.9725),.PIECEWISE_BEZIER_KNOTS.);
#4241 = CARTESIAN_POINT('',(4.175,-2.99));
#4242 = CARTESIAN_POINT('',(4.175,-3.01));
#4243 = ( GEOMETRIC_REPRESENTATION_CONTEXT(2) 
PARAMETRIC_REPRESENTATION_CONTEXT() REPRESENTATION_CONTEXT('2D SPACE',''
  ) );
#4244 = ORIENTED_EDGE('',*,*,#4245,.F.);
#4245 = EDGE_CURVE('',#4246,#4225,#4248,.T.);
#4246 = VERTEX_POINT('',#4247);
#4247 = CARTESIAN_POINT('',(-29.51,-9.,17.875));
#4248 = SURFACE_CURVE('',#4249,(#4254,#4261),.PCURVE_S1.);
#4249 = CIRCLE('',#4250,2.99);
#4250 = AXIS2_PLACEMENT_3D('',#4251,#4252,#4253);
#4251 = CARTESIAN_POINT('',(-29.51,-11.99,17.875));
#4252 = DIRECTION('',(0.,0.,1.));
#4253 = DIRECTION('',(-1.,-0.,0.));
#4254 = PCURVE('',#1199,#4255);
#4255 = DEFINITIONAL_REPRESENTATION('',(#4256),#4260);
#4256 = CIRCLE('',#4257,2.99);
#4257 = AXIS2_PLACEMENT_2D('',#4258,#4259);
#4258 = CARTESIAN_POINT('',(23.99,22.935));
#4259 = DIRECTION('',(-1.,0.));
#4260 = ( GEOMETRIC_REPRESENTATION_CONTEXT(2) 
PARAMETRIC_REPRESENTATION_CONTEXT() REPRESENTATION_CONTEXT('2D SPACE',''
  ) );
#4261 = PCURVE('',#2112,#4262);
#4262 = DEFINITIONAL_REPRESENTATION('',(#4263),#4267);
#4263 = LINE('',#4264,#4265);
#4264 = CARTESIAN_POINT('',(-6.28318530718,4.175));
#4265 = VECTOR('',#4266,1.);
#4266 = DIRECTION('',(1.,-0.));
#4267 = ( GEOMETRIC_REPRESENTATION_CONTEXT(2) 
PARAMETRIC_REPRESENTATION_CONTEXT() REPRESENTATION_CONTEXT('2D SPACE',''
  ) );
#4268 = ORIENTED_EDGE('',*,*,#4269,.F.);
#4269 = EDGE_CURVE('',#4270,#4246,#4272,.T.);
#4270 = VERTEX_POINT('',#4271);
#4271 = CARTESIAN_POINT('',(29.51,-9.,17.875));
#4272 = SURFACE_CURVE('',#4273,(#4277,#4283),.PCURVE_S1.);
#4273 = LINE('',#4274,#4275);
#4274 = CARTESIAN_POINT('',(-43.,-9.,17.875));
#4275 = VECTOR('',#4276,1.);
#4276 = DIRECTION('',(-1.,0.,0.));
#4277 = PCURVE('',#1199,#4278);
#4278 = DEFINITIONAL_REPRESENTATION('',(#4279),#4282);
#4279 = B_SPLINE_CURVE_WITH_KNOTS('',1,(#4280,#4281),.UNSPECIFIED.,.F.,
  .F.,(2,2),(-72.51,-13.49),.PIECEWISE_BEZIER_KNOTS.);
#4280 = CARTESIAN_POINT('',(83.01,25.925));
#4281 = CARTESIAN_POINT('',(23.99,25.925));
#4282 = ( GEOMETRIC_REPRESENTATION_CONTEXT(2) 
PARAMETRIC_REPRESENTATION_CONTEXT() REPRESENTATION_CONTEXT('2D SPACE',''
  ) );
#4283 = PCURVE('',#2139,#4284);
#4284 = DEFINITIONAL_REPRESENTATION('',(#4285),#4288);
#4285 = B_SPLINE_CURVE_WITH_KNOTS('',1,(#4286,#4287),.UNSPECIFIED.,.F.,
  .F.,(2,2),(-72.51,-13.49),.PIECEWISE_BEZIER_KNOTS.);
#4286 = CARTESIAN_POINT('',(4.175,62.01));
#4287 = CARTESIAN_POINT('',(4.175,2.99));
#4288 = ( GEOMETRIC_REPRESENTATION_CONTEXT(2) 
PARAMETRIC_REPRESENTATION_CONTEXT() REPRESENTATION_CONTEXT('2D SPACE',''
  ) );
#4289 = ORIENTED_EDGE('',*,*,#4290,.F.);
#4290 = EDGE_CURVE('',#4291,#4270,#4293,.T.);
#4291 = VERTEX_POINT('',#4292);
#4292 = CARTESIAN_POINT('',(32.5,-11.99,17.875));
#4293 = SURFACE_CURVE('',#4294,(#4299,#4306),.PCURVE_S1.);
#4294 = CIRCLE('',#4295,2.99);
#4295 = AXIS2_PLACEMENT_3D('',#4296,#4297,#4298);
#4296 = CARTESIAN_POINT('',(29.51,-11.99,17.875));
#4297 = DIRECTION('',(0.,0.,1.));
#4298 = DIRECTION('',(1.,0.,-0.));
#4299 = PCURVE('',#1199,#4300);
#4300 = DEFINITIONAL_REPRESENTATION('',(#4301),#4305);
#4301 = CIRCLE('',#4302,2.99);
#4302 = AXIS2_PLACEMENT_2D('',#4303,#4304);
#4303 = CARTESIAN_POINT('',(83.01,22.935));
#4304 = DIRECTION('',(1.,0.));
#4305 = ( GEOMETRIC_REPRESENTATION_CONTEXT(2) 
PARAMETRIC_REPRESENTATION_CONTEXT() REPRESENTATION_CONTEXT('2D SPACE',''
  ) );
#4306 = PCURVE('',#2167,#4307);
#4307 = DEFINITIONAL_REPRESENTATION('',(#4308),#4312);
#4308 = LINE('',#4309,#4310);
#4309 = CARTESIAN_POINT('',(0.,4.175));
#4310 = VECTOR('',#4311,1.);
#4311 = DIRECTION('',(1.,0.));
#4312 = ( GEOMETRIC_REPRESENTATION_CONTEXT(2) 
PARAMETRIC_REPRESENTATION_CONTEXT() REPRESENTATION_CONTEXT('2D SPACE',''
  ) );
#4313 = ORIENTED_EDGE('',*,*,#4314,.F.);
#4314 = EDGE_CURVE('',#4315,#4291,#4317,.T.);
#4315 = VERTEX_POINT('',#4316);
#4316 = CARTESIAN_POINT('',(32.5,-12.01,17.875));
#4317 = SURFACE_CURVE('',#4318,(#4322,#4328),.PCURVE_S1.);
#4318 = LINE('',#4319,#4320);
#4319 = CARTESIAN_POINT('',(32.5,-24.9625,17.875));
#4320 = VECTOR('',#4321,1.);
#4321 = DIRECTION('',(0.,1.,0.));
#4322 = PCURVE('',#1199,#4323);
#4323 = DEFINITIONAL_REPRESENTATION('',(#4324),#4327);
#4324 = B_SPLINE_CURVE_WITH_KNOTS('',1,(#4325,#4326),.UNSPECIFIED.,.F.,
  .F.,(2,2),(12.9525,12.9725),.PIECEWISE_BEZIER_KNOTS.);
#4325 = CARTESIAN_POINT('',(86.,22.915));
#4326 = CARTESIAN_POINT('',(86.,22.935));
#4327 = ( GEOMETRIC_REPRESENTATION_CONTEXT(2) 
PARAMETRIC_REPRESENTATION_CONTEXT() REPRESENTATION_CONTEXT('2D SPACE',''
  ) );
#4328 = PCURVE('',#2194,#4329);
#4329 = DEFINITIONAL_REPRESENTATION('',(#4330),#4333);
#4330 = B_SPLINE_CURVE_WITH_KNOTS('',1,(#4331,#4332),.UNSPECIFIED.,.F.,
  .F.,(2,2),(12.9525,12.9725),.PIECEWISE_BEZIER_KNOTS.);
#4331 = CARTESIAN_POINT('',(4.175,-2.99));
#4332 = CARTESIAN_POINT('',(4.175,-3.01));
#4333 = ( GEOMETRIC_REPRESENTATION_CONTEXT(2) 
PARAMETRIC_REPRESENTATION_CONTEXT() REPRESENTATION_CONTEXT('2D SPACE',''
  ) );
#4334 = ORIENTED_EDGE('',*,*,#4335,.F.);
#4335 = EDGE_CURVE('',#4336,#4315,#4338,.T.);
#4336 = VERTEX_POINT('',#4337);
#4337 = CARTESIAN_POINT('',(29.51,-15.,17.875));
#4338 = SURFACE_CURVE('',#4339,(#4344,#4351),.PCURVE_S1.);
#4339 = CIRCLE('',#4340,2.99);
#4340 = AXIS2_PLACEMENT_3D('',#4341,#4342,#4343);
#4341 = CARTESIAN_POINT('',(29.51,-12.01,17.875));
#4342 = DIRECTION('',(0.,0.,1.));
#4343 = DIRECTION('',(1.,0.,-0.));
#4344 = PCURVE('',#1199,#4345);
#4345 = DEFINITIONAL_REPRESENTATION('',(#4346),#4350);
#4346 = CIRCLE('',#4347,2.99);
#4347 = AXIS2_PLACEMENT_2D('',#4348,#4349);
#4348 = CARTESIAN_POINT('',(83.01,22.915));
#4349 = DIRECTION('',(1.,0.));
#4350 = ( GEOMETRIC_REPRESENTATION_CONTEXT(2) 
PARAMETRIC_REPRESENTATION_CONTEXT() REPRESENTATION_CONTEXT('2D SPACE',''
  ) );
#4351 = PCURVE('',#2222,#4352);
#4352 = DEFINITIONAL_REPRESENTATION('',(#4353),#4357);
#4353 = LINE('',#4354,#4355);
#4354 = CARTESIAN_POINT('',(-6.28318530718,4.175));
#4355 = VECTOR('',#4356,1.);
#4356 = DIRECTION('',(1.,-0.));
#4357 = ( GEOMETRIC_REPRESENTATION_CONTEXT(2) 
PARAMETRIC_REPRESENTATION_CONTEXT() REPRESENTATION_CONTEXT('2D SPACE',''
  ) );
#4358 = ORIENTED_EDGE('',*,*,#4359,.T.);
#4359 = EDGE_CURVE('',#4336,#4201,#4360,.T.);
#4360 = SURFACE_CURVE('',#4361,(#4365,#4371),.PCURVE_S1.);
#4361 = LINE('',#4362,#4363);
#4362 = CARTESIAN_POINT('',(-43.,-15.,17.875));
#4363 = VECTOR('',#4364,1.);
#4364 = DIRECTION('',(-1.,0.,0.));
#4365 = PCURVE('',#1199,#4366);
#4366 = DEFINITIONAL_REPRESENTATION('',(#4367),#4370);
#4367 = B_SPLINE_CURVE_WITH_KNOTS('',1,(#4368,#4369),.UNSPECIFIED.,.F.,
  .F.,(2,2),(-72.51,-13.49),.PIECEWISE_BEZIER_KNOTS.);
#4368 = CARTESIAN_POINT('',(83.01,19.925));
#4369 = CARTESIAN_POINT('',(23.99,19.925));
#4370 = ( GEOMETRIC_REPRESENTATION_CONTEXT(2) 
PARAMETRIC_REPRESENTATION_CONTEXT() REPRESENTATION_CONTEXT('2D SPACE',''
  ) );
#4371 = PCURVE('',#2247,#4372);
#4372 = DEFINITIONAL_REPRESENTATION('',(#4373),#4376);
#4373 = B_SPLINE_CURVE_WITH_KNOTS('',1,(#4374,#4375),.UNSPECIFIED.,.F.,
  .F.,(2,2),(-72.51,-13.49),.PIECEWISE_BEZIER_KNOTS.);
#4374 = CARTESIAN_POINT('',(4.175,62.01));
#4375 = CARTESIAN_POINT('',(4.175,2.99));
#4376 = ( GEOMETRIC_REPRESENTATION_CONTEXT(2) 
PARAMETRIC_REPRESENTATION_CONTEXT() REPRESENTATION_CONTEXT('2D SPACE',''
  ) );
#4377 = ADVANCED_FACE('',(#4378),#1174,.F.);
#4378 = FACE_BOUND('',#4379,.T.);
#4379 = EDGE_LOOP('',(#4380,#4401,#4402,#4403));
#4380 = ORIENTED_EDGE('',*,*,#4381,.F.);
#4381 = EDGE_CURVE('',#1558,#1132,#4382,.T.);
#4382 = SURFACE_CURVE('',#4383,(#4387,#4394),.PCURVE_S1.);
#4383 = LINE('',#4384,#4385);
#4384 = CARTESIAN_POINT('',(-53.5,34.925,18.475));
#4385 = VECTOR('',#4386,1.);
#4386 = DIRECTION('',(1.,0.,0.));
#4387 = PCURVE('',#1174,#4388);
#4388 = DEFINITIONAL_REPRESENTATION('',(#4389),#4393);
#4389 = LINE('',#4390,#4391);
#4390 = CARTESIAN_POINT('',(-0.,0.));
#4391 = VECTOR('',#4392,1.);
#4392 = DIRECTION('',(-0.,1.));
#4393 = ( GEOMETRIC_REPRESENTATION_CONTEXT(2) 
PARAMETRIC_REPRESENTATION_CONTEXT() REPRESENTATION_CONTEXT('2D SPACE',''
  ) );
#4394 = PCURVE('',#1146,#4395);
#4395 = DEFINITIONAL_REPRESENTATION('',(#4396),#4400);
#4396 = LINE('',#4397,#4398);
#4397 = CARTESIAN_POINT('',(0.6,0.));
#4398 = VECTOR('',#4399,1.);
#4399 = DIRECTION('',(0.,1.));
#4400 = ( GEOMETRIC_REPRESENTATION_CONTEXT(2) 
PARAMETRIC_REPRESENTATION_CONTEXT() REPRESENTATION_CONTEXT('2D SPACE',''
  ) );
#4401 = ORIENTED_EDGE('',*,*,#1578,.F.);
#4402 = ORIENTED_EDGE('',*,*,#4175,.T.);
#4403 = ORIENTED_EDGE('',*,*,#1157,.T.);
#4404 = ADVANCED_FACE('',(#4405,#4431,#4613,#4795,#4977,#5159,#5341,
    #5523,#5705),#1146,.F.);
#4405 = FACE_BOUND('',#4406,.F.);
#4406 = EDGE_LOOP('',(#4407,#4408,#4409,#4410));
#4407 = ORIENTED_EDGE('',*,*,#1131,.F.);
#4408 = ORIENTED_EDGE('',*,*,#4381,.F.);
#4409 = ORIENTED_EDGE('',*,*,#1557,.T.);
#4410 = ORIENTED_EDGE('',*,*,#4411,.T.);
#4411 = EDGE_CURVE('',#1534,#1103,#4412,.T.);
#4412 = SURFACE_CURVE('',#4413,(#4417,#4424),.PCURVE_S1.);
#4413 = LINE('',#4414,#4415);
#4414 = CARTESIAN_POINT('',(-53.5,34.925,87.125));
#4415 = VECTOR('',#4416,1.);
#4416 = DIRECTION('',(1.,0.,0.));
#4417 = PCURVE('',#1146,#4418);
#4418 = DEFINITIONAL_REPRESENTATION('',(#4419),#4423);
#4419 = LINE('',#4420,#4421);
#4420 = CARTESIAN_POINT('',(69.25,0.));
#4421 = VECTOR('',#4422,1.);
#4422 = DIRECTION('',(0.,1.));
#4423 = ( GEOMETRIC_REPRESENTATION_CONTEXT(2) 
PARAMETRIC_REPRESENTATION_CONTEXT() REPRESENTATION_CONTEXT('2D SPACE',''
  ) );
#4424 = PCURVE('',#1119,#4425);
#4425 = DEFINITIONAL_REPRESENTATION('',(#4426),#4430);
#4426 = LINE('',#4427,#4428);
#4427 = CARTESIAN_POINT('',(0.,0.));
#4428 = VECTOR('',#4429,1.);
#4429 = DIRECTION('',(0.,1.));
#4430 = ( GEOMETRIC_REPRESENTATION_CONTEXT(2) 
PARAMETRIC_REPRESENTATION_CONTEXT() REPRESENTATION_CONTEXT('2D SPACE',''
  ) );
#4431 = FACE_BOUND('',#4432,.F.);
#4432 = EDGE_LOOP('',(#4433,#4459,#4480,#4504,#4525,#4549,#4570,#4594));
#4433 = ORIENTED_EDGE('',*,*,#4434,.F.);
#4434 = EDGE_CURVE('',#4435,#4437,#4439,.T.);
#4435 = VERTEX_POINT('',#4436);
#4436 = CARTESIAN_POINT('',(-19.4,34.925,73.572716664998));
#4437 = VERTEX_POINT('',#4438);
#4438 = CARTESIAN_POINT('',(-18.21,34.925,74.762716664998));
#4439 = SURFACE_CURVE('',#4440,(#4445,#4452),.PCURVE_S1.);
#4440 = CIRCLE('',#4441,1.19);
#4441 = AXIS2_PLACEMENT_3D('',#4442,#4443,#4444);
#4442 = CARTESIAN_POINT('',(-18.21,34.925,73.572716664998));
#4443 = DIRECTION('',(0.,1.,0.));
#4444 = DIRECTION('',(-1.,0.,0.));
#4445 = PCURVE('',#1146,#4446);
#4446 = DEFINITIONAL_REPRESENTATION('',(#4447),#4451);
#4447 = CIRCLE('',#4448,1.19);
#4448 = AXIS2_PLACEMENT_2D('',#4449,#4450);
#4449 = CARTESIAN_POINT('',(55.697716664998,35.29));
#4450 = DIRECTION('',(0.,-1.));
#4451 = ( GEOMETRIC_REPRESENTATION_CONTEXT(2) 
PARAMETRIC_REPRESENTATION_CONTEXT() REPRESENTATION_CONTEXT('2D SPACE',''
  ) );
#4452 = PCURVE('',#2367,#4453);
#4453 = DEFINITIONAL_REPRESENTATION('',(#4454),#4458);
#4454 = LINE('',#4455,#4456);
#4455 = CARTESIAN_POINT('',(0.,1.));
#4456 = VECTOR('',#4457,1.);
#4457 = DIRECTION('',(1.,0.));
#4458 = ( GEOMETRIC_REPRESENTATION_CONTEXT(2) 
PARAMETRIC_REPRESENTATION_CONTEXT() REPRESENTATION_CONTEXT('2D SPACE',''
  ) );
#4459 = ORIENTED_EDGE('',*,*,#4460,.T.);
#4460 = EDGE_CURVE('',#4435,#4461,#4463,.T.);
#4461 = VERTEX_POINT('',#4462);
#4462 = CARTESIAN_POINT('',(-19.4,34.925,47.827283335002));
#4463 = SURFACE_CURVE('',#4464,(#4468,#4474),.PCURVE_S1.);
#4464 = LINE('',#4465,#4466);
#4465 = CARTESIAN_POINT('',(-19.4,34.925,32.256141667501));
#4466 = VECTOR('',#4467,1.);
#4467 = DIRECTION('',(0.,0.,-1.));
#4468 = PCURVE('',#1146,#4469);
#4469 = DEFINITIONAL_REPRESENTATION('',(#4470),#4473);
#4470 = B_SPLINE_CURVE_WITH_KNOTS('',1,(#4471,#4472),.UNSPECIFIED.,.F.,
  .F.,(2,2),(-41.31657499749,-15.5711416675),.PIECEWISE_BEZIER_KNOTS.);
#4471 = CARTESIAN_POINT('',(55.697716664998,34.1));
#4472 = CARTESIAN_POINT('',(29.952283335002,34.1));
#4473 = ( GEOMETRIC_REPRESENTATION_CONTEXT(2) 
PARAMETRIC_REPRESENTATION_CONTEXT() REPRESENTATION_CONTEXT('2D SPACE',''
  ) );
#4474 = PCURVE('',#2394,#4475);
#4475 = DEFINITIONAL_REPRESENTATION('',(#4476),#4479);
#4476 = B_SPLINE_CURVE_WITH_KNOTS('',1,(#4477,#4478),.UNSPECIFIED.,.F.,
  .F.,(2,2),(-41.31657499749,-15.5711416675),.PIECEWISE_BEZIER_KNOTS.);
#4477 = CARTESIAN_POINT('',(26.935433329995,-1.));
#4478 = CARTESIAN_POINT('',(1.19,-1.));
#4479 = ( GEOMETRIC_REPRESENTATION_CONTEXT(2) 
PARAMETRIC_REPRESENTATION_CONTEXT() REPRESENTATION_CONTEXT('2D SPACE',''
  ) );
#4480 = ORIENTED_EDGE('',*,*,#4481,.F.);
#4481 = EDGE_CURVE('',#4482,#4461,#4484,.T.);
#4482 = VERTEX_POINT('',#4483);
#4483 = CARTESIAN_POINT('',(-18.21,34.925,46.637283335002));
#4484 = SURFACE_CURVE('',#4485,(#4490,#4497),.PCURVE_S1.);
#4485 = CIRCLE('',#4486,1.19);
#4486 = AXIS2_PLACEMENT_3D('',#4487,#4488,#4489);
#4487 = CARTESIAN_POINT('',(-18.21,34.925,47.827283335002));
#4488 = DIRECTION('',(0.,1.,0.));
#4489 = DIRECTION('',(-1.,0.,0.));
#4490 = PCURVE('',#1146,#4491);
#4491 = DEFINITIONAL_REPRESENTATION('',(#4492),#4496);
#4492 = CIRCLE('',#4493,1.19);
#4493 = AXIS2_PLACEMENT_2D('',#4494,#4495);
#4494 = CARTESIAN_POINT('',(29.952283335002,35.29));
#4495 = DIRECTION('',(0.,-1.));
#4496 = ( GEOMETRIC_REPRESENTATION_CONTEXT(2) 
PARAMETRIC_REPRESENTATION_CONTEXT() REPRESENTATION_CONTEXT('2D SPACE',''
  ) );
#4497 = PCURVE('',#2422,#4498);
#4498 = DEFINITIONAL_REPRESENTATION('',(#4499),#4503);
#4499 = LINE('',#4500,#4501);
#4500 = CARTESIAN_POINT('',(-6.28318530718,1.));
#4501 = VECTOR('',#4502,1.);
#4502 = DIRECTION('',(1.,-0.));
#4503 = ( GEOMETRIC_REPRESENTATION_CONTEXT(2) 
PARAMETRIC_REPRESENTATION_CONTEXT() REPRESENTATION_CONTEXT('2D SPACE',''
  ) );
#4504 = ORIENTED_EDGE('',*,*,#4505,.T.);
#4505 = EDGE_CURVE('',#4482,#4506,#4508,.T.);
#4506 = VERTEX_POINT('',#4507);
#4507 = CARTESIAN_POINT('',(-18.19,34.925,46.637283335002));
#4508 = SURFACE_CURVE('',#4509,(#4513,#4519),.PCURVE_S1.);
#4509 = LINE('',#4510,#4511);
#4510 = CARTESIAN_POINT('',(-36.45,34.925,46.637283335002));
#4511 = VECTOR('',#4512,1.);
#4512 = DIRECTION('',(1.,0.,0.));
#4513 = PCURVE('',#1146,#4514);
#4514 = DEFINITIONAL_REPRESENTATION('',(#4515),#4518);
#4515 = B_SPLINE_CURVE_WITH_KNOTS('',1,(#4516,#4517),.UNSPECIFIED.,.F.,
  .F.,(2,2),(18.24,18.26),.PIECEWISE_BEZIER_KNOTS.);
#4516 = CARTESIAN_POINT('',(28.762283335002,35.29));
#4517 = CARTESIAN_POINT('',(28.762283335002,35.31));
#4518 = ( GEOMETRIC_REPRESENTATION_CONTEXT(2) 
PARAMETRIC_REPRESENTATION_CONTEXT() REPRESENTATION_CONTEXT('2D SPACE',''
  ) );
#4519 = PCURVE('',#2449,#4520);
#4520 = DEFINITIONAL_REPRESENTATION('',(#4521),#4524);
#4521 = B_SPLINE_CURVE_WITH_KNOTS('',1,(#4522,#4523),.UNSPECIFIED.,.F.,
  .F.,(2,2),(18.24,18.26),.PIECEWISE_BEZIER_KNOTS.);
#4522 = CARTESIAN_POINT('',(1.19,1.));
#4523 = CARTESIAN_POINT('',(1.21,1.));
#4524 = ( GEOMETRIC_REPRESENTATION_CONTEXT(2) 
PARAMETRIC_REPRESENTATION_CONTEXT() REPRESENTATION_CONTEXT('2D SPACE',''
  ) );
#4525 = ORIENTED_EDGE('',*,*,#4526,.F.);
#4526 = EDGE_CURVE('',#4527,#4506,#4529,.T.);
#4527 = VERTEX_POINT('',#4528);
#4528 = CARTESIAN_POINT('',(-17.,34.925,47.827283335002));
#4529 = SURFACE_CURVE('',#4530,(#4535,#4542),.PCURVE_S1.);
#4530 = CIRCLE('',#4531,1.19);
#4531 = AXIS2_PLACEMENT_3D('',#4532,#4533,#4534);
#4532 = CARTESIAN_POINT('',(-18.19,34.925,47.827283335002));
#4533 = DIRECTION('',(0.,1.,0.));
#4534 = DIRECTION('',(1.,0.,-0.));
#4535 = PCURVE('',#1146,#4536);
#4536 = DEFINITIONAL_REPRESENTATION('',(#4537),#4541);
#4537 = CIRCLE('',#4538,1.19);
#4538 = AXIS2_PLACEMENT_2D('',#4539,#4540);
#4539 = CARTESIAN_POINT('',(29.952283335002,35.31));
#4540 = DIRECTION('',(0.,1.));
#4541 = ( GEOMETRIC_REPRESENTATION_CONTEXT(2) 
PARAMETRIC_REPRESENTATION_CONTEXT() REPRESENTATION_CONTEXT('2D SPACE',''
  ) );
#4542 = PCURVE('',#2477,#4543);
#4543 = DEFINITIONAL_REPRESENTATION('',(#4544),#4548);
#4544 = LINE('',#4545,#4546);
#4545 = CARTESIAN_POINT('',(0.,1.));
#4546 = VECTOR('',#4547,1.);
#4547 = DIRECTION('',(1.,0.));
#4548 = ( GEOMETRIC_REPRESENTATION_CONTEXT(2) 
PARAMETRIC_REPRESENTATION_CONTEXT() REPRESENTATION_CONTEXT('2D SPACE',''
  ) );
#4549 = ORIENTED_EDGE('',*,*,#4550,.F.);
#4550 = EDGE_CURVE('',#4551,#4527,#4553,.T.);
#4551 = VERTEX_POINT('',#4552);
#4552 = CARTESIAN_POINT('',(-17.,34.925,73.572716664998));
#4553 = SURFACE_CURVE('',#4554,(#4558,#4564),.PCURVE_S1.);
#4554 = LINE('',#4555,#4556);
#4555 = CARTESIAN_POINT('',(-17.,34.925,32.256141667501));
#4556 = VECTOR('',#4557,1.);
#4557 = DIRECTION('',(0.,0.,-1.));
#4558 = PCURVE('',#1146,#4559);
#4559 = DEFINITIONAL_REPRESENTATION('',(#4560),#4563);
#4560 = B_SPLINE_CURVE_WITH_KNOTS('',1,(#4561,#4562),.UNSPECIFIED.,.F.,
  .F.,(2,2),(-41.31657499749,-15.5711416675),.PIECEWISE_BEZIER_KNOTS.);
#4561 = CARTESIAN_POINT('',(55.697716664998,36.5));
#4562 = CARTESIAN_POINT('',(29.952283335002,36.5));
#4563 = ( GEOMETRIC_REPRESENTATION_CONTEXT(2) 
PARAMETRIC_REPRESENTATION_CONTEXT() REPRESENTATION_CONTEXT('2D SPACE',''
  ) );
#4564 = PCURVE('',#2504,#4565);
#4565 = DEFINITIONAL_REPRESENTATION('',(#4566),#4569);
#4566 = B_SPLINE_CURVE_WITH_KNOTS('',1,(#4567,#4568),.UNSPECIFIED.,.F.,
  .F.,(2,2),(-41.31657499749,-15.5711416675),.PIECEWISE_BEZIER_KNOTS.);
#4567 = CARTESIAN_POINT('',(26.935433329995,-1.));
#4568 = CARTESIAN_POINT('',(1.19,-1.));
#4569 = ( GEOMETRIC_REPRESENTATION_CONTEXT(2) 
PARAMETRIC_REPRESENTATION_CONTEXT() REPRESENTATION_CONTEXT('2D SPACE',''
  ) );
#4570 = ORIENTED_EDGE('',*,*,#4571,.F.);
#4571 = EDGE_CURVE('',#4572,#4551,#4574,.T.);
#4572 = VERTEX_POINT('',#4573);
#4573 = CARTESIAN_POINT('',(-18.19,34.925,74.762716664998));
#4574 = SURFACE_CURVE('',#4575,(#4580,#4587),.PCURVE_S1.);
#4575 = CIRCLE('',#4576,1.19);
#4576 = AXIS2_PLACEMENT_3D('',#4577,#4578,#4579);
#4577 = CARTESIAN_POINT('',(-18.19,34.925,73.572716664998));
#4578 = DIRECTION('',(0.,1.,0.));
#4579 = DIRECTION('',(1.,0.,-0.));
#4580 = PCURVE('',#1146,#4581);
#4581 = DEFINITIONAL_REPRESENTATION('',(#4582),#4586);
#4582 = CIRCLE('',#4583,1.19);
#4583 = AXIS2_PLACEMENT_2D('',#4584,#4585);
#4584 = CARTESIAN_POINT('',(55.697716664998,35.31));
#4585 = DIRECTION('',(0.,1.));
#4586 = ( GEOMETRIC_REPRESENTATION_CONTEXT(2) 
PARAMETRIC_REPRESENTATION_CONTEXT() REPRESENTATION_CONTEXT('2D SPACE',''
  ) );
#4587 = PCURVE('',#2532,#4588);
#4588 = DEFINITIONAL_REPRESENTATION('',(#4589),#4593);
#4589 = LINE('',#4590,#4591);
#4590 = CARTESIAN_POINT('',(-6.28318530718,1.));
#4591 = VECTOR('',#4592,1.);
#4592 = DIRECTION('',(1.,-0.));
#4593 = ( GEOMETRIC_REPRESENTATION_CONTEXT(2) 
PARAMETRIC_REPRESENTATION_CONTEXT() REPRESENTATION_CONTEXT('2D SPACE',''
  ) );
#4594 = ORIENTED_EDGE('',*,*,#4595,.F.);
#4595 = EDGE_CURVE('',#4437,#4572,#4596,.T.);
#4596 = SURFACE_CURVE('',#4597,(#4601,#4607),.PCURVE_S1.);
#4597 = LINE('',#4598,#4599);
#4598 = CARTESIAN_POINT('',(-36.45,34.925,74.762716664998));
#4599 = VECTOR('',#4600,1.);
#4600 = DIRECTION('',(1.,0.,0.));
#4601 = PCURVE('',#1146,#4602);
#4602 = DEFINITIONAL_REPRESENTATION('',(#4603),#4606);
#4603 = B_SPLINE_CURVE_WITH_KNOTS('',1,(#4604,#4605),.UNSPECIFIED.,.F.,
  .F.,(2,2),(18.24,18.26),.PIECEWISE_BEZIER_KNOTS.);
#4604 = CARTESIAN_POINT('',(56.887716664998,35.29));
#4605 = CARTESIAN_POINT('',(56.887716664998,35.31));
#4606 = ( GEOMETRIC_REPRESENTATION_CONTEXT(2) 
PARAMETRIC_REPRESENTATION_CONTEXT() REPRESENTATION_CONTEXT('2D SPACE',''
  ) );
#4607 = PCURVE('',#2557,#4608);
#4608 = DEFINITIONAL_REPRESENTATION('',(#4609),#4612);
#4609 = B_SPLINE_CURVE_WITH_KNOTS('',1,(#4610,#4611),.UNSPECIFIED.,.F.,
  .F.,(2,2),(18.24,18.26),.PIECEWISE_BEZIER_KNOTS.);
#4610 = CARTESIAN_POINT('',(1.19,1.));
#4611 = CARTESIAN_POINT('',(1.21,1.));
#4612 = ( GEOMETRIC_REPRESENTATION_CONTEXT(2) 
PARAMETRIC_REPRESENTATION_CONTEXT() REPRESENTATION_CONTEXT('2D SPACE',''
  ) );
#4613 = FACE_BOUND('',#4614,.F.);
#4614 = EDGE_LOOP('',(#4615,#4641,#4662,#4686,#4707,#4731,#4752,#4776));
#4615 = ORIENTED_EDGE('',*,*,#4616,.F.);
#4616 = EDGE_CURVE('',#4617,#4619,#4621,.T.);
#4617 = VERTEX_POINT('',#4618);
#4618 = CARTESIAN_POINT('',(-14.2,34.925,78.48366596101));
#4619 = VERTEX_POINT('',#4620);
#4620 = CARTESIAN_POINT('',(-13.01,34.925,79.67366596101));
#4621 = SURFACE_CURVE('',#4622,(#4627,#4634),.PCURVE_S1.);
#4622 = CIRCLE('',#4623,1.19);
#4623 = AXIS2_PLACEMENT_3D('',#4624,#4625,#4626);
#4624 = CARTESIAN_POINT('',(-13.01,34.925,78.48366596101));
#4625 = DIRECTION('',(0.,1.,0.));
#4626 = DIRECTION('',(-1.,0.,0.));
#4627 = PCURVE('',#1146,#4628);
#4628 = DEFINITIONAL_REPRESENTATION('',(#4629),#4633);
#4629 = CIRCLE('',#4630,1.19);
#4630 = AXIS2_PLACEMENT_2D('',#4631,#4632);
#4631 = CARTESIAN_POINT('',(60.60866596101,40.49));
#4632 = DIRECTION('',(0.,-1.));
#4633 = ( GEOMETRIC_REPRESENTATION_CONTEXT(2) 
PARAMETRIC_REPRESENTATION_CONTEXT() REPRESENTATION_CONTEXT('2D SPACE',''
  ) );
#4634 = PCURVE('',#2589,#4635);
#4635 = DEFINITIONAL_REPRESENTATION('',(#4636),#4640);
#4636 = LINE('',#4637,#4638);
#4637 = CARTESIAN_POINT('',(0.,1.));
#4638 = VECTOR('',#4639,1.);
#4639 = DIRECTION('',(1.,0.));
#4640 = ( GEOMETRIC_REPRESENTATION_CONTEXT(2) 
PARAMETRIC_REPRESENTATION_CONTEXT() REPRESENTATION_CONTEXT('2D SPACE',''
  ) );
#4641 = ORIENTED_EDGE('',*,*,#4642,.T.);
#4642 = EDGE_CURVE('',#4617,#4643,#4645,.T.);
#4643 = VERTEX_POINT('',#4644);
#4644 = CARTESIAN_POINT('',(-14.2,34.925,42.91633403899));
#4645 = SURFACE_CURVE('',#4646,(#4650,#4656),.PCURVE_S1.);
#4646 = LINE('',#4647,#4648);
#4647 = CARTESIAN_POINT('',(-14.2,34.925,29.800667019495));
#4648 = VECTOR('',#4649,1.);
#4649 = DIRECTION('',(0.,0.,-1.));
#4650 = PCURVE('',#1146,#4651);
#4651 = DEFINITIONAL_REPRESENTATION('',(#4652),#4655);
#4652 = B_SPLINE_CURVE_WITH_KNOTS('',1,(#4653,#4654),.UNSPECIFIED.,.F.,
  .F.,(2,2),(-48.68299894151,-13.11566701949),.PIECEWISE_BEZIER_KNOTS.);
#4653 = CARTESIAN_POINT('',(60.60866596101,39.3));
#4654 = CARTESIAN_POINT('',(25.04133403899,39.3));
#4655 = ( GEOMETRIC_REPRESENTATION_CONTEXT(2) 
PARAMETRIC_REPRESENTATION_CONTEXT() REPRESENTATION_CONTEXT('2D SPACE',''
  ) );
#4656 = PCURVE('',#2616,#4657);
#4657 = DEFINITIONAL_REPRESENTATION('',(#4658),#4661);
#4658 = B_SPLINE_CURVE_WITH_KNOTS('',1,(#4659,#4660),.UNSPECIFIED.,.F.,
  .F.,(2,2),(-48.68299894151,-13.11566701949),.PIECEWISE_BEZIER_KNOTS.);
#4659 = CARTESIAN_POINT('',(36.757331922021,-1.));
#4660 = CARTESIAN_POINT('',(1.19,-1.));
#4661 = ( GEOMETRIC_REPRESENTATION_CONTEXT(2) 
PARAMETRIC_REPRESENTATION_CONTEXT() REPRESENTATION_CONTEXT('2D SPACE',''
  ) );
#4662 = ORIENTED_EDGE('',*,*,#4663,.F.);
#4663 = EDGE_CURVE('',#4664,#4643,#4666,.T.);
#4664 = VERTEX_POINT('',#4665);
#4665 = CARTESIAN_POINT('',(-13.01,34.925,41.72633403899));
#4666 = SURFACE_CURVE('',#4667,(#4672,#4679),.PCURVE_S1.);
#4667 = CIRCLE('',#4668,1.19);
#4668 = AXIS2_PLACEMENT_3D('',#4669,#4670,#4671);
#4669 = CARTESIAN_POINT('',(-13.01,34.925,42.91633403899));
#4670 = DIRECTION('',(0.,1.,0.));
#4671 = DIRECTION('',(-1.,0.,0.));
#4672 = PCURVE('',#1146,#4673);
#4673 = DEFINITIONAL_REPRESENTATION('',(#4674),#4678);
#4674 = CIRCLE('',#4675,1.19);
#4675 = AXIS2_PLACEMENT_2D('',#4676,#4677);
#4676 = CARTESIAN_POINT('',(25.04133403899,40.49));
#4677 = DIRECTION('',(0.,-1.));
#4678 = ( GEOMETRIC_REPRESENTATION_CONTEXT(2) 
PARAMETRIC_REPRESENTATION_CONTEXT() REPRESENTATION_CONTEXT('2D SPACE',''
  ) );
#4679 = PCURVE('',#2644,#4680);
#4680 = DEFINITIONAL_REPRESENTATION('',(#4681),#4685);
#4681 = LINE('',#4682,#4683);
#4682 = CARTESIAN_POINT('',(-6.28318530718,1.));
#4683 = VECTOR('',#4684,1.);
#4684 = DIRECTION('',(1.,-0.));
#4685 = ( GEOMETRIC_REPRESENTATION_CONTEXT(2) 
PARAMETRIC_REPRESENTATION_CONTEXT() REPRESENTATION_CONTEXT('2D SPACE',''
  ) );
#4686 = ORIENTED_EDGE('',*,*,#4687,.T.);
#4687 = EDGE_CURVE('',#4664,#4688,#4690,.T.);
#4688 = VERTEX_POINT('',#4689);
#4689 = CARTESIAN_POINT('',(-12.99,34.925,41.72633403899));
#4690 = SURFACE_CURVE('',#4691,(#4695,#4701),.PCURVE_S1.);
#4691 = LINE('',#4692,#4693);
#4692 = CARTESIAN_POINT('',(-33.85,34.925,41.72633403899));
#4693 = VECTOR('',#4694,1.);
#4694 = DIRECTION('',(1.,0.,0.));
#4695 = PCURVE('',#1146,#4696);
#4696 = DEFINITIONAL_REPRESENTATION('',(#4697),#4700);
#4697 = B_SPLINE_CURVE_WITH_KNOTS('',1,(#4698,#4699),.UNSPECIFIED.,.F.,
  .F.,(2,2),(20.84,20.86),.PIECEWISE_BEZIER_KNOTS.);
#4698 = CARTESIAN_POINT('',(23.85133403899,40.49));
#4699 = CARTESIAN_POINT('',(23.85133403899,40.51));
#4700 = ( GEOMETRIC_REPRESENTATION_CONTEXT(2) 
PARAMETRIC_REPRESENTATION_CONTEXT() REPRESENTATION_CONTEXT('2D SPACE',''
  ) );
#4701 = PCURVE('',#2671,#4702);
#4702 = DEFINITIONAL_REPRESENTATION('',(#4703),#4706);
#4703 = B_SPLINE_CURVE_WITH_KNOTS('',1,(#4704,#4705),.UNSPECIFIED.,.F.,
  .F.,(2,2),(20.84,20.86),.PIECEWISE_BEZIER_KNOTS.);
#4704 = CARTESIAN_POINT('',(1.19,1.));
#4705 = CARTESIAN_POINT('',(1.21,1.));
#4706 = ( GEOMETRIC_REPRESENTATION_CONTEXT(2) 
PARAMETRIC_REPRESENTATION_CONTEXT() REPRESENTATION_CONTEXT('2D SPACE',''
  ) );
#4707 = ORIENTED_EDGE('',*,*,#4708,.F.);
#4708 = EDGE_CURVE('',#4709,#4688,#4711,.T.);
#4709 = VERTEX_POINT('',#4710);
#4710 = CARTESIAN_POINT('',(-11.8,34.925,42.91633403899));
#4711 = SURFACE_CURVE('',#4712,(#4717,#4724),.PCURVE_S1.);
#4712 = CIRCLE('',#4713,1.19);
#4713 = AXIS2_PLACEMENT_3D('',#4714,#4715,#4716);
#4714 = CARTESIAN_POINT('',(-12.99,34.925,42.91633403899));
#4715 = DIRECTION('',(0.,1.,0.));
#4716 = DIRECTION('',(1.,0.,-0.));
#4717 = PCURVE('',#1146,#4718);
#4718 = DEFINITIONAL_REPRESENTATION('',(#4719),#4723);
#4719 = CIRCLE('',#4720,1.19);
#4720 = AXIS2_PLACEMENT_2D('',#4721,#4722);
#4721 = CARTESIAN_POINT('',(25.04133403899,40.51));
#4722 = DIRECTION('',(0.,1.));
#4723 = ( GEOMETRIC_REPRESENTATION_CONTEXT(2) 
PARAMETRIC_REPRESENTATION_CONTEXT() REPRESENTATION_CONTEXT('2D SPACE',''
  ) );
#4724 = PCURVE('',#2699,#4725);
#4725 = DEFINITIONAL_REPRESENTATION('',(#4726),#4730);
#4726 = LINE('',#4727,#4728);
#4727 = CARTESIAN_POINT('',(0.,1.));
#4728 = VECTOR('',#4729,1.);
#4729 = DIRECTION('',(1.,0.));
#4730 = ( GEOMETRIC_REPRESENTATION_CONTEXT(2) 
PARAMETRIC_REPRESENTATION_CONTEXT() REPRESENTATION_CONTEXT('2D SPACE',''
  ) );
#4731 = ORIENTED_EDGE('',*,*,#4732,.F.);
#4732 = EDGE_CURVE('',#4733,#4709,#4735,.T.);
#4733 = VERTEX_POINT('',#4734);
#4734 = CARTESIAN_POINT('',(-11.8,34.925,78.48366596101));
#4735 = SURFACE_CURVE('',#4736,(#4740,#4746),.PCURVE_S1.);
#4736 = LINE('',#4737,#4738);
#4737 = CARTESIAN_POINT('',(-11.8,34.925,29.800667019495));
#4738 = VECTOR('',#4739,1.);
#4739 = DIRECTION('',(0.,0.,-1.));
#4740 = PCURVE('',#1146,#4741);
#4741 = DEFINITIONAL_REPRESENTATION('',(#4742),#4745);
#4742 = B_SPLINE_CURVE_WITH_KNOTS('',1,(#4743,#4744),.UNSPECIFIED.,.F.,
  .F.,(2,2),(-48.68299894151,-13.11566701949),.PIECEWISE_BEZIER_KNOTS.);
#4743 = CARTESIAN_POINT('',(60.60866596101,41.7));
#4744 = CARTESIAN_POINT('',(25.04133403899,41.7));
#4745 = ( GEOMETRIC_REPRESENTATION_CONTEXT(2) 
PARAMETRIC_REPRESENTATION_CONTEXT() REPRESENTATION_CONTEXT('2D SPACE',''
  ) );
#4746 = PCURVE('',#2726,#4747);
#4747 = DEFINITIONAL_REPRESENTATION('',(#4748),#4751);
#4748 = B_SPLINE_CURVE_WITH_KNOTS('',1,(#4749,#4750),.UNSPECIFIED.,.F.,
  .F.,(2,2),(-48.68299894151,-13.11566701949),.PIECEWISE_BEZIER_KNOTS.);
#4749 = CARTESIAN_POINT('',(36.757331922021,-1.));
#4750 = CARTESIAN_POINT('',(1.19,-1.));
#4751 = ( GEOMETRIC_REPRESENTATION_CONTEXT(2) 
PARAMETRIC_REPRESENTATION_CONTEXT() REPRESENTATION_CONTEXT('2D SPACE',''
  ) );
#4752 = ORIENTED_EDGE('',*,*,#4753,.F.);
#4753 = EDGE_CURVE('',#4754,#4733,#4756,.T.);
#4754 = VERTEX_POINT('',#4755);
#4755 = CARTESIAN_POINT('',(-12.99,34.925,79.67366596101));
#4756 = SURFACE_CURVE('',#4757,(#4762,#4769),.PCURVE_S1.);
#4757 = CIRCLE('',#4758,1.19);
#4758 = AXIS2_PLACEMENT_3D('',#4759,#4760,#4761);
#4759 = CARTESIAN_POINT('',(-12.99,34.925,78.48366596101));
#4760 = DIRECTION('',(0.,1.,0.));
#4761 = DIRECTION('',(1.,0.,-0.));
#4762 = PCURVE('',#1146,#4763);
#4763 = DEFINITIONAL_REPRESENTATION('',(#4764),#4768);
#4764 = CIRCLE('',#4765,1.19);
#4765 = AXIS2_PLACEMENT_2D('',#4766,#4767);
#4766 = CARTESIAN_POINT('',(60.60866596101,40.51));
#4767 = DIRECTION('',(0.,1.));
#4768 = ( GEOMETRIC_REPRESENTATION_CONTEXT(2) 
PARAMETRIC_REPRESENTATION_CONTEXT() REPRESENTATION_CONTEXT('2D SPACE',''
  ) );
#4769 = PCURVE('',#2754,#4770);
#4770 = DEFINITIONAL_REPRESENTATION('',(#4771),#4775);
#4771 = LINE('',#4772,#4773);
#4772 = CARTESIAN_POINT('',(-6.28318530718,1.));
#4773 = VECTOR('',#4774,1.);
#4774 = DIRECTION('',(1.,-0.));
#4775 = ( GEOMETRIC_REPRESENTATION_CONTEXT(2) 
PARAMETRIC_REPRESENTATION_CONTEXT() REPRESENTATION_CONTEXT('2D SPACE',''
  ) );
#4776 = ORIENTED_EDGE('',*,*,#4777,.F.);
#4777 = EDGE_CURVE('',#4619,#4754,#4778,.T.);
#4778 = SURFACE_CURVE('',#4779,(#4783,#4789),.PCURVE_S1.);
#4779 = LINE('',#4780,#4781);
#4780 = CARTESIAN_POINT('',(-33.85,34.925,79.67366596101));
#4781 = VECTOR('',#4782,1.);
#4782 = DIRECTION('',(1.,0.,0.));
#4783 = PCURVE('',#1146,#4784);
#4784 = DEFINITIONAL_REPRESENTATION('',(#4785),#4788);
#4785 = B_SPLINE_CURVE_WITH_KNOTS('',1,(#4786,#4787),.UNSPECIFIED.,.F.,
  .F.,(2,2),(20.84,20.86),.PIECEWISE_BEZIER_KNOTS.);
#4786 = CARTESIAN_POINT('',(61.79866596101,40.49));
#4787 = CARTESIAN_POINT('',(61.79866596101,40.51));
#4788 = ( GEOMETRIC_REPRESENTATION_CONTEXT(2) 
PARAMETRIC_REPRESENTATION_CONTEXT() REPRESENTATION_CONTEXT('2D SPACE',''
  ) );
#4789 = PCURVE('',#2779,#4790);
#4790 = DEFINITIONAL_REPRESENTATION('',(#4791),#4794);
#4791 = B_SPLINE_CURVE_WITH_KNOTS('',1,(#4792,#4793),.UNSPECIFIED.,.F.,
  .F.,(2,2),(20.84,20.86),.PIECEWISE_BEZIER_KNOTS.);
#4792 = CARTESIAN_POINT('',(1.19,1.));
#4793 = CARTESIAN_POINT('',(1.21,1.));
#4794 = ( GEOMETRIC_REPRESENTATION_CONTEXT(2) 
PARAMETRIC_REPRESENTATION_CONTEXT() REPRESENTATION_CONTEXT('2D SPACE',''
  ) );
#4795 = FACE_BOUND('',#4796,.F.);
#4796 = EDGE_LOOP('',(#4797,#4823,#4844,#4868,#4889,#4913,#4934,#4958));
#4797 = ORIENTED_EDGE('',*,*,#4798,.F.);
#4798 = EDGE_CURVE('',#4799,#4801,#4803,.T.);
#4799 = VERTEX_POINT('',#4800);
#4800 = CARTESIAN_POINT('',(-9.,34.925,81.147005338078));
#4801 = VERTEX_POINT('',#4802);
#4802 = CARTESIAN_POINT('',(-7.81,34.925,82.337005338078));
#4803 = SURFACE_CURVE('',#4804,(#4809,#4816),.PCURVE_S1.);
#4804 = CIRCLE('',#4805,1.19);
#4805 = AXIS2_PLACEMENT_3D('',#4806,#4807,#4808);
#4806 = CARTESIAN_POINT('',(-7.81,34.925,81.147005338078));
#4807 = DIRECTION('',(0.,1.,0.));
#4808 = DIRECTION('',(-1.,0.,0.));
#4809 = PCURVE('',#1146,#4810);
#4810 = DEFINITIONAL_REPRESENTATION('',(#4811),#4815);
#4811 = CIRCLE('',#4812,1.19);
#4812 = AXIS2_PLACEMENT_2D('',#4813,#4814);
#4813 = CARTESIAN_POINT('',(63.272005338078,45.69));
#4814 = DIRECTION('',(0.,-1.));
#4815 = ( GEOMETRIC_REPRESENTATION_CONTEXT(2) 
PARAMETRIC_REPRESENTATION_CONTEXT() REPRESENTATION_CONTEXT('2D SPACE',''
  ) );
#4816 = PCURVE('',#2811,#4817);
#4817 = DEFINITIONAL_REPRESENTATION('',(#4818),#4822);
#4818 = LINE('',#4819,#4820);
#4819 = CARTESIAN_POINT('',(0.,1.));
#4820 = VECTOR('',#4821,1.);
#4821 = DIRECTION('',(1.,0.));
#4822 = ( GEOMETRIC_REPRESENTATION_CONTEXT(2) 
PARAMETRIC_REPRESENTATION_CONTEXT() REPRESENTATION_CONTEXT('2D SPACE',''
  ) );
#4823 = ORIENTED_EDGE('',*,*,#4824,.T.);
#4824 = EDGE_CURVE('',#4799,#4825,#4827,.T.);
#4825 = VERTEX_POINT('',#4826);
#4826 = CARTESIAN_POINT('',(-9.,34.925,40.252994661922));
#4827 = SURFACE_CURVE('',#4828,(#4832,#4838),.PCURVE_S1.);
#4828 = LINE('',#4829,#4830);
#4829 = CARTESIAN_POINT('',(-9.,34.925,28.468997330961));
#4830 = VECTOR('',#4831,1.);
#4831 = DIRECTION('',(0.,0.,-1.));
#4832 = PCURVE('',#1146,#4833);
#4833 = DEFINITIONAL_REPRESENTATION('',(#4834),#4837);
#4834 = B_SPLINE_CURVE_WITH_KNOTS('',1,(#4835,#4836),.UNSPECIFIED.,.F.,
  .F.,(2,2),(-52.67800800711,-11.78399733096),.PIECEWISE_BEZIER_KNOTS.);
#4835 = CARTESIAN_POINT('',(63.272005338078,44.5));
#4836 = CARTESIAN_POINT('',(22.377994661922,44.5));
#4837 = ( GEOMETRIC_REPRESENTATION_CONTEXT(2) 
PARAMETRIC_REPRESENTATION_CONTEXT() REPRESENTATION_CONTEXT('2D SPACE',''
  ) );
#4838 = PCURVE('',#2838,#4839);
#4839 = DEFINITIONAL_REPRESENTATION('',(#4840),#4843);
#4840 = B_SPLINE_CURVE_WITH_KNOTS('',1,(#4841,#4842),.UNSPECIFIED.,.F.,
  .F.,(2,2),(-52.67800800711,-11.78399733096),.PIECEWISE_BEZIER_KNOTS.);
#4841 = CARTESIAN_POINT('',(42.084010676155,-1.));
#4842 = CARTESIAN_POINT('',(1.19,-1.));
#4843 = ( GEOMETRIC_REPRESENTATION_CONTEXT(2) 
PARAMETRIC_REPRESENTATION_CONTEXT() REPRESENTATION_CONTEXT('2D SPACE',''
  ) );
#4844 = ORIENTED_EDGE('',*,*,#4845,.F.);
#4845 = EDGE_CURVE('',#4846,#4825,#4848,.T.);
#4846 = VERTEX_POINT('',#4847);
#4847 = CARTESIAN_POINT('',(-7.81,34.925,39.062994661922));
#4848 = SURFACE_CURVE('',#4849,(#4854,#4861),.PCURVE_S1.);
#4849 = CIRCLE('',#4850,1.19);
#4850 = AXIS2_PLACEMENT_3D('',#4851,#4852,#4853);
#4851 = CARTESIAN_POINT('',(-7.81,34.925,40.252994661922));
#4852 = DIRECTION('',(0.,1.,0.));
#4853 = DIRECTION('',(-1.,0.,0.));
#4854 = PCURVE('',#1146,#4855);
#4855 = DEFINITIONAL_REPRESENTATION('',(#4856),#4860);
#4856 = CIRCLE('',#4857,1.19);
#4857 = AXIS2_PLACEMENT_2D('',#4858,#4859);
#4858 = CARTESIAN_POINT('',(22.377994661922,45.69));
#4859 = DIRECTION('',(0.,-1.));
#4860 = ( GEOMETRIC_REPRESENTATION_CONTEXT(2) 
PARAMETRIC_REPRESENTATION_CONTEXT() REPRESENTATION_CONTEXT('2D SPACE',''
  ) );
#4861 = PCURVE('',#2866,#4862);
#4862 = DEFINITIONAL_REPRESENTATION('',(#4863),#4867);
#4863 = LINE('',#4864,#4865);
#4864 = CARTESIAN_POINT('',(-6.28318530718,1.));
#4865 = VECTOR('',#4866,1.);
#4866 = DIRECTION('',(1.,-0.));
#4867 = ( GEOMETRIC_REPRESENTATION_CONTEXT(2) 
PARAMETRIC_REPRESENTATION_CONTEXT() REPRESENTATION_CONTEXT('2D SPACE',''
  ) );
#4868 = ORIENTED_EDGE('',*,*,#4869,.T.);
#4869 = EDGE_CURVE('',#4846,#4870,#4872,.T.);
#4870 = VERTEX_POINT('',#4871);
#4871 = CARTESIAN_POINT('',(-7.79,34.925,39.062994661922));
#4872 = SURFACE_CURVE('',#4873,(#4877,#4883),.PCURVE_S1.);
#4873 = LINE('',#4874,#4875);
#4874 = CARTESIAN_POINT('',(-31.25,34.925,39.062994661922));
#4875 = VECTOR('',#4876,1.);
#4876 = DIRECTION('',(1.,0.,0.));
#4877 = PCURVE('',#1146,#4878);
#4878 = DEFINITIONAL_REPRESENTATION('',(#4879),#4882);
#4879 = B_SPLINE_CURVE_WITH_KNOTS('',1,(#4880,#4881),.UNSPECIFIED.,.F.,
  .F.,(2,2),(23.44,23.46),.PIECEWISE_BEZIER_KNOTS.);
#4880 = CARTESIAN_POINT('',(21.187994661922,45.69));
#4881 = CARTESIAN_POINT('',(21.187994661922,45.71));
#4882 = ( GEOMETRIC_REPRESENTATION_CONTEXT(2) 
PARAMETRIC_REPRESENTATION_CONTEXT() REPRESENTATION_CONTEXT('2D SPACE',''
  ) );
#4883 = PCURVE('',#2893,#4884);
#4884 = DEFINITIONAL_REPRESENTATION('',(#4885),#4888);
#4885 = B_SPLINE_CURVE_WITH_KNOTS('',1,(#4886,#4887),.UNSPECIFIED.,.F.,
  .F.,(2,2),(23.44,23.46),.PIECEWISE_BEZIER_KNOTS.);
#4886 = CARTESIAN_POINT('',(1.19,1.));
#4887 = CARTESIAN_POINT('',(1.21,1.));
#4888 = ( GEOMETRIC_REPRESENTATION_CONTEXT(2) 
PARAMETRIC_REPRESENTATION_CONTEXT() REPRESENTATION_CONTEXT('2D SPACE',''
  ) );
#4889 = ORIENTED_EDGE('',*,*,#4890,.F.);
#4890 = EDGE_CURVE('',#4891,#4870,#4893,.T.);
#4891 = VERTEX_POINT('',#4892);
#4892 = CARTESIAN_POINT('',(-6.6,34.925,40.252994661922));
#4893 = SURFACE_CURVE('',#4894,(#4899,#4906),.PCURVE_S1.);
#4894 = CIRCLE('',#4895,1.19);
#4895 = AXIS2_PLACEMENT_3D('',#4896,#4897,#4898);
#4896 = CARTESIAN_POINT('',(-7.79,34.925,40.252994661922));
#4897 = DIRECTION('',(0.,1.,0.));
#4898 = DIRECTION('',(1.,0.,-0.));
#4899 = PCURVE('',#1146,#4900);
#4900 = DEFINITIONAL_REPRESENTATION('',(#4901),#4905);
#4901 = CIRCLE('',#4902,1.19);
#4902 = AXIS2_PLACEMENT_2D('',#4903,#4904);
#4903 = CARTESIAN_POINT('',(22.377994661922,45.71));
#4904 = DIRECTION('',(0.,1.));
#4905 = ( GEOMETRIC_REPRESENTATION_CONTEXT(2) 
PARAMETRIC_REPRESENTATION_CONTEXT() REPRESENTATION_CONTEXT('2D SPACE',''
  ) );
#4906 = PCURVE('',#2921,#4907);
#4907 = DEFINITIONAL_REPRESENTATION('',(#4908),#4912);
#4908 = LINE('',#4909,#4910);
#4909 = CARTESIAN_POINT('',(0.,1.));
#4910 = VECTOR('',#4911,1.);
#4911 = DIRECTION('',(1.,0.));
#4912 = ( GEOMETRIC_REPRESENTATION_CONTEXT(2) 
PARAMETRIC_REPRESENTATION_CONTEXT() REPRESENTATION_CONTEXT('2D SPACE',''
  ) );
#4913 = ORIENTED_EDGE('',*,*,#4914,.F.);
#4914 = EDGE_CURVE('',#4915,#4891,#4917,.T.);
#4915 = VERTEX_POINT('',#4916);
#4916 = CARTESIAN_POINT('',(-6.6,34.925,81.147005338078));
#4917 = SURFACE_CURVE('',#4918,(#4922,#4928),.PCURVE_S1.);
#4918 = LINE('',#4919,#4920);
#4919 = CARTESIAN_POINT('',(-6.6,34.925,28.468997330961));
#4920 = VECTOR('',#4921,1.);
#4921 = DIRECTION('',(0.,0.,-1.));
#4922 = PCURVE('',#1146,#4923);
#4923 = DEFINITIONAL_REPRESENTATION('',(#4924),#4927);
#4924 = B_SPLINE_CURVE_WITH_KNOTS('',1,(#4925,#4926),.UNSPECIFIED.,.F.,
  .F.,(2,2),(-52.67800800711,-11.78399733096),.PIECEWISE_BEZIER_KNOTS.);
#4925 = CARTESIAN_POINT('',(63.272005338078,46.9));
#4926 = CARTESIAN_POINT('',(22.377994661922,46.9));
#4927 = ( GEOMETRIC_REPRESENTATION_CONTEXT(2) 
PARAMETRIC_REPRESENTATION_CONTEXT() REPRESENTATION_CONTEXT('2D SPACE',''
  ) );
#4928 = PCURVE('',#2948,#4929);
#4929 = DEFINITIONAL_REPRESENTATION('',(#4930),#4933);
#4930 = B_SPLINE_CURVE_WITH_KNOTS('',1,(#4931,#4932),.UNSPECIFIED.,.F.,
  .F.,(2,2),(-52.67800800711,-11.78399733096),.PIECEWISE_BEZIER_KNOTS.);
#4931 = CARTESIAN_POINT('',(42.084010676155,-1.));
#4932 = CARTESIAN_POINT('',(1.19,-1.));
#4933 = ( GEOMETRIC_REPRESENTATION_CONTEXT(2) 
PARAMETRIC_REPRESENTATION_CONTEXT() REPRESENTATION_CONTEXT('2D SPACE',''
  ) );
#4934 = ORIENTED_EDGE('',*,*,#4935,.F.);
#4935 = EDGE_CURVE('',#4936,#4915,#4938,.T.);
#4936 = VERTEX_POINT('',#4937);
#4937 = CARTESIAN_POINT('',(-7.79,34.925,82.337005338078));
#4938 = SURFACE_CURVE('',#4939,(#4944,#4951),.PCURVE_S1.);
#4939 = CIRCLE('',#4940,1.19);
#4940 = AXIS2_PLACEMENT_3D('',#4941,#4942,#4943);
#4941 = CARTESIAN_POINT('',(-7.79,34.925,81.147005338078));
#4942 = DIRECTION('',(0.,1.,0.));
#4943 = DIRECTION('',(1.,0.,-0.));
#4944 = PCURVE('',#1146,#4945);
#4945 = DEFINITIONAL_REPRESENTATION('',(#4946),#4950);
#4946 = CIRCLE('',#4947,1.19);
#4947 = AXIS2_PLACEMENT_2D('',#4948,#4949);
#4948 = CARTESIAN_POINT('',(63.272005338078,45.71));
#4949 = DIRECTION('',(0.,1.));
#4950 = ( GEOMETRIC_REPRESENTATION_CONTEXT(2) 
PARAMETRIC_REPRESENTATION_CONTEXT() REPRESENTATION_CONTEXT('2D SPACE',''
  ) );
#4951 = PCURVE('',#2976,#4952);
#4952 = DEFINITIONAL_REPRESENTATION('',(#4953),#4957);
#4953 = LINE('',#4954,#4955);
#4954 = CARTESIAN_POINT('',(-6.28318530718,1.));
#4955 = VECTOR('',#4956,1.);
#4956 = DIRECTION('',(1.,-0.));
#4957 = ( GEOMETRIC_REPRESENTATION_CONTEXT(2) 
PARAMETRIC_REPRESENTATION_CONTEXT() REPRESENTATION_CONTEXT('2D SPACE',''
  ) );
#4958 = ORIENTED_EDGE('',*,*,#4959,.F.);
#4959 = EDGE_CURVE('',#4801,#4936,#4960,.T.);
#4960 = SURFACE_CURVE('',#4961,(#4965,#4971),.PCURVE_S1.);
#4961 = LINE('',#4962,#4963);
#4962 = CARTESIAN_POINT('',(-31.25,34.925,82.337005338078));
#4963 = VECTOR('',#4964,1.);
#4964 = DIRECTION('',(1.,0.,0.));
#4965 = PCURVE('',#1146,#4966);
#4966 = DEFINITIONAL_REPRESENTATION('',(#4967),#4970);
#4967 = B_SPLINE_CURVE_WITH_KNOTS('',1,(#4968,#4969),.UNSPECIFIED.,.F.,
  .F.,(2,2),(23.44,23.46),.PIECEWISE_BEZIER_KNOTS.);
#4968 = CARTESIAN_POINT('',(64.462005338078,45.69));
#4969 = CARTESIAN_POINT('',(64.462005338078,45.71));
#4970 = ( GEOMETRIC_REPRESENTATION_CONTEXT(2) 
PARAMETRIC_REPRESENTATION_CONTEXT() REPRESENTATION_CONTEXT('2D SPACE',''
  ) );
#4971 = PCURVE('',#3001,#4972);
#4972 = DEFINITIONAL_REPRESENTATION('',(#4973),#4976);
#4973 = B_SPLINE_CURVE_WITH_KNOTS('',1,(#4974,#4975),.UNSPECIFIED.,.F.,
  .F.,(2,2),(23.44,23.46),.PIECEWISE_BEZIER_KNOTS.);
#4974 = CARTESIAN_POINT('',(1.19,1.));
#4975 = CARTESIAN_POINT('',(1.21,1.));
#4976 = ( GEOMETRIC_REPRESENTATION_CONTEXT(2) 
PARAMETRIC_REPRESENTATION_CONTEXT() REPRESENTATION_CONTEXT('2D SPACE',''
  ) );
#4977 = FACE_BOUND('',#4978,.F.);
#4978 = EDGE_LOOP('',(#4979,#5005,#5026,#5050,#5071,#5095,#5116,#5140));
#4979 = ORIENTED_EDGE('',*,*,#4980,.F.);
#4980 = EDGE_CURVE('',#4981,#4983,#4985,.T.);
#4981 = VERTEX_POINT('',#4982);
#4982 = CARTESIAN_POINT('',(-3.8,34.925,82.362570971337));
#4983 = VERTEX_POINT('',#4984);
#4984 = CARTESIAN_POINT('',(-2.61,34.925,83.552570971337));
#4985 = SURFACE_CURVE('',#4986,(#4991,#4998),.PCURVE_S1.);
#4986 = CIRCLE('',#4987,1.19);
#4987 = AXIS2_PLACEMENT_3D('',#4988,#4989,#4990);
#4988 = CARTESIAN_POINT('',(-2.61,34.925,82.362570971337));
#4989 = DIRECTION('',(0.,1.,0.));
#4990 = DIRECTION('',(-1.,0.,0.));
#4991 = PCURVE('',#1146,#4992);
#4992 = DEFINITIONAL_REPRESENTATION('',(#4993),#4997);
#4993 = CIRCLE('',#4994,1.19);
#4994 = AXIS2_PLACEMENT_2D('',#4995,#4996);
#4995 = CARTESIAN_POINT('',(64.487570971337,50.89));
#4996 = DIRECTION('',(0.,-1.));
#4997 = ( GEOMETRIC_REPRESENTATION_CONTEXT(2) 
PARAMETRIC_REPRESENTATION_CONTEXT() REPRESENTATION_CONTEXT('2D SPACE',''
  ) );
#4998 = PCURVE('',#3033,#4999);
#4999 = DEFINITIONAL_REPRESENTATION('',(#5000),#5004);
#5000 = LINE('',#5001,#5002);
#5001 = CARTESIAN_POINT('',(0.,1.));
#5002 = VECTOR('',#5003,1.);
#5003 = DIRECTION('',(1.,0.));
#5004 = ( GEOMETRIC_REPRESENTATION_CONTEXT(2) 
PARAMETRIC_REPRESENTATION_CONTEXT() REPRESENTATION_CONTEXT('2D SPACE',''
  ) );
#5005 = ORIENTED_EDGE('',*,*,#5006,.T.);
#5006 = EDGE_CURVE('',#4981,#5007,#5009,.T.);
#5007 = VERTEX_POINT('',#5008);
#5008 = CARTESIAN_POINT('',(-3.8,34.925,39.037429028663));
#5009 = SURFACE_CURVE('',#5010,(#5014,#5020),.PCURVE_S1.);
#5010 = LINE('',#5011,#5012);
#5011 = CARTESIAN_POINT('',(-3.8,34.925,27.861214514331));
#5012 = VECTOR('',#5013,1.);
#5013 = DIRECTION('',(0.,0.,-1.));
#5014 = PCURVE('',#1146,#5015);
#5015 = DEFINITIONAL_REPRESENTATION('',(#5016),#5019);
#5016 = B_SPLINE_CURVE_WITH_KNOTS('',1,(#5017,#5018),.UNSPECIFIED.,.F.,
  .F.,(2,2),(-54.501356457,-11.17621451433),.PIECEWISE_BEZIER_KNOTS.);
#5017 = CARTESIAN_POINT('',(64.487570971337,49.7));
#5018 = CARTESIAN_POINT('',(21.162429028663,49.7));
#5019 = ( GEOMETRIC_REPRESENTATION_CONTEXT(2) 
PARAMETRIC_REPRESENTATION_CONTEXT() REPRESENTATION_CONTEXT('2D SPACE',''
  ) );
#5020 = PCURVE('',#3060,#5021);
#5021 = DEFINITIONAL_REPRESENTATION('',(#5022),#5025);
#5022 = B_SPLINE_CURVE_WITH_KNOTS('',1,(#5023,#5024),.UNSPECIFIED.,.F.,
  .F.,(2,2),(-54.501356457,-11.17621451433),.PIECEWISE_BEZIER_KNOTS.);
#5023 = CARTESIAN_POINT('',(44.515141942674,-1.));
#5024 = CARTESIAN_POINT('',(1.19,-1.));
#5025 = ( GEOMETRIC_REPRESENTATION_CONTEXT(2) 
PARAMETRIC_REPRESENTATION_CONTEXT() REPRESENTATION_CONTEXT('2D SPACE',''
  ) );
#5026 = ORIENTED_EDGE('',*,*,#5027,.F.);
#5027 = EDGE_CURVE('',#5028,#5007,#5030,.T.);
#5028 = VERTEX_POINT('',#5029);
#5029 = CARTESIAN_POINT('',(-2.61,34.925,37.847429028663));
#5030 = SURFACE_CURVE('',#5031,(#5036,#5043),.PCURVE_S1.);
#5031 = CIRCLE('',#5032,1.19);
#5032 = AXIS2_PLACEMENT_3D('',#5033,#5034,#5035);
#5033 = CARTESIAN_POINT('',(-2.61,34.925,39.037429028663));
#5034 = DIRECTION('',(0.,1.,0.));
#5035 = DIRECTION('',(-1.,0.,0.));
#5036 = PCURVE('',#1146,#5037);
#5037 = DEFINITIONAL_REPRESENTATION('',(#5038),#5042);
#5038 = CIRCLE('',#5039,1.19);
#5039 = AXIS2_PLACEMENT_2D('',#5040,#5041);
#5040 = CARTESIAN_POINT('',(21.162429028663,50.89));
#5041 = DIRECTION('',(0.,-1.));
#5042 = ( GEOMETRIC_REPRESENTATION_CONTEXT(2) 
PARAMETRIC_REPRESENTATION_CONTEXT() REPRESENTATION_CONTEXT('2D SPACE',''
  ) );
#5043 = PCURVE('',#3088,#5044);
#5044 = DEFINITIONAL_REPRESENTATION('',(#5045),#5049);
#5045 = LINE('',#5046,#5047);
#5046 = CARTESIAN_POINT('',(-6.28318530718,1.));
#5047 = VECTOR('',#5048,1.);
#5048 = DIRECTION('',(1.,-0.));
#5049 = ( GEOMETRIC_REPRESENTATION_CONTEXT(2) 
PARAMETRIC_REPRESENTATION_CONTEXT() REPRESENTATION_CONTEXT('2D SPACE',''
  ) );
#5050 = ORIENTED_EDGE('',*,*,#5051,.T.);
#5051 = EDGE_CURVE('',#5028,#5052,#5054,.T.);
#5052 = VERTEX_POINT('',#5053);
#5053 = CARTESIAN_POINT('',(-2.59,34.925,37.847429028663));
#5054 = SURFACE_CURVE('',#5055,(#5059,#5065),.PCURVE_S1.);
#5055 = LINE('',#5056,#5057);
#5056 = CARTESIAN_POINT('',(-28.65,34.925,37.847429028663));
#5057 = VECTOR('',#5058,1.);
#5058 = DIRECTION('',(1.,0.,0.));
#5059 = PCURVE('',#1146,#5060);
#5060 = DEFINITIONAL_REPRESENTATION('',(#5061),#5064);
#5061 = B_SPLINE_CURVE_WITH_KNOTS('',1,(#5062,#5063),.UNSPECIFIED.,.F.,
  .F.,(2,2),(26.04,26.06),.PIECEWISE_BEZIER_KNOTS.);
#5062 = CARTESIAN_POINT('',(19.972429028663,50.89));
#5063 = CARTESIAN_POINT('',(19.972429028663,50.91));
#5064 = ( GEOMETRIC_REPRESENTATION_CONTEXT(2) 
PARAMETRIC_REPRESENTATION_CONTEXT() REPRESENTATION_CONTEXT('2D SPACE',''
  ) );
#5065 = PCURVE('',#3115,#5066);
#5066 = DEFINITIONAL_REPRESENTATION('',(#5067),#5070);
#5067 = B_SPLINE_CURVE_WITH_KNOTS('',1,(#5068,#5069),.UNSPECIFIED.,.F.,
  .F.,(2,2),(26.04,26.06),.PIECEWISE_BEZIER_KNOTS.);
#5068 = CARTESIAN_POINT('',(1.19,1.));
#5069 = CARTESIAN_POINT('',(1.21,1.));
#5070 = ( GEOMETRIC_REPRESENTATION_CONTEXT(2) 
PARAMETRIC_REPRESENTATION_CONTEXT() REPRESENTATION_CONTEXT('2D SPACE',''
  ) );
#5071 = ORIENTED_EDGE('',*,*,#5072,.F.);
#5072 = EDGE_CURVE('',#5073,#5052,#5075,.T.);
#5073 = VERTEX_POINT('',#5074);
#5074 = CARTESIAN_POINT('',(-1.4,34.925,39.037429028663));
#5075 = SURFACE_CURVE('',#5076,(#5081,#5088),.PCURVE_S1.);
#5076 = CIRCLE('',#5077,1.19);
#5077 = AXIS2_PLACEMENT_3D('',#5078,#5079,#5080);
#5078 = CARTESIAN_POINT('',(-2.59,34.925,39.037429028663));
#5079 = DIRECTION('',(0.,1.,0.));
#5080 = DIRECTION('',(1.,0.,-0.));
#5081 = PCURVE('',#1146,#5082);
#5082 = DEFINITIONAL_REPRESENTATION('',(#5083),#5087);
#5083 = CIRCLE('',#5084,1.19);
#5084 = AXIS2_PLACEMENT_2D('',#5085,#5086);
#5085 = CARTESIAN_POINT('',(21.162429028663,50.91));
#5086 = DIRECTION('',(0.,1.));
#5087 = ( GEOMETRIC_REPRESENTATION_CONTEXT(2) 
PARAMETRIC_REPRESENTATION_CONTEXT() REPRESENTATION_CONTEXT('2D SPACE',''
  ) );
#5088 = PCURVE('',#3143,#5089);
#5089 = DEFINITIONAL_REPRESENTATION('',(#5090),#5094);
#5090 = LINE('',#5091,#5092);
#5091 = CARTESIAN_POINT('',(0.,1.));
#5092 = VECTOR('',#5093,1.);
#5093 = DIRECTION('',(1.,0.));
#5094 = ( GEOMETRIC_REPRESENTATION_CONTEXT(2) 
PARAMETRIC_REPRESENTATION_CONTEXT() REPRESENTATION_CONTEXT('2D SPACE',''
  ) );
#5095 = ORIENTED_EDGE('',*,*,#5096,.F.);
#5096 = EDGE_CURVE('',#5097,#5073,#5099,.T.);
#5097 = VERTEX_POINT('',#5098);
#5098 = CARTESIAN_POINT('',(-1.4,34.925,82.362570971337));
#5099 = SURFACE_CURVE('',#5100,(#5104,#5110),.PCURVE_S1.);
#5100 = LINE('',#5101,#5102);
#5101 = CARTESIAN_POINT('',(-1.4,34.925,27.861214514331));
#5102 = VECTOR('',#5103,1.);
#5103 = DIRECTION('',(0.,0.,-1.));
#5104 = PCURVE('',#1146,#5105);
#5105 = DEFINITIONAL_REPRESENTATION('',(#5106),#5109);
#5106 = B_SPLINE_CURVE_WITH_KNOTS('',1,(#5107,#5108),.UNSPECIFIED.,.F.,
  .F.,(2,2),(-54.501356457,-11.17621451433),.PIECEWISE_BEZIER_KNOTS.);
#5107 = CARTESIAN_POINT('',(64.487570971337,52.1));
#5108 = CARTESIAN_POINT('',(21.162429028663,52.1));
#5109 = ( GEOMETRIC_REPRESENTATION_CONTEXT(2) 
PARAMETRIC_REPRESENTATION_CONTEXT() REPRESENTATION_CONTEXT('2D SPACE',''
  ) );
#5110 = PCURVE('',#3170,#5111);
#5111 = DEFINITIONAL_REPRESENTATION('',(#5112),#5115);
#5112 = B_SPLINE_CURVE_WITH_KNOTS('',1,(#5113,#5114),.UNSPECIFIED.,.F.,
  .F.,(2,2),(-54.501356457,-11.17621451433),.PIECEWISE_BEZIER_KNOTS.);
#5113 = CARTESIAN_POINT('',(44.515141942674,-1.));
#5114 = CARTESIAN_POINT('',(1.19,-1.));
#5115 = ( GEOMETRIC_REPRESENTATION_CONTEXT(2) 
PARAMETRIC_REPRESENTATION_CONTEXT() REPRESENTATION_CONTEXT('2D SPACE',''
  ) );
#5116 = ORIENTED_EDGE('',*,*,#5117,.F.);
#5117 = EDGE_CURVE('',#5118,#5097,#5120,.T.);
#5118 = VERTEX_POINT('',#5119);
#5119 = CARTESIAN_POINT('',(-2.59,34.925,83.552570971337));
#5120 = SURFACE_CURVE('',#5121,(#5126,#5133),.PCURVE_S1.);
#5121 = CIRCLE('',#5122,1.19);
#5122 = AXIS2_PLACEMENT_3D('',#5123,#5124,#5125);
#5123 = CARTESIAN_POINT('',(-2.59,34.925,82.362570971337));
#5124 = DIRECTION('',(0.,1.,0.));
#5125 = DIRECTION('',(1.,0.,-0.));
#5126 = PCURVE('',#1146,#5127);
#5127 = DEFINITIONAL_REPRESENTATION('',(#5128),#5132);
#5128 = CIRCLE('',#5129,1.19);
#5129 = AXIS2_PLACEMENT_2D('',#5130,#5131);
#5130 = CARTESIAN_POINT('',(64.487570971337,50.91));
#5131 = DIRECTION('',(0.,1.));
#5132 = ( GEOMETRIC_REPRESENTATION_CONTEXT(2) 
PARAMETRIC_REPRESENTATION_CONTEXT() REPRESENTATION_CONTEXT('2D SPACE',''
  ) );
#5133 = PCURVE('',#3198,#5134);
#5134 = DEFINITIONAL_REPRESENTATION('',(#5135),#5139);
#5135 = LINE('',#5136,#5137);
#5136 = CARTESIAN_POINT('',(-6.28318530718,1.));
#5137 = VECTOR('',#5138,1.);
#5138 = DIRECTION('',(1.,-0.));
#5139 = ( GEOMETRIC_REPRESENTATION_CONTEXT(2) 
PARAMETRIC_REPRESENTATION_CONTEXT() REPRESENTATION_CONTEXT('2D SPACE',''
  ) );
#5140 = ORIENTED_EDGE('',*,*,#5141,.F.);
#5141 = EDGE_CURVE('',#4983,#5118,#5142,.T.);
#5142 = SURFACE_CURVE('',#5143,(#5147,#5153),.PCURVE_S1.);
#5143 = LINE('',#5144,#5145);
#5144 = CARTESIAN_POINT('',(-28.65,34.925,83.552570971337));
#5145 = VECTOR('',#5146,1.);
#5146 = DIRECTION('',(1.,0.,0.));
#5147 = PCURVE('',#1146,#5148);
#5148 = DEFINITIONAL_REPRESENTATION('',(#5149),#5152);
#5149 = B_SPLINE_CURVE_WITH_KNOTS('',1,(#5150,#5151),.UNSPECIFIED.,.F.,
  .F.,(2,2),(26.04,26.06),.PIECEWISE_BEZIER_KNOTS.);
#5150 = CARTESIAN_POINT('',(65.677570971337,50.89));
#5151 = CARTESIAN_POINT('',(65.677570971337,50.91));
#5152 = ( GEOMETRIC_REPRESENTATION_CONTEXT(2) 
PARAMETRIC_REPRESENTATION_CONTEXT() REPRESENTATION_CONTEXT('2D SPACE',''
  ) );
#5153 = PCURVE('',#3223,#5154);
#5154 = DEFINITIONAL_REPRESENTATION('',(#5155),#5158);
#5155 = B_SPLINE_CURVE_WITH_KNOTS('',1,(#5156,#5157),.UNSPECIFIED.,.F.,
  .F.,(2,2),(26.04,26.06),.PIECEWISE_BEZIER_KNOTS.);
#5156 = CARTESIAN_POINT('',(1.19,1.));
#5157 = CARTESIAN_POINT('',(1.21,1.));
#5158 = ( GEOMETRIC_REPRESENTATION_CONTEXT(2) 
PARAMETRIC_REPRESENTATION_CONTEXT() REPRESENTATION_CONTEXT('2D SPACE',''
  ) );
#5159 = FACE_BOUND('',#5160,.F.);
#5160 = EDGE_LOOP('',(#5161,#5187,#5208,#5232,#5253,#5277,#5298,#5322));
#5161 = ORIENTED_EDGE('',*,*,#5162,.F.);
#5162 = EDGE_CURVE('',#5163,#5165,#5167,.T.);
#5163 = VERTEX_POINT('',#5164);
#5164 = CARTESIAN_POINT('',(1.4,34.925,82.362570971337));
#5165 = VERTEX_POINT('',#5166);
#5166 = CARTESIAN_POINT('',(2.59,34.925,83.552570971337));
#5167 = SURFACE_CURVE('',#5168,(#5173,#5180),.PCURVE_S1.);
#5168 = CIRCLE('',#5169,1.19);
#5169 = AXIS2_PLACEMENT_3D('',#5170,#5171,#5172);
#5170 = CARTESIAN_POINT('',(2.59,34.925,82.362570971337));
#5171 = DIRECTION('',(0.,1.,0.));
#5172 = DIRECTION('',(-1.,0.,0.));
#5173 = PCURVE('',#1146,#5174);
#5174 = DEFINITIONAL_REPRESENTATION('',(#5175),#5179);
#5175 = CIRCLE('',#5176,1.19);
#5176 = AXIS2_PLACEMENT_2D('',#5177,#5178);
#5177 = CARTESIAN_POINT('',(64.487570971337,56.09));
#5178 = DIRECTION('',(0.,-1.));
#5179 = ( GEOMETRIC_REPRESENTATION_CONTEXT(2) 
PARAMETRIC_REPRESENTATION_CONTEXT() REPRESENTATION_CONTEXT('2D SPACE',''
  ) );
#5180 = PCURVE('',#3255,#5181);
#5181 = DEFINITIONAL_REPRESENTATION('',(#5182),#5186);
#5182 = LINE('',#5183,#5184);
#5183 = CARTESIAN_POINT('',(0.,1.));
#5184 = VECTOR('',#5185,1.);
#5185 = DIRECTION('',(1.,0.));
#5186 = ( GEOMETRIC_REPRESENTATION_CONTEXT(2) 
PARAMETRIC_REPRESENTATION_CONTEXT() REPRESENTATION_CONTEXT('2D SPACE',''
  ) );
#5187 = ORIENTED_EDGE('',*,*,#5188,.T.);
#5188 = EDGE_CURVE('',#5163,#5189,#5191,.T.);
#5189 = VERTEX_POINT('',#5190);
#5190 = CARTESIAN_POINT('',(1.4,34.925,39.037429028663));
#5191 = SURFACE_CURVE('',#5192,(#5196,#5202),.PCURVE_S1.);
#5192 = LINE('',#5193,#5194);
#5193 = CARTESIAN_POINT('',(1.4,34.925,27.861214514331));
#5194 = VECTOR('',#5195,1.);
#5195 = DIRECTION('',(0.,0.,-1.));
#5196 = PCURVE('',#1146,#5197);
#5197 = DEFINITIONAL_REPRESENTATION('',(#5198),#5201);
#5198 = B_SPLINE_CURVE_WITH_KNOTS('',1,(#5199,#5200),.UNSPECIFIED.,.F.,
  .F.,(2,2),(-54.501356457,-11.17621451433),.PIECEWISE_BEZIER_KNOTS.);
#5199 = CARTESIAN_POINT('',(64.487570971337,54.9));
#5200 = CARTESIAN_POINT('',(21.162429028663,54.9));
#5201 = ( GEOMETRIC_REPRESENTATION_CONTEXT(2) 
PARAMETRIC_REPRESENTATION_CONTEXT() REPRESENTATION_CONTEXT('2D SPACE',''
  ) );
#5202 = PCURVE('',#3282,#5203);
#5203 = DEFINITIONAL_REPRESENTATION('',(#5204),#5207);
#5204 = B_SPLINE_CURVE_WITH_KNOTS('',1,(#5205,#5206),.UNSPECIFIED.,.F.,
  .F.,(2,2),(-54.501356457,-11.17621451433),.PIECEWISE_BEZIER_KNOTS.);
#5205 = CARTESIAN_POINT('',(44.515141942674,-1.));
#5206 = CARTESIAN_POINT('',(1.19,-1.));
#5207 = ( GEOMETRIC_REPRESENTATION_CONTEXT(2) 
PARAMETRIC_REPRESENTATION_CONTEXT() REPRESENTATION_CONTEXT('2D SPACE',''
  ) );
#5208 = ORIENTED_EDGE('',*,*,#5209,.F.);
#5209 = EDGE_CURVE('',#5210,#5189,#5212,.T.);
#5210 = VERTEX_POINT('',#5211);
#5211 = CARTESIAN_POINT('',(2.59,34.925,37.847429028663));
#5212 = SURFACE_CURVE('',#5213,(#5218,#5225),.PCURVE_S1.);
#5213 = CIRCLE('',#5214,1.19);
#5214 = AXIS2_PLACEMENT_3D('',#5215,#5216,#5217);
#5215 = CARTESIAN_POINT('',(2.59,34.925,39.037429028663));
#5216 = DIRECTION('',(0.,1.,0.));
#5217 = DIRECTION('',(-1.,0.,0.));
#5218 = PCURVE('',#1146,#5219);
#5219 = DEFINITIONAL_REPRESENTATION('',(#5220),#5224);
#5220 = CIRCLE('',#5221,1.19);
#5221 = AXIS2_PLACEMENT_2D('',#5222,#5223);
#5222 = CARTESIAN_POINT('',(21.162429028663,56.09));
#5223 = DIRECTION('',(0.,-1.));
#5224 = ( GEOMETRIC_REPRESENTATION_CONTEXT(2) 
PARAMETRIC_REPRESENTATION_CONTEXT() REPRESENTATION_CONTEXT('2D SPACE',''
  ) );
#5225 = PCURVE('',#3310,#5226);
#5226 = DEFINITIONAL_REPRESENTATION('',(#5227),#5231);
#5227 = LINE('',#5228,#5229);
#5228 = CARTESIAN_POINT('',(-6.28318530718,1.));
#5229 = VECTOR('',#5230,1.);
#5230 = DIRECTION('',(1.,-0.));
#5231 = ( GEOMETRIC_REPRESENTATION_CONTEXT(2) 
PARAMETRIC_REPRESENTATION_CONTEXT() REPRESENTATION_CONTEXT('2D SPACE',''
  ) );
#5232 = ORIENTED_EDGE('',*,*,#5233,.T.);
#5233 = EDGE_CURVE('',#5210,#5234,#5236,.T.);
#5234 = VERTEX_POINT('',#5235);
#5235 = CARTESIAN_POINT('',(2.61,34.925,37.847429028663));
#5236 = SURFACE_CURVE('',#5237,(#5241,#5247),.PCURVE_S1.);
#5237 = LINE('',#5238,#5239);
#5238 = CARTESIAN_POINT('',(-26.05,34.925,37.847429028663));
#5239 = VECTOR('',#5240,1.);
#5240 = DIRECTION('',(1.,0.,0.));
#5241 = PCURVE('',#1146,#5242);
#5242 = DEFINITIONAL_REPRESENTATION('',(#5243),#5246);
#5243 = B_SPLINE_CURVE_WITH_KNOTS('',1,(#5244,#5245),.UNSPECIFIED.,.F.,
  .F.,(2,2),(28.64,28.66),.PIECEWISE_BEZIER_KNOTS.);
#5244 = CARTESIAN_POINT('',(19.972429028663,56.09));
#5245 = CARTESIAN_POINT('',(19.972429028663,56.11));
#5246 = ( GEOMETRIC_REPRESENTATION_CONTEXT(2) 
PARAMETRIC_REPRESENTATION_CONTEXT() REPRESENTATION_CONTEXT('2D SPACE',''
  ) );
#5247 = PCURVE('',#3337,#5248);
#5248 = DEFINITIONAL_REPRESENTATION('',(#5249),#5252);
#5249 = B_SPLINE_CURVE_WITH_KNOTS('',1,(#5250,#5251),.UNSPECIFIED.,.F.,
  .F.,(2,2),(28.64,28.66),.PIECEWISE_BEZIER_KNOTS.);
#5250 = CARTESIAN_POINT('',(1.19,1.));
#5251 = CARTESIAN_POINT('',(1.21,1.));
#5252 = ( GEOMETRIC_REPRESENTATION_CONTEXT(2) 
PARAMETRIC_REPRESENTATION_CONTEXT() REPRESENTATION_CONTEXT('2D SPACE',''
  ) );
#5253 = ORIENTED_EDGE('',*,*,#5254,.F.);
#5254 = EDGE_CURVE('',#5255,#5234,#5257,.T.);
#5255 = VERTEX_POINT('',#5256);
#5256 = CARTESIAN_POINT('',(3.8,34.925,39.037429028663));
#5257 = SURFACE_CURVE('',#5258,(#5263,#5270),.PCURVE_S1.);
#5258 = CIRCLE('',#5259,1.19);
#5259 = AXIS2_PLACEMENT_3D('',#5260,#5261,#5262);
#5260 = CARTESIAN_POINT('',(2.61,34.925,39.037429028663));
#5261 = DIRECTION('',(0.,1.,0.));
#5262 = DIRECTION('',(1.,0.,-0.));
#5263 = PCURVE('',#1146,#5264);
#5264 = DEFINITIONAL_REPRESENTATION('',(#5265),#5269);
#5265 = CIRCLE('',#5266,1.19);
#5266 = AXIS2_PLACEMENT_2D('',#5267,#5268);
#5267 = CARTESIAN_POINT('',(21.162429028663,56.11));
#5268 = DIRECTION('',(0.,1.));
#5269 = ( GEOMETRIC_REPRESENTATION_CONTEXT(2) 
PARAMETRIC_REPRESENTATION_CONTEXT() REPRESENTATION_CONTEXT('2D SPACE',''
  ) );
#5270 = PCURVE('',#3365,#5271);
#5271 = DEFINITIONAL_REPRESENTATION('',(#5272),#5276);
#5272 = LINE('',#5273,#5274);
#5273 = CARTESIAN_POINT('',(0.,1.));
#5274 = VECTOR('',#5275,1.);
#5275 = DIRECTION('',(1.,0.));
#5276 = ( GEOMETRIC_REPRESENTATION_CONTEXT(2) 
PARAMETRIC_REPRESENTATION_CONTEXT() REPRESENTATION_CONTEXT('2D SPACE',''
  ) );
#5277 = ORIENTED_EDGE('',*,*,#5278,.F.);
#5278 = EDGE_CURVE('',#5279,#5255,#5281,.T.);
#5279 = VERTEX_POINT('',#5280);
#5280 = CARTESIAN_POINT('',(3.8,34.925,82.362570971337));
#5281 = SURFACE_CURVE('',#5282,(#5286,#5292),.PCURVE_S1.);
#5282 = LINE('',#5283,#5284);
#5283 = CARTESIAN_POINT('',(3.8,34.925,27.861214514331));
#5284 = VECTOR('',#5285,1.);
#5285 = DIRECTION('',(0.,0.,-1.));
#5286 = PCURVE('',#1146,#5287);
#5287 = DEFINITIONAL_REPRESENTATION('',(#5288),#5291);
#5288 = B_SPLINE_CURVE_WITH_KNOTS('',1,(#5289,#5290),.UNSPECIFIED.,.F.,
  .F.,(2,2),(-54.501356457,-11.17621451433),.PIECEWISE_BEZIER_KNOTS.);
#5289 = CARTESIAN_POINT('',(64.487570971337,57.3));
#5290 = CARTESIAN_POINT('',(21.162429028663,57.3));
#5291 = ( GEOMETRIC_REPRESENTATION_CONTEXT(2) 
PARAMETRIC_REPRESENTATION_CONTEXT() REPRESENTATION_CONTEXT('2D SPACE',''
  ) );
#5292 = PCURVE('',#3392,#5293);
#5293 = DEFINITIONAL_REPRESENTATION('',(#5294),#5297);
#5294 = B_SPLINE_CURVE_WITH_KNOTS('',1,(#5295,#5296),.UNSPECIFIED.,.F.,
  .F.,(2,2),(-54.501356457,-11.17621451433),.PIECEWISE_BEZIER_KNOTS.);
#5295 = CARTESIAN_POINT('',(44.515141942674,-1.));
#5296 = CARTESIAN_POINT('',(1.19,-1.));
#5297 = ( GEOMETRIC_REPRESENTATION_CONTEXT(2) 
PARAMETRIC_REPRESENTATION_CONTEXT() REPRESENTATION_CONTEXT('2D SPACE',''
  ) );
#5298 = ORIENTED_EDGE('',*,*,#5299,.F.);
#5299 = EDGE_CURVE('',#5300,#5279,#5302,.T.);
#5300 = VERTEX_POINT('',#5301);
#5301 = CARTESIAN_POINT('',(2.61,34.925,83.552570971337));
#5302 = SURFACE_CURVE('',#5303,(#5308,#5315),.PCURVE_S1.);
#5303 = CIRCLE('',#5304,1.19);
#5304 = AXIS2_PLACEMENT_3D('',#5305,#5306,#5307);
#5305 = CARTESIAN_POINT('',(2.61,34.925,82.362570971337));
#5306 = DIRECTION('',(0.,1.,0.));
#5307 = DIRECTION('',(1.,0.,-0.));
#5308 = PCURVE('',#1146,#5309);
#5309 = DEFINITIONAL_REPRESENTATION('',(#5310),#5314);
#5310 = CIRCLE('',#5311,1.19);
#5311 = AXIS2_PLACEMENT_2D('',#5312,#5313);
#5312 = CARTESIAN_POINT('',(64.487570971337,56.11));
#5313 = DIRECTION('',(0.,1.));
#5314 = ( GEOMETRIC_REPRESENTATION_CONTEXT(2) 
PARAMETRIC_REPRESENTATION_CONTEXT() REPRESENTATION_CONTEXT('2D SPACE',''
  ) );
#5315 = PCURVE('',#3420,#5316);
#5316 = DEFINITIONAL_REPRESENTATION('',(#5317),#5321);
#5317 = LINE('',#5318,#5319);
#5318 = CARTESIAN_POINT('',(-6.28318530718,1.));
#5319 = VECTOR('',#5320,1.);
#5320 = DIRECTION('',(1.,-0.));
#5321 = ( GEOMETRIC_REPRESENTATION_CONTEXT(2) 
PARAMETRIC_REPRESENTATION_CONTEXT() REPRESENTATION_CONTEXT('2D SPACE',''
  ) );
#5322 = ORIENTED_EDGE('',*,*,#5323,.F.);
#5323 = EDGE_CURVE('',#5165,#5300,#5324,.T.);
#5324 = SURFACE_CURVE('',#5325,(#5329,#5335),.PCURVE_S1.);
#5325 = LINE('',#5326,#5327);
#5326 = CARTESIAN_POINT('',(-26.05,34.925,83.552570971337));
#5327 = VECTOR('',#5328,1.);
#5328 = DIRECTION('',(1.,0.,0.));
#5329 = PCURVE('',#1146,#5330);
#5330 = DEFINITIONAL_REPRESENTATION('',(#5331),#5334);
#5331 = B_SPLINE_CURVE_WITH_KNOTS('',1,(#5332,#5333),.UNSPECIFIED.,.F.,
  .F.,(2,2),(28.64,28.66),.PIECEWISE_BEZIER_KNOTS.);
#5332 = CARTESIAN_POINT('',(65.677570971337,56.09));
#5333 = CARTESIAN_POINT('',(65.677570971337,56.11));
#5334 = ( GEOMETRIC_REPRESENTATION_CONTEXT(2) 
PARAMETRIC_REPRESENTATION_CONTEXT() REPRESENTATION_CONTEXT('2D SPACE',''
  ) );
#5335 = PCURVE('',#3445,#5336);
#5336 = DEFINITIONAL_REPRESENTATION('',(#5337),#5340);
#5337 = B_SPLINE_CURVE_WITH_KNOTS('',1,(#5338,#5339),.UNSPECIFIED.,.F.,
  .F.,(2,2),(28.64,28.66),.PIECEWISE_BEZIER_KNOTS.);
#5338 = CARTESIAN_POINT('',(1.19,1.));
#5339 = CARTESIAN_POINT('',(1.21,1.));
#5340 = ( GEOMETRIC_REPRESENTATION_CONTEXT(2) 
PARAMETRIC_REPRESENTATION_CONTEXT() REPRESENTATION_CONTEXT('2D SPACE',''
  ) );
#5341 = FACE_BOUND('',#5342,.F.);
#5342 = EDGE_LOOP('',(#5343,#5369,#5390,#5414,#5435,#5459,#5480,#5504));
#5343 = ORIENTED_EDGE('',*,*,#5344,.F.);
#5344 = EDGE_CURVE('',#5345,#5347,#5349,.T.);
#5345 = VERTEX_POINT('',#5346);
#5346 = CARTESIAN_POINT('',(6.6,34.925,81.147005338078));
#5347 = VERTEX_POINT('',#5348);
#5348 = CARTESIAN_POINT('',(7.79,34.925,82.337005338078));
#5349 = SURFACE_CURVE('',#5350,(#5355,#5362),.PCURVE_S1.);
#5350 = CIRCLE('',#5351,1.19);
#5351 = AXIS2_PLACEMENT_3D('',#5352,#5353,#5354);
#5352 = CARTESIAN_POINT('',(7.79,34.925,81.147005338078));
#5353 = DIRECTION('',(0.,1.,0.));
#5354 = DIRECTION('',(-1.,0.,0.));
#5355 = PCURVE('',#1146,#5356);
#5356 = DEFINITIONAL_REPRESENTATION('',(#5357),#5361);
#5357 = CIRCLE('',#5358,1.19);
#5358 = AXIS2_PLACEMENT_2D('',#5359,#5360);
#5359 = CARTESIAN_POINT('',(63.272005338078,61.29));
#5360 = DIRECTION('',(0.,-1.));
#5361 = ( GEOMETRIC_REPRESENTATION_CONTEXT(2) 
PARAMETRIC_REPRESENTATION_CONTEXT() REPRESENTATION_CONTEXT('2D SPACE',''
  ) );
#5362 = PCURVE('',#3477,#5363);
#5363 = DEFINITIONAL_REPRESENTATION('',(#5364),#5368);
#5364 = LINE('',#5365,#5366);
#5365 = CARTESIAN_POINT('',(0.,1.));
#5366 = VECTOR('',#5367,1.);
#5367 = DIRECTION('',(1.,0.));
#5368 = ( GEOMETRIC_REPRESENTATION_CONTEXT(2) 
PARAMETRIC_REPRESENTATION_CONTEXT() REPRESENTATION_CONTEXT('2D SPACE',''
  ) );
#5369 = ORIENTED_EDGE('',*,*,#5370,.T.);
#5370 = EDGE_CURVE('',#5345,#5371,#5373,.T.);
#5371 = VERTEX_POINT('',#5372);
#5372 = CARTESIAN_POINT('',(6.6,34.925,40.252994661922));
#5373 = SURFACE_CURVE('',#5374,(#5378,#5384),.PCURVE_S1.);
#5374 = LINE('',#5375,#5376);
#5375 = CARTESIAN_POINT('',(6.6,34.925,28.468997330961));
#5376 = VECTOR('',#5377,1.);
#5377 = DIRECTION('',(0.,0.,-1.));
#5378 = PCURVE('',#1146,#5379);
#5379 = DEFINITIONAL_REPRESENTATION('',(#5380),#5383);
#5380 = B_SPLINE_CURVE_WITH_KNOTS('',1,(#5381,#5382),.UNSPECIFIED.,.F.,
  .F.,(2,2),(-52.67800800711,-11.78399733096),.PIECEWISE_BEZIER_KNOTS.);
#5381 = CARTESIAN_POINT('',(63.272005338078,60.1));
#5382 = CARTESIAN_POINT('',(22.377994661922,60.1));
#5383 = ( GEOMETRIC_REPRESENTATION_CONTEXT(2) 
PARAMETRIC_REPRESENTATION_CONTEXT() REPRESENTATION_CONTEXT('2D SPACE',''
  ) );
#5384 = PCURVE('',#3504,#5385);
#5385 = DEFINITIONAL_REPRESENTATION('',(#5386),#5389);
#5386 = B_SPLINE_CURVE_WITH_KNOTS('',1,(#5387,#5388),.UNSPECIFIED.,.F.,
  .F.,(2,2),(-52.67800800711,-11.78399733096),.PIECEWISE_BEZIER_KNOTS.);
#5387 = CARTESIAN_POINT('',(42.084010676155,-1.));
#5388 = CARTESIAN_POINT('',(1.19,-1.));
#5389 = ( GEOMETRIC_REPRESENTATION_CONTEXT(2) 
PARAMETRIC_REPRESENTATION_CONTEXT() REPRESENTATION_CONTEXT('2D SPACE',''
  ) );
#5390 = ORIENTED_EDGE('',*,*,#5391,.F.);
#5391 = EDGE_CURVE('',#5392,#5371,#5394,.T.);
#5392 = VERTEX_POINT('',#5393);
#5393 = CARTESIAN_POINT('',(7.79,34.925,39.062994661922));
#5394 = SURFACE_CURVE('',#5395,(#5400,#5407),.PCURVE_S1.);
#5395 = CIRCLE('',#5396,1.19);
#5396 = AXIS2_PLACEMENT_3D('',#5397,#5398,#5399);
#5397 = CARTESIAN_POINT('',(7.79,34.925,40.252994661922));
#5398 = DIRECTION('',(0.,1.,0.));
#5399 = DIRECTION('',(-1.,0.,0.));
#5400 = PCURVE('',#1146,#5401);
#5401 = DEFINITIONAL_REPRESENTATION('',(#5402),#5406);
#5402 = CIRCLE('',#5403,1.19);
#5403 = AXIS2_PLACEMENT_2D('',#5404,#5405);
#5404 = CARTESIAN_POINT('',(22.377994661922,61.29));
#5405 = DIRECTION('',(0.,-1.));
#5406 = ( GEOMETRIC_REPRESENTATION_CONTEXT(2) 
PARAMETRIC_REPRESENTATION_CONTEXT() REPRESENTATION_CONTEXT('2D SPACE',''
  ) );
#5407 = PCURVE('',#3532,#5408);
#5408 = DEFINITIONAL_REPRESENTATION('',(#5409),#5413);
#5409 = LINE('',#5410,#5411);
#5410 = CARTESIAN_POINT('',(-6.28318530718,1.));
#5411 = VECTOR('',#5412,1.);
#5412 = DIRECTION('',(1.,-0.));
#5413 = ( GEOMETRIC_REPRESENTATION_CONTEXT(2) 
PARAMETRIC_REPRESENTATION_CONTEXT() REPRESENTATION_CONTEXT('2D SPACE',''
  ) );
#5414 = ORIENTED_EDGE('',*,*,#5415,.T.);
#5415 = EDGE_CURVE('',#5392,#5416,#5418,.T.);
#5416 = VERTEX_POINT('',#5417);
#5417 = CARTESIAN_POINT('',(7.81,34.925,39.062994661922));
#5418 = SURFACE_CURVE('',#5419,(#5423,#5429),.PCURVE_S1.);
#5419 = LINE('',#5420,#5421);
#5420 = CARTESIAN_POINT('',(-23.45,34.925,39.062994661922));
#5421 = VECTOR('',#5422,1.);
#5422 = DIRECTION('',(1.,0.,0.));
#5423 = PCURVE('',#1146,#5424);
#5424 = DEFINITIONAL_REPRESENTATION('',(#5425),#5428);
#5425 = B_SPLINE_CURVE_WITH_KNOTS('',1,(#5426,#5427),.UNSPECIFIED.,.F.,
  .F.,(2,2),(31.24,31.26),.PIECEWISE_BEZIER_KNOTS.);
#5426 = CARTESIAN_POINT('',(21.187994661922,61.29));
#5427 = CARTESIAN_POINT('',(21.187994661922,61.31));
#5428 = ( GEOMETRIC_REPRESENTATION_CONTEXT(2) 
PARAMETRIC_REPRESENTATION_CONTEXT() REPRESENTATION_CONTEXT('2D SPACE',''
  ) );
#5429 = PCURVE('',#3559,#5430);
#5430 = DEFINITIONAL_REPRESENTATION('',(#5431),#5434);
#5431 = B_SPLINE_CURVE_WITH_KNOTS('',1,(#5432,#5433),.UNSPECIFIED.,.F.,
  .F.,(2,2),(31.24,31.26),.PIECEWISE_BEZIER_KNOTS.);
#5432 = CARTESIAN_POINT('',(1.19,1.));
#5433 = CARTESIAN_POINT('',(1.21,1.));
#5434 = ( GEOMETRIC_REPRESENTATION_CONTEXT(2) 
PARAMETRIC_REPRESENTATION_CONTEXT() REPRESENTATION_CONTEXT('2D SPACE',''
  ) );
#5435 = ORIENTED_EDGE('',*,*,#5436,.F.);
#5436 = EDGE_CURVE('',#5437,#5416,#5439,.T.);
#5437 = VERTEX_POINT('',#5438);
#5438 = CARTESIAN_POINT('',(9.,34.925,40.252994661922));
#5439 = SURFACE_CURVE('',#5440,(#5445,#5452),.PCURVE_S1.);
#5440 = CIRCLE('',#5441,1.19);
#5441 = AXIS2_PLACEMENT_3D('',#5442,#5443,#5444);
#5442 = CARTESIAN_POINT('',(7.81,34.925,40.252994661922));
#5443 = DIRECTION('',(0.,1.,0.));
#5444 = DIRECTION('',(1.,0.,-0.));
#5445 = PCURVE('',#1146,#5446);
#5446 = DEFINITIONAL_REPRESENTATION('',(#5447),#5451);
#5447 = CIRCLE('',#5448,1.19);
#5448 = AXIS2_PLACEMENT_2D('',#5449,#5450);
#5449 = CARTESIAN_POINT('',(22.377994661922,61.31));
#5450 = DIRECTION('',(0.,1.));
#5451 = ( GEOMETRIC_REPRESENTATION_CONTEXT(2) 
PARAMETRIC_REPRESENTATION_CONTEXT() REPRESENTATION_CONTEXT('2D SPACE',''
  ) );
#5452 = PCURVE('',#3587,#5453);
#5453 = DEFINITIONAL_REPRESENTATION('',(#5454),#5458);
#5454 = LINE('',#5455,#5456);
#5455 = CARTESIAN_POINT('',(0.,1.));
#5456 = VECTOR('',#5457,1.);
#5457 = DIRECTION('',(1.,0.));
#5458 = ( GEOMETRIC_REPRESENTATION_CONTEXT(2) 
PARAMETRIC_REPRESENTATION_CONTEXT() REPRESENTATION_CONTEXT('2D SPACE',''
  ) );
#5459 = ORIENTED_EDGE('',*,*,#5460,.F.);
#5460 = EDGE_CURVE('',#5461,#5437,#5463,.T.);
#5461 = VERTEX_POINT('',#5462);
#5462 = CARTESIAN_POINT('',(9.,34.925,81.147005338078));
#5463 = SURFACE_CURVE('',#5464,(#5468,#5474),.PCURVE_S1.);
#5464 = LINE('',#5465,#5466);
#5465 = CARTESIAN_POINT('',(9.,34.925,28.468997330961));
#5466 = VECTOR('',#5467,1.);
#5467 = DIRECTION('',(0.,0.,-1.));
#5468 = PCURVE('',#1146,#5469);
#5469 = DEFINITIONAL_REPRESENTATION('',(#5470),#5473);
#5470 = B_SPLINE_CURVE_WITH_KNOTS('',1,(#5471,#5472),.UNSPECIFIED.,.F.,
  .F.,(2,2),(-52.67800800711,-11.78399733096),.PIECEWISE_BEZIER_KNOTS.);
#5471 = CARTESIAN_POINT('',(63.272005338078,62.5));
#5472 = CARTESIAN_POINT('',(22.377994661922,62.5));
#5473 = ( GEOMETRIC_REPRESENTATION_CONTEXT(2) 
PARAMETRIC_REPRESENTATION_CONTEXT() REPRESENTATION_CONTEXT('2D SPACE',''
  ) );
#5474 = PCURVE('',#3614,#5475);
#5475 = DEFINITIONAL_REPRESENTATION('',(#5476),#5479);
#5476 = B_SPLINE_CURVE_WITH_KNOTS('',1,(#5477,#5478),.UNSPECIFIED.,.F.,
  .F.,(2,2),(-52.67800800711,-11.78399733096),.PIECEWISE_BEZIER_KNOTS.);
#5477 = CARTESIAN_POINT('',(42.084010676155,-1.));
#5478 = CARTESIAN_POINT('',(1.19,-1.));
#5479 = ( GEOMETRIC_REPRESENTATION_CONTEXT(2) 
PARAMETRIC_REPRESENTATION_CONTEXT() REPRESENTATION_CONTEXT('2D SPACE',''
  ) );
#5480 = ORIENTED_EDGE('',*,*,#5481,.F.);
#5481 = EDGE_CURVE('',#5482,#5461,#5484,.T.);
#5482 = VERTEX_POINT('',#5483);
#5483 = CARTESIAN_POINT('',(7.81,34.925,82.337005338078));
#5484 = SURFACE_CURVE('',#5485,(#5490,#5497),.PCURVE_S1.);
#5485 = CIRCLE('',#5486,1.19);
#5486 = AXIS2_PLACEMENT_3D('',#5487,#5488,#5489);
#5487 = CARTESIAN_POINT('',(7.81,34.925,81.147005338078));
#5488 = DIRECTION('',(0.,1.,0.));
#5489 = DIRECTION('',(1.,0.,-0.));
#5490 = PCURVE('',#1146,#5491);
#5491 = DEFINITIONAL_REPRESENTATION('',(#5492),#5496);
#5492 = CIRCLE('',#5493,1.19);
#5493 = AXIS2_PLACEMENT_2D('',#5494,#5495);
#5494 = CARTESIAN_POINT('',(63.272005338078,61.31));
#5495 = DIRECTION('',(0.,1.));
#5496 = ( GEOMETRIC_REPRESENTATION_CONTEXT(2) 
PARAMETRIC_REPRESENTATION_CONTEXT() REPRESENTATION_CONTEXT('2D SPACE',''
  ) );
#5497 = PCURVE('',#3642,#5498);
#5498 = DEFINITIONAL_REPRESENTATION('',(#5499),#5503);
#5499 = LINE('',#5500,#5501);
#5500 = CARTESIAN_POINT('',(-6.28318530718,1.));
#5501 = VECTOR('',#5502,1.);
#5502 = DIRECTION('',(1.,-0.));
#5503 = ( GEOMETRIC_REPRESENTATION_CONTEXT(2) 
PARAMETRIC_REPRESENTATION_CONTEXT() REPRESENTATION_CONTEXT('2D SPACE',''
  ) );
#5504 = ORIENTED_EDGE('',*,*,#5505,.F.);
#5505 = EDGE_CURVE('',#5347,#5482,#5506,.T.);
#5506 = SURFACE_CURVE('',#5507,(#5511,#5517),.PCURVE_S1.);
#5507 = LINE('',#5508,#5509);
#5508 = CARTESIAN_POINT('',(-23.45,34.925,82.337005338078));
#5509 = VECTOR('',#5510,1.);
#5510 = DIRECTION('',(1.,0.,0.));
#5511 = PCURVE('',#1146,#5512);
#5512 = DEFINITIONAL_REPRESENTATION('',(#5513),#5516);
#5513 = B_SPLINE_CURVE_WITH_KNOTS('',1,(#5514,#5515),.UNSPECIFIED.,.F.,
  .F.,(2,2),(31.24,31.26),.PIECEWISE_BEZIER_KNOTS.);
#5514 = CARTESIAN_POINT('',(64.462005338078,61.29));
#5515 = CARTESIAN_POINT('',(64.462005338078,61.31));
#5516 = ( GEOMETRIC_REPRESENTATION_CONTEXT(2) 
PARAMETRIC_REPRESENTATION_CONTEXT() REPRESENTATION_CONTEXT('2D SPACE',''
  ) );
#5517 = PCURVE('',#3667,#5518);
#5518 = DEFINITIONAL_REPRESENTATION('',(#5519),#5522);
#5519 = B_SPLINE_CURVE_WITH_KNOTS('',1,(#5520,#5521),.UNSPECIFIED.,.F.,
  .F.,(2,2),(31.24,31.26),.PIECEWISE_BEZIER_KNOTS.);
#5520 = CARTESIAN_POINT('',(1.19,1.));
#5521 = CARTESIAN_POINT('',(1.21,1.));
#5522 = ( GEOMETRIC_REPRESENTATION_CONTEXT(2) 
PARAMETRIC_REPRESENTATION_CONTEXT() REPRESENTATION_CONTEXT('2D SPACE',''
  ) );
#5523 = FACE_BOUND('',#5524,.F.);
#5524 = EDGE_LOOP('',(#5525,#5551,#5572,#5596,#5617,#5641,#5662,#5686));
#5525 = ORIENTED_EDGE('',*,*,#5526,.F.);
#5526 = EDGE_CURVE('',#5527,#5529,#5531,.T.);
#5527 = VERTEX_POINT('',#5528);
#5528 = CARTESIAN_POINT('',(11.8,34.925,78.48366596101));
#5529 = VERTEX_POINT('',#5530);
#5530 = CARTESIAN_POINT('',(12.99,34.925,79.67366596101));
#5531 = SURFACE_CURVE('',#5532,(#5537,#5544),.PCURVE_S1.);
#5532 = CIRCLE('',#5533,1.19);
#5533 = AXIS2_PLACEMENT_3D('',#5534,#5535,#5536);
#5534 = CARTESIAN_POINT('',(12.99,34.925,78.48366596101));
#5535 = DIRECTION('',(0.,1.,0.));
#5536 = DIRECTION('',(-1.,0.,0.));
#5537 = PCURVE('',#1146,#5538);
#5538 = DEFINITIONAL_REPRESENTATION('',(#5539),#5543);
#5539 = CIRCLE('',#5540,1.19);
#5540 = AXIS2_PLACEMENT_2D('',#5541,#5542);
#5541 = CARTESIAN_POINT('',(60.60866596101,66.49));
#5542 = DIRECTION('',(0.,-1.));
#5543 = ( GEOMETRIC_REPRESENTATION_CONTEXT(2) 
PARAMETRIC_REPRESENTATION_CONTEXT() REPRESENTATION_CONTEXT('2D SPACE',''
  ) );
#5544 = PCURVE('',#3699,#5545);
#5545 = DEFINITIONAL_REPRESENTATION('',(#5546),#5550);
#5546 = LINE('',#5547,#5548);
#5547 = CARTESIAN_POINT('',(0.,1.));
#5548 = VECTOR('',#5549,1.);
#5549 = DIRECTION('',(1.,0.));
#5550 = ( GEOMETRIC_REPRESENTATION_CONTEXT(2) 
PARAMETRIC_REPRESENTATION_CONTEXT() REPRESENTATION_CONTEXT('2D SPACE',''
  ) );
#5551 = ORIENTED_EDGE('',*,*,#5552,.T.);
#5552 = EDGE_CURVE('',#5527,#5553,#5555,.T.);
#5553 = VERTEX_POINT('',#5554);
#5554 = CARTESIAN_POINT('',(11.8,34.925,42.91633403899));
#5555 = SURFACE_CURVE('',#5556,(#5560,#5566),.PCURVE_S1.);
#5556 = LINE('',#5557,#5558);
#5557 = CARTESIAN_POINT('',(11.8,34.925,29.800667019495));
#5558 = VECTOR('',#5559,1.);
#5559 = DIRECTION('',(0.,0.,-1.));
#5560 = PCURVE('',#1146,#5561);
#5561 = DEFINITIONAL_REPRESENTATION('',(#5562),#5565);
#5562 = B_SPLINE_CURVE_WITH_KNOTS('',1,(#5563,#5564),.UNSPECIFIED.,.F.,
  .F.,(2,2),(-48.68299894151,-13.11566701949),.PIECEWISE_BEZIER_KNOTS.);
#5563 = CARTESIAN_POINT('',(60.60866596101,65.3));
#5564 = CARTESIAN_POINT('',(25.04133403899,65.3));
#5565 = ( GEOMETRIC_REPRESENTATION_CONTEXT(2) 
PARAMETRIC_REPRESENTATION_CONTEXT() REPRESENTATION_CONTEXT('2D SPACE',''
  ) );
#5566 = PCURVE('',#3726,#5567);
#5567 = DEFINITIONAL_REPRESENTATION('',(#5568),#5571);
#5568 = B_SPLINE_CURVE_WITH_KNOTS('',1,(#5569,#5570),.UNSPECIFIED.,.F.,
  .F.,(2,2),(-48.68299894151,-13.11566701949),.PIECEWISE_BEZIER_KNOTS.);
#5569 = CARTESIAN_POINT('',(36.757331922021,-1.));
#5570 = CARTESIAN_POINT('',(1.19,-1.));
#5571 = ( GEOMETRIC_REPRESENTATION_CONTEXT(2) 
PARAMETRIC_REPRESENTATION_CONTEXT() REPRESENTATION_CONTEXT('2D SPACE',''
  ) );
#5572 = ORIENTED_EDGE('',*,*,#5573,.F.);
#5573 = EDGE_CURVE('',#5574,#5553,#5576,.T.);
#5574 = VERTEX_POINT('',#5575);
#5575 = CARTESIAN_POINT('',(12.99,34.925,41.72633403899));
#5576 = SURFACE_CURVE('',#5577,(#5582,#5589),.PCURVE_S1.);
#5577 = CIRCLE('',#5578,1.19);
#5578 = AXIS2_PLACEMENT_3D('',#5579,#5580,#5581);
#5579 = CARTESIAN_POINT('',(12.99,34.925,42.91633403899));
#5580 = DIRECTION('',(0.,1.,0.));
#5581 = DIRECTION('',(-1.,0.,0.));
#5582 = PCURVE('',#1146,#5583);
#5583 = DEFINITIONAL_REPRESENTATION('',(#5584),#5588);
#5584 = CIRCLE('',#5585,1.19);
#5585 = AXIS2_PLACEMENT_2D('',#5586,#5587);
#5586 = CARTESIAN_POINT('',(25.04133403899,66.49));
#5587 = DIRECTION('',(0.,-1.));
#5588 = ( GEOMETRIC_REPRESENTATION_CONTEXT(2) 
PARAMETRIC_REPRESENTATION_CONTEXT() REPRESENTATION_CONTEXT('2D SPACE',''
  ) );
#5589 = PCURVE('',#3754,#5590);
#5590 = DEFINITIONAL_REPRESENTATION('',(#5591),#5595);
#5591 = LINE('',#5592,#5593);
#5592 = CARTESIAN_POINT('',(-6.28318530718,1.));
#5593 = VECTOR('',#5594,1.);
#5594 = DIRECTION('',(1.,-0.));
#5595 = ( GEOMETRIC_REPRESENTATION_CONTEXT(2) 
PARAMETRIC_REPRESENTATION_CONTEXT() REPRESENTATION_CONTEXT('2D SPACE',''
  ) );
#5596 = ORIENTED_EDGE('',*,*,#5597,.T.);
#5597 = EDGE_CURVE('',#5574,#5598,#5600,.T.);
#5598 = VERTEX_POINT('',#5599);
#5599 = CARTESIAN_POINT('',(13.01,34.925,41.72633403899));
#5600 = SURFACE_CURVE('',#5601,(#5605,#5611),.PCURVE_S1.);
#5601 = LINE('',#5602,#5603);
#5602 = CARTESIAN_POINT('',(-20.85,34.925,41.72633403899));
#5603 = VECTOR('',#5604,1.);
#5604 = DIRECTION('',(1.,0.,0.));
#5605 = PCURVE('',#1146,#5606);
#5606 = DEFINITIONAL_REPRESENTATION('',(#5607),#5610);
#5607 = B_SPLINE_CURVE_WITH_KNOTS('',1,(#5608,#5609),.UNSPECIFIED.,.F.,
  .F.,(2,2),(33.84,33.86),.PIECEWISE_BEZIER_KNOTS.);
#5608 = CARTESIAN_POINT('',(23.85133403899,66.49));
#5609 = CARTESIAN_POINT('',(23.85133403899,66.51));
#5610 = ( GEOMETRIC_REPRESENTATION_CONTEXT(2) 
PARAMETRIC_REPRESENTATION_CONTEXT() REPRESENTATION_CONTEXT('2D SPACE',''
  ) );
#5611 = PCURVE('',#3781,#5612);
#5612 = DEFINITIONAL_REPRESENTATION('',(#5613),#5616);
#5613 = B_SPLINE_CURVE_WITH_KNOTS('',1,(#5614,#5615),.UNSPECIFIED.,.F.,
  .F.,(2,2),(33.84,33.86),.PIECEWISE_BEZIER_KNOTS.);
#5614 = CARTESIAN_POINT('',(1.19,1.));
#5615 = CARTESIAN_POINT('',(1.21,1.));
#5616 = ( GEOMETRIC_REPRESENTATION_CONTEXT(2) 
PARAMETRIC_REPRESENTATION_CONTEXT() REPRESENTATION_CONTEXT('2D SPACE',''
  ) );
#5617 = ORIENTED_EDGE('',*,*,#5618,.F.);
#5618 = EDGE_CURVE('',#5619,#5598,#5621,.T.);
#5619 = VERTEX_POINT('',#5620);
#5620 = CARTESIAN_POINT('',(14.2,34.925,42.91633403899));
#5621 = SURFACE_CURVE('',#5622,(#5627,#5634),.PCURVE_S1.);
#5622 = CIRCLE('',#5623,1.19);
#5623 = AXIS2_PLACEMENT_3D('',#5624,#5625,#5626);
#5624 = CARTESIAN_POINT('',(13.01,34.925,42.91633403899));
#5625 = DIRECTION('',(0.,1.,0.));
#5626 = DIRECTION('',(1.,0.,-0.));
#5627 = PCURVE('',#1146,#5628);
#5628 = DEFINITIONAL_REPRESENTATION('',(#5629),#5633);
#5629 = CIRCLE('',#5630,1.19);
#5630 = AXIS2_PLACEMENT_2D('',#5631,#5632);
#5631 = CARTESIAN_POINT('',(25.04133403899,66.51));
#5632 = DIRECTION('',(0.,1.));
#5633 = ( GEOMETRIC_REPRESENTATION_CONTEXT(2) 
PARAMETRIC_REPRESENTATION_CONTEXT() REPRESENTATION_CONTEXT('2D SPACE',''
  ) );
#5634 = PCURVE('',#3809,#5635);
#5635 = DEFINITIONAL_REPRESENTATION('',(#5636),#5640);
#5636 = LINE('',#5637,#5638);
#5637 = CARTESIAN_POINT('',(0.,1.));
#5638 = VECTOR('',#5639,1.);
#5639 = DIRECTION('',(1.,0.));
#5640 = ( GEOMETRIC_REPRESENTATION_CONTEXT(2) 
PARAMETRIC_REPRESENTATION_CONTEXT() REPRESENTATION_CONTEXT('2D SPACE',''
  ) );
#5641 = ORIENTED_EDGE('',*,*,#5642,.F.);
#5642 = EDGE_CURVE('',#5643,#5619,#5645,.T.);
#5643 = VERTEX_POINT('',#5644);
#5644 = CARTESIAN_POINT('',(14.2,34.925,78.48366596101));
#5645 = SURFACE_CURVE('',#5646,(#5650,#5656),.PCURVE_S1.);
#5646 = LINE('',#5647,#5648);
#5647 = CARTESIAN_POINT('',(14.2,34.925,29.800667019495));
#5648 = VECTOR('',#5649,1.);
#5649 = DIRECTION('',(0.,0.,-1.));
#5650 = PCURVE('',#1146,#5651);
#5651 = DEFINITIONAL_REPRESENTATION('',(#5652),#5655);
#5652 = B_SPLINE_CURVE_WITH_KNOTS('',1,(#5653,#5654),.UNSPECIFIED.,.F.,
  .F.,(2,2),(-48.68299894151,-13.11566701949),.PIECEWISE_BEZIER_KNOTS.);
#5653 = CARTESIAN_POINT('',(60.60866596101,67.7));
#5654 = CARTESIAN_POINT('',(25.04133403899,67.7));
#5655 = ( GEOMETRIC_REPRESENTATION_CONTEXT(2) 
PARAMETRIC_REPRESENTATION_CONTEXT() REPRESENTATION_CONTEXT('2D SPACE',''
  ) );
#5656 = PCURVE('',#3836,#5657);
#5657 = DEFINITIONAL_REPRESENTATION('',(#5658),#5661);
#5658 = B_SPLINE_CURVE_WITH_KNOTS('',1,(#5659,#5660),.UNSPECIFIED.,.F.,
  .F.,(2,2),(-48.68299894151,-13.11566701949),.PIECEWISE_BEZIER_KNOTS.);
#5659 = CARTESIAN_POINT('',(36.757331922021,-1.));
#5660 = CARTESIAN_POINT('',(1.19,-1.));
#5661 = ( GEOMETRIC_REPRESENTATION_CONTEXT(2) 
PARAMETRIC_REPRESENTATION_CONTEXT() REPRESENTATION_CONTEXT('2D SPACE',''
  ) );
#5662 = ORIENTED_EDGE('',*,*,#5663,.F.);
#5663 = EDGE_CURVE('',#5664,#5643,#5666,.T.);
#5664 = VERTEX_POINT('',#5665);
#5665 = CARTESIAN_POINT('',(13.01,34.925,79.67366596101));
#5666 = SURFACE_CURVE('',#5667,(#5672,#5679),.PCURVE_S1.);
#5667 = CIRCLE('',#5668,1.19);
#5668 = AXIS2_PLACEMENT_3D('',#5669,#5670,#5671);
#5669 = CARTESIAN_POINT('',(13.01,34.925,78.48366596101));
#5670 = DIRECTION('',(0.,1.,0.));
#5671 = DIRECTION('',(1.,0.,-0.));
#5672 = PCURVE('',#1146,#5673);
#5673 = DEFINITIONAL_REPRESENTATION('',(#5674),#5678);
#5674 = CIRCLE('',#5675,1.19);
#5675 = AXIS2_PLACEMENT_2D('',#5676,#5677);
#5676 = CARTESIAN_POINT('',(60.60866596101,66.51));
#5677 = DIRECTION('',(0.,1.));
#5678 = ( GEOMETRIC_REPRESENTATION_CONTEXT(2) 
PARAMETRIC_REPRESENTATION_CONTEXT() REPRESENTATION_CONTEXT('2D SPACE',''
  ) );
#5679 = PCURVE('',#3864,#5680);
#5680 = DEFINITIONAL_REPRESENTATION('',(#5681),#5685);
#5681 = LINE('',#5682,#5683);
#5682 = CARTESIAN_POINT('',(-6.28318530718,1.));
#5683 = VECTOR('',#5684,1.);
#5684 = DIRECTION('',(1.,-0.));
#5685 = ( GEOMETRIC_REPRESENTATION_CONTEXT(2) 
PARAMETRIC_REPRESENTATION_CONTEXT() REPRESENTATION_CONTEXT('2D SPACE',''
  ) );
#5686 = ORIENTED_EDGE('',*,*,#5687,.F.);
#5687 = EDGE_CURVE('',#5529,#5664,#5688,.T.);
#5688 = SURFACE_CURVE('',#5689,(#5693,#5699),.PCURVE_S1.);
#5689 = LINE('',#5690,#5691);
#5690 = CARTESIAN_POINT('',(-20.85,34.925,79.67366596101));
#5691 = VECTOR('',#5692,1.);
#5692 = DIRECTION('',(1.,0.,0.));
#5693 = PCURVE('',#1146,#5694);
#5694 = DEFINITIONAL_REPRESENTATION('',(#5695),#5698);
#5695 = B_SPLINE_CURVE_WITH_KNOTS('',1,(#5696,#5697),.UNSPECIFIED.,.F.,
  .F.,(2,2),(33.84,33.86),.PIECEWISE_BEZIER_KNOTS.);
#5696 = CARTESIAN_POINT('',(61.79866596101,66.49));
#5697 = CARTESIAN_POINT('',(61.79866596101,66.51));
#5698 = ( GEOMETRIC_REPRESENTATION_CONTEXT(2) 
PARAMETRIC_REPRESENTATION_CONTEXT() REPRESENTATION_CONTEXT('2D SPACE',''
  ) );
#5699 = PCURVE('',#3889,#5700);
#5700 = DEFINITIONAL_REPRESENTATION('',(#5701),#5704);
#5701 = B_SPLINE_CURVE_WITH_KNOTS('',1,(#5702,#5703),.UNSPECIFIED.,.F.,
  .F.,(2,2),(33.84,33.86),.PIECEWISE_BEZIER_KNOTS.);
#5702 = CARTESIAN_POINT('',(1.19,1.));
#5703 = CARTESIAN_POINT('',(1.21,1.));
#5704 = ( GEOMETRIC_REPRESENTATION_CONTEXT(2) 
PARAMETRIC_REPRESENTATION_CONTEXT() REPRESENTATION_CONTEXT('2D SPACE',''
  ) );
#5705 = FACE_BOUND('',#5706,.F.);
#5706 = EDGE_LOOP('',(#5707,#5733,#5754,#5778,#5799,#5823,#5844,#5868));
#5707 = ORIENTED_EDGE('',*,*,#5708,.F.);
#5708 = EDGE_CURVE('',#5709,#5711,#5713,.T.);
#5709 = VERTEX_POINT('',#5710);
#5710 = CARTESIAN_POINT('',(17.,34.925,73.572716664998));
#5711 = VERTEX_POINT('',#5712);
#5712 = CARTESIAN_POINT('',(18.19,34.925,74.762716664998));
#5713 = SURFACE_CURVE('',#5714,(#5719,#5726),.PCURVE_S1.);
#5714 = CIRCLE('',#5715,1.19);
#5715 = AXIS2_PLACEMENT_3D('',#5716,#5717,#5718);
#5716 = CARTESIAN_POINT('',(18.19,34.925,73.572716664998));
#5717 = DIRECTION('',(0.,1.,0.));
#5718 = DIRECTION('',(-1.,0.,0.));
#5719 = PCURVE('',#1146,#5720);
#5720 = DEFINITIONAL_REPRESENTATION('',(#5721),#5725);
#5721 = CIRCLE('',#5722,1.19);
#5722 = AXIS2_PLACEMENT_2D('',#5723,#5724);
#5723 = CARTESIAN_POINT('',(55.697716664998,71.69));
#5724 = DIRECTION('',(0.,-1.));
#5725 = ( GEOMETRIC_REPRESENTATION_CONTEXT(2) 
PARAMETRIC_REPRESENTATION_CONTEXT() REPRESENTATION_CONTEXT('2D SPACE',''
  ) );
#5726 = PCURVE('',#3921,#5727);
#5727 = DEFINITIONAL_REPRESENTATION('',(#5728),#5732);
#5728 = LINE('',#5729,#5730);
#5729 = CARTESIAN_POINT('',(0.,1.));
#5730 = VECTOR('',#5731,1.);
#5731 = DIRECTION('',(1.,0.));
#5732 = ( GEOMETRIC_REPRESENTATION_CONTEXT(2) 
PARAMETRIC_REPRESENTATION_CONTEXT() REPRESENTATION_CONTEXT('2D SPACE',''
  ) );
#5733 = ORIENTED_EDGE('',*,*,#5734,.T.);
#5734 = EDGE_CURVE('',#5709,#5735,#5737,.T.);
#5735 = VERTEX_POINT('',#5736);
#5736 = CARTESIAN_POINT('',(17.,34.925,47.827283335002));
#5737 = SURFACE_CURVE('',#5738,(#5742,#5748),.PCURVE_S1.);
#5738 = LINE('',#5739,#5740);
#5739 = CARTESIAN_POINT('',(17.,34.925,32.256141667501));
#5740 = VECTOR('',#5741,1.);
#5741 = DIRECTION('',(0.,0.,-1.));
#5742 = PCURVE('',#1146,#5743);
#5743 = DEFINITIONAL_REPRESENTATION('',(#5744),#5747);
#5744 = B_SPLINE_CURVE_WITH_KNOTS('',1,(#5745,#5746),.UNSPECIFIED.,.F.,
  .F.,(2,2),(-41.31657499749,-15.5711416675),.PIECEWISE_BEZIER_KNOTS.);
#5745 = CARTESIAN_POINT('',(55.697716664998,70.5));
#5746 = CARTESIAN_POINT('',(29.952283335002,70.5));
#5747 = ( GEOMETRIC_REPRESENTATION_CONTEXT(2) 
PARAMETRIC_REPRESENTATION_CONTEXT() REPRESENTATION_CONTEXT('2D SPACE',''
  ) );
#5748 = PCURVE('',#3948,#5749);
#5749 = DEFINITIONAL_REPRESENTATION('',(#5750),#5753);
#5750 = B_SPLINE_CURVE_WITH_KNOTS('',1,(#5751,#5752),.UNSPECIFIED.,.F.,
  .F.,(2,2),(-41.31657499749,-15.5711416675),.PIECEWISE_BEZIER_KNOTS.);
#5751 = CARTESIAN_POINT('',(26.935433329995,-1.));
#5752 = CARTESIAN_POINT('',(1.19,-1.));
#5753 = ( GEOMETRIC_REPRESENTATION_CONTEXT(2) 
PARAMETRIC_REPRESENTATION_CONTEXT() REPRESENTATION_CONTEXT('2D SPACE',''
  ) );
#5754 = ORIENTED_EDGE('',*,*,#5755,.F.);
#5755 = EDGE_CURVE('',#5756,#5735,#5758,.T.);
#5756 = VERTEX_POINT('',#5757);
#5757 = CARTESIAN_POINT('',(18.19,34.925,46.637283335002));
#5758 = SURFACE_CURVE('',#5759,(#5764,#5771),.PCURVE_S1.);
#5759 = CIRCLE('',#5760,1.19);
#5760 = AXIS2_PLACEMENT_3D('',#5761,#5762,#5763);
#5761 = CARTESIAN_POINT('',(18.19,34.925,47.827283335002));
#5762 = DIRECTION('',(0.,1.,0.));
#5763 = DIRECTION('',(-1.,0.,0.));
#5764 = PCURVE('',#1146,#5765);
#5765 = DEFINITIONAL_REPRESENTATION('',(#5766),#5770);
#5766 = CIRCLE('',#5767,1.19);
#5767 = AXIS2_PLACEMENT_2D('',#5768,#5769);
#5768 = CARTESIAN_POINT('',(29.952283335002,71.69));
#5769 = DIRECTION('',(0.,-1.));
#5770 = ( GEOMETRIC_REPRESENTATION_CONTEXT(2) 
PARAMETRIC_REPRESENTATION_CONTEXT() REPRESENTATION_CONTEXT('2D SPACE',''
  ) );
#5771 = PCURVE('',#3976,#5772);
#5772 = DEFINITIONAL_REPRESENTATION('',(#5773),#5777);
#5773 = LINE('',#5774,#5775);
#5774 = CARTESIAN_POINT('',(-6.28318530718,1.));
#5775 = VECTOR('',#5776,1.);
#5776 = DIRECTION('',(1.,-0.));
#5777 = ( GEOMETRIC_REPRESENTATION_CONTEXT(2) 
PARAMETRIC_REPRESENTATION_CONTEXT() REPRESENTATION_CONTEXT('2D SPACE',''
  ) );
#5778 = ORIENTED_EDGE('',*,*,#5779,.T.);
#5779 = EDGE_CURVE('',#5756,#5780,#5782,.T.);
#5780 = VERTEX_POINT('',#5781);
#5781 = CARTESIAN_POINT('',(18.21,34.925,46.637283335002));
#5782 = SURFACE_CURVE('',#5783,(#5787,#5793),.PCURVE_S1.);
#5783 = LINE('',#5784,#5785);
#5784 = CARTESIAN_POINT('',(-18.25,34.925,46.637283335002));
#5785 = VECTOR('',#5786,1.);
#5786 = DIRECTION('',(1.,0.,0.));
#5787 = PCURVE('',#1146,#5788);
#5788 = DEFINITIONAL_REPRESENTATION('',(#5789),#5792);
#5789 = B_SPLINE_CURVE_WITH_KNOTS('',1,(#5790,#5791),.UNSPECIFIED.,.F.,
  .F.,(2,2),(36.44,36.46),.PIECEWISE_BEZIER_KNOTS.);
#5790 = CARTESIAN_POINT('',(28.762283335002,71.69));
#5791 = CARTESIAN_POINT('',(28.762283335002,71.71));
#5792 = ( GEOMETRIC_REPRESENTATION_CONTEXT(2) 
PARAMETRIC_REPRESENTATION_CONTEXT() REPRESENTATION_CONTEXT('2D SPACE',''
  ) );
#5793 = PCURVE('',#4003,#5794);
#5794 = DEFINITIONAL_REPRESENTATION('',(#5795),#5798);
#5795 = B_SPLINE_CURVE_WITH_KNOTS('',1,(#5796,#5797),.UNSPECIFIED.,.F.,
  .F.,(2,2),(36.44,36.46),.PIECEWISE_BEZIER_KNOTS.);
#5796 = CARTESIAN_POINT('',(1.19,1.));
#5797 = CARTESIAN_POINT('',(1.21,1.));
#5798 = ( GEOMETRIC_REPRESENTATION_CONTEXT(2) 
PARAMETRIC_REPRESENTATION_CONTEXT() REPRESENTATION_CONTEXT('2D SPACE',''
  ) );
#5799 = ORIENTED_EDGE('',*,*,#5800,.F.);
#5800 = EDGE_CURVE('',#5801,#5780,#5803,.T.);
#5801 = VERTEX_POINT('',#5802);
#5802 = CARTESIAN_POINT('',(19.4,34.925,47.827283335002));
#5803 = SURFACE_CURVE('',#5804,(#5809,#5816),.PCURVE_S1.);
#5804 = CIRCLE('',#5805,1.19);
#5805 = AXIS2_PLACEMENT_3D('',#5806,#5807,#5808);
#5806 = CARTESIAN_POINT('',(18.21,34.925,47.827283335002));
#5807 = DIRECTION('',(0.,1.,0.));
#5808 = DIRECTION('',(1.,0.,-0.));
#5809 = PCURVE('',#1146,#5810);
#5810 = DEFINITIONAL_REPRESENTATION('',(#5811),#5815);
#5811 = CIRCLE('',#5812,1.19);
#5812 = AXIS2_PLACEMENT_2D('',#5813,#5814);
#5813 = CARTESIAN_POINT('',(29.952283335002,71.71));
#5814 = DIRECTION('',(0.,1.));
#5815 = ( GEOMETRIC_REPRESENTATION_CONTEXT(2) 
PARAMETRIC_REPRESENTATION_CONTEXT() REPRESENTATION_CONTEXT('2D SPACE',''
  ) );
#5816 = PCURVE('',#4031,#5817);
#5817 = DEFINITIONAL_REPRESENTATION('',(#5818),#5822);
#5818 = LINE('',#5819,#5820);
#5819 = CARTESIAN_POINT('',(0.,1.));
#5820 = VECTOR('',#5821,1.);
#5821 = DIRECTION('',(1.,0.));
#5822 = ( GEOMETRIC_REPRESENTATION_CONTEXT(2) 
PARAMETRIC_REPRESENTATION_CONTEXT() REPRESENTATION_CONTEXT('2D SPACE',''
  ) );
#5823 = ORIENTED_EDGE('',*,*,#5824,.F.);
#5824 = EDGE_CURVE('',#5825,#5801,#5827,.T.);
#5825 = VERTEX_POINT('',#5826);
#5826 = CARTESIAN_POINT('',(19.4,34.925,73.572716664998));
#5827 = SURFACE_CURVE('',#5828,(#5832,#5838),.PCURVE_S1.);
#5828 = LINE('',#5829,#5830);
#5829 = CARTESIAN_POINT('',(19.4,34.925,32.256141667501));
#5830 = VECTOR('',#5831,1.);
#5831 = DIRECTION('',(0.,0.,-1.));
#5832 = PCURVE('',#1146,#5833);
#5833 = DEFINITIONAL_REPRESENTATION('',(#5834),#5837);
#5834 = B_SPLINE_CURVE_WITH_KNOTS('',1,(#5835,#5836),.UNSPECIFIED.,.F.,
  .F.,(2,2),(-41.31657499749,-15.5711416675),.PIECEWISE_BEZIER_KNOTS.);
#5835 = CARTESIAN_POINT('',(55.697716664998,72.9));
#5836 = CARTESIAN_POINT('',(29.952283335002,72.9));
#5837 = ( GEOMETRIC_REPRESENTATION_CONTEXT(2) 
PARAMETRIC_REPRESENTATION_CONTEXT() REPRESENTATION_CONTEXT('2D SPACE',''
  ) );
#5838 = PCURVE('',#4058,#5839);
#5839 = DEFINITIONAL_REPRESENTATION('',(#5840),#5843);
#5840 = B_SPLINE_CURVE_WITH_KNOTS('',1,(#5841,#5842),.UNSPECIFIED.,.F.,
  .F.,(2,2),(-41.31657499749,-15.5711416675),.PIECEWISE_BEZIER_KNOTS.);
#5841 = CARTESIAN_POINT('',(26.935433329995,-1.));
#5842 = CARTESIAN_POINT('',(1.19,-1.));
#5843 = ( GEOMETRIC_REPRESENTATION_CONTEXT(2) 
PARAMETRIC_REPRESENTATION_CONTEXT() REPRESENTATION_CONTEXT('2D SPACE',''
  ) );
#5844 = ORIENTED_EDGE('',*,*,#5845,.F.);
#5845 = EDGE_CURVE('',#5846,#5825,#5848,.T.);
#5846 = VERTEX_POINT('',#5847);
#5847 = CARTESIAN_POINT('',(18.21,34.925,74.762716664998));
#5848 = SURFACE_CURVE('',#5849,(#5854,#5861),.PCURVE_S1.);
#5849 = CIRCLE('',#5850,1.19);
#5850 = AXIS2_PLACEMENT_3D('',#5851,#5852,#5853);
#5851 = CARTESIAN_POINT('',(18.21,34.925,73.572716664998));
#5852 = DIRECTION('',(0.,1.,0.));
#5853 = DIRECTION('',(1.,0.,-0.));
#5854 = PCURVE('',#1146,#5855);
#5855 = DEFINITIONAL_REPRESENTATION('',(#5856),#5860);
#5856 = CIRCLE('',#5857,1.19);
#5857 = AXIS2_PLACEMENT_2D('',#5858,#5859);
#5858 = CARTESIAN_POINT('',(55.697716664998,71.71));
#5859 = DIRECTION('',(0.,1.));
#5860 = ( GEOMETRIC_REPRESENTATION_CONTEXT(2) 
PARAMETRIC_REPRESENTATION_CONTEXT() REPRESENTATION_CONTEXT('2D SPACE',''
  ) );
#5861 = PCURVE('',#4086,#5862);
#5862 = DEFINITIONAL_REPRESENTATION('',(#5863),#5867);
#5863 = LINE('',#5864,#5865);
#5864 = CARTESIAN_POINT('',(-6.28318530718,1.));
#5865 = VECTOR('',#5866,1.);
#5866 = DIRECTION('',(1.,-0.));
#5867 = ( GEOMETRIC_REPRESENTATION_CONTEXT(2) 
PARAMETRIC_REPRESENTATION_CONTEXT() REPRESENTATION_CONTEXT('2D SPACE',''
  ) );
#5868 = ORIENTED_EDGE('',*,*,#5869,.F.);
#5869 = EDGE_CURVE('',#5711,#5846,#5870,.T.);
#5870 = SURFACE_CURVE('',#5871,(#5875,#5881),.PCURVE_S1.);
#5871 = LINE('',#5872,#5873);
#5872 = CARTESIAN_POINT('',(-18.25,34.925,74.762716664998));
#5873 = VECTOR('',#5874,1.);
#5874 = DIRECTION('',(1.,0.,0.));
#5875 = PCURVE('',#1146,#5876);
#5876 = DEFINITIONAL_REPRESENTATION('',(#5877),#5880);
#5877 = B_SPLINE_CURVE_WITH_KNOTS('',1,(#5878,#5879),.UNSPECIFIED.,.F.,
  .F.,(2,2),(36.44,36.46),.PIECEWISE_BEZIER_KNOTS.);
#5878 = CARTESIAN_POINT('',(56.887716664998,71.69));
#5879 = CARTESIAN_POINT('',(56.887716664998,71.71));
#5880 = ( GEOMETRIC_REPRESENTATION_CONTEXT(2) 
PARAMETRIC_REPRESENTATION_CONTEXT() REPRESENTATION_CONTEXT('2D SPACE',''
  ) );
#5881 = PCURVE('',#4111,#5882);
#5882 = DEFINITIONAL_REPRESENTATION('',(#5883),#5886);
#5883 = B_SPLINE_CURVE_WITH_KNOTS('',1,(#5884,#5885),.UNSPECIFIED.,.F.,
  .F.,(2,2),(36.44,36.46),.PIECEWISE_BEZIER_KNOTS.);
#5884 = CARTESIAN_POINT('',(1.19,1.));
#5885 = CARTESIAN_POINT('',(1.21,1.));
#5886 = ( GEOMETRIC_REPRESENTATION_CONTEXT(2) 
PARAMETRIC_REPRESENTATION_CONTEXT() REPRESENTATION_CONTEXT('2D SPACE',''
  ) );
#5887 = ADVANCED_FACE('',(#5888),#1119,.F.);
#5888 = FACE_BOUND('',#5889,.F.);
#5889 = EDGE_LOOP('',(#5890,#5891,#5892,#5913));
#5890 = ORIENTED_EDGE('',*,*,#4411,.F.);
#5891 = ORIENTED_EDGE('',*,*,#1533,.T.);
#5892 = ORIENTED_EDGE('',*,*,#5893,.T.);
#5893 = EDGE_CURVE('',#1513,#1077,#5894,.T.);
#5894 = SURFACE_CURVE('',#5895,(#5899,#5906),.PCURVE_S1.);
#5895 = LINE('',#5896,#5897);
#5896 = CARTESIAN_POINT('',(-53.5,34.325,87.725));
#5897 = VECTOR('',#5898,1.);
#5898 = DIRECTION('',(1.,0.,0.));
#5899 = PCURVE('',#1119,#5900);
#5900 = DEFINITIONAL_REPRESENTATION('',(#5901),#5905);
#5901 = LINE('',#5902,#5903);
#5902 = CARTESIAN_POINT('',(1.570796326795,0.));
#5903 = VECTOR('',#5904,1.);
#5904 = DIRECTION('',(0.,1.));
#5905 = ( GEOMETRIC_REPRESENTATION_CONTEXT(2) 
PARAMETRIC_REPRESENTATION_CONTEXT() REPRESENTATION_CONTEXT('2D SPACE',''
  ) );
#5906 = PCURVE('',#1091,#5907);
#5907 = DEFINITIONAL_REPRESENTATION('',(#5908),#5912);
#5908 = LINE('',#5909,#5910);
#5909 = CARTESIAN_POINT('',(0.,69.25));
#5910 = VECTOR('',#5911,1.);
#5911 = DIRECTION('',(1.,0.));
#5912 = ( GEOMETRIC_REPRESENTATION_CONTEXT(2) 
PARAMETRIC_REPRESENTATION_CONTEXT() REPRESENTATION_CONTEXT('2D SPACE',''
  ) );
#5913 = ORIENTED_EDGE('',*,*,#1102,.F.);
#5914 = ADVANCED_FACE('',(#5915),#1091,.F.);
#5915 = FACE_BOUND('',#5916,.F.);
#5916 = EDGE_LOOP('',(#5917,#5918,#5939,#5940));
#5917 = ORIENTED_EDGE('',*,*,#1512,.T.);
#5918 = ORIENTED_EDGE('',*,*,#5919,.T.);
#5919 = EDGE_CURVE('',#1489,#1048,#5920,.T.);
#5920 = SURFACE_CURVE('',#5921,(#5925,#5932),.PCURVE_S1.);
#5921 = LINE('',#5922,#5923);
#5922 = CARTESIAN_POINT('',(-53.5,-34.325,87.725));
#5923 = VECTOR('',#5924,1.);
#5924 = DIRECTION('',(1.,0.,0.));
#5925 = PCURVE('',#1091,#5926);
#5926 = DEFINITIONAL_REPRESENTATION('',(#5927),#5931);
#5927 = LINE('',#5928,#5929);
#5928 = CARTESIAN_POINT('',(0.,0.6));
#5929 = VECTOR('',#5930,1.);
#5930 = DIRECTION('',(1.,0.));
#5931 = ( GEOMETRIC_REPRESENTATION_CONTEXT(2) 
PARAMETRIC_REPRESENTATION_CONTEXT() REPRESENTATION_CONTEXT('2D SPACE',''
  ) );
#5932 = PCURVE('',#1064,#5933);
#5933 = DEFINITIONAL_REPRESENTATION('',(#5934),#5938);
#5934 = LINE('',#5935,#5936);
#5935 = CARTESIAN_POINT('',(-1.570796326795,0.));
#5936 = VECTOR('',#5937,1.);
#5937 = DIRECTION('',(-0.,1.));
#5938 = ( GEOMETRIC_REPRESENTATION_CONTEXT(2) 
PARAMETRIC_REPRESENTATION_CONTEXT() REPRESENTATION_CONTEXT('2D SPACE',''
  ) );
#5939 = ORIENTED_EDGE('',*,*,#1076,.F.);
#5940 = ORIENTED_EDGE('',*,*,#5893,.F.);
#5941 = ADVANCED_FACE('',(#5942),#1064,.F.);
#5942 = FACE_BOUND('',#5943,.T.);
#5943 = EDGE_LOOP('',(#5944,#5965,#5966,#5967));
#5944 = ORIENTED_EDGE('',*,*,#5945,.F.);
#5945 = EDGE_CURVE('',#1468,#1022,#5946,.T.);
#5946 = SURFACE_CURVE('',#5947,(#5951,#5958),.PCURVE_S1.);
#5947 = LINE('',#5948,#5949);
#5948 = CARTESIAN_POINT('',(-53.5,-34.925,87.125));
#5949 = VECTOR('',#5950,1.);
#5950 = DIRECTION('',(1.,0.,0.));
#5951 = PCURVE('',#1064,#5952);
#5952 = DEFINITIONAL_REPRESENTATION('',(#5953),#5957);
#5953 = LINE('',#5954,#5955);
#5954 = CARTESIAN_POINT('',(-0.,0.));
#5955 = VECTOR('',#5956,1.);
#5956 = DIRECTION('',(-0.,1.));
#5957 = ( GEOMETRIC_REPRESENTATION_CONTEXT(2) 
PARAMETRIC_REPRESENTATION_CONTEXT() REPRESENTATION_CONTEXT('2D SPACE',''
  ) );
#5958 = PCURVE('',#1036,#5959);
#5959 = DEFINITIONAL_REPRESENTATION('',(#5960),#5964);
#5960 = LINE('',#5961,#5962);
#5961 = CARTESIAN_POINT('',(69.25,0.));
#5962 = VECTOR('',#5963,1.);
#5963 = DIRECTION('',(0.,1.));
#5964 = ( GEOMETRIC_REPRESENTATION_CONTEXT(2) 
PARAMETRIC_REPRESENTATION_CONTEXT() REPRESENTATION_CONTEXT('2D SPACE',''
  ) );
#5965 = ORIENTED_EDGE('',*,*,#1488,.F.);
#5966 = ORIENTED_EDGE('',*,*,#5919,.T.);
#5967 = ORIENTED_EDGE('',*,*,#1047,.T.);
#5968 = ADVANCED_FACE('',(#5969,#5975),#1036,.T.);
#5969 = FACE_BOUND('',#5970,.T.);
#5970 = EDGE_LOOP('',(#5971,#5972,#5973,#5974));
#5971 = ORIENTED_EDGE('',*,*,#1021,.F.);
#5972 = ORIENTED_EDGE('',*,*,#4125,.F.);
#5973 = ORIENTED_EDGE('',*,*,#1467,.T.);
#5974 = ORIENTED_EDGE('',*,*,#5945,.T.);
#5975 = FACE_BOUND('',#5976,.T.);
#5976 = EDGE_LOOP('',(#5977,#5978,#5979,#5980,#5981,#5982,#5983,#5984));
#5977 = ORIENTED_EDGE('',*,*,#1671,.F.);
#5978 = ORIENTED_EDGE('',*,*,#1721,.T.);
#5979 = ORIENTED_EDGE('',*,*,#1815,.F.);
#5980 = ORIENTED_EDGE('',*,*,#1913,.T.);
#5981 = ORIENTED_EDGE('',*,*,#1987,.F.);
#5982 = ORIENTED_EDGE('',*,*,#1962,.F.);
#5983 = ORIENTED_EDGE('',*,*,#1865,.F.);
#5984 = ORIENTED_EDGE('',*,*,#1766,.F.);
#5985 = ADVANCED_FACE('',(#5986),#2057,.F.);
#5986 = FACE_BOUND('',#5987,.F.);
#5987 = EDGE_LOOP('',(#5988,#6009,#6010,#6031));
#5988 = ORIENTED_EDGE('',*,*,#5989,.F.);
#5989 = EDGE_CURVE('',#2039,#4199,#5990,.T.);
#5990 = SURFACE_CURVE('',#5991,(#5995,#6002),.PCURVE_S1.);
#5991 = LINE('',#5992,#5993);
#5992 = CARTESIAN_POINT('',(-32.5,-12.01,13.7));
#5993 = VECTOR('',#5994,1.);
#5994 = DIRECTION('',(0.,0.,1.));
#5995 = PCURVE('',#2057,#5996);
#5996 = DEFINITIONAL_REPRESENTATION('',(#5997),#6001);
#5997 = LINE('',#5998,#5999);
#5998 = CARTESIAN_POINT('',(0.,0.));
#5999 = VECTOR('',#6000,1.);
#6000 = DIRECTION('',(0.,1.));
#6001 = ( GEOMETRIC_REPRESENTATION_CONTEXT(2) 
PARAMETRIC_REPRESENTATION_CONTEXT() REPRESENTATION_CONTEXT('2D SPACE',''
  ) );
#6002 = PCURVE('',#2084,#6003);
#6003 = DEFINITIONAL_REPRESENTATION('',(#6004),#6008);
#6004 = LINE('',#6005,#6006);
#6005 = CARTESIAN_POINT('',(0.,-2.99));
#6006 = VECTOR('',#6007,1.);
#6007 = DIRECTION('',(1.,0.));
#6008 = ( GEOMETRIC_REPRESENTATION_CONTEXT(2) 
PARAMETRIC_REPRESENTATION_CONTEXT() REPRESENTATION_CONTEXT('2D SPACE',''
  ) );
#6009 = ORIENTED_EDGE('',*,*,#2038,.T.);
#6010 = ORIENTED_EDGE('',*,*,#6011,.T.);
#6011 = EDGE_CURVE('',#2041,#4201,#6012,.T.);
#6012 = SURFACE_CURVE('',#6013,(#6017,#6024),.PCURVE_S1.);
#6013 = LINE('',#6014,#6015);
#6014 = CARTESIAN_POINT('',(-29.51,-15.,13.7));
#6015 = VECTOR('',#6016,1.);
#6016 = DIRECTION('',(0.,0.,1.));
#6017 = PCURVE('',#2057,#6018);
#6018 = DEFINITIONAL_REPRESENTATION('',(#6019),#6023);
#6019 = LINE('',#6020,#6021);
#6020 = CARTESIAN_POINT('',(1.570796326795,0.));
#6021 = VECTOR('',#6022,1.);
#6022 = DIRECTION('',(0.,1.));
#6023 = ( GEOMETRIC_REPRESENTATION_CONTEXT(2) 
PARAMETRIC_REPRESENTATION_CONTEXT() REPRESENTATION_CONTEXT('2D SPACE',''
  ) );
#6024 = PCURVE('',#2247,#6025);
#6025 = DEFINITIONAL_REPRESENTATION('',(#6026),#6030);
#6026 = LINE('',#6027,#6028);
#6027 = CARTESIAN_POINT('',(0.,2.99));
#6028 = VECTOR('',#6029,1.);
#6029 = DIRECTION('',(1.,0.));
#6030 = ( GEOMETRIC_REPRESENTATION_CONTEXT(2) 
PARAMETRIC_REPRESENTATION_CONTEXT() REPRESENTATION_CONTEXT('2D SPACE',''
  ) );
#6031 = ORIENTED_EDGE('',*,*,#4198,.F.);
#6032 = ADVANCED_FACE('',(#6033),#2247,.T.);
#6033 = FACE_BOUND('',#6034,.T.);
#6034 = EDGE_LOOP('',(#6035,#6036,#6037,#6038));
#6035 = ORIENTED_EDGE('',*,*,#2234,.T.);
#6036 = ORIENTED_EDGE('',*,*,#6011,.T.);
#6037 = ORIENTED_EDGE('',*,*,#4359,.F.);
#6038 = ORIENTED_EDGE('',*,*,#6039,.F.);
#6039 = EDGE_CURVE('',#2206,#4336,#6040,.T.);
#6040 = SURFACE_CURVE('',#6041,(#6045,#6052),.PCURVE_S1.);
#6041 = LINE('',#6042,#6043);
#6042 = CARTESIAN_POINT('',(29.51,-15.,13.7));
#6043 = VECTOR('',#6044,1.);
#6044 = DIRECTION('',(0.,0.,1.));
#6045 = PCURVE('',#2247,#6046);
#6046 = DEFINITIONAL_REPRESENTATION('',(#6047),#6051);
#6047 = LINE('',#6048,#6049);
#6048 = CARTESIAN_POINT('',(0.,62.01));
#6049 = VECTOR('',#6050,1.);
#6050 = DIRECTION('',(1.,0.));
#6051 = ( GEOMETRIC_REPRESENTATION_CONTEXT(2) 
PARAMETRIC_REPRESENTATION_CONTEXT() REPRESENTATION_CONTEXT('2D SPACE',''
  ) );
#6052 = PCURVE('',#2222,#6053);
#6053 = DEFINITIONAL_REPRESENTATION('',(#6054),#6058);
#6054 = LINE('',#6055,#6056);
#6055 = CARTESIAN_POINT('',(-1.570796326795,0.));
#6056 = VECTOR('',#6057,1.);
#6057 = DIRECTION('',(-0.,1.));
#6058 = ( GEOMETRIC_REPRESENTATION_CONTEXT(2) 
PARAMETRIC_REPRESENTATION_CONTEXT() REPRESENTATION_CONTEXT('2D SPACE',''
  ) );
#6059 = ADVANCED_FACE('',(#6060),#2222,.F.);
#6060 = FACE_BOUND('',#6061,.T.);
#6061 = EDGE_LOOP('',(#6062,#6083,#6084,#6085));
#6062 = ORIENTED_EDGE('',*,*,#6063,.F.);
#6063 = EDGE_CURVE('',#2180,#4315,#6064,.T.);
#6064 = SURFACE_CURVE('',#6065,(#6069,#6076),.PCURVE_S1.);
#6065 = LINE('',#6066,#6067);
#6066 = CARTESIAN_POINT('',(32.5,-12.01,13.7));
#6067 = VECTOR('',#6068,1.);
#6068 = DIRECTION('',(0.,0.,1.));
#6069 = PCURVE('',#2222,#6070);
#6070 = DEFINITIONAL_REPRESENTATION('',(#6071),#6075);
#6071 = LINE('',#6072,#6073);
#6072 = CARTESIAN_POINT('',(-0.,0.));
#6073 = VECTOR('',#6074,1.);
#6074 = DIRECTION('',(-0.,1.));
#6075 = ( GEOMETRIC_REPRESENTATION_CONTEXT(2) 
PARAMETRIC_REPRESENTATION_CONTEXT() REPRESENTATION_CONTEXT('2D SPACE',''
  ) );
#6076 = PCURVE('',#2194,#6077);
#6077 = DEFINITIONAL_REPRESENTATION('',(#6078),#6082);
#6078 = LINE('',#6079,#6080);
#6079 = CARTESIAN_POINT('',(0.,-2.99));
#6080 = VECTOR('',#6081,1.);
#6081 = DIRECTION('',(1.,0.));
#6082 = ( GEOMETRIC_REPRESENTATION_CONTEXT(2) 
PARAMETRIC_REPRESENTATION_CONTEXT() REPRESENTATION_CONTEXT('2D SPACE',''
  ) );
#6083 = ORIENTED_EDGE('',*,*,#2205,.F.);
#6084 = ORIENTED_EDGE('',*,*,#6039,.T.);
#6085 = ORIENTED_EDGE('',*,*,#4335,.T.);
#6086 = ADVANCED_FACE('',(#6087),#2194,.F.);
#6087 = FACE_BOUND('',#6088,.F.);
#6088 = EDGE_LOOP('',(#6089,#6090,#6091,#6092));
#6089 = ORIENTED_EDGE('',*,*,#4314,.F.);
#6090 = ORIENTED_EDGE('',*,*,#6063,.F.);
#6091 = ORIENTED_EDGE('',*,*,#2179,.T.);
#6092 = ORIENTED_EDGE('',*,*,#6093,.T.);
#6093 = EDGE_CURVE('',#2151,#4291,#6094,.T.);
#6094 = SURFACE_CURVE('',#6095,(#6099,#6106),.PCURVE_S1.);
#6095 = LINE('',#6096,#6097);
#6096 = CARTESIAN_POINT('',(32.5,-11.99,13.7));
#6097 = VECTOR('',#6098,1.);
#6098 = DIRECTION('',(0.,0.,1.));
#6099 = PCURVE('',#2194,#6100);
#6100 = DEFINITIONAL_REPRESENTATION('',(#6101),#6105);
#6101 = LINE('',#6102,#6103);
#6102 = CARTESIAN_POINT('',(0.,-3.01));
#6103 = VECTOR('',#6104,1.);
#6104 = DIRECTION('',(1.,0.));
#6105 = ( GEOMETRIC_REPRESENTATION_CONTEXT(2) 
PARAMETRIC_REPRESENTATION_CONTEXT() REPRESENTATION_CONTEXT('2D SPACE',''
  ) );
#6106 = PCURVE('',#2167,#6107);
#6107 = DEFINITIONAL_REPRESENTATION('',(#6108),#6112);
#6108 = LINE('',#6109,#6110);
#6109 = CARTESIAN_POINT('',(0.,0.));
#6110 = VECTOR('',#6111,1.);
#6111 = DIRECTION('',(0.,1.));
#6112 = ( GEOMETRIC_REPRESENTATION_CONTEXT(2) 
PARAMETRIC_REPRESENTATION_CONTEXT() REPRESENTATION_CONTEXT('2D SPACE',''
  ) );
#6113 = ADVANCED_FACE('',(#6114),#2167,.F.);
#6114 = FACE_BOUND('',#6115,.F.);
#6115 = EDGE_LOOP('',(#6116,#6117,#6118,#6139));
#6116 = ORIENTED_EDGE('',*,*,#6093,.F.);
#6117 = ORIENTED_EDGE('',*,*,#2150,.T.);
#6118 = ORIENTED_EDGE('',*,*,#6119,.T.);
#6119 = EDGE_CURVE('',#2125,#4270,#6120,.T.);
#6120 = SURFACE_CURVE('',#6121,(#6125,#6132),.PCURVE_S1.);
#6121 = LINE('',#6122,#6123);
#6122 = CARTESIAN_POINT('',(29.51,-9.,13.7));
#6123 = VECTOR('',#6124,1.);
#6124 = DIRECTION('',(0.,0.,1.));
#6125 = PCURVE('',#2167,#6126);
#6126 = DEFINITIONAL_REPRESENTATION('',(#6127),#6131);
#6127 = LINE('',#6128,#6129);
#6128 = CARTESIAN_POINT('',(1.570796326795,0.));
#6129 = VECTOR('',#6130,1.);
#6130 = DIRECTION('',(0.,1.));
#6131 = ( GEOMETRIC_REPRESENTATION_CONTEXT(2) 
PARAMETRIC_REPRESENTATION_CONTEXT() REPRESENTATION_CONTEXT('2D SPACE',''
  ) );
#6132 = PCURVE('',#2139,#6133);
#6133 = DEFINITIONAL_REPRESENTATION('',(#6134),#6138);
#6134 = LINE('',#6135,#6136);
#6135 = CARTESIAN_POINT('',(0.,62.01));
#6136 = VECTOR('',#6137,1.);
#6137 = DIRECTION('',(1.,0.));
#6138 = ( GEOMETRIC_REPRESENTATION_CONTEXT(2) 
PARAMETRIC_REPRESENTATION_CONTEXT() REPRESENTATION_CONTEXT('2D SPACE',''
  ) );
#6139 = ORIENTED_EDGE('',*,*,#4290,.F.);
#6140 = ADVANCED_FACE('',(#6141),#2139,.F.);
#6141 = FACE_BOUND('',#6142,.F.);
#6142 = EDGE_LOOP('',(#6143,#6144,#6165,#6166));
#6143 = ORIENTED_EDGE('',*,*,#2124,.T.);
#6144 = ORIENTED_EDGE('',*,*,#6145,.T.);
#6145 = EDGE_CURVE('',#2096,#4246,#6146,.T.);
#6146 = SURFACE_CURVE('',#6147,(#6151,#6158),.PCURVE_S1.);
#6147 = LINE('',#6148,#6149);
#6148 = CARTESIAN_POINT('',(-29.51,-9.,13.7));
#6149 = VECTOR('',#6150,1.);
#6150 = DIRECTION('',(0.,0.,1.));
#6151 = PCURVE('',#2139,#6152);
#6152 = DEFINITIONAL_REPRESENTATION('',(#6153),#6157);
#6153 = LINE('',#6154,#6155);
#6154 = CARTESIAN_POINT('',(0.,2.99));
#6155 = VECTOR('',#6156,1.);
#6156 = DIRECTION('',(1.,0.));
#6157 = ( GEOMETRIC_REPRESENTATION_CONTEXT(2) 
PARAMETRIC_REPRESENTATION_CONTEXT() REPRESENTATION_CONTEXT('2D SPACE',''
  ) );
#6158 = PCURVE('',#2112,#6159);
#6159 = DEFINITIONAL_REPRESENTATION('',(#6160),#6164);
#6160 = LINE('',#6161,#6162);
#6161 = CARTESIAN_POINT('',(-1.570796326795,0.));
#6162 = VECTOR('',#6163,1.);
#6163 = DIRECTION('',(-0.,1.));
#6164 = ( GEOMETRIC_REPRESENTATION_CONTEXT(2) 
PARAMETRIC_REPRESENTATION_CONTEXT() REPRESENTATION_CONTEXT('2D SPACE',''
  ) );
#6165 = ORIENTED_EDGE('',*,*,#4269,.F.);
#6166 = ORIENTED_EDGE('',*,*,#6119,.F.);
#6167 = ADVANCED_FACE('',(#6168),#2112,.F.);
#6168 = FACE_BOUND('',#6169,.T.);
#6169 = EDGE_LOOP('',(#6170,#6191,#6192,#6193));
#6170 = ORIENTED_EDGE('',*,*,#6171,.F.);
#6171 = EDGE_CURVE('',#2070,#4225,#6172,.T.);
#6172 = SURFACE_CURVE('',#6173,(#6177,#6184),.PCURVE_S1.);
#6173 = LINE('',#6174,#6175);
#6174 = CARTESIAN_POINT('',(-32.5,-11.99,13.7));
#6175 = VECTOR('',#6176,1.);
#6176 = DIRECTION('',(0.,0.,1.));
#6177 = PCURVE('',#2112,#6178);
#6178 = DEFINITIONAL_REPRESENTATION('',(#6179),#6183);
#6179 = LINE('',#6180,#6181);
#6180 = CARTESIAN_POINT('',(-0.,0.));
#6181 = VECTOR('',#6182,1.);
#6182 = DIRECTION('',(-0.,1.));
#6183 = ( GEOMETRIC_REPRESENTATION_CONTEXT(2) 
PARAMETRIC_REPRESENTATION_CONTEXT() REPRESENTATION_CONTEXT('2D SPACE',''
  ) );
#6184 = PCURVE('',#2084,#6185);
#6185 = DEFINITIONAL_REPRESENTATION('',(#6186),#6190);
#6186 = LINE('',#6187,#6188);
#6187 = CARTESIAN_POINT('',(0.,-3.01));
#6188 = VECTOR('',#6189,1.);
#6189 = DIRECTION('',(1.,0.));
#6190 = ( GEOMETRIC_REPRESENTATION_CONTEXT(2) 
PARAMETRIC_REPRESENTATION_CONTEXT() REPRESENTATION_CONTEXT('2D SPACE',''
  ) );
#6191 = ORIENTED_EDGE('',*,*,#2095,.F.);
#6192 = ORIENTED_EDGE('',*,*,#6145,.T.);
#6193 = ORIENTED_EDGE('',*,*,#4245,.T.);
#6194 = ADVANCED_FACE('',(#6195),#2084,.T.);
#6195 = FACE_BOUND('',#6196,.T.);
#6196 = EDGE_LOOP('',(#6197,#6198,#6199,#6200));
#6197 = ORIENTED_EDGE('',*,*,#4224,.F.);
#6198 = ORIENTED_EDGE('',*,*,#5989,.F.);
#6199 = ORIENTED_EDGE('',*,*,#2069,.T.);
#6200 = ORIENTED_EDGE('',*,*,#6171,.T.);
#6201 = ADVANCED_FACE('',(#6202),#2367,.F.);
#6202 = FACE_BOUND('',#6203,.F.);
#6203 = EDGE_LOOP('',(#6204,#6225,#6226,#6247));
#6204 = ORIENTED_EDGE('',*,*,#6205,.F.);
#6205 = EDGE_CURVE('',#4435,#2349,#6206,.T.);
#6206 = SURFACE_CURVE('',#6207,(#6211,#6218),.PCURVE_S1.);
#6207 = LINE('',#6208,#6209);
#6208 = CARTESIAN_POINT('',(-19.4,33.925,73.572716664998));
#6209 = VECTOR('',#6210,1.);
#6210 = DIRECTION('',(0.,1.,0.));
#6211 = PCURVE('',#2367,#6212);
#6212 = DEFINITIONAL_REPRESENTATION('',(#6213),#6217);
#6213 = LINE('',#6214,#6215);
#6214 = CARTESIAN_POINT('',(0.,0.));
#6215 = VECTOR('',#6216,1.);
#6216 = DIRECTION('',(0.,1.));
#6217 = ( GEOMETRIC_REPRESENTATION_CONTEXT(2) 
PARAMETRIC_REPRESENTATION_CONTEXT() REPRESENTATION_CONTEXT('2D SPACE',''
  ) );
#6218 = PCURVE('',#2394,#6219);
#6219 = DEFINITIONAL_REPRESENTATION('',(#6220),#6224);
#6220 = LINE('',#6221,#6222);
#6221 = CARTESIAN_POINT('',(26.935433329995,0.));
#6222 = VECTOR('',#6223,1.);
#6223 = DIRECTION('',(0.,-1.));
#6224 = ( GEOMETRIC_REPRESENTATION_CONTEXT(2) 
PARAMETRIC_REPRESENTATION_CONTEXT() REPRESENTATION_CONTEXT('2D SPACE',''
  ) );
#6225 = ORIENTED_EDGE('',*,*,#4434,.T.);
#6226 = ORIENTED_EDGE('',*,*,#6227,.T.);
#6227 = EDGE_CURVE('',#4437,#2351,#6228,.T.);
#6228 = SURFACE_CURVE('',#6229,(#6233,#6240),.PCURVE_S1.);
#6229 = LINE('',#6230,#6231);
#6230 = CARTESIAN_POINT('',(-18.21,33.925,74.762716664998));
#6231 = VECTOR('',#6232,1.);
#6232 = DIRECTION('',(0.,1.,0.));
#6233 = PCURVE('',#2367,#6234);
#6234 = DEFINITIONAL_REPRESENTATION('',(#6235),#6239);
#6235 = LINE('',#6236,#6237);
#6236 = CARTESIAN_POINT('',(1.570796326795,0.));
#6237 = VECTOR('',#6238,1.);
#6238 = DIRECTION('',(0.,1.));
#6239 = ( GEOMETRIC_REPRESENTATION_CONTEXT(2) 
PARAMETRIC_REPRESENTATION_CONTEXT() REPRESENTATION_CONTEXT('2D SPACE',''
  ) );
#6240 = PCURVE('',#2557,#6241);
#6241 = DEFINITIONAL_REPRESENTATION('',(#6242),#6246);
#6242 = LINE('',#6243,#6244);
#6243 = CARTESIAN_POINT('',(1.19,0.));
#6244 = VECTOR('',#6245,1.);
#6245 = DIRECTION('',(0.,1.));
#6246 = ( GEOMETRIC_REPRESENTATION_CONTEXT(2) 
PARAMETRIC_REPRESENTATION_CONTEXT() REPRESENTATION_CONTEXT('2D SPACE',''
  ) );
#6247 = ORIENTED_EDGE('',*,*,#2348,.F.);
#6248 = ADVANCED_FACE('',(#6249),#2394,.T.);
#6249 = FACE_BOUND('',#6250,.T.);
#6250 = EDGE_LOOP('',(#6251,#6252,#6273,#6274));
#6251 = ORIENTED_EDGE('',*,*,#4460,.T.);
#6252 = ORIENTED_EDGE('',*,*,#6253,.T.);
#6253 = EDGE_CURVE('',#4461,#2380,#6254,.T.);
#6254 = SURFACE_CURVE('',#6255,(#6259,#6266),.PCURVE_S1.);
#6255 = LINE('',#6256,#6257);
#6256 = CARTESIAN_POINT('',(-19.4,33.925,47.827283335002));
#6257 = VECTOR('',#6258,1.);
#6258 = DIRECTION('',(0.,1.,0.));
#6259 = PCURVE('',#2394,#6260);
#6260 = DEFINITIONAL_REPRESENTATION('',(#6261),#6265);
#6261 = LINE('',#6262,#6263);
#6262 = CARTESIAN_POINT('',(1.19,0.));
#6263 = VECTOR('',#6264,1.);
#6264 = DIRECTION('',(0.,-1.));
#6265 = ( GEOMETRIC_REPRESENTATION_CONTEXT(2) 
PARAMETRIC_REPRESENTATION_CONTEXT() REPRESENTATION_CONTEXT('2D SPACE',''
  ) );
#6266 = PCURVE('',#2422,#6267);
#6267 = DEFINITIONAL_REPRESENTATION('',(#6268),#6272);
#6268 = LINE('',#6269,#6270);
#6269 = CARTESIAN_POINT('',(-0.,0.));
#6270 = VECTOR('',#6271,1.);
#6271 = DIRECTION('',(-0.,1.));
#6272 = ( GEOMETRIC_REPRESENTATION_CONTEXT(2) 
PARAMETRIC_REPRESENTATION_CONTEXT() REPRESENTATION_CONTEXT('2D SPACE',''
  ) );
#6273 = ORIENTED_EDGE('',*,*,#2379,.F.);
#6274 = ORIENTED_EDGE('',*,*,#6205,.F.);
#6275 = ADVANCED_FACE('',(#6276),#2557,.F.);
#6276 = FACE_BOUND('',#6277,.F.);
#6277 = EDGE_LOOP('',(#6278,#6279,#6280,#6281));
#6278 = ORIENTED_EDGE('',*,*,#2544,.F.);
#6279 = ORIENTED_EDGE('',*,*,#6227,.F.);
#6280 = ORIENTED_EDGE('',*,*,#4595,.T.);
#6281 = ORIENTED_EDGE('',*,*,#6282,.T.);
#6282 = EDGE_CURVE('',#4572,#2516,#6283,.T.);
#6283 = SURFACE_CURVE('',#6284,(#6288,#6295),.PCURVE_S1.);
#6284 = LINE('',#6285,#6286);
#6285 = CARTESIAN_POINT('',(-18.19,33.925,74.762716664998));
#6286 = VECTOR('',#6287,1.);
#6287 = DIRECTION('',(0.,1.,0.));
#6288 = PCURVE('',#2557,#6289);
#6289 = DEFINITIONAL_REPRESENTATION('',(#6290),#6294);
#6290 = LINE('',#6291,#6292);
#6291 = CARTESIAN_POINT('',(1.21,0.));
#6292 = VECTOR('',#6293,1.);
#6293 = DIRECTION('',(0.,1.));
#6294 = ( GEOMETRIC_REPRESENTATION_CONTEXT(2) 
PARAMETRIC_REPRESENTATION_CONTEXT() REPRESENTATION_CONTEXT('2D SPACE',''
  ) );
#6295 = PCURVE('',#2532,#6296);
#6296 = DEFINITIONAL_REPRESENTATION('',(#6297),#6301);
#6297 = LINE('',#6298,#6299);
#6298 = CARTESIAN_POINT('',(-1.570796326795,0.));
#6299 = VECTOR('',#6300,1.);
#6300 = DIRECTION('',(-0.,1.));
#6301 = ( GEOMETRIC_REPRESENTATION_CONTEXT(2) 
PARAMETRIC_REPRESENTATION_CONTEXT() REPRESENTATION_CONTEXT('2D SPACE',''
  ) );
#6302 = ADVANCED_FACE('',(#6303),#2422,.F.);
#6303 = FACE_BOUND('',#6304,.T.);
#6304 = EDGE_LOOP('',(#6305,#6306,#6307,#6328));
#6305 = ORIENTED_EDGE('',*,*,#6253,.F.);
#6306 = ORIENTED_EDGE('',*,*,#4481,.F.);
#6307 = ORIENTED_EDGE('',*,*,#6308,.T.);
#6308 = EDGE_CURVE('',#4482,#2406,#6309,.T.);
#6309 = SURFACE_CURVE('',#6310,(#6314,#6321),.PCURVE_S1.);
#6310 = LINE('',#6311,#6312);
#6311 = CARTESIAN_POINT('',(-18.21,33.925,46.637283335002));
#6312 = VECTOR('',#6313,1.);
#6313 = DIRECTION('',(0.,1.,0.));
#6314 = PCURVE('',#2422,#6315);
#6315 = DEFINITIONAL_REPRESENTATION('',(#6316),#6320);
#6316 = LINE('',#6317,#6318);
#6317 = CARTESIAN_POINT('',(-1.570796326795,0.));
#6318 = VECTOR('',#6319,1.);
#6319 = DIRECTION('',(-0.,1.));
#6320 = ( GEOMETRIC_REPRESENTATION_CONTEXT(2) 
PARAMETRIC_REPRESENTATION_CONTEXT() REPRESENTATION_CONTEXT('2D SPACE',''
  ) );
#6321 = PCURVE('',#2449,#6322);
#6322 = DEFINITIONAL_REPRESENTATION('',(#6323),#6327);
#6323 = LINE('',#6324,#6325);
#6324 = CARTESIAN_POINT('',(1.19,0.));
#6325 = VECTOR('',#6326,1.);
#6326 = DIRECTION('',(0.,1.));
#6327 = ( GEOMETRIC_REPRESENTATION_CONTEXT(2) 
PARAMETRIC_REPRESENTATION_CONTEXT() REPRESENTATION_CONTEXT('2D SPACE',''
  ) );
#6328 = ORIENTED_EDGE('',*,*,#2405,.T.);
#6329 = ADVANCED_FACE('',(#6330),#2532,.F.);
#6330 = FACE_BOUND('',#6331,.T.);
#6331 = EDGE_LOOP('',(#6332,#6353,#6354,#6355));
#6332 = ORIENTED_EDGE('',*,*,#6333,.F.);
#6333 = EDGE_CURVE('',#4551,#2490,#6334,.T.);
#6334 = SURFACE_CURVE('',#6335,(#6339,#6346),.PCURVE_S1.);
#6335 = LINE('',#6336,#6337);
#6336 = CARTESIAN_POINT('',(-17.,33.925,73.572716664998));
#6337 = VECTOR('',#6338,1.);
#6338 = DIRECTION('',(0.,1.,0.));
#6339 = PCURVE('',#2532,#6340);
#6340 = DEFINITIONAL_REPRESENTATION('',(#6341),#6345);
#6341 = LINE('',#6342,#6343);
#6342 = CARTESIAN_POINT('',(-0.,0.));
#6343 = VECTOR('',#6344,1.);
#6344 = DIRECTION('',(-0.,1.));
#6345 = ( GEOMETRIC_REPRESENTATION_CONTEXT(2) 
PARAMETRIC_REPRESENTATION_CONTEXT() REPRESENTATION_CONTEXT('2D SPACE',''
  ) );
#6346 = PCURVE('',#2504,#6347);
#6347 = DEFINITIONAL_REPRESENTATION('',(#6348),#6352);
#6348 = LINE('',#6349,#6350);
#6349 = CARTESIAN_POINT('',(26.935433329995,0.));
#6350 = VECTOR('',#6351,1.);
#6351 = DIRECTION('',(0.,-1.));
#6352 = ( GEOMETRIC_REPRESENTATION_CONTEXT(2) 
PARAMETRIC_REPRESENTATION_CONTEXT() REPRESENTATION_CONTEXT('2D SPACE',''
  ) );
#6353 = ORIENTED_EDGE('',*,*,#4571,.F.);
#6354 = ORIENTED_EDGE('',*,*,#6282,.T.);
#6355 = ORIENTED_EDGE('',*,*,#2515,.T.);
#6356 = ADVANCED_FACE('',(#6357),#2449,.T.);
#6357 = FACE_BOUND('',#6358,.T.);
#6358 = EDGE_LOOP('',(#6359,#6360,#6361,#6362));
#6359 = ORIENTED_EDGE('',*,*,#2434,.F.);
#6360 = ORIENTED_EDGE('',*,*,#6308,.F.);
#6361 = ORIENTED_EDGE('',*,*,#4505,.T.);
#6362 = ORIENTED_EDGE('',*,*,#6363,.T.);
#6363 = EDGE_CURVE('',#4506,#2435,#6364,.T.);
#6364 = SURFACE_CURVE('',#6365,(#6369,#6376),.PCURVE_S1.);
#6365 = LINE('',#6366,#6367);
#6366 = CARTESIAN_POINT('',(-18.19,33.925,46.637283335002));
#6367 = VECTOR('',#6368,1.);
#6368 = DIRECTION('',(0.,1.,0.));
#6369 = PCURVE('',#2449,#6370);
#6370 = DEFINITIONAL_REPRESENTATION('',(#6371),#6375);
#6371 = LINE('',#6372,#6373);
#6372 = CARTESIAN_POINT('',(1.21,0.));
#6373 = VECTOR('',#6374,1.);
#6374 = DIRECTION('',(0.,1.));
#6375 = ( GEOMETRIC_REPRESENTATION_CONTEXT(2) 
PARAMETRIC_REPRESENTATION_CONTEXT() REPRESENTATION_CONTEXT('2D SPACE',''
  ) );
#6376 = PCURVE('',#2477,#6377);
#6377 = DEFINITIONAL_REPRESENTATION('',(#6378),#6382);
#6378 = LINE('',#6379,#6380);
#6379 = CARTESIAN_POINT('',(1.570796326795,0.));
#6380 = VECTOR('',#6381,1.);
#6381 = DIRECTION('',(0.,1.));
#6382 = ( GEOMETRIC_REPRESENTATION_CONTEXT(2) 
PARAMETRIC_REPRESENTATION_CONTEXT() REPRESENTATION_CONTEXT('2D SPACE',''
  ) );
#6383 = ADVANCED_FACE('',(#6384),#2504,.F.);
#6384 = FACE_BOUND('',#6385,.F.);
#6385 = EDGE_LOOP('',(#6386,#6387,#6408,#6409));
#6386 = ORIENTED_EDGE('',*,*,#4550,.T.);
#6387 = ORIENTED_EDGE('',*,*,#6388,.T.);
#6388 = EDGE_CURVE('',#4527,#2461,#6389,.T.);
#6389 = SURFACE_CURVE('',#6390,(#6394,#6401),.PCURVE_S1.);
#6390 = LINE('',#6391,#6392);
#6391 = CARTESIAN_POINT('',(-17.,33.925,47.827283335002));
#6392 = VECTOR('',#6393,1.);
#6393 = DIRECTION('',(0.,1.,0.));
#6394 = PCURVE('',#2504,#6395);
#6395 = DEFINITIONAL_REPRESENTATION('',(#6396),#6400);
#6396 = LINE('',#6397,#6398);
#6397 = CARTESIAN_POINT('',(1.19,0.));
#6398 = VECTOR('',#6399,1.);
#6399 = DIRECTION('',(0.,-1.));
#6400 = ( GEOMETRIC_REPRESENTATION_CONTEXT(2) 
PARAMETRIC_REPRESENTATION_CONTEXT() REPRESENTATION_CONTEXT('2D SPACE',''
  ) );
#6401 = PCURVE('',#2477,#6402);
#6402 = DEFINITIONAL_REPRESENTATION('',(#6403),#6407);
#6403 = LINE('',#6404,#6405);
#6404 = CARTESIAN_POINT('',(0.,0.));
#6405 = VECTOR('',#6406,1.);
#6406 = DIRECTION('',(0.,1.));
#6407 = ( GEOMETRIC_REPRESENTATION_CONTEXT(2) 
PARAMETRIC_REPRESENTATION_CONTEXT() REPRESENTATION_CONTEXT('2D SPACE',''
  ) );
#6408 = ORIENTED_EDGE('',*,*,#2489,.F.);
#6409 = ORIENTED_EDGE('',*,*,#6333,.F.);
#6410 = ADVANCED_FACE('',(#6411),#2477,.F.);
#6411 = FACE_BOUND('',#6412,.F.);
#6412 = EDGE_LOOP('',(#6413,#6414,#6415,#6416));
#6413 = ORIENTED_EDGE('',*,*,#6388,.F.);
#6414 = ORIENTED_EDGE('',*,*,#4526,.T.);
#6415 = ORIENTED_EDGE('',*,*,#6363,.T.);
#6416 = ORIENTED_EDGE('',*,*,#2460,.F.);
#6417 = ADVANCED_FACE('',(#6418),#2589,.F.);
#6418 = FACE_BOUND('',#6419,.F.);
#6419 = EDGE_LOOP('',(#6420,#6441,#6442,#6463));
#6420 = ORIENTED_EDGE('',*,*,#6421,.F.);
#6421 = EDGE_CURVE('',#4617,#2571,#6422,.T.);
#6422 = SURFACE_CURVE('',#6423,(#6427,#6434),.PCURVE_S1.);
#6423 = LINE('',#6424,#6425);
#6424 = CARTESIAN_POINT('',(-14.2,33.925,78.48366596101));
#6425 = VECTOR('',#6426,1.);
#6426 = DIRECTION('',(0.,1.,0.));
#6427 = PCURVE('',#2589,#6428);
#6428 = DEFINITIONAL_REPRESENTATION('',(#6429),#6433);
#6429 = LINE('',#6430,#6431);
#6430 = CARTESIAN_POINT('',(0.,0.));
#6431 = VECTOR('',#6432,1.);
#6432 = DIRECTION('',(0.,1.));
#6433 = ( GEOMETRIC_REPRESENTATION_CONTEXT(2) 
PARAMETRIC_REPRESENTATION_CONTEXT() REPRESENTATION_CONTEXT('2D SPACE',''
  ) );
#6434 = PCURVE('',#2616,#6435);
#6435 = DEFINITIONAL_REPRESENTATION('',(#6436),#6440);
#6436 = LINE('',#6437,#6438);
#6437 = CARTESIAN_POINT('',(36.757331922021,0.));
#6438 = VECTOR('',#6439,1.);
#6439 = DIRECTION('',(0.,-1.));
#6440 = ( GEOMETRIC_REPRESENTATION_CONTEXT(2) 
PARAMETRIC_REPRESENTATION_CONTEXT() REPRESENTATION_CONTEXT('2D SPACE',''
  ) );
#6441 = ORIENTED_EDGE('',*,*,#4616,.T.);
#6442 = ORIENTED_EDGE('',*,*,#6443,.T.);
#6443 = EDGE_CURVE('',#4619,#2573,#6444,.T.);
#6444 = SURFACE_CURVE('',#6445,(#6449,#6456),.PCURVE_S1.);
#6445 = LINE('',#6446,#6447);
#6446 = CARTESIAN_POINT('',(-13.01,33.925,79.67366596101));
#6447 = VECTOR('',#6448,1.);
#6448 = DIRECTION('',(0.,1.,0.));
#6449 = PCURVE('',#2589,#6450);
#6450 = DEFINITIONAL_REPRESENTATION('',(#6451),#6455);
#6451 = LINE('',#6452,#6453);
#6452 = CARTESIAN_POINT('',(1.570796326795,0.));
#6453 = VECTOR('',#6454,1.);
#6454 = DIRECTION('',(0.,1.));
#6455 = ( GEOMETRIC_REPRESENTATION_CONTEXT(2) 
PARAMETRIC_REPRESENTATION_CONTEXT() REPRESENTATION_CONTEXT('2D SPACE',''
  ) );
#6456 = PCURVE('',#2779,#6457);
#6457 = DEFINITIONAL_REPRESENTATION('',(#6458),#6462);
#6458 = LINE('',#6459,#6460);
#6459 = CARTESIAN_POINT('',(1.19,0.));
#6460 = VECTOR('',#6461,1.);
#6461 = DIRECTION('',(0.,1.));
#6462 = ( GEOMETRIC_REPRESENTATION_CONTEXT(2) 
PARAMETRIC_REPRESENTATION_CONTEXT() REPRESENTATION_CONTEXT('2D SPACE',''
  ) );
#6463 = ORIENTED_EDGE('',*,*,#2570,.F.);
#6464 = ADVANCED_FACE('',(#6465),#2616,.T.);
#6465 = FACE_BOUND('',#6466,.T.);
#6466 = EDGE_LOOP('',(#6467,#6468,#6489,#6490));
#6467 = ORIENTED_EDGE('',*,*,#4642,.T.);
#6468 = ORIENTED_EDGE('',*,*,#6469,.T.);
#6469 = EDGE_CURVE('',#4643,#2602,#6470,.T.);
#6470 = SURFACE_CURVE('',#6471,(#6475,#6482),.PCURVE_S1.);
#6471 = LINE('',#6472,#6473);
#6472 = CARTESIAN_POINT('',(-14.2,33.925,42.91633403899));
#6473 = VECTOR('',#6474,1.);
#6474 = DIRECTION('',(0.,1.,0.));
#6475 = PCURVE('',#2616,#6476);
#6476 = DEFINITIONAL_REPRESENTATION('',(#6477),#6481);
#6477 = LINE('',#6478,#6479);
#6478 = CARTESIAN_POINT('',(1.19,0.));
#6479 = VECTOR('',#6480,1.);
#6480 = DIRECTION('',(0.,-1.));
#6481 = ( GEOMETRIC_REPRESENTATION_CONTEXT(2) 
PARAMETRIC_REPRESENTATION_CONTEXT() REPRESENTATION_CONTEXT('2D SPACE',''
  ) );
#6482 = PCURVE('',#2644,#6483);
#6483 = DEFINITIONAL_REPRESENTATION('',(#6484),#6488);
#6484 = LINE('',#6485,#6486);
#6485 = CARTESIAN_POINT('',(-0.,0.));
#6486 = VECTOR('',#6487,1.);
#6487 = DIRECTION('',(-0.,1.));
#6488 = ( GEOMETRIC_REPRESENTATION_CONTEXT(2) 
PARAMETRIC_REPRESENTATION_CONTEXT() REPRESENTATION_CONTEXT('2D SPACE',''
  ) );
#6489 = ORIENTED_EDGE('',*,*,#2601,.F.);
#6490 = ORIENTED_EDGE('',*,*,#6421,.F.);
#6491 = ADVANCED_FACE('',(#6492),#2779,.F.);
#6492 = FACE_BOUND('',#6493,.F.);
#6493 = EDGE_LOOP('',(#6494,#6495,#6496,#6497));
#6494 = ORIENTED_EDGE('',*,*,#2766,.F.);
#6495 = ORIENTED_EDGE('',*,*,#6443,.F.);
#6496 = ORIENTED_EDGE('',*,*,#4777,.T.);
#6497 = ORIENTED_EDGE('',*,*,#6498,.T.);
#6498 = EDGE_CURVE('',#4754,#2738,#6499,.T.);
#6499 = SURFACE_CURVE('',#6500,(#6504,#6511),.PCURVE_S1.);
#6500 = LINE('',#6501,#6502);
#6501 = CARTESIAN_POINT('',(-12.99,33.925,79.67366596101));
#6502 = VECTOR('',#6503,1.);
#6503 = DIRECTION('',(0.,1.,0.));
#6504 = PCURVE('',#2779,#6505);
#6505 = DEFINITIONAL_REPRESENTATION('',(#6506),#6510);
#6506 = LINE('',#6507,#6508);
#6507 = CARTESIAN_POINT('',(1.21,0.));
#6508 = VECTOR('',#6509,1.);
#6509 = DIRECTION('',(0.,1.));
#6510 = ( GEOMETRIC_REPRESENTATION_CONTEXT(2) 
PARAMETRIC_REPRESENTATION_CONTEXT() REPRESENTATION_CONTEXT('2D SPACE',''
  ) );
#6511 = PCURVE('',#2754,#6512);
#6512 = DEFINITIONAL_REPRESENTATION('',(#6513),#6517);
#6513 = LINE('',#6514,#6515);
#6514 = CARTESIAN_POINT('',(-1.570796326795,0.));
#6515 = VECTOR('',#6516,1.);
#6516 = DIRECTION('',(-0.,1.));
#6517 = ( GEOMETRIC_REPRESENTATION_CONTEXT(2) 
PARAMETRIC_REPRESENTATION_CONTEXT() REPRESENTATION_CONTEXT('2D SPACE',''
  ) );
#6518 = ADVANCED_FACE('',(#6519),#2644,.F.);
#6519 = FACE_BOUND('',#6520,.T.);
#6520 = EDGE_LOOP('',(#6521,#6522,#6523,#6544));
#6521 = ORIENTED_EDGE('',*,*,#6469,.F.);
#6522 = ORIENTED_EDGE('',*,*,#4663,.F.);
#6523 = ORIENTED_EDGE('',*,*,#6524,.T.);
#6524 = EDGE_CURVE('',#4664,#2628,#6525,.T.);
#6525 = SURFACE_CURVE('',#6526,(#6530,#6537),.PCURVE_S1.);
#6526 = LINE('',#6527,#6528);
#6527 = CARTESIAN_POINT('',(-13.01,33.925,41.72633403899));
#6528 = VECTOR('',#6529,1.);
#6529 = DIRECTION('',(0.,1.,0.));
#6530 = PCURVE('',#2644,#6531);
#6531 = DEFINITIONAL_REPRESENTATION('',(#6532),#6536);
#6532 = LINE('',#6533,#6534);
#6533 = CARTESIAN_POINT('',(-1.570796326795,0.));
#6534 = VECTOR('',#6535,1.);
#6535 = DIRECTION('',(-0.,1.));
#6536 = ( GEOMETRIC_REPRESENTATION_CONTEXT(2) 
PARAMETRIC_REPRESENTATION_CONTEXT() REPRESENTATION_CONTEXT('2D SPACE',''
  ) );
#6537 = PCURVE('',#2671,#6538);
#6538 = DEFINITIONAL_REPRESENTATION('',(#6539),#6543);
#6539 = LINE('',#6540,#6541);
#6540 = CARTESIAN_POINT('',(1.19,0.));
#6541 = VECTOR('',#6542,1.);
#6542 = DIRECTION('',(0.,1.));
#6543 = ( GEOMETRIC_REPRESENTATION_CONTEXT(2) 
PARAMETRIC_REPRESENTATION_CONTEXT() REPRESENTATION_CONTEXT('2D SPACE',''
  ) );
#6544 = ORIENTED_EDGE('',*,*,#2627,.T.);
#6545 = ADVANCED_FACE('',(#6546),#2754,.F.);
#6546 = FACE_BOUND('',#6547,.T.);
#6547 = EDGE_LOOP('',(#6548,#6569,#6570,#6571));
#6548 = ORIENTED_EDGE('',*,*,#6549,.F.);
#6549 = EDGE_CURVE('',#4733,#2712,#6550,.T.);
#6550 = SURFACE_CURVE('',#6551,(#6555,#6562),.PCURVE_S1.);
#6551 = LINE('',#6552,#6553);
#6552 = CARTESIAN_POINT('',(-11.8,33.925,78.48366596101));
#6553 = VECTOR('',#6554,1.);
#6554 = DIRECTION('',(0.,1.,0.));
#6555 = PCURVE('',#2754,#6556);
#6556 = DEFINITIONAL_REPRESENTATION('',(#6557),#6561);
#6557 = LINE('',#6558,#6559);
#6558 = CARTESIAN_POINT('',(-0.,0.));
#6559 = VECTOR('',#6560,1.);
#6560 = DIRECTION('',(-0.,1.));
#6561 = ( GEOMETRIC_REPRESENTATION_CONTEXT(2) 
PARAMETRIC_REPRESENTATION_CONTEXT() REPRESENTATION_CONTEXT('2D SPACE',''
  ) );
#6562 = PCURVE('',#2726,#6563);
#6563 = DEFINITIONAL_REPRESENTATION('',(#6564),#6568);
#6564 = LINE('',#6565,#6566);
#6565 = CARTESIAN_POINT('',(36.757331922021,0.));
#6566 = VECTOR('',#6567,1.);
#6567 = DIRECTION('',(0.,-1.));
#6568 = ( GEOMETRIC_REPRESENTATION_CONTEXT(2) 
PARAMETRIC_REPRESENTATION_CONTEXT() REPRESENTATION_CONTEXT('2D SPACE',''
  ) );
#6569 = ORIENTED_EDGE('',*,*,#4753,.F.);
#6570 = ORIENTED_EDGE('',*,*,#6498,.T.);
#6571 = ORIENTED_EDGE('',*,*,#2737,.T.);
#6572 = ADVANCED_FACE('',(#6573),#2671,.T.);
#6573 = FACE_BOUND('',#6574,.T.);
#6574 = EDGE_LOOP('',(#6575,#6576,#6577,#6578));
#6575 = ORIENTED_EDGE('',*,*,#2656,.F.);
#6576 = ORIENTED_EDGE('',*,*,#6524,.F.);
#6577 = ORIENTED_EDGE('',*,*,#4687,.T.);
#6578 = ORIENTED_EDGE('',*,*,#6579,.T.);
#6579 = EDGE_CURVE('',#4688,#2657,#6580,.T.);
#6580 = SURFACE_CURVE('',#6581,(#6585,#6592),.PCURVE_S1.);
#6581 = LINE('',#6582,#6583);
#6582 = CARTESIAN_POINT('',(-12.99,33.925,41.72633403899));
#6583 = VECTOR('',#6584,1.);
#6584 = DIRECTION('',(0.,1.,0.));
#6585 = PCURVE('',#2671,#6586);
#6586 = DEFINITIONAL_REPRESENTATION('',(#6587),#6591);
#6587 = LINE('',#6588,#6589);
#6588 = CARTESIAN_POINT('',(1.21,0.));
#6589 = VECTOR('',#6590,1.);
#6590 = DIRECTION('',(0.,1.));
#6591 = ( GEOMETRIC_REPRESENTATION_CONTEXT(2) 
PARAMETRIC_REPRESENTATION_CONTEXT() REPRESENTATION_CONTEXT('2D SPACE',''
  ) );
#6592 = PCURVE('',#2699,#6593);
#6593 = DEFINITIONAL_REPRESENTATION('',(#6594),#6598);
#6594 = LINE('',#6595,#6596);
#6595 = CARTESIAN_POINT('',(1.570796326795,0.));
#6596 = VECTOR('',#6597,1.);
#6597 = DIRECTION('',(0.,1.));
#6598 = ( GEOMETRIC_REPRESENTATION_CONTEXT(2) 
PARAMETRIC_REPRESENTATION_CONTEXT() REPRESENTATION_CONTEXT('2D SPACE',''
  ) );
#6599 = ADVANCED_FACE('',(#6600),#2726,.F.);
#6600 = FACE_BOUND('',#6601,.F.);
#6601 = EDGE_LOOP('',(#6602,#6603,#6624,#6625));
#6602 = ORIENTED_EDGE('',*,*,#4732,.T.);
#6603 = ORIENTED_EDGE('',*,*,#6604,.T.);
#6604 = EDGE_CURVE('',#4709,#2683,#6605,.T.);
#6605 = SURFACE_CURVE('',#6606,(#6610,#6617),.PCURVE_S1.);
#6606 = LINE('',#6607,#6608);
#6607 = CARTESIAN_POINT('',(-11.8,33.925,42.91633403899));
#6608 = VECTOR('',#6609,1.);
#6609 = DIRECTION('',(0.,1.,0.));
#6610 = PCURVE('',#2726,#6611);
#6611 = DEFINITIONAL_REPRESENTATION('',(#6612),#6616);
#6612 = LINE('',#6613,#6614);
#6613 = CARTESIAN_POINT('',(1.19,0.));
#6614 = VECTOR('',#6615,1.);
#6615 = DIRECTION('',(0.,-1.));
#6616 = ( GEOMETRIC_REPRESENTATION_CONTEXT(2) 
PARAMETRIC_REPRESENTATION_CONTEXT() REPRESENTATION_CONTEXT('2D SPACE',''
  ) );
#6617 = PCURVE('',#2699,#6618);
#6618 = DEFINITIONAL_REPRESENTATION('',(#6619),#6623);
#6619 = LINE('',#6620,#6621);
#6620 = CARTESIAN_POINT('',(0.,0.));
#6621 = VECTOR('',#6622,1.);
#6622 = DIRECTION('',(0.,1.));
#6623 = ( GEOMETRIC_REPRESENTATION_CONTEXT(2) 
PARAMETRIC_REPRESENTATION_CONTEXT() REPRESENTATION_CONTEXT('2D SPACE',''
  ) );
#6624 = ORIENTED_EDGE('',*,*,#2711,.F.);
#6625 = ORIENTED_EDGE('',*,*,#6549,.F.);
#6626 = ADVANCED_FACE('',(#6627),#2699,.F.);
#6627 = FACE_BOUND('',#6628,.F.);
#6628 = EDGE_LOOP('',(#6629,#6630,#6631,#6632));
#6629 = ORIENTED_EDGE('',*,*,#6604,.F.);
#6630 = ORIENTED_EDGE('',*,*,#4708,.T.);
#6631 = ORIENTED_EDGE('',*,*,#6579,.T.);
#6632 = ORIENTED_EDGE('',*,*,#2682,.F.);
#6633 = ADVANCED_FACE('',(#6634),#2811,.F.);
#6634 = FACE_BOUND('',#6635,.F.);
#6635 = EDGE_LOOP('',(#6636,#6657,#6658,#6679));
#6636 = ORIENTED_EDGE('',*,*,#6637,.F.);
#6637 = EDGE_CURVE('',#4799,#2793,#6638,.T.);
#6638 = SURFACE_CURVE('',#6639,(#6643,#6650),.PCURVE_S1.);
#6639 = LINE('',#6640,#6641);
#6640 = CARTESIAN_POINT('',(-9.,33.925,81.147005338078));
#6641 = VECTOR('',#6642,1.);
#6642 = DIRECTION('',(0.,1.,0.));
#6643 = PCURVE('',#2811,#6644);
#6644 = DEFINITIONAL_REPRESENTATION('',(#6645),#6649);
#6645 = LINE('',#6646,#6647);
#6646 = CARTESIAN_POINT('',(0.,0.));
#6647 = VECTOR('',#6648,1.);
#6648 = DIRECTION('',(0.,1.));
#6649 = ( GEOMETRIC_REPRESENTATION_CONTEXT(2) 
PARAMETRIC_REPRESENTATION_CONTEXT() REPRESENTATION_CONTEXT('2D SPACE',''
  ) );
#6650 = PCURVE('',#2838,#6651);
#6651 = DEFINITIONAL_REPRESENTATION('',(#6652),#6656);
#6652 = LINE('',#6653,#6654);
#6653 = CARTESIAN_POINT('',(42.084010676155,0.));
#6654 = VECTOR('',#6655,1.);
#6655 = DIRECTION('',(0.,-1.));
#6656 = ( GEOMETRIC_REPRESENTATION_CONTEXT(2) 
PARAMETRIC_REPRESENTATION_CONTEXT() REPRESENTATION_CONTEXT('2D SPACE',''
  ) );
#6657 = ORIENTED_EDGE('',*,*,#4798,.T.);
#6658 = ORIENTED_EDGE('',*,*,#6659,.T.);
#6659 = EDGE_CURVE('',#4801,#2795,#6660,.T.);
#6660 = SURFACE_CURVE('',#6661,(#6665,#6672),.PCURVE_S1.);
#6661 = LINE('',#6662,#6663);
#6662 = CARTESIAN_POINT('',(-7.81,33.925,82.337005338078));
#6663 = VECTOR('',#6664,1.);
#6664 = DIRECTION('',(0.,1.,0.));
#6665 = PCURVE('',#2811,#6666);
#6666 = DEFINITIONAL_REPRESENTATION('',(#6667),#6671);
#6667 = LINE('',#6668,#6669);
#6668 = CARTESIAN_POINT('',(1.570796326795,0.));
#6669 = VECTOR('',#6670,1.);
#6670 = DIRECTION('',(0.,1.));
#6671 = ( GEOMETRIC_REPRESENTATION_CONTEXT(2) 
PARAMETRIC_REPRESENTATION_CONTEXT() REPRESENTATION_CONTEXT('2D SPACE',''
  ) );
#6672 = PCURVE('',#3001,#6673);
#6673 = DEFINITIONAL_REPRESENTATION('',(#6674),#6678);
#6674 = LINE('',#6675,#6676);
#6675 = CARTESIAN_POINT('',(1.19,0.));
#6676 = VECTOR('',#6677,1.);
#6677 = DIRECTION('',(0.,1.));
#6678 = ( GEOMETRIC_REPRESENTATION_CONTEXT(2) 
PARAMETRIC_REPRESENTATION_CONTEXT() REPRESENTATION_CONTEXT('2D SPACE',''
  ) );
#6679 = ORIENTED_EDGE('',*,*,#2792,.F.);
#6680 = ADVANCED_FACE('',(#6681),#2838,.T.);
#6681 = FACE_BOUND('',#6682,.T.);
#6682 = EDGE_LOOP('',(#6683,#6684,#6705,#6706));
#6683 = ORIENTED_EDGE('',*,*,#4824,.T.);
#6684 = ORIENTED_EDGE('',*,*,#6685,.T.);
#6685 = EDGE_CURVE('',#4825,#2824,#6686,.T.);
#6686 = SURFACE_CURVE('',#6687,(#6691,#6698),.PCURVE_S1.);
#6687 = LINE('',#6688,#6689);
#6688 = CARTESIAN_POINT('',(-9.,33.925,40.252994661922));
#6689 = VECTOR('',#6690,1.);
#6690 = DIRECTION('',(0.,1.,0.));
#6691 = PCURVE('',#2838,#6692);
#6692 = DEFINITIONAL_REPRESENTATION('',(#6693),#6697);
#6693 = LINE('',#6694,#6695);
#6694 = CARTESIAN_POINT('',(1.19,0.));
#6695 = VECTOR('',#6696,1.);
#6696 = DIRECTION('',(0.,-1.));
#6697 = ( GEOMETRIC_REPRESENTATION_CONTEXT(2) 
PARAMETRIC_REPRESENTATION_CONTEXT() REPRESENTATION_CONTEXT('2D SPACE',''
  ) );
#6698 = PCURVE('',#2866,#6699);
#6699 = DEFINITIONAL_REPRESENTATION('',(#6700),#6704);
#6700 = LINE('',#6701,#6702);
#6701 = CARTESIAN_POINT('',(-0.,0.));
#6702 = VECTOR('',#6703,1.);
#6703 = DIRECTION('',(-0.,1.));
#6704 = ( GEOMETRIC_REPRESENTATION_CONTEXT(2) 
PARAMETRIC_REPRESENTATION_CONTEXT() REPRESENTATION_CONTEXT('2D SPACE',''
  ) );
#6705 = ORIENTED_EDGE('',*,*,#2823,.F.);
#6706 = ORIENTED_EDGE('',*,*,#6637,.F.);
#6707 = ADVANCED_FACE('',(#6708),#3001,.F.);
#6708 = FACE_BOUND('',#6709,.F.);
#6709 = EDGE_LOOP('',(#6710,#6711,#6712,#6713));
#6710 = ORIENTED_EDGE('',*,*,#2988,.F.);
#6711 = ORIENTED_EDGE('',*,*,#6659,.F.);
#6712 = ORIENTED_EDGE('',*,*,#4959,.T.);
#6713 = ORIENTED_EDGE('',*,*,#6714,.T.);
#6714 = EDGE_CURVE('',#4936,#2960,#6715,.T.);
#6715 = SURFACE_CURVE('',#6716,(#6720,#6727),.PCURVE_S1.);
#6716 = LINE('',#6717,#6718);
#6717 = CARTESIAN_POINT('',(-7.79,33.925,82.337005338078));
#6718 = VECTOR('',#6719,1.);
#6719 = DIRECTION('',(0.,1.,0.));
#6720 = PCURVE('',#3001,#6721);
#6721 = DEFINITIONAL_REPRESENTATION('',(#6722),#6726);
#6722 = LINE('',#6723,#6724);
#6723 = CARTESIAN_POINT('',(1.21,0.));
#6724 = VECTOR('',#6725,1.);
#6725 = DIRECTION('',(0.,1.));
#6726 = ( GEOMETRIC_REPRESENTATION_CONTEXT(2) 
PARAMETRIC_REPRESENTATION_CONTEXT() REPRESENTATION_CONTEXT('2D SPACE',''
  ) );
#6727 = PCURVE('',#2976,#6728);
#6728 = DEFINITIONAL_REPRESENTATION('',(#6729),#6733);
#6729 = LINE('',#6730,#6731);
#6730 = CARTESIAN_POINT('',(-1.570796326795,0.));
#6731 = VECTOR('',#6732,1.);
#6732 = DIRECTION('',(-0.,1.));
#6733 = ( GEOMETRIC_REPRESENTATION_CONTEXT(2) 
PARAMETRIC_REPRESENTATION_CONTEXT() REPRESENTATION_CONTEXT('2D SPACE',''
  ) );
#6734 = ADVANCED_FACE('',(#6735),#2866,.F.);
#6735 = FACE_BOUND('',#6736,.T.);
#6736 = EDGE_LOOP('',(#6737,#6738,#6739,#6760));
#6737 = ORIENTED_EDGE('',*,*,#6685,.F.);
#6738 = ORIENTED_EDGE('',*,*,#4845,.F.);
#6739 = ORIENTED_EDGE('',*,*,#6740,.T.);
#6740 = EDGE_CURVE('',#4846,#2850,#6741,.T.);
#6741 = SURFACE_CURVE('',#6742,(#6746,#6753),.PCURVE_S1.);
#6742 = LINE('',#6743,#6744);
#6743 = CARTESIAN_POINT('',(-7.81,33.925,39.062994661922));
#6744 = VECTOR('',#6745,1.);
#6745 = DIRECTION('',(0.,1.,0.));
#6746 = PCURVE('',#2866,#6747);
#6747 = DEFINITIONAL_REPRESENTATION('',(#6748),#6752);
#6748 = LINE('',#6749,#6750);
#6749 = CARTESIAN_POINT('',(-1.570796326795,0.));
#6750 = VECTOR('',#6751,1.);
#6751 = DIRECTION('',(-0.,1.));
#6752 = ( GEOMETRIC_REPRESENTATION_CONTEXT(2) 
PARAMETRIC_REPRESENTATION_CONTEXT() REPRESENTATION_CONTEXT('2D SPACE',''
  ) );
#6753 = PCURVE('',#2893,#6754);
#6754 = DEFINITIONAL_REPRESENTATION('',(#6755),#6759);
#6755 = LINE('',#6756,#6757);
#6756 = CARTESIAN_POINT('',(1.19,0.));
#6757 = VECTOR('',#6758,1.);
#6758 = DIRECTION('',(0.,1.));
#6759 = ( GEOMETRIC_REPRESENTATION_CONTEXT(2) 
PARAMETRIC_REPRESENTATION_CONTEXT() REPRESENTATION_CONTEXT('2D SPACE',''
  ) );
#6760 = ORIENTED_EDGE('',*,*,#2849,.T.);
#6761 = ADVANCED_FACE('',(#6762),#2976,.F.);
#6762 = FACE_BOUND('',#6763,.T.);
#6763 = EDGE_LOOP('',(#6764,#6785,#6786,#6787));
#6764 = ORIENTED_EDGE('',*,*,#6765,.F.);
#6765 = EDGE_CURVE('',#4915,#2934,#6766,.T.);
#6766 = SURFACE_CURVE('',#6767,(#6771,#6778),.PCURVE_S1.);
#6767 = LINE('',#6768,#6769);
#6768 = CARTESIAN_POINT('',(-6.6,33.925,81.147005338078));
#6769 = VECTOR('',#6770,1.);
#6770 = DIRECTION('',(0.,1.,0.));
#6771 = PCURVE('',#2976,#6772);
#6772 = DEFINITIONAL_REPRESENTATION('',(#6773),#6777);
#6773 = LINE('',#6774,#6775);
#6774 = CARTESIAN_POINT('',(-0.,0.));
#6775 = VECTOR('',#6776,1.);
#6776 = DIRECTION('',(-0.,1.));
#6777 = ( GEOMETRIC_REPRESENTATION_CONTEXT(2) 
PARAMETRIC_REPRESENTATION_CONTEXT() REPRESENTATION_CONTEXT('2D SPACE',''
  ) );
#6778 = PCURVE('',#2948,#6779);
#6779 = DEFINITIONAL_REPRESENTATION('',(#6780),#6784);
#6780 = LINE('',#6781,#6782);
#6781 = CARTESIAN_POINT('',(42.084010676155,0.));
#6782 = VECTOR('',#6783,1.);
#6783 = DIRECTION('',(0.,-1.));
#6784 = ( GEOMETRIC_REPRESENTATION_CONTEXT(2) 
PARAMETRIC_REPRESENTATION_CONTEXT() REPRESENTATION_CONTEXT('2D SPACE',''
  ) );
#6785 = ORIENTED_EDGE('',*,*,#4935,.F.);
#6786 = ORIENTED_EDGE('',*,*,#6714,.T.);
#6787 = ORIENTED_EDGE('',*,*,#2959,.T.);
#6788 = ADVANCED_FACE('',(#6789),#2893,.T.);
#6789 = FACE_BOUND('',#6790,.T.);
#6790 = EDGE_LOOP('',(#6791,#6792,#6793,#6794));
#6791 = ORIENTED_EDGE('',*,*,#2878,.F.);
#6792 = ORIENTED_EDGE('',*,*,#6740,.F.);
#6793 = ORIENTED_EDGE('',*,*,#4869,.T.);
#6794 = ORIENTED_EDGE('',*,*,#6795,.T.);
#6795 = EDGE_CURVE('',#4870,#2879,#6796,.T.);
#6796 = SURFACE_CURVE('',#6797,(#6801,#6808),.PCURVE_S1.);
#6797 = LINE('',#6798,#6799);
#6798 = CARTESIAN_POINT('',(-7.79,33.925,39.062994661922));
#6799 = VECTOR('',#6800,1.);
#6800 = DIRECTION('',(0.,1.,0.));
#6801 = PCURVE('',#2893,#6802);
#6802 = DEFINITIONAL_REPRESENTATION('',(#6803),#6807);
#6803 = LINE('',#6804,#6805);
#6804 = CARTESIAN_POINT('',(1.21,0.));
#6805 = VECTOR('',#6806,1.);
#6806 = DIRECTION('',(0.,1.));
#6807 = ( GEOMETRIC_REPRESENTATION_CONTEXT(2) 
PARAMETRIC_REPRESENTATION_CONTEXT() REPRESENTATION_CONTEXT('2D SPACE',''
  ) );
#6808 = PCURVE('',#2921,#6809);
#6809 = DEFINITIONAL_REPRESENTATION('',(#6810),#6814);
#6810 = LINE('',#6811,#6812);
#6811 = CARTESIAN_POINT('',(1.570796326795,0.));
#6812 = VECTOR('',#6813,1.);
#6813 = DIRECTION('',(0.,1.));
#6814 = ( GEOMETRIC_REPRESENTATION_CONTEXT(2) 
PARAMETRIC_REPRESENTATION_CONTEXT() REPRESENTATION_CONTEXT('2D SPACE',''
  ) );
#6815 = ADVANCED_FACE('',(#6816),#2948,.F.);
#6816 = FACE_BOUND('',#6817,.F.);
#6817 = EDGE_LOOP('',(#6818,#6819,#6840,#6841));
#6818 = ORIENTED_EDGE('',*,*,#4914,.T.);
#6819 = ORIENTED_EDGE('',*,*,#6820,.T.);
#6820 = EDGE_CURVE('',#4891,#2905,#6821,.T.);
#6821 = SURFACE_CURVE('',#6822,(#6826,#6833),.PCURVE_S1.);
#6822 = LINE('',#6823,#6824);
#6823 = CARTESIAN_POINT('',(-6.6,33.925,40.252994661922));
#6824 = VECTOR('',#6825,1.);
#6825 = DIRECTION('',(0.,1.,0.));
#6826 = PCURVE('',#2948,#6827);
#6827 = DEFINITIONAL_REPRESENTATION('',(#6828),#6832);
#6828 = LINE('',#6829,#6830);
#6829 = CARTESIAN_POINT('',(1.19,0.));
#6830 = VECTOR('',#6831,1.);
#6831 = DIRECTION('',(0.,-1.));
#6832 = ( GEOMETRIC_REPRESENTATION_CONTEXT(2) 
PARAMETRIC_REPRESENTATION_CONTEXT() REPRESENTATION_CONTEXT('2D SPACE',''
  ) );
#6833 = PCURVE('',#2921,#6834);
#6834 = DEFINITIONAL_REPRESENTATION('',(#6835),#6839);
#6835 = LINE('',#6836,#6837);
#6836 = CARTESIAN_POINT('',(0.,0.));
#6837 = VECTOR('',#6838,1.);
#6838 = DIRECTION('',(0.,1.));
#6839 = ( GEOMETRIC_REPRESENTATION_CONTEXT(2) 
PARAMETRIC_REPRESENTATION_CONTEXT() REPRESENTATION_CONTEXT('2D SPACE',''
  ) );
#6840 = ORIENTED_EDGE('',*,*,#2933,.F.);
#6841 = ORIENTED_EDGE('',*,*,#6765,.F.);
#6842 = ADVANCED_FACE('',(#6843),#2921,.F.);
#6843 = FACE_BOUND('',#6844,.F.);
#6844 = EDGE_LOOP('',(#6845,#6846,#6847,#6848));
#6845 = ORIENTED_EDGE('',*,*,#6820,.F.);
#6846 = ORIENTED_EDGE('',*,*,#4890,.T.);
#6847 = ORIENTED_EDGE('',*,*,#6795,.T.);
#6848 = ORIENTED_EDGE('',*,*,#2904,.F.);
#6849 = ADVANCED_FACE('',(#6850),#3033,.F.);
#6850 = FACE_BOUND('',#6851,.F.);
#6851 = EDGE_LOOP('',(#6852,#6873,#6874,#6895));
#6852 = ORIENTED_EDGE('',*,*,#6853,.F.);
#6853 = EDGE_CURVE('',#4981,#3015,#6854,.T.);
#6854 = SURFACE_CURVE('',#6855,(#6859,#6866),.PCURVE_S1.);
#6855 = LINE('',#6856,#6857);
#6856 = CARTESIAN_POINT('',(-3.8,33.925,82.362570971337));
#6857 = VECTOR('',#6858,1.);
#6858 = DIRECTION('',(0.,1.,0.));
#6859 = PCURVE('',#3033,#6860);
#6860 = DEFINITIONAL_REPRESENTATION('',(#6861),#6865);
#6861 = LINE('',#6862,#6863);
#6862 = CARTESIAN_POINT('',(0.,0.));
#6863 = VECTOR('',#6864,1.);
#6864 = DIRECTION('',(0.,1.));
#6865 = ( GEOMETRIC_REPRESENTATION_CONTEXT(2) 
PARAMETRIC_REPRESENTATION_CONTEXT() REPRESENTATION_CONTEXT('2D SPACE',''
  ) );
#6866 = PCURVE('',#3060,#6867);
#6867 = DEFINITIONAL_REPRESENTATION('',(#6868),#6872);
#6868 = LINE('',#6869,#6870);
#6869 = CARTESIAN_POINT('',(44.515141942674,0.));
#6870 = VECTOR('',#6871,1.);
#6871 = DIRECTION('',(0.,-1.));
#6872 = ( GEOMETRIC_REPRESENTATION_CONTEXT(2) 
PARAMETRIC_REPRESENTATION_CONTEXT() REPRESENTATION_CONTEXT('2D SPACE',''
  ) );
#6873 = ORIENTED_EDGE('',*,*,#4980,.T.);
#6874 = ORIENTED_EDGE('',*,*,#6875,.T.);
#6875 = EDGE_CURVE('',#4983,#3017,#6876,.T.);
#6876 = SURFACE_CURVE('',#6877,(#6881,#6888),.PCURVE_S1.);
#6877 = LINE('',#6878,#6879);
#6878 = CARTESIAN_POINT('',(-2.61,33.925,83.552570971337));
#6879 = VECTOR('',#6880,1.);
#6880 = DIRECTION('',(0.,1.,0.));
#6881 = PCURVE('',#3033,#6882);
#6882 = DEFINITIONAL_REPRESENTATION('',(#6883),#6887);
#6883 = LINE('',#6884,#6885);
#6884 = CARTESIAN_POINT('',(1.570796326795,0.));
#6885 = VECTOR('',#6886,1.);
#6886 = DIRECTION('',(0.,1.));
#6887 = ( GEOMETRIC_REPRESENTATION_CONTEXT(2) 
PARAMETRIC_REPRESENTATION_CONTEXT() REPRESENTATION_CONTEXT('2D SPACE',''
  ) );
#6888 = PCURVE('',#3223,#6889);
#6889 = DEFINITIONAL_REPRESENTATION('',(#6890),#6894);
#6890 = LINE('',#6891,#6892);
#6891 = CARTESIAN_POINT('',(1.19,0.));
#6892 = VECTOR('',#6893,1.);
#6893 = DIRECTION('',(0.,1.));
#6894 = ( GEOMETRIC_REPRESENTATION_CONTEXT(2) 
PARAMETRIC_REPRESENTATION_CONTEXT() REPRESENTATION_CONTEXT('2D SPACE',''
  ) );
#6895 = ORIENTED_EDGE('',*,*,#3014,.F.);
#6896 = ADVANCED_FACE('',(#6897),#3060,.T.);
#6897 = FACE_BOUND('',#6898,.T.);
#6898 = EDGE_LOOP('',(#6899,#6900,#6921,#6922));
#6899 = ORIENTED_EDGE('',*,*,#5006,.T.);
#6900 = ORIENTED_EDGE('',*,*,#6901,.T.);
#6901 = EDGE_CURVE('',#5007,#3046,#6902,.T.);
#6902 = SURFACE_CURVE('',#6903,(#6907,#6914),.PCURVE_S1.);
#6903 = LINE('',#6904,#6905);
#6904 = CARTESIAN_POINT('',(-3.8,33.925,39.037429028663));
#6905 = VECTOR('',#6906,1.);
#6906 = DIRECTION('',(0.,1.,0.));
#6907 = PCURVE('',#3060,#6908);
#6908 = DEFINITIONAL_REPRESENTATION('',(#6909),#6913);
#6909 = LINE('',#6910,#6911);
#6910 = CARTESIAN_POINT('',(1.19,0.));
#6911 = VECTOR('',#6912,1.);
#6912 = DIRECTION('',(0.,-1.));
#6913 = ( GEOMETRIC_REPRESENTATION_CONTEXT(2) 
PARAMETRIC_REPRESENTATION_CONTEXT() REPRESENTATION_CONTEXT('2D SPACE',''
  ) );
#6914 = PCURVE('',#3088,#6915);
#6915 = DEFINITIONAL_REPRESENTATION('',(#6916),#6920);
#6916 = LINE('',#6917,#6918);
#6917 = CARTESIAN_POINT('',(-0.,0.));
#6918 = VECTOR('',#6919,1.);
#6919 = DIRECTION('',(-0.,1.));
#6920 = ( GEOMETRIC_REPRESENTATION_CONTEXT(2) 
PARAMETRIC_REPRESENTATION_CONTEXT() REPRESENTATION_CONTEXT('2D SPACE',''
  ) );
#6921 = ORIENTED_EDGE('',*,*,#3045,.F.);
#6922 = ORIENTED_EDGE('',*,*,#6853,.F.);
#6923 = ADVANCED_FACE('',(#6924),#3223,.F.);
#6924 = FACE_BOUND('',#6925,.F.);
#6925 = EDGE_LOOP('',(#6926,#6927,#6928,#6929));
#6926 = ORIENTED_EDGE('',*,*,#3210,.F.);
#6927 = ORIENTED_EDGE('',*,*,#6875,.F.);
#6928 = ORIENTED_EDGE('',*,*,#5141,.T.);
#6929 = ORIENTED_EDGE('',*,*,#6930,.T.);
#6930 = EDGE_CURVE('',#5118,#3182,#6931,.T.);
#6931 = SURFACE_CURVE('',#6932,(#6936,#6943),.PCURVE_S1.);
#6932 = LINE('',#6933,#6934);
#6933 = CARTESIAN_POINT('',(-2.59,33.925,83.552570971337));
#6934 = VECTOR('',#6935,1.);
#6935 = DIRECTION('',(0.,1.,0.));
#6936 = PCURVE('',#3223,#6937);
#6937 = DEFINITIONAL_REPRESENTATION('',(#6938),#6942);
#6938 = LINE('',#6939,#6940);
#6939 = CARTESIAN_POINT('',(1.21,0.));
#6940 = VECTOR('',#6941,1.);
#6941 = DIRECTION('',(0.,1.));
#6942 = ( GEOMETRIC_REPRESENTATION_CONTEXT(2) 
PARAMETRIC_REPRESENTATION_CONTEXT() REPRESENTATION_CONTEXT('2D SPACE',''
  ) );
#6943 = PCURVE('',#3198,#6944);
#6944 = DEFINITIONAL_REPRESENTATION('',(#6945),#6949);
#6945 = LINE('',#6946,#6947);
#6946 = CARTESIAN_POINT('',(-1.570796326795,0.));
#6947 = VECTOR('',#6948,1.);
#6948 = DIRECTION('',(-0.,1.));
#6949 = ( GEOMETRIC_REPRESENTATION_CONTEXT(2) 
PARAMETRIC_REPRESENTATION_CONTEXT() REPRESENTATION_CONTEXT('2D SPACE',''
  ) );
#6950 = ADVANCED_FACE('',(#6951),#3088,.F.);
#6951 = FACE_BOUND('',#6952,.T.);
#6952 = EDGE_LOOP('',(#6953,#6954,#6955,#6976));
#6953 = ORIENTED_EDGE('',*,*,#6901,.F.);
#6954 = ORIENTED_EDGE('',*,*,#5027,.F.);
#6955 = ORIENTED_EDGE('',*,*,#6956,.T.);
#6956 = EDGE_CURVE('',#5028,#3072,#6957,.T.);
#6957 = SURFACE_CURVE('',#6958,(#6962,#6969),.PCURVE_S1.);
#6958 = LINE('',#6959,#6960);
#6959 = CARTESIAN_POINT('',(-2.61,33.925,37.847429028663));
#6960 = VECTOR('',#6961,1.);
#6961 = DIRECTION('',(0.,1.,0.));
#6962 = PCURVE('',#3088,#6963);
#6963 = DEFINITIONAL_REPRESENTATION('',(#6964),#6968);
#6964 = LINE('',#6965,#6966);
#6965 = CARTESIAN_POINT('',(-1.570796326795,0.));
#6966 = VECTOR('',#6967,1.);
#6967 = DIRECTION('',(-0.,1.));
#6968 = ( GEOMETRIC_REPRESENTATION_CONTEXT(2) 
PARAMETRIC_REPRESENTATION_CONTEXT() REPRESENTATION_CONTEXT('2D SPACE',''
  ) );
#6969 = PCURVE('',#3115,#6970);
#6970 = DEFINITIONAL_REPRESENTATION('',(#6971),#6975);
#6971 = LINE('',#6972,#6973);
#6972 = CARTESIAN_POINT('',(1.19,0.));
#6973 = VECTOR('',#6974,1.);
#6974 = DIRECTION('',(0.,1.));
#6975 = ( GEOMETRIC_REPRESENTATION_CONTEXT(2) 
PARAMETRIC_REPRESENTATION_CONTEXT() REPRESENTATION_CONTEXT('2D SPACE',''
  ) );
#6976 = ORIENTED_EDGE('',*,*,#3071,.T.);
#6977 = ADVANCED_FACE('',(#6978),#3198,.F.);
#6978 = FACE_BOUND('',#6979,.T.);
#6979 = EDGE_LOOP('',(#6980,#7001,#7002,#7003));
#6980 = ORIENTED_EDGE('',*,*,#6981,.F.);
#6981 = EDGE_CURVE('',#5097,#3156,#6982,.T.);
#6982 = SURFACE_CURVE('',#6983,(#6987,#6994),.PCURVE_S1.);
#6983 = LINE('',#6984,#6985);
#6984 = CARTESIAN_POINT('',(-1.4,33.925,82.362570971337));
#6985 = VECTOR('',#6986,1.);
#6986 = DIRECTION('',(0.,1.,0.));
#6987 = PCURVE('',#3198,#6988);
#6988 = DEFINITIONAL_REPRESENTATION('',(#6989),#6993);
#6989 = LINE('',#6990,#6991);
#6990 = CARTESIAN_POINT('',(-0.,0.));
#6991 = VECTOR('',#6992,1.);
#6992 = DIRECTION('',(-0.,1.));
#6993 = ( GEOMETRIC_REPRESENTATION_CONTEXT(2) 
PARAMETRIC_REPRESENTATION_CONTEXT() REPRESENTATION_CONTEXT('2D SPACE',''
  ) );
#6994 = PCURVE('',#3170,#6995);
#6995 = DEFINITIONAL_REPRESENTATION('',(#6996),#7000);
#6996 = LINE('',#6997,#6998);
#6997 = CARTESIAN_POINT('',(44.515141942674,0.));
#6998 = VECTOR('',#6999,1.);
#6999 = DIRECTION('',(0.,-1.));
#7000 = ( GEOMETRIC_REPRESENTATION_CONTEXT(2) 
PARAMETRIC_REPRESENTATION_CONTEXT() REPRESENTATION_CONTEXT('2D SPACE',''
  ) );
#7001 = ORIENTED_EDGE('',*,*,#5117,.F.);
#7002 = ORIENTED_EDGE('',*,*,#6930,.T.);
#7003 = ORIENTED_EDGE('',*,*,#3181,.T.);
#7004 = ADVANCED_FACE('',(#7005),#3115,.T.);
#7005 = FACE_BOUND('',#7006,.T.);
#7006 = EDGE_LOOP('',(#7007,#7008,#7009,#7010));
#7007 = ORIENTED_EDGE('',*,*,#3100,.F.);
#7008 = ORIENTED_EDGE('',*,*,#6956,.F.);
#7009 = ORIENTED_EDGE('',*,*,#5051,.T.);
#7010 = ORIENTED_EDGE('',*,*,#7011,.T.);
#7011 = EDGE_CURVE('',#5052,#3101,#7012,.T.);
#7012 = SURFACE_CURVE('',#7013,(#7017,#7024),.PCURVE_S1.);
#7013 = LINE('',#7014,#7015);
#7014 = CARTESIAN_POINT('',(-2.59,33.925,37.847429028663));
#7015 = VECTOR('',#7016,1.);
#7016 = DIRECTION('',(0.,1.,0.));
#7017 = PCURVE('',#3115,#7018);
#7018 = DEFINITIONAL_REPRESENTATION('',(#7019),#7023);
#7019 = LINE('',#7020,#7021);
#7020 = CARTESIAN_POINT('',(1.21,0.));
#7021 = VECTOR('',#7022,1.);
#7022 = DIRECTION('',(0.,1.));
#7023 = ( GEOMETRIC_REPRESENTATION_CONTEXT(2) 
PARAMETRIC_REPRESENTATION_CONTEXT() REPRESENTATION_CONTEXT('2D SPACE',''
  ) );
#7024 = PCURVE('',#3143,#7025);
#7025 = DEFINITIONAL_REPRESENTATION('',(#7026),#7030);
#7026 = LINE('',#7027,#7028);
#7027 = CARTESIAN_POINT('',(1.570796326795,0.));
#7028 = VECTOR('',#7029,1.);
#7029 = DIRECTION('',(0.,1.));
#7030 = ( GEOMETRIC_REPRESENTATION_CONTEXT(2) 
PARAMETRIC_REPRESENTATION_CONTEXT() REPRESENTATION_CONTEXT('2D SPACE',''
  ) );
#7031 = ADVANCED_FACE('',(#7032),#3170,.F.);
#7032 = FACE_BOUND('',#7033,.F.);
#7033 = EDGE_LOOP('',(#7034,#7035,#7056,#7057));
#7034 = ORIENTED_EDGE('',*,*,#5096,.T.);
#7035 = ORIENTED_EDGE('',*,*,#7036,.T.);
#7036 = EDGE_CURVE('',#5073,#3127,#7037,.T.);
#7037 = SURFACE_CURVE('',#7038,(#7042,#7049),.PCURVE_S1.);
#7038 = LINE('',#7039,#7040);
#7039 = CARTESIAN_POINT('',(-1.4,33.925,39.037429028663));
#7040 = VECTOR('',#7041,1.);
#7041 = DIRECTION('',(0.,1.,0.));
#7042 = PCURVE('',#3170,#7043);
#7043 = DEFINITIONAL_REPRESENTATION('',(#7044),#7048);
#7044 = LINE('',#7045,#7046);
#7045 = CARTESIAN_POINT('',(1.19,0.));
#7046 = VECTOR('',#7047,1.);
#7047 = DIRECTION('',(0.,-1.));
#7048 = ( GEOMETRIC_REPRESENTATION_CONTEXT(2) 
PARAMETRIC_REPRESENTATION_CONTEXT() REPRESENTATION_CONTEXT('2D SPACE',''
  ) );
#7049 = PCURVE('',#3143,#7050);
#7050 = DEFINITIONAL_REPRESENTATION('',(#7051),#7055);
#7051 = LINE('',#7052,#7053);
#7052 = CARTESIAN_POINT('',(0.,0.));
#7053 = VECTOR('',#7054,1.);
#7054 = DIRECTION('',(0.,1.));
#7055 = ( GEOMETRIC_REPRESENTATION_CONTEXT(2) 
PARAMETRIC_REPRESENTATION_CONTEXT() REPRESENTATION_CONTEXT('2D SPACE',''
  ) );
#7056 = ORIENTED_EDGE('',*,*,#3155,.F.);
#7057 = ORIENTED_EDGE('',*,*,#6981,.F.);
#7058 = ADVANCED_FACE('',(#7059),#3143,.F.);
#7059 = FACE_BOUND('',#7060,.F.);
#7060 = EDGE_LOOP('',(#7061,#7062,#7063,#7064));
#7061 = ORIENTED_EDGE('',*,*,#7036,.F.);
#7062 = ORIENTED_EDGE('',*,*,#5072,.T.);
#7063 = ORIENTED_EDGE('',*,*,#7011,.T.);
#7064 = ORIENTED_EDGE('',*,*,#3126,.F.);
#7065 = ADVANCED_FACE('',(#7066),#3255,.F.);
#7066 = FACE_BOUND('',#7067,.F.);
#7067 = EDGE_LOOP('',(#7068,#7089,#7090,#7111));
#7068 = ORIENTED_EDGE('',*,*,#7069,.F.);
#7069 = EDGE_CURVE('',#5163,#3237,#7070,.T.);
#7070 = SURFACE_CURVE('',#7071,(#7075,#7082),.PCURVE_S1.);
#7071 = LINE('',#7072,#7073);
#7072 = CARTESIAN_POINT('',(1.4,33.925,82.362570971337));
#7073 = VECTOR('',#7074,1.);
#7074 = DIRECTION('',(0.,1.,0.));
#7075 = PCURVE('',#3255,#7076);
#7076 = DEFINITIONAL_REPRESENTATION('',(#7077),#7081);
#7077 = LINE('',#7078,#7079);
#7078 = CARTESIAN_POINT('',(0.,0.));
#7079 = VECTOR('',#7080,1.);
#7080 = DIRECTION('',(0.,1.));
#7081 = ( GEOMETRIC_REPRESENTATION_CONTEXT(2) 
PARAMETRIC_REPRESENTATION_CONTEXT() REPRESENTATION_CONTEXT('2D SPACE',''
  ) );
#7082 = PCURVE('',#3282,#7083);
#7083 = DEFINITIONAL_REPRESENTATION('',(#7084),#7088);
#7084 = LINE('',#7085,#7086);
#7085 = CARTESIAN_POINT('',(44.515141942674,0.));
#7086 = VECTOR('',#7087,1.);
#7087 = DIRECTION('',(0.,-1.));
#7088 = ( GEOMETRIC_REPRESENTATION_CONTEXT(2) 
PARAMETRIC_REPRESENTATION_CONTEXT() REPRESENTATION_CONTEXT('2D SPACE',''
  ) );
#7089 = ORIENTED_EDGE('',*,*,#5162,.T.);
#7090 = ORIENTED_EDGE('',*,*,#7091,.T.);
#7091 = EDGE_CURVE('',#5165,#3239,#7092,.T.);
#7092 = SURFACE_CURVE('',#7093,(#7097,#7104),.PCURVE_S1.);
#7093 = LINE('',#7094,#7095);
#7094 = CARTESIAN_POINT('',(2.59,33.925,83.552570971337));
#7095 = VECTOR('',#7096,1.);
#7096 = DIRECTION('',(0.,1.,0.));
#7097 = PCURVE('',#3255,#7098);
#7098 = DEFINITIONAL_REPRESENTATION('',(#7099),#7103);
#7099 = LINE('',#7100,#7101);
#7100 = CARTESIAN_POINT('',(1.570796326795,0.));
#7101 = VECTOR('',#7102,1.);
#7102 = DIRECTION('',(0.,1.));
#7103 = ( GEOMETRIC_REPRESENTATION_CONTEXT(2) 
PARAMETRIC_REPRESENTATION_CONTEXT() REPRESENTATION_CONTEXT('2D SPACE',''
  ) );
#7104 = PCURVE('',#3445,#7105);
#7105 = DEFINITIONAL_REPRESENTATION('',(#7106),#7110);
#7106 = LINE('',#7107,#7108);
#7107 = CARTESIAN_POINT('',(1.19,0.));
#7108 = VECTOR('',#7109,1.);
#7109 = DIRECTION('',(0.,1.));
#7110 = ( GEOMETRIC_REPRESENTATION_CONTEXT(2) 
PARAMETRIC_REPRESENTATION_CONTEXT() REPRESENTATION_CONTEXT('2D SPACE',''
  ) );
#7111 = ORIENTED_EDGE('',*,*,#3236,.F.);
#7112 = ADVANCED_FACE('',(#7113),#3282,.T.);
#7113 = FACE_BOUND('',#7114,.T.);
#7114 = EDGE_LOOP('',(#7115,#7116,#7137,#7138));
#7115 = ORIENTED_EDGE('',*,*,#5188,.T.);
#7116 = ORIENTED_EDGE('',*,*,#7117,.T.);
#7117 = EDGE_CURVE('',#5189,#3268,#7118,.T.);
#7118 = SURFACE_CURVE('',#7119,(#7123,#7130),.PCURVE_S1.);
#7119 = LINE('',#7120,#7121);
#7120 = CARTESIAN_POINT('',(1.4,33.925,39.037429028663));
#7121 = VECTOR('',#7122,1.);
#7122 = DIRECTION('',(0.,1.,0.));
#7123 = PCURVE('',#3282,#7124);
#7124 = DEFINITIONAL_REPRESENTATION('',(#7125),#7129);
#7125 = LINE('',#7126,#7127);
#7126 = CARTESIAN_POINT('',(1.19,0.));
#7127 = VECTOR('',#7128,1.);
#7128 = DIRECTION('',(0.,-1.));
#7129 = ( GEOMETRIC_REPRESENTATION_CONTEXT(2) 
PARAMETRIC_REPRESENTATION_CONTEXT() REPRESENTATION_CONTEXT('2D SPACE',''
  ) );
#7130 = PCURVE('',#3310,#7131);
#7131 = DEFINITIONAL_REPRESENTATION('',(#7132),#7136);
#7132 = LINE('',#7133,#7134);
#7133 = CARTESIAN_POINT('',(-0.,0.));
#7134 = VECTOR('',#7135,1.);
#7135 = DIRECTION('',(-0.,1.));
#7136 = ( GEOMETRIC_REPRESENTATION_CONTEXT(2) 
PARAMETRIC_REPRESENTATION_CONTEXT() REPRESENTATION_CONTEXT('2D SPACE',''
  ) );
#7137 = ORIENTED_EDGE('',*,*,#3267,.F.);
#7138 = ORIENTED_EDGE('',*,*,#7069,.F.);
#7139 = ADVANCED_FACE('',(#7140),#3445,.F.);
#7140 = FACE_BOUND('',#7141,.F.);
#7141 = EDGE_LOOP('',(#7142,#7143,#7144,#7145));
#7142 = ORIENTED_EDGE('',*,*,#3432,.F.);
#7143 = ORIENTED_EDGE('',*,*,#7091,.F.);
#7144 = ORIENTED_EDGE('',*,*,#5323,.T.);
#7145 = ORIENTED_EDGE('',*,*,#7146,.T.);
#7146 = EDGE_CURVE('',#5300,#3404,#7147,.T.);
#7147 = SURFACE_CURVE('',#7148,(#7152,#7159),.PCURVE_S1.);
#7148 = LINE('',#7149,#7150);
#7149 = CARTESIAN_POINT('',(2.61,33.925,83.552570971337));
#7150 = VECTOR('',#7151,1.);
#7151 = DIRECTION('',(0.,1.,0.));
#7152 = PCURVE('',#3445,#7153);
#7153 = DEFINITIONAL_REPRESENTATION('',(#7154),#7158);
#7154 = LINE('',#7155,#7156);
#7155 = CARTESIAN_POINT('',(1.21,0.));
#7156 = VECTOR('',#7157,1.);
#7157 = DIRECTION('',(0.,1.));
#7158 = ( GEOMETRIC_REPRESENTATION_CONTEXT(2) 
PARAMETRIC_REPRESENTATION_CONTEXT() REPRESENTATION_CONTEXT('2D SPACE',''
  ) );
#7159 = PCURVE('',#3420,#7160);
#7160 = DEFINITIONAL_REPRESENTATION('',(#7161),#7165);
#7161 = LINE('',#7162,#7163);
#7162 = CARTESIAN_POINT('',(-1.570796326795,0.));
#7163 = VECTOR('',#7164,1.);
#7164 = DIRECTION('',(-0.,1.));
#7165 = ( GEOMETRIC_REPRESENTATION_CONTEXT(2) 
PARAMETRIC_REPRESENTATION_CONTEXT() REPRESENTATION_CONTEXT('2D SPACE',''
  ) );
#7166 = ADVANCED_FACE('',(#7167),#3310,.F.);
#7167 = FACE_BOUND('',#7168,.T.);
#7168 = EDGE_LOOP('',(#7169,#7170,#7171,#7192));
#7169 = ORIENTED_EDGE('',*,*,#7117,.F.);
#7170 = ORIENTED_EDGE('',*,*,#5209,.F.);
#7171 = ORIENTED_EDGE('',*,*,#7172,.T.);
#7172 = EDGE_CURVE('',#5210,#3294,#7173,.T.);
#7173 = SURFACE_CURVE('',#7174,(#7178,#7185),.PCURVE_S1.);
#7174 = LINE('',#7175,#7176);
#7175 = CARTESIAN_POINT('',(2.59,33.925,37.847429028663));
#7176 = VECTOR('',#7177,1.);
#7177 = DIRECTION('',(0.,1.,0.));
#7178 = PCURVE('',#3310,#7179);
#7179 = DEFINITIONAL_REPRESENTATION('',(#7180),#7184);
#7180 = LINE('',#7181,#7182);
#7181 = CARTESIAN_POINT('',(-1.570796326795,0.));
#7182 = VECTOR('',#7183,1.);
#7183 = DIRECTION('',(-0.,1.));
#7184 = ( GEOMETRIC_REPRESENTATION_CONTEXT(2) 
PARAMETRIC_REPRESENTATION_CONTEXT() REPRESENTATION_CONTEXT('2D SPACE',''
  ) );
#7185 = PCURVE('',#3337,#7186);
#7186 = DEFINITIONAL_REPRESENTATION('',(#7187),#7191);
#7187 = LINE('',#7188,#7189);
#7188 = CARTESIAN_POINT('',(1.19,0.));
#7189 = VECTOR('',#7190,1.);
#7190 = DIRECTION('',(0.,1.));
#7191 = ( GEOMETRIC_REPRESENTATION_CONTEXT(2) 
PARAMETRIC_REPRESENTATION_CONTEXT() REPRESENTATION_CONTEXT('2D SPACE',''
  ) );
#7192 = ORIENTED_EDGE('',*,*,#3293,.T.);
#7193 = ADVANCED_FACE('',(#7194),#3420,.F.);
#7194 = FACE_BOUND('',#7195,.T.);
#7195 = EDGE_LOOP('',(#7196,#7217,#7218,#7219));
#7196 = ORIENTED_EDGE('',*,*,#7197,.F.);
#7197 = EDGE_CURVE('',#5279,#3378,#7198,.T.);
#7198 = SURFACE_CURVE('',#7199,(#7203,#7210),.PCURVE_S1.);
#7199 = LINE('',#7200,#7201);
#7200 = CARTESIAN_POINT('',(3.8,33.925,82.362570971337));
#7201 = VECTOR('',#7202,1.);
#7202 = DIRECTION('',(0.,1.,0.));
#7203 = PCURVE('',#3420,#7204);
#7204 = DEFINITIONAL_REPRESENTATION('',(#7205),#7209);
#7205 = LINE('',#7206,#7207);
#7206 = CARTESIAN_POINT('',(-0.,0.));
#7207 = VECTOR('',#7208,1.);
#7208 = DIRECTION('',(-0.,1.));
#7209 = ( GEOMETRIC_REPRESENTATION_CONTEXT(2) 
PARAMETRIC_REPRESENTATION_CONTEXT() REPRESENTATION_CONTEXT('2D SPACE',''
  ) );
#7210 = PCURVE('',#3392,#7211);
#7211 = DEFINITIONAL_REPRESENTATION('',(#7212),#7216);
#7212 = LINE('',#7213,#7214);
#7213 = CARTESIAN_POINT('',(44.515141942674,0.));
#7214 = VECTOR('',#7215,1.);
#7215 = DIRECTION('',(0.,-1.));
#7216 = ( GEOMETRIC_REPRESENTATION_CONTEXT(2) 
PARAMETRIC_REPRESENTATION_CONTEXT() REPRESENTATION_CONTEXT('2D SPACE',''
  ) );
#7217 = ORIENTED_EDGE('',*,*,#5299,.F.);
#7218 = ORIENTED_EDGE('',*,*,#7146,.T.);
#7219 = ORIENTED_EDGE('',*,*,#3403,.T.);
#7220 = ADVANCED_FACE('',(#7221),#3337,.T.);
#7221 = FACE_BOUND('',#7222,.T.);
#7222 = EDGE_LOOP('',(#7223,#7224,#7225,#7226));
#7223 = ORIENTED_EDGE('',*,*,#3322,.F.);
#7224 = ORIENTED_EDGE('',*,*,#7172,.F.);
#7225 = ORIENTED_EDGE('',*,*,#5233,.T.);
#7226 = ORIENTED_EDGE('',*,*,#7227,.T.);
#7227 = EDGE_CURVE('',#5234,#3323,#7228,.T.);
#7228 = SURFACE_CURVE('',#7229,(#7233,#7240),.PCURVE_S1.);
#7229 = LINE('',#7230,#7231);
#7230 = CARTESIAN_POINT('',(2.61,33.925,37.847429028663));
#7231 = VECTOR('',#7232,1.);
#7232 = DIRECTION('',(0.,1.,0.));
#7233 = PCURVE('',#3337,#7234);
#7234 = DEFINITIONAL_REPRESENTATION('',(#7235),#7239);
#7235 = LINE('',#7236,#7237);
#7236 = CARTESIAN_POINT('',(1.21,0.));
#7237 = VECTOR('',#7238,1.);
#7238 = DIRECTION('',(0.,1.));
#7239 = ( GEOMETRIC_REPRESENTATION_CONTEXT(2) 
PARAMETRIC_REPRESENTATION_CONTEXT() REPRESENTATION_CONTEXT('2D SPACE',''
  ) );
#7240 = PCURVE('',#3365,#7241);
#7241 = DEFINITIONAL_REPRESENTATION('',(#7242),#7246);
#7242 = LINE('',#7243,#7244);
#7243 = CARTESIAN_POINT('',(1.570796326795,0.));
#7244 = VECTOR('',#7245,1.);
#7245 = DIRECTION('',(0.,1.));
#7246 = ( GEOMETRIC_REPRESENTATION_CONTEXT(2) 
PARAMETRIC_REPRESENTATION_CONTEXT() REPRESENTATION_CONTEXT('2D SPACE',''
  ) );
#7247 = ADVANCED_FACE('',(#7248),#3392,.F.);
#7248 = FACE_BOUND('',#7249,.F.);
#7249 = EDGE_LOOP('',(#7250,#7251,#7272,#7273));
#7250 = ORIENTED_EDGE('',*,*,#5278,.T.);
#7251 = ORIENTED_EDGE('',*,*,#7252,.T.);
#7252 = EDGE_CURVE('',#5255,#3349,#7253,.T.);
#7253 = SURFACE_CURVE('',#7254,(#7258,#7265),.PCURVE_S1.);
#7254 = LINE('',#7255,#7256);
#7255 = CARTESIAN_POINT('',(3.8,33.925,39.037429028663));
#7256 = VECTOR('',#7257,1.);
#7257 = DIRECTION('',(0.,1.,0.));
#7258 = PCURVE('',#3392,#7259);
#7259 = DEFINITIONAL_REPRESENTATION('',(#7260),#7264);
#7260 = LINE('',#7261,#7262);
#7261 = CARTESIAN_POINT('',(1.19,0.));
#7262 = VECTOR('',#7263,1.);
#7263 = DIRECTION('',(0.,-1.));
#7264 = ( GEOMETRIC_REPRESENTATION_CONTEXT(2) 
PARAMETRIC_REPRESENTATION_CONTEXT() REPRESENTATION_CONTEXT('2D SPACE',''
  ) );
#7265 = PCURVE('',#3365,#7266);
#7266 = DEFINITIONAL_REPRESENTATION('',(#7267),#7271);
#7267 = LINE('',#7268,#7269);
#7268 = CARTESIAN_POINT('',(0.,0.));
#7269 = VECTOR('',#7270,1.);
#7270 = DIRECTION('',(0.,1.));
#7271 = ( GEOMETRIC_REPRESENTATION_CONTEXT(2) 
PARAMETRIC_REPRESENTATION_CONTEXT() REPRESENTATION_CONTEXT('2D SPACE',''
  ) );
#7272 = ORIENTED_EDGE('',*,*,#3377,.F.);
#7273 = ORIENTED_EDGE('',*,*,#7197,.F.);
#7274 = ADVANCED_FACE('',(#7275),#3365,.F.);
#7275 = FACE_BOUND('',#7276,.F.);
#7276 = EDGE_LOOP('',(#7277,#7278,#7279,#7280));
#7277 = ORIENTED_EDGE('',*,*,#7252,.F.);
#7278 = ORIENTED_EDGE('',*,*,#5254,.T.);
#7279 = ORIENTED_EDGE('',*,*,#7227,.T.);
#7280 = ORIENTED_EDGE('',*,*,#3348,.F.);
#7281 = ADVANCED_FACE('',(#7282),#3477,.F.);
#7282 = FACE_BOUND('',#7283,.F.);
#7283 = EDGE_LOOP('',(#7284,#7305,#7306,#7327));
#7284 = ORIENTED_EDGE('',*,*,#7285,.F.);
#7285 = EDGE_CURVE('',#5345,#3459,#7286,.T.);
#7286 = SURFACE_CURVE('',#7287,(#7291,#7298),.PCURVE_S1.);
#7287 = LINE('',#7288,#7289);
#7288 = CARTESIAN_POINT('',(6.6,33.925,81.147005338078));
#7289 = VECTOR('',#7290,1.);
#7290 = DIRECTION('',(0.,1.,0.));
#7291 = PCURVE('',#3477,#7292);
#7292 = DEFINITIONAL_REPRESENTATION('',(#7293),#7297);
#7293 = LINE('',#7294,#7295);
#7294 = CARTESIAN_POINT('',(0.,0.));
#7295 = VECTOR('',#7296,1.);
#7296 = DIRECTION('',(0.,1.));
#7297 = ( GEOMETRIC_REPRESENTATION_CONTEXT(2) 
PARAMETRIC_REPRESENTATION_CONTEXT() REPRESENTATION_CONTEXT('2D SPACE',''
  ) );
#7298 = PCURVE('',#3504,#7299);
#7299 = DEFINITIONAL_REPRESENTATION('',(#7300),#7304);
#7300 = LINE('',#7301,#7302);
#7301 = CARTESIAN_POINT('',(42.084010676155,0.));
#7302 = VECTOR('',#7303,1.);
#7303 = DIRECTION('',(0.,-1.));
#7304 = ( GEOMETRIC_REPRESENTATION_CONTEXT(2) 
PARAMETRIC_REPRESENTATION_CONTEXT() REPRESENTATION_CONTEXT('2D SPACE',''
  ) );
#7305 = ORIENTED_EDGE('',*,*,#5344,.T.);
#7306 = ORIENTED_EDGE('',*,*,#7307,.T.);
#7307 = EDGE_CURVE('',#5347,#3461,#7308,.T.);
#7308 = SURFACE_CURVE('',#7309,(#7313,#7320),.PCURVE_S1.);
#7309 = LINE('',#7310,#7311);
#7310 = CARTESIAN_POINT('',(7.79,33.925,82.337005338078));
#7311 = VECTOR('',#7312,1.);
#7312 = DIRECTION('',(0.,1.,0.));
#7313 = PCURVE('',#3477,#7314);
#7314 = DEFINITIONAL_REPRESENTATION('',(#7315),#7319);
#7315 = LINE('',#7316,#7317);
#7316 = CARTESIAN_POINT('',(1.570796326795,0.));
#7317 = VECTOR('',#7318,1.);
#7318 = DIRECTION('',(0.,1.));
#7319 = ( GEOMETRIC_REPRESENTATION_CONTEXT(2) 
PARAMETRIC_REPRESENTATION_CONTEXT() REPRESENTATION_CONTEXT('2D SPACE',''
  ) );
#7320 = PCURVE('',#3667,#7321);
#7321 = DEFINITIONAL_REPRESENTATION('',(#7322),#7326);
#7322 = LINE('',#7323,#7324);
#7323 = CARTESIAN_POINT('',(1.19,0.));
#7324 = VECTOR('',#7325,1.);
#7325 = DIRECTION('',(0.,1.));
#7326 = ( GEOMETRIC_REPRESENTATION_CONTEXT(2) 
PARAMETRIC_REPRESENTATION_CONTEXT() REPRESENTATION_CONTEXT('2D SPACE',''
  ) );
#7327 = ORIENTED_EDGE('',*,*,#3458,.F.);
#7328 = ADVANCED_FACE('',(#7329),#3504,.T.);
#7329 = FACE_BOUND('',#7330,.T.);
#7330 = EDGE_LOOP('',(#7331,#7332,#7353,#7354));
#7331 = ORIENTED_EDGE('',*,*,#5370,.T.);
#7332 = ORIENTED_EDGE('',*,*,#7333,.T.);
#7333 = EDGE_CURVE('',#5371,#3490,#7334,.T.);
#7334 = SURFACE_CURVE('',#7335,(#7339,#7346),.PCURVE_S1.);
#7335 = LINE('',#7336,#7337);
#7336 = CARTESIAN_POINT('',(6.6,33.925,40.252994661922));
#7337 = VECTOR('',#7338,1.);
#7338 = DIRECTION('',(0.,1.,0.));
#7339 = PCURVE('',#3504,#7340);
#7340 = DEFINITIONAL_REPRESENTATION('',(#7341),#7345);
#7341 = LINE('',#7342,#7343);
#7342 = CARTESIAN_POINT('',(1.19,0.));
#7343 = VECTOR('',#7344,1.);
#7344 = DIRECTION('',(0.,-1.));
#7345 = ( GEOMETRIC_REPRESENTATION_CONTEXT(2) 
PARAMETRIC_REPRESENTATION_CONTEXT() REPRESENTATION_CONTEXT('2D SPACE',''
  ) );
#7346 = PCURVE('',#3532,#7347);
#7347 = DEFINITIONAL_REPRESENTATION('',(#7348),#7352);
#7348 = LINE('',#7349,#7350);
#7349 = CARTESIAN_POINT('',(-0.,0.));
#7350 = VECTOR('',#7351,1.);
#7351 = DIRECTION('',(-0.,1.));
#7352 = ( GEOMETRIC_REPRESENTATION_CONTEXT(2) 
PARAMETRIC_REPRESENTATION_CONTEXT() REPRESENTATION_CONTEXT('2D SPACE',''
  ) );
#7353 = ORIENTED_EDGE('',*,*,#3489,.F.);
#7354 = ORIENTED_EDGE('',*,*,#7285,.F.);
#7355 = ADVANCED_FACE('',(#7356),#3667,.F.);
#7356 = FACE_BOUND('',#7357,.F.);
#7357 = EDGE_LOOP('',(#7358,#7359,#7360,#7361));
#7358 = ORIENTED_EDGE('',*,*,#3654,.F.);
#7359 = ORIENTED_EDGE('',*,*,#7307,.F.);
#7360 = ORIENTED_EDGE('',*,*,#5505,.T.);
#7361 = ORIENTED_EDGE('',*,*,#7362,.T.);
#7362 = EDGE_CURVE('',#5482,#3626,#7363,.T.);
#7363 = SURFACE_CURVE('',#7364,(#7368,#7375),.PCURVE_S1.);
#7364 = LINE('',#7365,#7366);
#7365 = CARTESIAN_POINT('',(7.81,33.925,82.337005338078));
#7366 = VECTOR('',#7367,1.);
#7367 = DIRECTION('',(0.,1.,0.));
#7368 = PCURVE('',#3667,#7369);
#7369 = DEFINITIONAL_REPRESENTATION('',(#7370),#7374);
#7370 = LINE('',#7371,#7372);
#7371 = CARTESIAN_POINT('',(1.21,0.));
#7372 = VECTOR('',#7373,1.);
#7373 = DIRECTION('',(0.,1.));
#7374 = ( GEOMETRIC_REPRESENTATION_CONTEXT(2) 
PARAMETRIC_REPRESENTATION_CONTEXT() REPRESENTATION_CONTEXT('2D SPACE',''
  ) );
#7375 = PCURVE('',#3642,#7376);
#7376 = DEFINITIONAL_REPRESENTATION('',(#7377),#7381);
#7377 = LINE('',#7378,#7379);
#7378 = CARTESIAN_POINT('',(-1.570796326795,0.));
#7379 = VECTOR('',#7380,1.);
#7380 = DIRECTION('',(-0.,1.));
#7381 = ( GEOMETRIC_REPRESENTATION_CONTEXT(2) 
PARAMETRIC_REPRESENTATION_CONTEXT() REPRESENTATION_CONTEXT('2D SPACE',''
  ) );
#7382 = ADVANCED_FACE('',(#7383),#3532,.F.);
#7383 = FACE_BOUND('',#7384,.T.);
#7384 = EDGE_LOOP('',(#7385,#7386,#7387,#7408));
#7385 = ORIENTED_EDGE('',*,*,#7333,.F.);
#7386 = ORIENTED_EDGE('',*,*,#5391,.F.);
#7387 = ORIENTED_EDGE('',*,*,#7388,.T.);
#7388 = EDGE_CURVE('',#5392,#3516,#7389,.T.);
#7389 = SURFACE_CURVE('',#7390,(#7394,#7401),.PCURVE_S1.);
#7390 = LINE('',#7391,#7392);
#7391 = CARTESIAN_POINT('',(7.79,33.925,39.062994661922));
#7392 = VECTOR('',#7393,1.);
#7393 = DIRECTION('',(0.,1.,0.));
#7394 = PCURVE('',#3532,#7395);
#7395 = DEFINITIONAL_REPRESENTATION('',(#7396),#7400);
#7396 = LINE('',#7397,#7398);
#7397 = CARTESIAN_POINT('',(-1.570796326795,0.));
#7398 = VECTOR('',#7399,1.);
#7399 = DIRECTION('',(-0.,1.));
#7400 = ( GEOMETRIC_REPRESENTATION_CONTEXT(2) 
PARAMETRIC_REPRESENTATION_CONTEXT() REPRESENTATION_CONTEXT('2D SPACE',''
  ) );
#7401 = PCURVE('',#3559,#7402);
#7402 = DEFINITIONAL_REPRESENTATION('',(#7403),#7407);
#7403 = LINE('',#7404,#7405);
#7404 = CARTESIAN_POINT('',(1.19,0.));
#7405 = VECTOR('',#7406,1.);
#7406 = DIRECTION('',(0.,1.));
#7407 = ( GEOMETRIC_REPRESENTATION_CONTEXT(2) 
PARAMETRIC_REPRESENTATION_CONTEXT() REPRESENTATION_CONTEXT('2D SPACE',''
  ) );
#7408 = ORIENTED_EDGE('',*,*,#3515,.T.);
#7409 = ADVANCED_FACE('',(#7410),#3642,.F.);
#7410 = FACE_BOUND('',#7411,.T.);
#7411 = EDGE_LOOP('',(#7412,#7433,#7434,#7435));
#7412 = ORIENTED_EDGE('',*,*,#7413,.F.);
#7413 = EDGE_CURVE('',#5461,#3600,#7414,.T.);
#7414 = SURFACE_CURVE('',#7415,(#7419,#7426),.PCURVE_S1.);
#7415 = LINE('',#7416,#7417);
#7416 = CARTESIAN_POINT('',(9.,33.925,81.147005338078));
#7417 = VECTOR('',#7418,1.);
#7418 = DIRECTION('',(0.,1.,0.));
#7419 = PCURVE('',#3642,#7420);
#7420 = DEFINITIONAL_REPRESENTATION('',(#7421),#7425);
#7421 = LINE('',#7422,#7423);
#7422 = CARTESIAN_POINT('',(-0.,0.));
#7423 = VECTOR('',#7424,1.);
#7424 = DIRECTION('',(-0.,1.));
#7425 = ( GEOMETRIC_REPRESENTATION_CONTEXT(2) 
PARAMETRIC_REPRESENTATION_CONTEXT() REPRESENTATION_CONTEXT('2D SPACE',''
  ) );
#7426 = PCURVE('',#3614,#7427);
#7427 = DEFINITIONAL_REPRESENTATION('',(#7428),#7432);
#7428 = LINE('',#7429,#7430);
#7429 = CARTESIAN_POINT('',(42.084010676155,0.));
#7430 = VECTOR('',#7431,1.);
#7431 = DIRECTION('',(0.,-1.));
#7432 = ( GEOMETRIC_REPRESENTATION_CONTEXT(2) 
PARAMETRIC_REPRESENTATION_CONTEXT() REPRESENTATION_CONTEXT('2D SPACE',''
  ) );
#7433 = ORIENTED_EDGE('',*,*,#5481,.F.);
#7434 = ORIENTED_EDGE('',*,*,#7362,.T.);
#7435 = ORIENTED_EDGE('',*,*,#3625,.T.);
#7436 = ADVANCED_FACE('',(#7437),#3559,.T.);
#7437 = FACE_BOUND('',#7438,.T.);
#7438 = EDGE_LOOP('',(#7439,#7440,#7441,#7442));
#7439 = ORIENTED_EDGE('',*,*,#3544,.F.);
#7440 = ORIENTED_EDGE('',*,*,#7388,.F.);
#7441 = ORIENTED_EDGE('',*,*,#5415,.T.);
#7442 = ORIENTED_EDGE('',*,*,#7443,.T.);
#7443 = EDGE_CURVE('',#5416,#3545,#7444,.T.);
#7444 = SURFACE_CURVE('',#7445,(#7449,#7456),.PCURVE_S1.);
#7445 = LINE('',#7446,#7447);
#7446 = CARTESIAN_POINT('',(7.81,33.925,39.062994661922));
#7447 = VECTOR('',#7448,1.);
#7448 = DIRECTION('',(0.,1.,0.));
#7449 = PCURVE('',#3559,#7450);
#7450 = DEFINITIONAL_REPRESENTATION('',(#7451),#7455);
#7451 = LINE('',#7452,#7453);
#7452 = CARTESIAN_POINT('',(1.21,0.));
#7453 = VECTOR('',#7454,1.);
#7454 = DIRECTION('',(0.,1.));
#7455 = ( GEOMETRIC_REPRESENTATION_CONTEXT(2) 
PARAMETRIC_REPRESENTATION_CONTEXT() REPRESENTATION_CONTEXT('2D SPACE',''
  ) );
#7456 = PCURVE('',#3587,#7457);
#7457 = DEFINITIONAL_REPRESENTATION('',(#7458),#7462);
#7458 = LINE('',#7459,#7460);
#7459 = CARTESIAN_POINT('',(1.570796326795,0.));
#7460 = VECTOR('',#7461,1.);
#7461 = DIRECTION('',(0.,1.));
#7462 = ( GEOMETRIC_REPRESENTATION_CONTEXT(2) 
PARAMETRIC_REPRESENTATION_CONTEXT() REPRESENTATION_CONTEXT('2D SPACE',''
  ) );
#7463 = ADVANCED_FACE('',(#7464),#3614,.F.);
#7464 = FACE_BOUND('',#7465,.F.);
#7465 = EDGE_LOOP('',(#7466,#7467,#7488,#7489));
#7466 = ORIENTED_EDGE('',*,*,#5460,.T.);
#7467 = ORIENTED_EDGE('',*,*,#7468,.T.);
#7468 = EDGE_CURVE('',#5437,#3571,#7469,.T.);
#7469 = SURFACE_CURVE('',#7470,(#7474,#7481),.PCURVE_S1.);
#7470 = LINE('',#7471,#7472);
#7471 = CARTESIAN_POINT('',(9.,33.925,40.252994661922));
#7472 = VECTOR('',#7473,1.);
#7473 = DIRECTION('',(0.,1.,0.));
#7474 = PCURVE('',#3614,#7475);
#7475 = DEFINITIONAL_REPRESENTATION('',(#7476),#7480);
#7476 = LINE('',#7477,#7478);
#7477 = CARTESIAN_POINT('',(1.19,0.));
#7478 = VECTOR('',#7479,1.);
#7479 = DIRECTION('',(0.,-1.));
#7480 = ( GEOMETRIC_REPRESENTATION_CONTEXT(2) 
PARAMETRIC_REPRESENTATION_CONTEXT() REPRESENTATION_CONTEXT('2D SPACE',''
  ) );
#7481 = PCURVE('',#3587,#7482);
#7482 = DEFINITIONAL_REPRESENTATION('',(#7483),#7487);
#7483 = LINE('',#7484,#7485);
#7484 = CARTESIAN_POINT('',(0.,0.));
#7485 = VECTOR('',#7486,1.);
#7486 = DIRECTION('',(0.,1.));
#7487 = ( GEOMETRIC_REPRESENTATION_CONTEXT(2) 
PARAMETRIC_REPRESENTATION_CONTEXT() REPRESENTATION_CONTEXT('2D SPACE',''
  ) );
#7488 = ORIENTED_EDGE('',*,*,#3599,.F.);
#7489 = ORIENTED_EDGE('',*,*,#7413,.F.);
#7490 = ADVANCED_FACE('',(#7491),#3587,.F.);
#7491 = FACE_BOUND('',#7492,.F.);
#7492 = EDGE_LOOP('',(#7493,#7494,#7495,#7496));
#7493 = ORIENTED_EDGE('',*,*,#7468,.F.);
#7494 = ORIENTED_EDGE('',*,*,#5436,.T.);
#7495 = ORIENTED_EDGE('',*,*,#7443,.T.);
#7496 = ORIENTED_EDGE('',*,*,#3570,.F.);
#7497 = ADVANCED_FACE('',(#7498),#3699,.F.);
#7498 = FACE_BOUND('',#7499,.F.);
#7499 = EDGE_LOOP('',(#7500,#7521,#7522,#7543));
#7500 = ORIENTED_EDGE('',*,*,#7501,.F.);
#7501 = EDGE_CURVE('',#5527,#3681,#7502,.T.);
#7502 = SURFACE_CURVE('',#7503,(#7507,#7514),.PCURVE_S1.);
#7503 = LINE('',#7504,#7505);
#7504 = CARTESIAN_POINT('',(11.8,33.925,78.48366596101));
#7505 = VECTOR('',#7506,1.);
#7506 = DIRECTION('',(0.,1.,0.));
#7507 = PCURVE('',#3699,#7508);
#7508 = DEFINITIONAL_REPRESENTATION('',(#7509),#7513);
#7509 = LINE('',#7510,#7511);
#7510 = CARTESIAN_POINT('',(0.,0.));
#7511 = VECTOR('',#7512,1.);
#7512 = DIRECTION('',(0.,1.));
#7513 = ( GEOMETRIC_REPRESENTATION_CONTEXT(2) 
PARAMETRIC_REPRESENTATION_CONTEXT() REPRESENTATION_CONTEXT('2D SPACE',''
  ) );
#7514 = PCURVE('',#3726,#7515);
#7515 = DEFINITIONAL_REPRESENTATION('',(#7516),#7520);
#7516 = LINE('',#7517,#7518);
#7517 = CARTESIAN_POINT('',(36.757331922021,0.));
#7518 = VECTOR('',#7519,1.);
#7519 = DIRECTION('',(0.,-1.));
#7520 = ( GEOMETRIC_REPRESENTATION_CONTEXT(2) 
PARAMETRIC_REPRESENTATION_CONTEXT() REPRESENTATION_CONTEXT('2D SPACE',''
  ) );
#7521 = ORIENTED_EDGE('',*,*,#5526,.T.);
#7522 = ORIENTED_EDGE('',*,*,#7523,.T.);
#7523 = EDGE_CURVE('',#5529,#3683,#7524,.T.);
#7524 = SURFACE_CURVE('',#7525,(#7529,#7536),.PCURVE_S1.);
#7525 = LINE('',#7526,#7527);
#7526 = CARTESIAN_POINT('',(12.99,33.925,79.67366596101));
#7527 = VECTOR('',#7528,1.);
#7528 = DIRECTION('',(0.,1.,0.));
#7529 = PCURVE('',#3699,#7530);
#7530 = DEFINITIONAL_REPRESENTATION('',(#7531),#7535);
#7531 = LINE('',#7532,#7533);
#7532 = CARTESIAN_POINT('',(1.570796326795,0.));
#7533 = VECTOR('',#7534,1.);
#7534 = DIRECTION('',(0.,1.));
#7535 = ( GEOMETRIC_REPRESENTATION_CONTEXT(2) 
PARAMETRIC_REPRESENTATION_CONTEXT() REPRESENTATION_CONTEXT('2D SPACE',''
  ) );
#7536 = PCURVE('',#3889,#7537);
#7537 = DEFINITIONAL_REPRESENTATION('',(#7538),#7542);
#7538 = LINE('',#7539,#7540);
#7539 = CARTESIAN_POINT('',(1.19,0.));
#7540 = VECTOR('',#7541,1.);
#7541 = DIRECTION('',(0.,1.));
#7542 = ( GEOMETRIC_REPRESENTATION_CONTEXT(2) 
PARAMETRIC_REPRESENTATION_CONTEXT() REPRESENTATION_CONTEXT('2D SPACE',''
  ) );
#7543 = ORIENTED_EDGE('',*,*,#3680,.F.);
#7544 = ADVANCED_FACE('',(#7545),#3726,.T.);
#7545 = FACE_BOUND('',#7546,.T.);
#7546 = EDGE_LOOP('',(#7547,#7548,#7569,#7570));
#7547 = ORIENTED_EDGE('',*,*,#5552,.T.);
#7548 = ORIENTED_EDGE('',*,*,#7549,.T.);
#7549 = EDGE_CURVE('',#5553,#3712,#7550,.T.);
#7550 = SURFACE_CURVE('',#7551,(#7555,#7562),.PCURVE_S1.);
#7551 = LINE('',#7552,#7553);
#7552 = CARTESIAN_POINT('',(11.8,33.925,42.91633403899));
#7553 = VECTOR('',#7554,1.);
#7554 = DIRECTION('',(0.,1.,0.));
#7555 = PCURVE('',#3726,#7556);
#7556 = DEFINITIONAL_REPRESENTATION('',(#7557),#7561);
#7557 = LINE('',#7558,#7559);
#7558 = CARTESIAN_POINT('',(1.19,0.));
#7559 = VECTOR('',#7560,1.);
#7560 = DIRECTION('',(0.,-1.));
#7561 = ( GEOMETRIC_REPRESENTATION_CONTEXT(2) 
PARAMETRIC_REPRESENTATION_CONTEXT() REPRESENTATION_CONTEXT('2D SPACE',''
  ) );
#7562 = PCURVE('',#3754,#7563);
#7563 = DEFINITIONAL_REPRESENTATION('',(#7564),#7568);
#7564 = LINE('',#7565,#7566);
#7565 = CARTESIAN_POINT('',(-0.,0.));
#7566 = VECTOR('',#7567,1.);
#7567 = DIRECTION('',(-0.,1.));
#7568 = ( GEOMETRIC_REPRESENTATION_CONTEXT(2) 
PARAMETRIC_REPRESENTATION_CONTEXT() REPRESENTATION_CONTEXT('2D SPACE',''
  ) );
#7569 = ORIENTED_EDGE('',*,*,#3711,.F.);
#7570 = ORIENTED_EDGE('',*,*,#7501,.F.);
#7571 = ADVANCED_FACE('',(#7572),#3889,.F.);
#7572 = FACE_BOUND('',#7573,.F.);
#7573 = EDGE_LOOP('',(#7574,#7575,#7576,#7577));
#7574 = ORIENTED_EDGE('',*,*,#3876,.F.);
#7575 = ORIENTED_EDGE('',*,*,#7523,.F.);
#7576 = ORIENTED_EDGE('',*,*,#5687,.T.);
#7577 = ORIENTED_EDGE('',*,*,#7578,.T.);
#7578 = EDGE_CURVE('',#5664,#3848,#7579,.T.);
#7579 = SURFACE_CURVE('',#7580,(#7584,#7591),.PCURVE_S1.);
#7580 = LINE('',#7581,#7582);
#7581 = CARTESIAN_POINT('',(13.01,33.925,79.67366596101));
#7582 = VECTOR('',#7583,1.);
#7583 = DIRECTION('',(0.,1.,0.));
#7584 = PCURVE('',#3889,#7585);
#7585 = DEFINITIONAL_REPRESENTATION('',(#7586),#7590);
#7586 = LINE('',#7587,#7588);
#7587 = CARTESIAN_POINT('',(1.21,0.));
#7588 = VECTOR('',#7589,1.);
#7589 = DIRECTION('',(0.,1.));
#7590 = ( GEOMETRIC_REPRESENTATION_CONTEXT(2) 
PARAMETRIC_REPRESENTATION_CONTEXT() REPRESENTATION_CONTEXT('2D SPACE',''
  ) );
#7591 = PCURVE('',#3864,#7592);
#7592 = DEFINITIONAL_REPRESENTATION('',(#7593),#7597);
#7593 = LINE('',#7594,#7595);
#7594 = CARTESIAN_POINT('',(-1.570796326795,0.));
#7595 = VECTOR('',#7596,1.);
#7596 = DIRECTION('',(-0.,1.));
#7597 = ( GEOMETRIC_REPRESENTATION_CONTEXT(2) 
PARAMETRIC_REPRESENTATION_CONTEXT() REPRESENTATION_CONTEXT('2D SPACE',''
  ) );
#7598 = ADVANCED_FACE('',(#7599),#3754,.F.);
#7599 = FACE_BOUND('',#7600,.T.);
#7600 = EDGE_LOOP('',(#7601,#7602,#7603,#7624));
#7601 = ORIENTED_EDGE('',*,*,#7549,.F.);
#7602 = ORIENTED_EDGE('',*,*,#5573,.F.);
#7603 = ORIENTED_EDGE('',*,*,#7604,.T.);
#7604 = EDGE_CURVE('',#5574,#3738,#7605,.T.);
#7605 = SURFACE_CURVE('',#7606,(#7610,#7617),.PCURVE_S1.);
#7606 = LINE('',#7607,#7608);
#7607 = CARTESIAN_POINT('',(12.99,33.925,41.72633403899));
#7608 = VECTOR('',#7609,1.);
#7609 = DIRECTION('',(0.,1.,0.));
#7610 = PCURVE('',#3754,#7611);
#7611 = DEFINITIONAL_REPRESENTATION('',(#7612),#7616);
#7612 = LINE('',#7613,#7614);
#7613 = CARTESIAN_POINT('',(-1.570796326795,0.));
#7614 = VECTOR('',#7615,1.);
#7615 = DIRECTION('',(-0.,1.));
#7616 = ( GEOMETRIC_REPRESENTATION_CONTEXT(2) 
PARAMETRIC_REPRESENTATION_CONTEXT() REPRESENTATION_CONTEXT('2D SPACE',''
  ) );
#7617 = PCURVE('',#3781,#7618);
#7618 = DEFINITIONAL_REPRESENTATION('',(#7619),#7623);
#7619 = LINE('',#7620,#7621);
#7620 = CARTESIAN_POINT('',(1.19,0.));
#7621 = VECTOR('',#7622,1.);
#7622 = DIRECTION('',(0.,1.));
#7623 = ( GEOMETRIC_REPRESENTATION_CONTEXT(2) 
PARAMETRIC_REPRESENTATION_CONTEXT() REPRESENTATION_CONTEXT('2D SPACE',''
  ) );
#7624 = ORIENTED_EDGE('',*,*,#3737,.T.);
#7625 = ADVANCED_FACE('',(#7626),#3864,.F.);
#7626 = FACE_BOUND('',#7627,.T.);
#7627 = EDGE_LOOP('',(#7628,#7649,#7650,#7651));
#7628 = ORIENTED_EDGE('',*,*,#7629,.F.);
#7629 = EDGE_CURVE('',#5643,#3822,#7630,.T.);
#7630 = SURFACE_CURVE('',#7631,(#7635,#7642),.PCURVE_S1.);
#7631 = LINE('',#7632,#7633);
#7632 = CARTESIAN_POINT('',(14.2,33.925,78.48366596101));
#7633 = VECTOR('',#7634,1.);
#7634 = DIRECTION('',(0.,1.,0.));
#7635 = PCURVE('',#3864,#7636);
#7636 = DEFINITIONAL_REPRESENTATION('',(#7637),#7641);
#7637 = LINE('',#7638,#7639);
#7638 = CARTESIAN_POINT('',(-0.,0.));
#7639 = VECTOR('',#7640,1.);
#7640 = DIRECTION('',(-0.,1.));
#7641 = ( GEOMETRIC_REPRESENTATION_CONTEXT(2) 
PARAMETRIC_REPRESENTATION_CONTEXT() REPRESENTATION_CONTEXT('2D SPACE',''
  ) );
#7642 = PCURVE('',#3836,#7643);
#7643 = DEFINITIONAL_REPRESENTATION('',(#7644),#7648);
#7644 = LINE('',#7645,#7646);
#7645 = CARTESIAN_POINT('',(36.757331922021,0.));
#7646 = VECTOR('',#7647,1.);
#7647 = DIRECTION('',(0.,-1.));
#7648 = ( GEOMETRIC_REPRESENTATION_CONTEXT(2) 
PARAMETRIC_REPRESENTATION_CONTEXT() REPRESENTATION_CONTEXT('2D SPACE',''
  ) );
#7649 = ORIENTED_EDGE('',*,*,#5663,.F.);
#7650 = ORIENTED_EDGE('',*,*,#7578,.T.);
#7651 = ORIENTED_EDGE('',*,*,#3847,.T.);
#7652 = ADVANCED_FACE('',(#7653),#3781,.T.);
#7653 = FACE_BOUND('',#7654,.T.);
#7654 = EDGE_LOOP('',(#7655,#7656,#7657,#7658));
#7655 = ORIENTED_EDGE('',*,*,#3766,.F.);
#7656 = ORIENTED_EDGE('',*,*,#7604,.F.);
#7657 = ORIENTED_EDGE('',*,*,#5597,.T.);
#7658 = ORIENTED_EDGE('',*,*,#7659,.T.);
#7659 = EDGE_CURVE('',#5598,#3767,#7660,.T.);
#7660 = SURFACE_CURVE('',#7661,(#7665,#7672),.PCURVE_S1.);
#7661 = LINE('',#7662,#7663);
#7662 = CARTESIAN_POINT('',(13.01,33.925,41.72633403899));
#7663 = VECTOR('',#7664,1.);
#7664 = DIRECTION('',(0.,1.,0.));
#7665 = PCURVE('',#3781,#7666);
#7666 = DEFINITIONAL_REPRESENTATION('',(#7667),#7671);
#7667 = LINE('',#7668,#7669);
#7668 = CARTESIAN_POINT('',(1.21,0.));
#7669 = VECTOR('',#7670,1.);
#7670 = DIRECTION('',(0.,1.));
#7671 = ( GEOMETRIC_REPRESENTATION_CONTEXT(2) 
PARAMETRIC_REPRESENTATION_CONTEXT() REPRESENTATION_CONTEXT('2D SPACE',''
  ) );
#7672 = PCURVE('',#3809,#7673);
#7673 = DEFINITIONAL_REPRESENTATION('',(#7674),#7678);
#7674 = LINE('',#7675,#7676);
#7675 = CARTESIAN_POINT('',(1.570796326795,0.));
#7676 = VECTOR('',#7677,1.);
#7677 = DIRECTION('',(0.,1.));
#7678 = ( GEOMETRIC_REPRESENTATION_CONTEXT(2) 
PARAMETRIC_REPRESENTATION_CONTEXT() REPRESENTATION_CONTEXT('2D SPACE',''
  ) );
#7679 = ADVANCED_FACE('',(#7680),#3836,.F.);
#7680 = FACE_BOUND('',#7681,.F.);
#7681 = EDGE_LOOP('',(#7682,#7683,#7704,#7705));
#7682 = ORIENTED_EDGE('',*,*,#5642,.T.);
#7683 = ORIENTED_EDGE('',*,*,#7684,.T.);
#7684 = EDGE_CURVE('',#5619,#3793,#7685,.T.);
#7685 = SURFACE_CURVE('',#7686,(#7690,#7697),.PCURVE_S1.);
#7686 = LINE('',#7687,#7688);
#7687 = CARTESIAN_POINT('',(14.2,33.925,42.91633403899));
#7688 = VECTOR('',#7689,1.);
#7689 = DIRECTION('',(0.,1.,0.));
#7690 = PCURVE('',#3836,#7691);
#7691 = DEFINITIONAL_REPRESENTATION('',(#7692),#7696);
#7692 = LINE('',#7693,#7694);
#7693 = CARTESIAN_POINT('',(1.19,0.));
#7694 = VECTOR('',#7695,1.);
#7695 = DIRECTION('',(0.,-1.));
#7696 = ( GEOMETRIC_REPRESENTATION_CONTEXT(2) 
PARAMETRIC_REPRESENTATION_CONTEXT() REPRESENTATION_CONTEXT('2D SPACE',''
  ) );
#7697 = PCURVE('',#3809,#7698);
#7698 = DEFINITIONAL_REPRESENTATION('',(#7699),#7703);
#7699 = LINE('',#7700,#7701);
#7700 = CARTESIAN_POINT('',(0.,0.));
#7701 = VECTOR('',#7702,1.);
#7702 = DIRECTION('',(0.,1.));
#7703 = ( GEOMETRIC_REPRESENTATION_CONTEXT(2) 
PARAMETRIC_REPRESENTATION_CONTEXT() REPRESENTATION_CONTEXT('2D SPACE',''
  ) );
#7704 = ORIENTED_EDGE('',*,*,#3821,.F.);
#7705 = ORIENTED_EDGE('',*,*,#7629,.F.);
#7706 = ADVANCED_FACE('',(#7707),#3809,.F.);
#7707 = FACE_BOUND('',#7708,.F.);
#7708 = EDGE_LOOP('',(#7709,#7710,#7711,#7712));
#7709 = ORIENTED_EDGE('',*,*,#7684,.F.);
#7710 = ORIENTED_EDGE('',*,*,#5618,.T.);
#7711 = ORIENTED_EDGE('',*,*,#7659,.T.);
#7712 = ORIENTED_EDGE('',*,*,#3792,.F.);
#7713 = ADVANCED_FACE('',(#7714),#3921,.F.);
#7714 = FACE_BOUND('',#7715,.F.);
#7715 = EDGE_LOOP('',(#7716,#7737,#7738,#7759));
#7716 = ORIENTED_EDGE('',*,*,#7717,.F.);
#7717 = EDGE_CURVE('',#5709,#3903,#7718,.T.);
#7718 = SURFACE_CURVE('',#7719,(#7723,#7730),.PCURVE_S1.);
#7719 = LINE('',#7720,#7721);
#7720 = CARTESIAN_POINT('',(17.,33.925,73.572716664998));
#7721 = VECTOR('',#7722,1.);
#7722 = DIRECTION('',(0.,1.,0.));
#7723 = PCURVE('',#3921,#7724);
#7724 = DEFINITIONAL_REPRESENTATION('',(#7725),#7729);
#7725 = LINE('',#7726,#7727);
#7726 = CARTESIAN_POINT('',(0.,0.));
#7727 = VECTOR('',#7728,1.);
#7728 = DIRECTION('',(0.,1.));
#7729 = ( GEOMETRIC_REPRESENTATION_CONTEXT(2) 
PARAMETRIC_REPRESENTATION_CONTEXT() REPRESENTATION_CONTEXT('2D SPACE',''
  ) );
#7730 = PCURVE('',#3948,#7731);
#7731 = DEFINITIONAL_REPRESENTATION('',(#7732),#7736);
#7732 = LINE('',#7733,#7734);
#7733 = CARTESIAN_POINT('',(26.935433329995,0.));
#7734 = VECTOR('',#7735,1.);
#7735 = DIRECTION('',(0.,-1.));
#7736 = ( GEOMETRIC_REPRESENTATION_CONTEXT(2) 
PARAMETRIC_REPRESENTATION_CONTEXT() REPRESENTATION_CONTEXT('2D SPACE',''
  ) );
#7737 = ORIENTED_EDGE('',*,*,#5708,.T.);
#7738 = ORIENTED_EDGE('',*,*,#7739,.T.);
#7739 = EDGE_CURVE('',#5711,#3905,#7740,.T.);
#7740 = SURFACE_CURVE('',#7741,(#7745,#7752),.PCURVE_S1.);
#7741 = LINE('',#7742,#7743);
#7742 = CARTESIAN_POINT('',(18.19,33.925,74.762716664998));
#7743 = VECTOR('',#7744,1.);
#7744 = DIRECTION('',(0.,1.,0.));
#7745 = PCURVE('',#3921,#7746);
#7746 = DEFINITIONAL_REPRESENTATION('',(#7747),#7751);
#7747 = LINE('',#7748,#7749);
#7748 = CARTESIAN_POINT('',(1.570796326795,0.));
#7749 = VECTOR('',#7750,1.);
#7750 = DIRECTION('',(0.,1.));
#7751 = ( GEOMETRIC_REPRESENTATION_CONTEXT(2) 
PARAMETRIC_REPRESENTATION_CONTEXT() REPRESENTATION_CONTEXT('2D SPACE',''
  ) );
#7752 = PCURVE('',#4111,#7753);
#7753 = DEFINITIONAL_REPRESENTATION('',(#7754),#7758);
#7754 = LINE('',#7755,#7756);
#7755 = CARTESIAN_POINT('',(1.19,0.));
#7756 = VECTOR('',#7757,1.);
#7757 = DIRECTION('',(0.,1.));
#7758 = ( GEOMETRIC_REPRESENTATION_CONTEXT(2) 
PARAMETRIC_REPRESENTATION_CONTEXT() REPRESENTATION_CONTEXT('2D SPACE',''
  ) );
#7759 = ORIENTED_EDGE('',*,*,#3902,.F.);
#7760 = ADVANCED_FACE('',(#7761),#4111,.F.);
#7761 = FACE_BOUND('',#7762,.F.);
#7762 = EDGE_LOOP('',(#7763,#7764,#7765,#7766));
#7763 = ORIENTED_EDGE('',*,*,#4098,.F.);
#7764 = ORIENTED_EDGE('',*,*,#7739,.F.);
#7765 = ORIENTED_EDGE('',*,*,#5869,.T.);
#7766 = ORIENTED_EDGE('',*,*,#7767,.T.);
#7767 = EDGE_CURVE('',#5846,#4070,#7768,.T.);
#7768 = SURFACE_CURVE('',#7769,(#7773,#7780),.PCURVE_S1.);
#7769 = LINE('',#7770,#7771);
#7770 = CARTESIAN_POINT('',(18.21,33.925,74.762716664998));
#7771 = VECTOR('',#7772,1.);
#7772 = DIRECTION('',(0.,1.,0.));
#7773 = PCURVE('',#4111,#7774);
#7774 = DEFINITIONAL_REPRESENTATION('',(#7775),#7779);
#7775 = LINE('',#7776,#7777);
#7776 = CARTESIAN_POINT('',(1.21,0.));
#7777 = VECTOR('',#7778,1.);
#7778 = DIRECTION('',(0.,1.));
#7779 = ( GEOMETRIC_REPRESENTATION_CONTEXT(2) 
PARAMETRIC_REPRESENTATION_CONTEXT() REPRESENTATION_CONTEXT('2D SPACE',''
  ) );
#7780 = PCURVE('',#4086,#7781);
#7781 = DEFINITIONAL_REPRESENTATION('',(#7782),#7786);
#7782 = LINE('',#7783,#7784);
#7783 = CARTESIAN_POINT('',(-1.570796326795,0.));
#7784 = VECTOR('',#7785,1.);
#7785 = DIRECTION('',(-0.,1.));
#7786 = ( GEOMETRIC_REPRESENTATION_CONTEXT(2) 
PARAMETRIC_REPRESENTATION_CONTEXT() REPRESENTATION_CONTEXT('2D SPACE',''
  ) );
#7787 = ADVANCED_FACE('',(#7788),#4086,.F.);
#7788 = FACE_BOUND('',#7789,.T.);
#7789 = EDGE_LOOP('',(#7790,#7811,#7812,#7813));
#7790 = ORIENTED_EDGE('',*,*,#7791,.F.);
#7791 = EDGE_CURVE('',#5825,#4044,#7792,.T.);
#7792 = SURFACE_CURVE('',#7793,(#7797,#7804),.PCURVE_S1.);
#7793 = LINE('',#7794,#7795);
#7794 = CARTESIAN_POINT('',(19.4,33.925,73.572716664998));
#7795 = VECTOR('',#7796,1.);
#7796 = DIRECTION('',(0.,1.,0.));
#7797 = PCURVE('',#4086,#7798);
#7798 = DEFINITIONAL_REPRESENTATION('',(#7799),#7803);
#7799 = LINE('',#7800,#7801);
#7800 = CARTESIAN_POINT('',(-0.,0.));
#7801 = VECTOR('',#7802,1.);
#7802 = DIRECTION('',(-0.,1.));
#7803 = ( GEOMETRIC_REPRESENTATION_CONTEXT(2) 
PARAMETRIC_REPRESENTATION_CONTEXT() REPRESENTATION_CONTEXT('2D SPACE',''
  ) );
#7804 = PCURVE('',#4058,#7805);
#7805 = DEFINITIONAL_REPRESENTATION('',(#7806),#7810);
#7806 = LINE('',#7807,#7808);
#7807 = CARTESIAN_POINT('',(26.935433329995,0.));
#7808 = VECTOR('',#7809,1.);
#7809 = DIRECTION('',(0.,-1.));
#7810 = ( GEOMETRIC_REPRESENTATION_CONTEXT(2) 
PARAMETRIC_REPRESENTATION_CONTEXT() REPRESENTATION_CONTEXT('2D SPACE',''
  ) );
#7811 = ORIENTED_EDGE('',*,*,#5845,.F.);
#7812 = ORIENTED_EDGE('',*,*,#7767,.T.);
#7813 = ORIENTED_EDGE('',*,*,#4069,.T.);
#7814 = ADVANCED_FACE('',(#7815),#4058,.F.);
#7815 = FACE_BOUND('',#7816,.F.);
#7816 = EDGE_LOOP('',(#7817,#7818,#7839,#7840));
#7817 = ORIENTED_EDGE('',*,*,#5824,.T.);
#7818 = ORIENTED_EDGE('',*,*,#7819,.T.);
#7819 = EDGE_CURVE('',#5801,#4015,#7820,.T.);
#7820 = SURFACE_CURVE('',#7821,(#7825,#7832),.PCURVE_S1.);
#7821 = LINE('',#7822,#7823);
#7822 = CARTESIAN_POINT('',(19.4,33.925,47.827283335002));
#7823 = VECTOR('',#7824,1.);
#7824 = DIRECTION('',(0.,1.,0.));
#7825 = PCURVE('',#4058,#7826);
#7826 = DEFINITIONAL_REPRESENTATION('',(#7827),#7831);
#7827 = LINE('',#7828,#7829);
#7828 = CARTESIAN_POINT('',(1.19,0.));
#7829 = VECTOR('',#7830,1.);
#7830 = DIRECTION('',(0.,-1.));
#7831 = ( GEOMETRIC_REPRESENTATION_CONTEXT(2) 
PARAMETRIC_REPRESENTATION_CONTEXT() REPRESENTATION_CONTEXT('2D SPACE',''
  ) );
#7832 = PCURVE('',#4031,#7833);
#7833 = DEFINITIONAL_REPRESENTATION('',(#7834),#7838);
#7834 = LINE('',#7835,#7836);
#7835 = CARTESIAN_POINT('',(0.,0.));
#7836 = VECTOR('',#7837,1.);
#7837 = DIRECTION('',(0.,1.));
#7838 = ( GEOMETRIC_REPRESENTATION_CONTEXT(2) 
PARAMETRIC_REPRESENTATION_CONTEXT() REPRESENTATION_CONTEXT('2D SPACE',''
  ) );
#7839 = ORIENTED_EDGE('',*,*,#4043,.F.);
#7840 = ORIENTED_EDGE('',*,*,#7791,.F.);
#7841 = ADVANCED_FACE('',(#7842),#4031,.F.);
#7842 = FACE_BOUND('',#7843,.F.);
#7843 = EDGE_LOOP('',(#7844,#7845,#7846,#7867));
#7844 = ORIENTED_EDGE('',*,*,#7819,.F.);
#7845 = ORIENTED_EDGE('',*,*,#5800,.T.);
#7846 = ORIENTED_EDGE('',*,*,#7847,.T.);
#7847 = EDGE_CURVE('',#5780,#3989,#7848,.T.);
#7848 = SURFACE_CURVE('',#7849,(#7853,#7860),.PCURVE_S1.);
#7849 = LINE('',#7850,#7851);
#7850 = CARTESIAN_POINT('',(18.21,33.925,46.637283335002));
#7851 = VECTOR('',#7852,1.);
#7852 = DIRECTION('',(0.,1.,0.));
#7853 = PCURVE('',#4031,#7854);
#7854 = DEFINITIONAL_REPRESENTATION('',(#7855),#7859);
#7855 = LINE('',#7856,#7857);
#7856 = CARTESIAN_POINT('',(1.570796326795,0.));
#7857 = VECTOR('',#7858,1.);
#7858 = DIRECTION('',(0.,1.));
#7859 = ( GEOMETRIC_REPRESENTATION_CONTEXT(2) 
PARAMETRIC_REPRESENTATION_CONTEXT() REPRESENTATION_CONTEXT('2D SPACE',''
  ) );
#7860 = PCURVE('',#4003,#7861);
#7861 = DEFINITIONAL_REPRESENTATION('',(#7862),#7866);
#7862 = LINE('',#7863,#7864);
#7863 = CARTESIAN_POINT('',(1.21,0.));
#7864 = VECTOR('',#7865,1.);
#7865 = DIRECTION('',(0.,1.));
#7866 = ( GEOMETRIC_REPRESENTATION_CONTEXT(2) 
PARAMETRIC_REPRESENTATION_CONTEXT() REPRESENTATION_CONTEXT('2D SPACE',''
  ) );
#7867 = ORIENTED_EDGE('',*,*,#4014,.F.);
#7868 = ADVANCED_FACE('',(#7869),#4003,.T.);
#7869 = FACE_BOUND('',#7870,.T.);
#7870 = EDGE_LOOP('',(#7871,#7872,#7893,#7894));
#7871 = ORIENTED_EDGE('',*,*,#3988,.F.);
#7872 = ORIENTED_EDGE('',*,*,#7873,.F.);
#7873 = EDGE_CURVE('',#5756,#3960,#7874,.T.);
#7874 = SURFACE_CURVE('',#7875,(#7879,#7886),.PCURVE_S1.);
#7875 = LINE('',#7876,#7877);
#7876 = CARTESIAN_POINT('',(18.19,33.925,46.637283335002));
#7877 = VECTOR('',#7878,1.);
#7878 = DIRECTION('',(0.,1.,0.));
#7879 = PCURVE('',#4003,#7880);
#7880 = DEFINITIONAL_REPRESENTATION('',(#7881),#7885);
#7881 = LINE('',#7882,#7883);
#7882 = CARTESIAN_POINT('',(1.19,0.));
#7883 = VECTOR('',#7884,1.);
#7884 = DIRECTION('',(0.,1.));
#7885 = ( GEOMETRIC_REPRESENTATION_CONTEXT(2) 
PARAMETRIC_REPRESENTATION_CONTEXT() REPRESENTATION_CONTEXT('2D SPACE',''
  ) );
#7886 = PCURVE('',#3976,#7887);
#7887 = DEFINITIONAL_REPRESENTATION('',(#7888),#7892);
#7888 = LINE('',#7889,#7890);
#7889 = CARTESIAN_POINT('',(-1.570796326795,0.));
#7890 = VECTOR('',#7891,1.);
#7891 = DIRECTION('',(-0.,1.));
#7892 = ( GEOMETRIC_REPRESENTATION_CONTEXT(2) 
PARAMETRIC_REPRESENTATION_CONTEXT() REPRESENTATION_CONTEXT('2D SPACE',''
  ) );
#7893 = ORIENTED_EDGE('',*,*,#5779,.T.);
#7894 = ORIENTED_EDGE('',*,*,#7847,.T.);
#7895 = ADVANCED_FACE('',(#7896),#3976,.F.);
#7896 = FACE_BOUND('',#7897,.T.);
#7897 = EDGE_LOOP('',(#7898,#7919,#7920,#7921));
#7898 = ORIENTED_EDGE('',*,*,#7899,.F.);
#7899 = EDGE_CURVE('',#5735,#3934,#7900,.T.);
#7900 = SURFACE_CURVE('',#7901,(#7905,#7912),.PCURVE_S1.);
#7901 = LINE('',#7902,#7903);
#7902 = CARTESIAN_POINT('',(17.,33.925,47.827283335002));
#7903 = VECTOR('',#7904,1.);
#7904 = DIRECTION('',(0.,1.,0.));
#7905 = PCURVE('',#3976,#7906);
#7906 = DEFINITIONAL_REPRESENTATION('',(#7907),#7911);
#7907 = LINE('',#7908,#7909);
#7908 = CARTESIAN_POINT('',(-0.,0.));
#7909 = VECTOR('',#7910,1.);
#7910 = DIRECTION('',(-0.,1.));
#7911 = ( GEOMETRIC_REPRESENTATION_CONTEXT(2) 
PARAMETRIC_REPRESENTATION_CONTEXT() REPRESENTATION_CONTEXT('2D SPACE',''
  ) );
#7912 = PCURVE('',#3948,#7913);
#7913 = DEFINITIONAL_REPRESENTATION('',(#7914),#7918);
#7914 = LINE('',#7915,#7916);
#7915 = CARTESIAN_POINT('',(1.19,0.));
#7916 = VECTOR('',#7917,1.);
#7917 = DIRECTION('',(0.,-1.));
#7918 = ( GEOMETRIC_REPRESENTATION_CONTEXT(2) 
PARAMETRIC_REPRESENTATION_CONTEXT() REPRESENTATION_CONTEXT('2D SPACE',''
  ) );
#7919 = ORIENTED_EDGE('',*,*,#5755,.F.);
#7920 = ORIENTED_EDGE('',*,*,#7873,.T.);
#7921 = ORIENTED_EDGE('',*,*,#3959,.T.);
#7922 = ADVANCED_FACE('',(#7923),#3948,.T.);
#7923 = FACE_BOUND('',#7924,.T.);
#7924 = EDGE_LOOP('',(#7925,#7926,#7927,#7928));
#7925 = ORIENTED_EDGE('',*,*,#5734,.T.);
#7926 = ORIENTED_EDGE('',*,*,#7899,.T.);
#7927 = ORIENTED_EDGE('',*,*,#3933,.F.);
#7928 = ORIENTED_EDGE('',*,*,#7717,.F.);
#7929 = ( GEOMETRIC_REPRESENTATION_CONTEXT(3) 
GLOBAL_UNCERTAINTY_ASSIGNED_CONTEXT((#7933)) 
GLOBAL_UNIT_ASSIGNED_CONTEXT((#7930,#7931,#7932)) REPRESENTATION_CONTEXT
('Context #1','3D Context with UNIT and UNCERTAINTY') );
#7930 = ( LENGTH_UNIT() NAMED_UNIT(*) SI_UNIT(.MILLI.,.METRE.) );
#7931 = ( NAMED_UNIT(*) PLANE_ANGLE_UNIT() SI_UNIT($,.RADIAN.) );
#7932 = ( NAMED_UNIT(*) SI_UNIT($,.STERADIAN.) SOLID_ANGLE_UNIT() );
#7933 = UNCERTAINTY_MEASURE_WITH_UNIT(LENGTH_MEASURE(1.E-07),#7930,
  'distance_accuracy_value','confusion accuracy');
#7934 = PRODUCT_RELATED_PRODUCT_CATEGORY('part',$,(#7));
ENDSEC;
END-ISO-10303-21;
