ISO-10303-21;
HEADER;
FILE_DESCRIPTION(('Open CASCADE Model'),'2;1');
FILE_NAME('Open CASCADE Shape Model','2026-09-29T12:47:59',('Author'),(
    'Open CASCADE'),'Open CASCADE STEP processor 7.9','Open CASCADE 7.9'
  ,'Unknown');
FILE_SCHEMA(('AUTOMOTIVE_DESIGN { 1 0 10303 214 1 1 1 1 }'));
ENDSEC;
DATA;
#1 = APPLICATION_PROTOCOL_DEFINITION('international standard',
  'automotive_design',2000,#2);
#2 = APPLICATION_CONTEXT(
  'core data for automotive mechanical design processes');
#3 = SHAPE_DEFINITION_REPRESENTATION(#4,#10);
#4 = PRODUCT_DEFINITION_SHAPE('','',#5);
#5 = PRODUCT_DEFINITION('design','',#6,#9);
#6 = PRODUCT_DEFINITION_FORMATION('','',#7);
#7 = PRODUCT('clock_bench','clock_bench','',(#8));
#8 = PRODUCT_CONTEXT('',#2,'mechanical');
#9 = PRODUCT_DEFINITION_CONTEXT('part definition',#2,'design');
#10 = SHAPE_REPRESENTATION('',(#11,#15,#19,#23,#27,#31,#35,#39,#43,#47,
    #51,#55,#59,#63,#67,#71,#75,#79,#83),#87);
#11 = AXIS2_PLACEMENT_3D('',#12,#13,#14);
#12 = CARTESIAN_POINT('',(0.,0.,0.));
#13 = DIRECTION('',(0.,0.,1.));
#14 = DIRECTION('',(1.,0.,-0.));
#15 = AXIS2_PLACEMENT_3D('',#16,#17,#18);
#16 = CARTESIAN_POINT('',(0.,0.,0.));
#17 = DIRECTION('',(0.,0.,1.));
#18 = DIRECTION('',(1.,0.,-0.));
#19 = AXIS2_PLACEMENT_3D('',#20,#21,#22);
#20 = CARTESIAN_POINT('',(0.,0.,0.));
#21 = DIRECTION('',(0.,0.,1.));
#22 = DIRECTION('',(1.,0.,-0.));
#23 = AXIS2_PLACEMENT_3D('',#24,#25,#26);
#24 = CARTESIAN_POINT('',(0.,0.,0.));
#25 = DIRECTION('',(0.,0.,1.));
#26 = DIRECTION('',(1.,0.,-0.));
#27 = AXIS2_PLACEMENT_3D('',#28,#29,#30);
#28 = CARTESIAN_POINT('',(0.,0.,0.));
#29 = DIRECTION('',(0.,0.,1.));
#30 = DIRECTION('',(1.,0.,-0.));
#31 = AXIS2_PLACEMENT_3D('',#32,#33,#34);
#32 = CARTESIAN_POINT('',(0.,0.,0.));
#33 = DIRECTION('',(0.,0.,1.));
#34 = DIRECTION('',(1.,0.,-0.));
#35 = AXIS2_PLACEMENT_3D('',#36,#37,#38);
#36 = CARTESIAN_POINT('',(0.,0.,0.));
#37 = DIRECTION('',(0.,0.,1.));
#38 = DIRECTION('',(1.,0.,-0.));
#39 = AXIS2_PLACEMENT_3D('',#40,#41,#42);
#40 = CARTESIAN_POINT('',(0.,0.,0.));
#41 = DIRECTION('',(0.,0.,1.));
#42 = DIRECTION('',(1.,0.,-0.));
#43 = AXIS2_PLACEMENT_3D('',#44,#45,#46);
#44 = CARTESIAN_POINT('',(0.,0.,0.));
#45 = DIRECTION('',(0.,0.,1.));
#46 = DIRECTION('',(1.,0.,-0.));
#47 = AXIS2_PLACEMENT_3D('',#48,#49,#50);
#48 = CARTESIAN_POINT('',(0.,0.,0.));
#49 = DIRECTION('',(0.,0.,1.));
#50 = DIRECTION('',(1.,0.,-0.));
#51 = AXIS2_PLACEMENT_3D('',#52,#53,#54);
#52 = CARTESIAN_POINT('',(0.,0.,0.));
#53 = DIRECTION('',(0.,0.,1.));
#54 = DIRECTION('',(1.,0.,-0.));
#55 = AXIS2_PLACEMENT_3D('',#56,#57,#58);
#56 = CARTESIAN_POINT('',(0.,0.,0.));
#57 = DIRECTION('',(0.,0.,1.));
#58 = DIRECTION('',(1.,0.,-0.));
#59 = AXIS2_PLACEMENT_3D('',#60,#61,#62);
#60 = CARTESIAN_POINT('',(0.,0.,0.));
#61 = DIRECTION('',(0.,0.,1.));
#62 = DIRECTION('',(1.,0.,-0.));
#63 = AXIS2_PLACEMENT_3D('',#64,#65,#66);
#64 = CARTESIAN_POINT('',(0.,0.,0.));
#65 = DIRECTION('',(0.,0.,1.));
#66 = DIRECTION('',(1.,0.,-0.));
#67 = AXIS2_PLACEMENT_3D('',#68,#69,#70);
#68 = CARTESIAN_POINT('',(0.,0.,0.));
#69 = DIRECTION('',(0.,0.,1.));
#70 = DIRECTION('',(1.,0.,-0.));
#71 = AXIS2_PLACEMENT_3D('',#72,#73,#74);
#72 = CARTESIAN_POINT('',(0.,0.,0.));
#73 = DIRECTION('',(0.,0.,1.));
#74 = DIRECTION('',(1.,0.,-0.));
#75 = AXIS2_PLACEMENT_3D('',#76,#77,#78);
#76 = CARTESIAN_POINT('',(0.,0.,0.));
#77 = DIRECTION('',(0.,0.,1.));
#78 = DIRECTION('',(1.,0.,-0.));
#79 = AXIS2_PLACEMENT_3D('',#80,#81,#82);
#80 = CARTESIAN_POINT('',(0.,0.,0.));
#81 = DIRECTION('',(0.,0.,1.));
#82 = DIRECTION('',(1.,0.,-0.));
#83 = AXIS2_PLACEMENT_3D('',#84,#85,#86);
#84 = CARTESIAN_POINT('',(0.,0.,0.));
#85 = DIRECTION('',(0.,0.,1.));
#86 = DIRECTION('',(1.,0.,-0.));
#87 = ( GEOMETRIC_REPRESENTATION_CONTEXT(3) 
GLOBAL_UNCERTAINTY_ASSIGNED_CONTEXT((#91)) GLOBAL_UNIT_ASSIGNED_CONTEXT(
(#88,#89,#90)) REPRESENTATION_CONTEXT('Context #1',
  '3D Context with UNIT and UNCERTAINTY') );
#88 = ( LENGTH_UNIT() NAMED_UNIT(*) SI_UNIT(.MILLI.,.METRE.) );
#89 = ( NAMED_UNIT(*) PLANE_ANGLE_UNIT() SI_UNIT($,.RADIAN.) );
#90 = ( NAMED_UNIT(*) SI_UNIT($,.STERADIAN.) SOLID_ANGLE_UNIT() );
#91 = UNCERTAINTY_MEASURE_WITH_UNIT(LENGTH_MEASURE(5.E-06),#88,
  'distance_accuracy_value','confusion accuracy');
#92 = PRODUCT_RELATED_PRODUCT_CATEGORY('part',$,(#7));
#93 = SHAPE_DEFINITION_REPRESENTATION(#94,#100);
#94 = PRODUCT_DEFINITION_SHAPE('','',#95);
#95 = PRODUCT_DEFINITION('design','',#96,#99);
#96 = PRODUCT_DEFINITION_FORMATION('','',#97);
#97 = PRODUCT('bb_tray','bb_tray','',(#98));
#98 = PRODUCT_CONTEXT('',#2,'mechanical');
#99 = PRODUCT_DEFINITION_CONTEXT('part definition',#2,'design');
#100 = ADVANCED_BREP_SHAPE_REPRESENTATION('',(#11,#101),#1697);
#101 = MANIFOLD_SOLID_BREP('',#102);
#102 = CLOSED_SHELL('',(#103,#330,#584,#632,#887,#939,#1141,#1195,#1343,
    #1370,#1397,#1424,#1449,#1474,#1543,#1570,#1577,#1604,#1631,#1656,
    #1663,#1690));
#103 = ADVANCED_FACE('',(#104),#118,.F.);
#104 = FACE_BOUND('',#105,.F.);
#105 = EDGE_LOOP('',(#106,#141,#169,#197,#225,#253,#279,#306));
#106 = ORIENTED_EDGE('',*,*,#107,.F.);
#107 = EDGE_CURVE('',#108,#110,#112,.T.);
#108 = VERTEX_POINT('',#109);
#109 = CARTESIAN_POINT('',(-87.5,-29.,5.));
#110 = VERTEX_POINT('',#111);
#111 = CARTESIAN_POINT('',(-87.5,-11.,5.));
#112 = SURFACE_CURVE('',#113,(#117,#129),.PCURVE_S1.);
#113 = LINE('',#114,#115);
#114 = CARTESIAN_POINT('',(-87.5,-32.,5.));
#115 = VECTOR('',#116,1.);
#116 = DIRECTION('',(0.,1.,0.));
#117 = PCURVE('',#118,#123);
#118 = PLANE('',#119);
#119 = AXIS2_PLACEMENT_3D('',#120,#121,#122);
#120 = CARTESIAN_POINT('',(-87.5,-32.,0.));
#121 = DIRECTION('',(1.,0.,0.));
#122 = DIRECTION('',(0.,0.,1.));
#123 = DEFINITIONAL_REPRESENTATION('',(#124),#128);
#124 = LINE('',#125,#126);
#125 = CARTESIAN_POINT('',(5.,0.));
#126 = VECTOR('',#127,1.);
#127 = DIRECTION('',(0.,-1.));
#128 = ( GEOMETRIC_REPRESENTATION_CONTEXT(2) 
PARAMETRIC_REPRESENTATION_CONTEXT() REPRESENTATION_CONTEXT('2D SPACE',''
  ) );
#129 = PCURVE('',#130,#135);
#130 = PLANE('',#131);
#131 = AXIS2_PLACEMENT_3D('',#132,#133,#134);
#132 = CARTESIAN_POINT('',(-87.5,-32.,5.));
#133 = DIRECTION('',(0.,0.,1.));
#134 = DIRECTION('',(1.,0.,0.));
#135 = DEFINITIONAL_REPRESENTATION('',(#136),#140);
#136 = LINE('',#137,#138);
#137 = CARTESIAN_POINT('',(0.,0.));
#138 = VECTOR('',#139,1.);
#139 = DIRECTION('',(0.,1.));
#140 = ( GEOMETRIC_REPRESENTATION_CONTEXT(2) 
PARAMETRIC_REPRESENTATION_CONTEXT() REPRESENTATION_CONTEXT('2D SPACE',''
  ) );
#141 = ORIENTED_EDGE('',*,*,#142,.F.);
#142 = EDGE_CURVE('',#143,#108,#145,.T.);
#143 = VERTEX_POINT('',#144);
#144 = CARTESIAN_POINT('',(-87.5,-29.,0.));
#145 = SURFACE_CURVE('',#146,(#150,#157),.PCURVE_S1.);
#146 = LINE('',#147,#148);
#147 = CARTESIAN_POINT('',(-87.5,-29.,0.));
#148 = VECTOR('',#149,1.);
#149 = DIRECTION('',(0.,0.,1.));
#150 = PCURVE('',#118,#151);
#151 = DEFINITIONAL_REPRESENTATION('',(#152),#156);
#152 = LINE('',#153,#154);
#153 = CARTESIAN_POINT('',(0.,-3.));
#154 = VECTOR('',#155,1.);
#155 = DIRECTION('',(1.,0.));
#156 = ( GEOMETRIC_REPRESENTATION_CONTEXT(2) 
PARAMETRIC_REPRESENTATION_CONTEXT() REPRESENTATION_CONTEXT('2D SPACE',''
  ) );
#157 = PCURVE('',#158,#163);
#158 = CYLINDRICAL_SURFACE('',#159,3.);
#159 = AXIS2_PLACEMENT_3D('',#160,#161,#162);
#160 = CARTESIAN_POINT('',(-84.5,-29.,0.));
#161 = DIRECTION('',(0.,0.,1.));
#162 = DIRECTION('',(-1.,-0.,0.));
#163 = DEFINITIONAL_REPRESENTATION('',(#164),#168);
#164 = LINE('',#165,#166);
#165 = CARTESIAN_POINT('',(0.,0.));
#166 = VECTOR('',#167,1.);
#167 = DIRECTION('',(0.,1.));
#168 = ( GEOMETRIC_REPRESENTATION_CONTEXT(2) 
PARAMETRIC_REPRESENTATION_CONTEXT() REPRESENTATION_CONTEXT('2D SPACE',''
  ) );
#169 = ORIENTED_EDGE('',*,*,#170,.T.);
#170 = EDGE_CURVE('',#143,#171,#173,.T.);
#171 = VERTEX_POINT('',#172);
#172 = CARTESIAN_POINT('',(-87.5,29.,0.));
#173 = SURFACE_CURVE('',#174,(#178,#185),.PCURVE_S1.);
#174 = LINE('',#175,#176);
#175 = CARTESIAN_POINT('',(-87.5,-32.,0.));
#176 = VECTOR('',#177,1.);
#177 = DIRECTION('',(0.,1.,0.));
#178 = PCURVE('',#118,#179);
#179 = DEFINITIONAL_REPRESENTATION('',(#180),#184);
#180 = LINE('',#181,#182);
#181 = CARTESIAN_POINT('',(0.,0.));
#182 = VECTOR('',#183,1.);
#183 = DIRECTION('',(0.,-1.));
#184 = ( GEOMETRIC_REPRESENTATION_CONTEXT(2) 
PARAMETRIC_REPRESENTATION_CONTEXT() REPRESENTATION_CONTEXT('2D SPACE',''
  ) );
#185 = PCURVE('',#186,#191);
#186 = PLANE('',#187);
#187 = AXIS2_PLACEMENT_3D('',#188,#189,#190);
#188 = CARTESIAN_POINT('',(-87.5,-32.,0.));
#189 = DIRECTION('',(0.,0.,1.));
#190 = DIRECTION('',(1.,0.,0.));
#191 = DEFINITIONAL_REPRESENTATION('',(#192),#196);
#192 = LINE('',#193,#194);
#193 = CARTESIAN_POINT('',(0.,0.));
#194 = VECTOR('',#195,1.);
#195 = DIRECTION('',(0.,1.));
#196 = ( GEOMETRIC_REPRESENTATION_CONTEXT(2) 
PARAMETRIC_REPRESENTATION_CONTEXT() REPRESENTATION_CONTEXT('2D SPACE',''
  ) );
#197 = ORIENTED_EDGE('',*,*,#198,.T.);
#198 = EDGE_CURVE('',#171,#199,#201,.T.);
#199 = VERTEX_POINT('',#200);
#200 = CARTESIAN_POINT('',(-87.5,29.,5.));
#201 = SURFACE_CURVE('',#202,(#206,#213),.PCURVE_S1.);
#202 = LINE('',#203,#204);
#203 = CARTESIAN_POINT('',(-87.5,29.,0.));
#204 = VECTOR('',#205,1.);
#205 = DIRECTION('',(0.,0.,1.));
#206 = PCURVE('',#118,#207);
#207 = DEFINITIONAL_REPRESENTATION('',(#208),#212);
#208 = LINE('',#209,#210);
#209 = CARTESIAN_POINT('',(0.,-61.));
#210 = VECTOR('',#211,1.);
#211 = DIRECTION('',(1.,0.));
#212 = ( GEOMETRIC_REPRESENTATION_CONTEXT(2) 
PARAMETRIC_REPRESENTATION_CONTEXT() REPRESENTATION_CONTEXT('2D SPACE',''
  ) );
#213 = PCURVE('',#214,#219);
#214 = CYLINDRICAL_SURFACE('',#215,3.);
#215 = AXIS2_PLACEMENT_3D('',#216,#217,#218);
#216 = CARTESIAN_POINT('',(-84.5,29.,0.));
#217 = DIRECTION('',(0.,0.,1.));
#218 = DIRECTION('',(-1.,-0.,0.));
#219 = DEFINITIONAL_REPRESENTATION('',(#220),#224);
#220 = LINE('',#221,#222);
#221 = CARTESIAN_POINT('',(-0.,0.));
#222 = VECTOR('',#223,1.);
#223 = DIRECTION('',(-0.,1.));
#224 = ( GEOMETRIC_REPRESENTATION_CONTEXT(2) 
PARAMETRIC_REPRESENTATION_CONTEXT() REPRESENTATION_CONTEXT('2D SPACE',''
  ) );
#225 = ORIENTED_EDGE('',*,*,#226,.F.);
#226 = EDGE_CURVE('',#227,#199,#229,.T.);
#227 = VERTEX_POINT('',#228);
#228 = CARTESIAN_POINT('',(-87.5,11.,5.));
#229 = SURFACE_CURVE('',#230,(#234,#241),.PCURVE_S1.);
#230 = LINE('',#231,#232);
#231 = CARTESIAN_POINT('',(-87.5,-32.,5.));
#232 = VECTOR('',#233,1.);
#233 = DIRECTION('',(0.,1.,0.));
#234 = PCURVE('',#118,#235);
#235 = DEFINITIONAL_REPRESENTATION('',(#236),#240);
#236 = LINE('',#237,#238);
#237 = CARTESIAN_POINT('',(5.,0.));
#238 = VECTOR('',#239,1.);
#239 = DIRECTION('',(0.,-1.));
#240 = ( GEOMETRIC_REPRESENTATION_CONTEXT(2) 
PARAMETRIC_REPRESENTATION_CONTEXT() REPRESENTATION_CONTEXT('2D SPACE',''
  ) );
#241 = PCURVE('',#242,#247);
#242 = PLANE('',#243);
#243 = AXIS2_PLACEMENT_3D('',#244,#245,#246);
#244 = CARTESIAN_POINT('',(-87.5,-32.,5.));
#245 = DIRECTION('',(0.,0.,1.));
#246 = DIRECTION('',(1.,0.,0.));
#247 = DEFINITIONAL_REPRESENTATION('',(#248),#252);
#248 = LINE('',#249,#250);
#249 = CARTESIAN_POINT('',(0.,0.));
#250 = VECTOR('',#251,1.);
#251 = DIRECTION('',(0.,1.));
#252 = ( GEOMETRIC_REPRESENTATION_CONTEXT(2) 
PARAMETRIC_REPRESENTATION_CONTEXT() REPRESENTATION_CONTEXT('2D SPACE',''
  ) );
#253 = ORIENTED_EDGE('',*,*,#254,.T.);
#254 = EDGE_CURVE('',#227,#255,#257,.T.);
#255 = VERTEX_POINT('',#256);
#256 = CARTESIAN_POINT('',(-87.5,11.,3.));
#257 = SURFACE_CURVE('',#258,(#262,#268),.PCURVE_S1.);
#258 = LINE('',#259,#260);
#259 = CARTESIAN_POINT('',(-87.5,11.,3.));
#260 = VECTOR('',#261,1.);
#261 = DIRECTION('',(-0.,-0.,-1.));
#262 = PCURVE('',#118,#263);
#263 = DEFINITIONAL_REPRESENTATION('',(#264),#267);
#264 = B_SPLINE_CURVE_WITH_KNOTS('',1,(#265,#266),.UNSPECIFIED.,.F.,.F.,
  (2,2),(-2.5,5.999999999062E-07),.PIECEWISE_BEZIER_KNOTS.);
#265 = CARTESIAN_POINT('',(5.5,-43.));
#266 = CARTESIAN_POINT('',(2.9999994,-43.));
#267 = ( GEOMETRIC_REPRESENTATION_CONTEXT(2) 
PARAMETRIC_REPRESENTATION_CONTEXT() REPRESENTATION_CONTEXT('2D SPACE',''
  ) );
#268 = PCURVE('',#269,#274);
#269 = CYLINDRICAL_SURFACE('',#270,11.);
#270 = AXIS2_PLACEMENT_3D('',#271,#272,#273);
#271 = CARTESIAN_POINT('',(-87.5,0.,3.));
#272 = DIRECTION('',(-0.,-0.,-1.));
#273 = DIRECTION('',(1.,0.,0.));
#274 = DEFINITIONAL_REPRESENTATION('',(#275),#278);
#275 = B_SPLINE_CURVE_WITH_KNOTS('',1,(#276,#277),.UNSPECIFIED.,.F.,.F.,
  (2,2),(-2.5,5.999999999062E-07),.PIECEWISE_BEZIER_KNOTS.);
#276 = CARTESIAN_POINT('',(-1.570796326795,-2.5));
#277 = CARTESIAN_POINT('',(-1.570796326795,5.999999999062E-07));
#278 = ( GEOMETRIC_REPRESENTATION_CONTEXT(2) 
PARAMETRIC_REPRESENTATION_CONTEXT() REPRESENTATION_CONTEXT('2D SPACE',''
  ) );
#279 = ORIENTED_EDGE('',*,*,#280,.T.);
#280 = EDGE_CURVE('',#255,#281,#283,.T.);
#281 = VERTEX_POINT('',#282);
#282 = CARTESIAN_POINT('',(-87.5,-11.,3.));
#283 = SURFACE_CURVE('',#284,(#288,#294),.PCURVE_S1.);
#284 = LINE('',#285,#286);
#285 = CARTESIAN_POINT('',(-87.5,-16.,3.));
#286 = VECTOR('',#287,1.);
#287 = DIRECTION('',(0.,-1.,0.));
#288 = PCURVE('',#118,#289);
#289 = DEFINITIONAL_REPRESENTATION('',(#290),#293);
#290 = B_SPLINE_CURVE_WITH_KNOTS('',1,(#291,#292),.UNSPECIFIED.,.F.,.F.,
  (2,2),(-27.,-5.),.PIECEWISE_BEZIER_KNOTS.);
#291 = CARTESIAN_POINT('',(3.,-43.));
#292 = CARTESIAN_POINT('',(3.,-21.));
#293 = ( GEOMETRIC_REPRESENTATION_CONTEXT(2) 
PARAMETRIC_REPRESENTATION_CONTEXT() REPRESENTATION_CONTEXT('2D SPACE',''
  ) );
#294 = PCURVE('',#295,#300);
#295 = PLANE('',#296);
#296 = AXIS2_PLACEMENT_3D('',#297,#298,#299);
#297 = CARTESIAN_POINT('',(-87.5,-4.490371596874E-16,3.));
#298 = DIRECTION('',(0.,0.,1.));
#299 = DIRECTION('',(1.,0.,-0.));
#300 = DEFINITIONAL_REPRESENTATION('',(#301),#305);
#301 = LINE('',#302,#303);
#302 = CARTESIAN_POINT('',(0.,-16.));
#303 = VECTOR('',#304,1.);
#304 = DIRECTION('',(0.,-1.));
#305 = ( GEOMETRIC_REPRESENTATION_CONTEXT(2) 
PARAMETRIC_REPRESENTATION_CONTEXT() REPRESENTATION_CONTEXT('2D SPACE',''
  ) );
#306 = ORIENTED_EDGE('',*,*,#307,.F.);
#307 = EDGE_CURVE('',#110,#281,#308,.T.);
#308 = SURFACE_CURVE('',#309,(#313,#319),.PCURVE_S1.);
#309 = LINE('',#310,#311);
#310 = CARTESIAN_POINT('',(-87.5,-11.,3.));
#311 = VECTOR('',#312,1.);
#312 = DIRECTION('',(-0.,-0.,-1.));
#313 = PCURVE('',#118,#314);
#314 = DEFINITIONAL_REPRESENTATION('',(#315),#318);
#315 = B_SPLINE_CURVE_WITH_KNOTS('',1,(#316,#317),.UNSPECIFIED.,.F.,.F.,
  (2,2),(-2.5,5.999999999062E-07),.PIECEWISE_BEZIER_KNOTS.);
#316 = CARTESIAN_POINT('',(5.5,-21.));
#317 = CARTESIAN_POINT('',(2.9999994,-21.));
#318 = ( GEOMETRIC_REPRESENTATION_CONTEXT(2) 
PARAMETRIC_REPRESENTATION_CONTEXT() REPRESENTATION_CONTEXT('2D SPACE',''
  ) );
#319 = PCURVE('',#320,#325);
#320 = CYLINDRICAL_SURFACE('',#321,11.);
#321 = AXIS2_PLACEMENT_3D('',#322,#323,#324);
#322 = CARTESIAN_POINT('',(-87.5,0.,3.));
#323 = DIRECTION('',(-0.,-0.,-1.));
#324 = DIRECTION('',(1.,0.,0.));
#325 = DEFINITIONAL_REPRESENTATION('',(#326),#329);
#326 = B_SPLINE_CURVE_WITH_KNOTS('',1,(#327,#328),.UNSPECIFIED.,.F.,.F.,
  (2,2),(-2.5,5.999999999062E-07),.PIECEWISE_BEZIER_KNOTS.);
#327 = CARTESIAN_POINT('',(-4.712388980385,-2.5));
#328 = CARTESIAN_POINT('',(-4.712388980385,5.999999999062E-07));
#329 = ( GEOMETRIC_REPRESENTATION_CONTEXT(2) 
PARAMETRIC_REPRESENTATION_CONTEXT() REPRESENTATION_CONTEXT('2D SPACE',''
  ) );
#330 = ADVANCED_FACE('',(#331),#130,.T.);
#331 = FACE_BOUND('',#332,.T.);
#332 = EDGE_LOOP('',(#333,#334,#358,#386,#419,#447,#480,#506,#532,#558)
  );
#333 = ORIENTED_EDGE('',*,*,#107,.F.);
#334 = ORIENTED_EDGE('',*,*,#335,.T.);
#335 = EDGE_CURVE('',#108,#336,#338,.T.);
#336 = VERTEX_POINT('',#337);
#337 = CARTESIAN_POINT('',(-84.5,-32.,5.));
#338 = SURFACE_CURVE('',#339,(#344,#351),.PCURVE_S1.);
#339 = CIRCLE('',#340,3.);
#340 = AXIS2_PLACEMENT_3D('',#341,#342,#343);
#341 = CARTESIAN_POINT('',(-84.5,-29.,5.));
#342 = DIRECTION('',(0.,0.,1.));
#343 = DIRECTION('',(0.,-1.,0.));
#344 = PCURVE('',#130,#345);
#345 = DEFINITIONAL_REPRESENTATION('',(#346),#350);
#346 = CIRCLE('',#347,3.);
#347 = AXIS2_PLACEMENT_2D('',#348,#349);
#348 = CARTESIAN_POINT('',(3.,3.));
#349 = DIRECTION('',(0.,-1.));
#350 = ( GEOMETRIC_REPRESENTATION_CONTEXT(2) 
PARAMETRIC_REPRESENTATION_CONTEXT() REPRESENTATION_CONTEXT('2D SPACE',''
  ) );
#351 = PCURVE('',#158,#352);
#352 = DEFINITIONAL_REPRESENTATION('',(#353),#357);
#353 = LINE('',#354,#355);
#354 = CARTESIAN_POINT('',(-4.712388980385,5.));
#355 = VECTOR('',#356,1.);
#356 = DIRECTION('',(1.,0.));
#357 = ( GEOMETRIC_REPRESENTATION_CONTEXT(2) 
PARAMETRIC_REPRESENTATION_CONTEXT() REPRESENTATION_CONTEXT('2D SPACE',''
  ) );
#358 = ORIENTED_EDGE('',*,*,#359,.T.);
#359 = EDGE_CURVE('',#336,#360,#362,.T.);
#360 = VERTEX_POINT('',#361);
#361 = CARTESIAN_POINT('',(84.5,-32.,5.));
#362 = SURFACE_CURVE('',#363,(#367,#374),.PCURVE_S1.);
#363 = LINE('',#364,#365);
#364 = CARTESIAN_POINT('',(-87.5,-32.,5.));
#365 = VECTOR('',#366,1.);
#366 = DIRECTION('',(1.,0.,0.));
#367 = PCURVE('',#130,#368);
#368 = DEFINITIONAL_REPRESENTATION('',(#369),#373);
#369 = LINE('',#370,#371);
#370 = CARTESIAN_POINT('',(0.,0.));
#371 = VECTOR('',#372,1.);
#372 = DIRECTION('',(1.,0.));
#373 = ( GEOMETRIC_REPRESENTATION_CONTEXT(2) 
PARAMETRIC_REPRESENTATION_CONTEXT() REPRESENTATION_CONTEXT('2D SPACE',''
  ) );
#374 = PCURVE('',#375,#380);
#375 = PLANE('',#376);
#376 = AXIS2_PLACEMENT_3D('',#377,#378,#379);
#377 = CARTESIAN_POINT('',(-87.5,-32.,0.));
#378 = DIRECTION('',(0.,1.,0.));
#379 = DIRECTION('',(0.,0.,1.));
#380 = DEFINITIONAL_REPRESENTATION('',(#381),#385);
#381 = LINE('',#382,#383);
#382 = CARTESIAN_POINT('',(5.,0.));
#383 = VECTOR('',#384,1.);
#384 = DIRECTION('',(0.,1.));
#385 = ( GEOMETRIC_REPRESENTATION_CONTEXT(2) 
PARAMETRIC_REPRESENTATION_CONTEXT() REPRESENTATION_CONTEXT('2D SPACE',''
  ) );
#386 = ORIENTED_EDGE('',*,*,#387,.F.);
#387 = EDGE_CURVE('',#388,#360,#390,.T.);
#388 = VERTEX_POINT('',#389);
#389 = CARTESIAN_POINT('',(87.5,-29.,5.));
#390 = SURFACE_CURVE('',#391,(#396,#407),.PCURVE_S1.);
#391 = CIRCLE('',#392,3.);
#392 = AXIS2_PLACEMENT_3D('',#393,#394,#395);
#393 = CARTESIAN_POINT('',(84.5,-29.,5.));
#394 = DIRECTION('',(-0.,-0.,-1.));
#395 = DIRECTION('',(0.,-1.,0.));
#396 = PCURVE('',#130,#397);
#397 = DEFINITIONAL_REPRESENTATION('',(#398),#406);
#398 = ( BOUNDED_CURVE() B_SPLINE_CURVE(2,(#399,#400,#401,#402,#403,#404
,#405),.UNSPECIFIED.,.T.,.F.) B_SPLINE_CURVE_WITH_KNOTS((1,2,2,2,2,1),(
    -2.094395102393,0.,2.094395102393,4.188790204786,6.28318530718,
8.377580409573),.UNSPECIFIED.) CURVE() GEOMETRIC_REPRESENTATION_ITEM() 
RATIONAL_B_SPLINE_CURVE((1.,0.5,1.,0.5,1.,0.5,1.)) REPRESENTATION_ITEM(
  '') );
#399 = CARTESIAN_POINT('',(172.,0.));
#400 = CARTESIAN_POINT('',(166.80384757729,0.));
#401 = CARTESIAN_POINT('',(169.40192378864,4.5));
#402 = CARTESIAN_POINT('',(172.,9.));
#403 = CARTESIAN_POINT('',(174.59807621135,4.5));
#404 = CARTESIAN_POINT('',(177.1961524227,4.440892098501E-15));
#405 = CARTESIAN_POINT('',(172.,0.));
#406 = ( GEOMETRIC_REPRESENTATION_CONTEXT(2) 
PARAMETRIC_REPRESENTATION_CONTEXT() REPRESENTATION_CONTEXT('2D SPACE',''
  ) );
#407 = PCURVE('',#408,#413);
#408 = CYLINDRICAL_SURFACE('',#409,3.);
#409 = AXIS2_PLACEMENT_3D('',#410,#411,#412);
#410 = CARTESIAN_POINT('',(84.5,-29.,0.));
#411 = DIRECTION('',(0.,0.,1.));
#412 = DIRECTION('',(1.,0.,-0.));
#413 = DEFINITIONAL_REPRESENTATION('',(#414),#418);
#414 = LINE('',#415,#416);
#415 = CARTESIAN_POINT('',(4.712388980385,5.));
#416 = VECTOR('',#417,1.);
#417 = DIRECTION('',(-1.,0.));
#418 = ( GEOMETRIC_REPRESENTATION_CONTEXT(2) 
PARAMETRIC_REPRESENTATION_CONTEXT() REPRESENTATION_CONTEXT('2D SPACE',''
  ) );
#419 = ORIENTED_EDGE('',*,*,#420,.T.);
#420 = EDGE_CURVE('',#388,#421,#423,.T.);
#421 = VERTEX_POINT('',#422);
#422 = CARTESIAN_POINT('',(87.5,-11.,5.));
#423 = SURFACE_CURVE('',#424,(#428,#435),.PCURVE_S1.);
#424 = LINE('',#425,#426);
#425 = CARTESIAN_POINT('',(87.5,-32.,5.));
#426 = VECTOR('',#427,1.);
#427 = DIRECTION('',(0.,1.,0.));
#428 = PCURVE('',#130,#429);
#429 = DEFINITIONAL_REPRESENTATION('',(#430),#434);
#430 = LINE('',#431,#432);
#431 = CARTESIAN_POINT('',(175.,0.));
#432 = VECTOR('',#433,1.);
#433 = DIRECTION('',(0.,1.));
#434 = ( GEOMETRIC_REPRESENTATION_CONTEXT(2) 
PARAMETRIC_REPRESENTATION_CONTEXT() REPRESENTATION_CONTEXT('2D SPACE',''
  ) );
#435 = PCURVE('',#436,#441);
#436 = PLANE('',#437);
#437 = AXIS2_PLACEMENT_3D('',#438,#439,#440);
#438 = CARTESIAN_POINT('',(87.5,-32.,0.));
#439 = DIRECTION('',(1.,0.,0.));
#440 = DIRECTION('',(0.,0.,1.));
#441 = DEFINITIONAL_REPRESENTATION('',(#442),#446);
#442 = LINE('',#443,#444);
#443 = CARTESIAN_POINT('',(5.,0.));
#444 = VECTOR('',#445,1.);
#445 = DIRECTION('',(0.,-1.));
#446 = ( GEOMETRIC_REPRESENTATION_CONTEXT(2) 
PARAMETRIC_REPRESENTATION_CONTEXT() REPRESENTATION_CONTEXT('2D SPACE',''
  ) );
#447 = ORIENTED_EDGE('',*,*,#448,.T.);
#448 = EDGE_CURVE('',#421,#449,#451,.T.);
#449 = VERTEX_POINT('',#450);
#450 = CARTESIAN_POINT('',(82.85,-9.968826410365,5.));
#451 = SURFACE_CURVE('',#452,(#457,#468),.PCURVE_S1.);
#452 = CIRCLE('',#453,11.);
#453 = AXIS2_PLACEMENT_3D('',#454,#455,#456);
#454 = CARTESIAN_POINT('',(87.5,0.,5.));
#455 = DIRECTION('',(0.,0.,-1.));
#456 = DIRECTION('',(1.,0.,0.));
#457 = PCURVE('',#130,#458);
#458 = DEFINITIONAL_REPRESENTATION('',(#459),#467);
#459 = ( BOUNDED_CURVE() B_SPLINE_CURVE(2,(#460,#461,#462,#463,#464,#465
,#466),.UNSPECIFIED.,.T.,.F.) B_SPLINE_CURVE_WITH_KNOTS((1,2,2,2,2,1),(
    -2.094395102393,0.,2.094395102393,4.188790204786,6.28318530718,
8.377580409573),.UNSPECIFIED.) CURVE() GEOMETRIC_REPRESENTATION_ITEM() 
RATIONAL_B_SPLINE_CURVE((1.,0.5,1.,0.5,1.,0.5,1.)) REPRESENTATION_ITEM(
  '') );
#460 = CARTESIAN_POINT('',(186.,32.));
#461 = CARTESIAN_POINT('',(186.,12.947441116742));
#462 = CARTESIAN_POINT('',(169.5,22.473720558371));
#463 = CARTESIAN_POINT('',(153.,32.));
#464 = CARTESIAN_POINT('',(169.5,41.526279441629));
#465 = CARTESIAN_POINT('',(186.,51.052558883258));
#466 = CARTESIAN_POINT('',(186.,32.));
#467 = ( GEOMETRIC_REPRESENTATION_CONTEXT(2) 
PARAMETRIC_REPRESENTATION_CONTEXT() REPRESENTATION_CONTEXT('2D SPACE',''
  ) );
#468 = PCURVE('',#469,#474);
#469 = CYLINDRICAL_SURFACE('',#470,11.);
#470 = AXIS2_PLACEMENT_3D('',#471,#472,#473);
#471 = CARTESIAN_POINT('',(87.5,0.,3.));
#472 = DIRECTION('',(-0.,-0.,-1.));
#473 = DIRECTION('',(1.,0.,0.));
#474 = DEFINITIONAL_REPRESENTATION('',(#475),#479);
#475 = LINE('',#476,#477);
#476 = CARTESIAN_POINT('',(-6.28318530718,-2.));
#477 = VECTOR('',#478,1.);
#478 = DIRECTION('',(1.,-0.));
#479 = ( GEOMETRIC_REPRESENTATION_CONTEXT(2) 
PARAMETRIC_REPRESENTATION_CONTEXT() REPRESENTATION_CONTEXT('2D SPACE',''
  ) );
#480 = ORIENTED_EDGE('',*,*,#481,.F.);
#481 = EDGE_CURVE('',#482,#449,#484,.T.);
#482 = VERTEX_POINT('',#483);
#483 = CARTESIAN_POINT('',(82.85,-27.6,5.));
#484 = SURFACE_CURVE('',#485,(#489,#495),.PCURVE_S1.);
#485 = LINE('',#486,#487);
#486 = CARTESIAN_POINT('',(82.85,-29.8,5.));
#487 = VECTOR('',#488,1.);
#488 = DIRECTION('',(0.,1.,0.));
#489 = PCURVE('',#130,#490);
#490 = DEFINITIONAL_REPRESENTATION('',(#491),#494);
#491 = B_SPLINE_CURVE_WITH_KNOTS('',1,(#492,#493),.UNSPECIFIED.,.F.,.F.,
  (2,2),(2.2,57.4),.PIECEWISE_BEZIER_KNOTS.);
#492 = CARTESIAN_POINT('',(170.35,4.4));
#493 = CARTESIAN_POINT('',(170.35,59.6));
#494 = ( GEOMETRIC_REPRESENTATION_CONTEXT(2) 
PARAMETRIC_REPRESENTATION_CONTEXT() REPRESENTATION_CONTEXT('2D SPACE',''
  ) );
#495 = PCURVE('',#496,#501);
#496 = PLANE('',#497);
#497 = AXIS2_PLACEMENT_3D('',#498,#499,#500);
#498 = CARTESIAN_POINT('',(82.85,-27.6,3.));
#499 = DIRECTION('',(1.,0.,0.));
#500 = DIRECTION('',(0.,0.,1.));
#501 = DEFINITIONAL_REPRESENTATION('',(#502),#505);
#502 = B_SPLINE_CURVE_WITH_KNOTS('',1,(#503,#504),.UNSPECIFIED.,.F.,.F.,
  (2,2),(2.2,57.4),.PIECEWISE_BEZIER_KNOTS.);
#503 = CARTESIAN_POINT('',(2.,0.));
#504 = CARTESIAN_POINT('',(2.,-55.2));
#505 = ( GEOMETRIC_REPRESENTATION_CONTEXT(2) 
PARAMETRIC_REPRESENTATION_CONTEXT() REPRESENTATION_CONTEXT('2D SPACE',''
  ) );
#506 = ORIENTED_EDGE('',*,*,#507,.T.);
#507 = EDGE_CURVE('',#482,#508,#510,.T.);
#508 = VERTEX_POINT('',#509);
#509 = CARTESIAN_POINT('',(-82.85,-27.6,5.));
#510 = SURFACE_CURVE('',#511,(#515,#521),.PCURVE_S1.);
#511 = LINE('',#512,#513);
#512 = CARTESIAN_POINT('',(-85.175,-27.6,5.));
#513 = VECTOR('',#514,1.);
#514 = DIRECTION('',(-1.,0.,0.));
#515 = PCURVE('',#130,#516);
#516 = DEFINITIONAL_REPRESENTATION('',(#517),#520);
#517 = B_SPLINE_CURVE_WITH_KNOTS('',1,(#518,#519),.UNSPECIFIED.,.F.,.F.,
  (2,2),(-168.025,-2.325),.PIECEWISE_BEZIER_KNOTS.);
#518 = CARTESIAN_POINT('',(170.35,4.4));
#519 = CARTESIAN_POINT('',(4.65,4.4));
#520 = ( GEOMETRIC_REPRESENTATION_CONTEXT(2) 
PARAMETRIC_REPRESENTATION_CONTEXT() REPRESENTATION_CONTEXT('2D SPACE',''
  ) );
#521 = PCURVE('',#522,#527);
#522 = PLANE('',#523);
#523 = AXIS2_PLACEMENT_3D('',#524,#525,#526);
#524 = CARTESIAN_POINT('',(-82.85,-27.6,3.));
#525 = DIRECTION('',(0.,1.,0.));
#526 = DIRECTION('',(0.,0.,1.));
#527 = DEFINITIONAL_REPRESENTATION('',(#528),#531);
#528 = B_SPLINE_CURVE_WITH_KNOTS('',1,(#529,#530),.UNSPECIFIED.,.F.,.F.,
  (2,2),(-168.025,-2.325),.PIECEWISE_BEZIER_KNOTS.);
#529 = CARTESIAN_POINT('',(2.,165.7));
#530 = CARTESIAN_POINT('',(2.,0.));
#531 = ( GEOMETRIC_REPRESENTATION_CONTEXT(2) 
PARAMETRIC_REPRESENTATION_CONTEXT() REPRESENTATION_CONTEXT('2D SPACE',''
  ) );
#532 = ORIENTED_EDGE('',*,*,#533,.T.);
#533 = EDGE_CURVE('',#508,#534,#536,.T.);
#534 = VERTEX_POINT('',#535);
#535 = CARTESIAN_POINT('',(-82.85,-9.968826410365,5.));
#536 = SURFACE_CURVE('',#537,(#541,#547),.PCURVE_S1.);
#537 = LINE('',#538,#539);
#538 = CARTESIAN_POINT('',(-82.85,-29.8,5.));
#539 = VECTOR('',#540,1.);
#540 = DIRECTION('',(0.,1.,0.));
#541 = PCURVE('',#130,#542);
#542 = DEFINITIONAL_REPRESENTATION('',(#543),#546);
#543 = B_SPLINE_CURVE_WITH_KNOTS('',1,(#544,#545),.UNSPECIFIED.,.F.,.F.,
  (2,2),(2.2,57.4),.PIECEWISE_BEZIER_KNOTS.);
#544 = CARTESIAN_POINT('',(4.65,4.4));
#545 = CARTESIAN_POINT('',(4.65,59.6));
#546 = ( GEOMETRIC_REPRESENTATION_CONTEXT(2) 
PARAMETRIC_REPRESENTATION_CONTEXT() REPRESENTATION_CONTEXT('2D SPACE',''
  ) );
#547 = PCURVE('',#548,#553);
#548 = PLANE('',#549);
#549 = AXIS2_PLACEMENT_3D('',#550,#551,#552);
#550 = CARTESIAN_POINT('',(-82.85,-27.6,3.));
#551 = DIRECTION('',(1.,0.,0.));
#552 = DIRECTION('',(0.,0.,1.));
#553 = DEFINITIONAL_REPRESENTATION('',(#554),#557);
#554 = B_SPLINE_CURVE_WITH_KNOTS('',1,(#555,#556),.UNSPECIFIED.,.F.,.F.,
  (2,2),(2.2,57.4),.PIECEWISE_BEZIER_KNOTS.);
#555 = CARTESIAN_POINT('',(2.,0.));
#556 = CARTESIAN_POINT('',(2.,-55.2));
#557 = ( GEOMETRIC_REPRESENTATION_CONTEXT(2) 
PARAMETRIC_REPRESENTATION_CONTEXT() REPRESENTATION_CONTEXT('2D SPACE',''
  ) );
#558 = ORIENTED_EDGE('',*,*,#559,.T.);
#559 = EDGE_CURVE('',#534,#110,#560,.T.);
#560 = SURFACE_CURVE('',#561,(#566,#577),.PCURVE_S1.);
#561 = CIRCLE('',#562,11.);
#562 = AXIS2_PLACEMENT_3D('',#563,#564,#565);
#563 = CARTESIAN_POINT('',(-87.5,0.,5.));
#564 = DIRECTION('',(0.,0.,-1.));
#565 = DIRECTION('',(1.,0.,0.));
#566 = PCURVE('',#130,#567);
#567 = DEFINITIONAL_REPRESENTATION('',(#568),#576);
#568 = ( BOUNDED_CURVE() B_SPLINE_CURVE(2,(#569,#570,#571,#572,#573,#574
,#575),.UNSPECIFIED.,.T.,.F.) B_SPLINE_CURVE_WITH_KNOTS((1,2,2,2,2,1),(
    -2.094395102393,0.,2.094395102393,4.188790204786,6.28318530718,
8.377580409573),.UNSPECIFIED.) CURVE() GEOMETRIC_REPRESENTATION_ITEM() 
RATIONAL_B_SPLINE_CURVE((1.,0.5,1.,0.5,1.,0.5,1.)) REPRESENTATION_ITEM(
  '') );
#569 = CARTESIAN_POINT('',(11.,32.));
#570 = CARTESIAN_POINT('',(11.,12.947441116742));
#571 = CARTESIAN_POINT('',(-5.5,22.473720558371));
#572 = CARTESIAN_POINT('',(-22.,32.));
#573 = CARTESIAN_POINT('',(-5.5,41.526279441629));
#574 = CARTESIAN_POINT('',(11.,51.052558883258));
#575 = CARTESIAN_POINT('',(11.,32.));
#576 = ( GEOMETRIC_REPRESENTATION_CONTEXT(2) 
PARAMETRIC_REPRESENTATION_CONTEXT() REPRESENTATION_CONTEXT('2D SPACE',''
  ) );
#577 = PCURVE('',#320,#578);
#578 = DEFINITIONAL_REPRESENTATION('',(#579),#583);
#579 = LINE('',#580,#581);
#580 = CARTESIAN_POINT('',(-6.28318530718,-2.));
#581 = VECTOR('',#582,1.);
#582 = DIRECTION('',(1.,-0.));
#583 = ( GEOMETRIC_REPRESENTATION_CONTEXT(2) 
PARAMETRIC_REPRESENTATION_CONTEXT() REPRESENTATION_CONTEXT('2D SPACE',''
  ) );
#584 = ADVANCED_FACE('',(#585),#320,.F.);
#585 = FACE_BOUND('',#586,.T.);
#586 = EDGE_LOOP('',(#587,#608,#630,#631));
#587 = ORIENTED_EDGE('',*,*,#588,.T.);
#588 = EDGE_CURVE('',#534,#589,#591,.T.);
#589 = VERTEX_POINT('',#590);
#590 = CARTESIAN_POINT('',(-82.85,-9.968826410366,3.));
#591 = SURFACE_CURVE('',#592,(#596,#602),.PCURVE_S1.);
#592 = LINE('',#593,#594);
#593 = CARTESIAN_POINT('',(-82.85,-9.968826410365,3.));
#594 = VECTOR('',#595,1.);
#595 = DIRECTION('',(-0.,-0.,-1.));
#596 = PCURVE('',#320,#597);
#597 = DEFINITIONAL_REPRESENTATION('',(#598),#601);
#598 = B_SPLINE_CURVE_WITH_KNOTS('',1,(#599,#600),.UNSPECIFIED.,.F.,.F.,
  (2,2),(-2.2,5.999999999062E-07),.PIECEWISE_BEZIER_KNOTS.);
#599 = CARTESIAN_POINT('',(-5.148841577072,-2.2));
#600 = CARTESIAN_POINT('',(-5.148841577072,5.999999999062E-07));
#601 = ( GEOMETRIC_REPRESENTATION_CONTEXT(2) 
PARAMETRIC_REPRESENTATION_CONTEXT() REPRESENTATION_CONTEXT('2D SPACE',''
  ) );
#602 = PCURVE('',#548,#603);
#603 = DEFINITIONAL_REPRESENTATION('',(#604),#607);
#604 = B_SPLINE_CURVE_WITH_KNOTS('',1,(#605,#606),.UNSPECIFIED.,.F.,.F.,
  (2,2),(-2.2,5.999999999062E-07),.PIECEWISE_BEZIER_KNOTS.);
#605 = CARTESIAN_POINT('',(2.2,-17.63117358963));
#606 = CARTESIAN_POINT('',(-5.999999999062E-07,-17.63117358963));
#607 = ( GEOMETRIC_REPRESENTATION_CONTEXT(2) 
PARAMETRIC_REPRESENTATION_CONTEXT() REPRESENTATION_CONTEXT('2D SPACE',''
  ) );
#608 = ORIENTED_EDGE('',*,*,#609,.F.);
#609 = EDGE_CURVE('',#281,#589,#610,.T.);
#610 = SURFACE_CURVE('',#611,(#616,#623),.PCURVE_S1.);
#611 = CIRCLE('',#612,11.);
#612 = AXIS2_PLACEMENT_3D('',#613,#614,#615);
#613 = CARTESIAN_POINT('',(-87.5,0.,3.));
#614 = DIRECTION('',(0.,0.,1.));
#615 = DIRECTION('',(1.,0.,0.));
#616 = PCURVE('',#320,#617);
#617 = DEFINITIONAL_REPRESENTATION('',(#618),#622);
#618 = LINE('',#619,#620);
#619 = CARTESIAN_POINT('',(-0.,0.));
#620 = VECTOR('',#621,1.);
#621 = DIRECTION('',(-1.,0.));
#622 = ( GEOMETRIC_REPRESENTATION_CONTEXT(2) 
PARAMETRIC_REPRESENTATION_CONTEXT() REPRESENTATION_CONTEXT('2D SPACE',''
  ) );
#623 = PCURVE('',#295,#624);
#624 = DEFINITIONAL_REPRESENTATION('',(#625),#629);
#625 = CIRCLE('',#626,11.);
#626 = AXIS2_PLACEMENT_2D('',#627,#628);
#627 = CARTESIAN_POINT('',(0.,4.490371596874E-16));
#628 = DIRECTION('',(1.,0.));
#629 = ( GEOMETRIC_REPRESENTATION_CONTEXT(2) 
PARAMETRIC_REPRESENTATION_CONTEXT() REPRESENTATION_CONTEXT('2D SPACE',''
  ) );
#630 = ORIENTED_EDGE('',*,*,#307,.F.);
#631 = ORIENTED_EDGE('',*,*,#559,.F.);
#632 = ADVANCED_FACE('',(#633),#295,.T.);
#633 = FACE_BOUND('',#634,.T.);
#634 = EDGE_LOOP('',(#635,#636,#637,#660,#683,#706,#730,#752,#781,#809,
    #837,#865));
#635 = ORIENTED_EDGE('',*,*,#280,.T.);
#636 = ORIENTED_EDGE('',*,*,#609,.T.);
#637 = ORIENTED_EDGE('',*,*,#638,.F.);
#638 = EDGE_CURVE('',#639,#589,#641,.T.);
#639 = VERTEX_POINT('',#640);
#640 = CARTESIAN_POINT('',(-82.85,-27.6,3.));
#641 = SURFACE_CURVE('',#642,(#646,#653),.PCURVE_S1.);
#642 = LINE('',#643,#644);
#643 = CARTESIAN_POINT('',(-82.85,-27.6,3.));
#644 = VECTOR('',#645,1.);
#645 = DIRECTION('',(0.,1.,0.));
#646 = PCURVE('',#295,#647);
#647 = DEFINITIONAL_REPRESENTATION('',(#648),#652);
#648 = LINE('',#649,#650);
#649 = CARTESIAN_POINT('',(4.65,-27.6));
#650 = VECTOR('',#651,1.);
#651 = DIRECTION('',(0.,1.));
#652 = ( GEOMETRIC_REPRESENTATION_CONTEXT(2) 
PARAMETRIC_REPRESENTATION_CONTEXT() REPRESENTATION_CONTEXT('2D SPACE',''
  ) );
#653 = PCURVE('',#548,#654);
#654 = DEFINITIONAL_REPRESENTATION('',(#655),#659);
#655 = LINE('',#656,#657);
#656 = CARTESIAN_POINT('',(0.,0.));
#657 = VECTOR('',#658,1.);
#658 = DIRECTION('',(0.,-1.));
#659 = ( GEOMETRIC_REPRESENTATION_CONTEXT(2) 
PARAMETRIC_REPRESENTATION_CONTEXT() REPRESENTATION_CONTEXT('2D SPACE',''
  ) );
#660 = ORIENTED_EDGE('',*,*,#661,.T.);
#661 = EDGE_CURVE('',#639,#662,#664,.T.);
#662 = VERTEX_POINT('',#663);
#663 = CARTESIAN_POINT('',(82.85,-27.6,3.));
#664 = SURFACE_CURVE('',#665,(#669,#676),.PCURVE_S1.);
#665 = LINE('',#666,#667);
#666 = CARTESIAN_POINT('',(-82.85,-27.6,3.));
#667 = VECTOR('',#668,1.);
#668 = DIRECTION('',(1.,0.,0.));
#669 = PCURVE('',#295,#670);
#670 = DEFINITIONAL_REPRESENTATION('',(#671),#675);
#671 = LINE('',#672,#673);
#672 = CARTESIAN_POINT('',(4.65,-27.6));
#673 = VECTOR('',#674,1.);
#674 = DIRECTION('',(1.,0.));
#675 = ( GEOMETRIC_REPRESENTATION_CONTEXT(2) 
PARAMETRIC_REPRESENTATION_CONTEXT() REPRESENTATION_CONTEXT('2D SPACE',''
  ) );
#676 = PCURVE('',#522,#677);
#677 = DEFINITIONAL_REPRESENTATION('',(#678),#682);
#678 = LINE('',#679,#680);
#679 = CARTESIAN_POINT('',(0.,0.));
#680 = VECTOR('',#681,1.);
#681 = DIRECTION('',(0.,1.));
#682 = ( GEOMETRIC_REPRESENTATION_CONTEXT(2) 
PARAMETRIC_REPRESENTATION_CONTEXT() REPRESENTATION_CONTEXT('2D SPACE',''
  ) );
#683 = ORIENTED_EDGE('',*,*,#684,.T.);
#684 = EDGE_CURVE('',#662,#685,#687,.T.);
#685 = VERTEX_POINT('',#686);
#686 = CARTESIAN_POINT('',(82.85,-9.968826410365,3.));
#687 = SURFACE_CURVE('',#688,(#692,#699),.PCURVE_S1.);
#688 = LINE('',#689,#690);
#689 = CARTESIAN_POINT('',(82.85,-27.6,3.));
#690 = VECTOR('',#691,1.);
#691 = DIRECTION('',(0.,1.,0.));
#692 = PCURVE('',#295,#693);
#693 = DEFINITIONAL_REPRESENTATION('',(#694),#698);
#694 = LINE('',#695,#696);
#695 = CARTESIAN_POINT('',(170.35,-27.6));
#696 = VECTOR('',#697,1.);
#697 = DIRECTION('',(0.,1.));
#698 = ( GEOMETRIC_REPRESENTATION_CONTEXT(2) 
PARAMETRIC_REPRESENTATION_CONTEXT() REPRESENTATION_CONTEXT('2D SPACE',''
  ) );
#699 = PCURVE('',#496,#700);
#700 = DEFINITIONAL_REPRESENTATION('',(#701),#705);
#701 = LINE('',#702,#703);
#702 = CARTESIAN_POINT('',(0.,0.));
#703 = VECTOR('',#704,1.);
#704 = DIRECTION('',(0.,-1.));
#705 = ( GEOMETRIC_REPRESENTATION_CONTEXT(2) 
PARAMETRIC_REPRESENTATION_CONTEXT() REPRESENTATION_CONTEXT('2D SPACE',''
  ) );
#706 = ORIENTED_EDGE('',*,*,#707,.T.);
#707 = EDGE_CURVE('',#685,#708,#710,.T.);
#708 = VERTEX_POINT('',#709);
#709 = CARTESIAN_POINT('',(87.5,-11.,3.));
#710 = SURFACE_CURVE('',#711,(#716,#723),.PCURVE_S1.);
#711 = CIRCLE('',#712,11.);
#712 = AXIS2_PLACEMENT_3D('',#713,#714,#715);
#713 = CARTESIAN_POINT('',(87.5,0.,3.));
#714 = DIRECTION('',(0.,0.,1.));
#715 = DIRECTION('',(1.,0.,0.));
#716 = PCURVE('',#295,#717);
#717 = DEFINITIONAL_REPRESENTATION('',(#718),#722);
#718 = CIRCLE('',#719,11.);
#719 = AXIS2_PLACEMENT_2D('',#720,#721);
#720 = CARTESIAN_POINT('',(175.,4.490371596874E-16));
#721 = DIRECTION('',(1.,0.));
#722 = ( GEOMETRIC_REPRESENTATION_CONTEXT(2) 
PARAMETRIC_REPRESENTATION_CONTEXT() REPRESENTATION_CONTEXT('2D SPACE',''
  ) );
#723 = PCURVE('',#469,#724);
#724 = DEFINITIONAL_REPRESENTATION('',(#725),#729);
#725 = LINE('',#726,#727);
#726 = CARTESIAN_POINT('',(-0.,0.));
#727 = VECTOR('',#728,1.);
#728 = DIRECTION('',(-1.,0.));
#729 = ( GEOMETRIC_REPRESENTATION_CONTEXT(2) 
PARAMETRIC_REPRESENTATION_CONTEXT() REPRESENTATION_CONTEXT('2D SPACE',''
  ) );
#730 = ORIENTED_EDGE('',*,*,#731,.F.);
#731 = EDGE_CURVE('',#732,#708,#734,.T.);
#732 = VERTEX_POINT('',#733);
#733 = CARTESIAN_POINT('',(87.5,11.,3.));
#734 = SURFACE_CURVE('',#735,(#739,#746),.PCURVE_S1.);
#735 = LINE('',#736,#737);
#736 = CARTESIAN_POINT('',(87.5,-16.,3.));
#737 = VECTOR('',#738,1.);
#738 = DIRECTION('',(0.,-1.,0.));
#739 = PCURVE('',#295,#740);
#740 = DEFINITIONAL_REPRESENTATION('',(#741),#745);
#741 = LINE('',#742,#743);
#742 = CARTESIAN_POINT('',(175.,-16.));
#743 = VECTOR('',#744,1.);
#744 = DIRECTION('',(0.,-1.));
#745 = ( GEOMETRIC_REPRESENTATION_CONTEXT(2) 
PARAMETRIC_REPRESENTATION_CONTEXT() REPRESENTATION_CONTEXT('2D SPACE',''
  ) );
#746 = PCURVE('',#436,#747);
#747 = DEFINITIONAL_REPRESENTATION('',(#748),#751);
#748 = B_SPLINE_CURVE_WITH_KNOTS('',1,(#749,#750),.UNSPECIFIED.,.F.,.F.,
  (2,2),(-27.,-5.),.PIECEWISE_BEZIER_KNOTS.);
#749 = CARTESIAN_POINT('',(3.,-43.));
#750 = CARTESIAN_POINT('',(3.,-21.));
#751 = ( GEOMETRIC_REPRESENTATION_CONTEXT(2) 
PARAMETRIC_REPRESENTATION_CONTEXT() REPRESENTATION_CONTEXT('2D SPACE',''
  ) );
#752 = ORIENTED_EDGE('',*,*,#753,.T.);
#753 = EDGE_CURVE('',#732,#754,#756,.T.);
#754 = VERTEX_POINT('',#755);
#755 = CARTESIAN_POINT('',(82.85,9.968826410365,3.));
#756 = SURFACE_CURVE('',#757,(#762,#769),.PCURVE_S1.);
#757 = CIRCLE('',#758,11.);
#758 = AXIS2_PLACEMENT_3D('',#759,#760,#761);
#759 = CARTESIAN_POINT('',(87.5,0.,3.));
#760 = DIRECTION('',(0.,0.,1.));
#761 = DIRECTION('',(1.,0.,0.));
#762 = PCURVE('',#295,#763);
#763 = DEFINITIONAL_REPRESENTATION('',(#764),#768);
#764 = CIRCLE('',#765,11.);
#765 = AXIS2_PLACEMENT_2D('',#766,#767);
#766 = CARTESIAN_POINT('',(175.,4.490371596874E-16));
#767 = DIRECTION('',(1.,0.));
#768 = ( GEOMETRIC_REPRESENTATION_CONTEXT(2) 
PARAMETRIC_REPRESENTATION_CONTEXT() REPRESENTATION_CONTEXT('2D SPACE',''
  ) );
#769 = PCURVE('',#770,#775);
#770 = CYLINDRICAL_SURFACE('',#771,11.);
#771 = AXIS2_PLACEMENT_3D('',#772,#773,#774);
#772 = CARTESIAN_POINT('',(87.5,0.,3.));
#773 = DIRECTION('',(-0.,-0.,-1.));
#774 = DIRECTION('',(1.,0.,0.));
#775 = DEFINITIONAL_REPRESENTATION('',(#776),#780);
#776 = LINE('',#777,#778);
#777 = CARTESIAN_POINT('',(-0.,0.));
#778 = VECTOR('',#779,1.);
#779 = DIRECTION('',(-1.,0.));
#780 = ( GEOMETRIC_REPRESENTATION_CONTEXT(2) 
PARAMETRIC_REPRESENTATION_CONTEXT() REPRESENTATION_CONTEXT('2D SPACE',''
  ) );
#781 = ORIENTED_EDGE('',*,*,#782,.T.);
#782 = EDGE_CURVE('',#754,#783,#785,.T.);
#783 = VERTEX_POINT('',#784);
#784 = CARTESIAN_POINT('',(82.85,27.6,3.));
#785 = SURFACE_CURVE('',#786,(#790,#797),.PCURVE_S1.);
#786 = LINE('',#787,#788);
#787 = CARTESIAN_POINT('',(82.85,-27.6,3.));
#788 = VECTOR('',#789,1.);
#789 = DIRECTION('',(0.,1.,0.));
#790 = PCURVE('',#295,#791);
#791 = DEFINITIONAL_REPRESENTATION('',(#792),#796);
#792 = LINE('',#793,#794);
#793 = CARTESIAN_POINT('',(170.35,-27.6));
#794 = VECTOR('',#795,1.);
#795 = DIRECTION('',(0.,1.));
#796 = ( GEOMETRIC_REPRESENTATION_CONTEXT(2) 
PARAMETRIC_REPRESENTATION_CONTEXT() REPRESENTATION_CONTEXT('2D SPACE',''
  ) );
#797 = PCURVE('',#798,#803);
#798 = PLANE('',#799);
#799 = AXIS2_PLACEMENT_3D('',#800,#801,#802);
#800 = CARTESIAN_POINT('',(82.85,-27.6,3.));
#801 = DIRECTION('',(1.,0.,0.));
#802 = DIRECTION('',(0.,0.,1.));
#803 = DEFINITIONAL_REPRESENTATION('',(#804),#808);
#804 = LINE('',#805,#806);
#805 = CARTESIAN_POINT('',(0.,0.));
#806 = VECTOR('',#807,1.);
#807 = DIRECTION('',(0.,-1.));
#808 = ( GEOMETRIC_REPRESENTATION_CONTEXT(2) 
PARAMETRIC_REPRESENTATION_CONTEXT() REPRESENTATION_CONTEXT('2D SPACE',''
  ) );
#809 = ORIENTED_EDGE('',*,*,#810,.F.);
#810 = EDGE_CURVE('',#811,#783,#813,.T.);
#811 = VERTEX_POINT('',#812);
#812 = CARTESIAN_POINT('',(-82.85,27.6,3.));
#813 = SURFACE_CURVE('',#814,(#818,#825),.PCURVE_S1.);
#814 = LINE('',#815,#816);
#815 = CARTESIAN_POINT('',(-82.85,27.6,3.));
#816 = VECTOR('',#817,1.);
#817 = DIRECTION('',(1.,0.,0.));
#818 = PCURVE('',#295,#819);
#819 = DEFINITIONAL_REPRESENTATION('',(#820),#824);
#820 = LINE('',#821,#822);
#821 = CARTESIAN_POINT('',(4.65,27.6));
#822 = VECTOR('',#823,1.);
#823 = DIRECTION('',(1.,0.));
#824 = ( GEOMETRIC_REPRESENTATION_CONTEXT(2) 
PARAMETRIC_REPRESENTATION_CONTEXT() REPRESENTATION_CONTEXT('2D SPACE',''
  ) );
#825 = PCURVE('',#826,#831);
#826 = PLANE('',#827);
#827 = AXIS2_PLACEMENT_3D('',#828,#829,#830);
#828 = CARTESIAN_POINT('',(-82.85,27.6,3.));
#829 = DIRECTION('',(0.,1.,0.));
#830 = DIRECTION('',(0.,0.,1.));
#831 = DEFINITIONAL_REPRESENTATION('',(#832),#836);
#832 = LINE('',#833,#834);
#833 = CARTESIAN_POINT('',(0.,0.));
#834 = VECTOR('',#835,1.);
#835 = DIRECTION('',(0.,1.));
#836 = ( GEOMETRIC_REPRESENTATION_CONTEXT(2) 
PARAMETRIC_REPRESENTATION_CONTEXT() REPRESENTATION_CONTEXT('2D SPACE',''
  ) );
#837 = ORIENTED_EDGE('',*,*,#838,.F.);
#838 = EDGE_CURVE('',#839,#811,#841,.T.);
#839 = VERTEX_POINT('',#840);
#840 = CARTESIAN_POINT('',(-82.85,9.968826410366,3.));
#841 = SURFACE_CURVE('',#842,(#846,#853),.PCURVE_S1.);
#842 = LINE('',#843,#844);
#843 = CARTESIAN_POINT('',(-82.85,-27.6,3.));
#844 = VECTOR('',#845,1.);
#845 = DIRECTION('',(0.,1.,0.));
#846 = PCURVE('',#295,#847);
#847 = DEFINITIONAL_REPRESENTATION('',(#848),#852);
#848 = LINE('',#849,#850);
#849 = CARTESIAN_POINT('',(4.65,-27.6));
#850 = VECTOR('',#851,1.);
#851 = DIRECTION('',(0.,1.));
#852 = ( GEOMETRIC_REPRESENTATION_CONTEXT(2) 
PARAMETRIC_REPRESENTATION_CONTEXT() REPRESENTATION_CONTEXT('2D SPACE',''
  ) );
#853 = PCURVE('',#854,#859);
#854 = PLANE('',#855);
#855 = AXIS2_PLACEMENT_3D('',#856,#857,#858);
#856 = CARTESIAN_POINT('',(-82.85,-27.6,3.));
#857 = DIRECTION('',(1.,0.,0.));
#858 = DIRECTION('',(0.,0.,1.));
#859 = DEFINITIONAL_REPRESENTATION('',(#860),#864);
#860 = LINE('',#861,#862);
#861 = CARTESIAN_POINT('',(0.,0.));
#862 = VECTOR('',#863,1.);
#863 = DIRECTION('',(0.,-1.));
#864 = ( GEOMETRIC_REPRESENTATION_CONTEXT(2) 
PARAMETRIC_REPRESENTATION_CONTEXT() REPRESENTATION_CONTEXT('2D SPACE',''
  ) );
#865 = ORIENTED_EDGE('',*,*,#866,.T.);
#866 = EDGE_CURVE('',#839,#255,#867,.T.);
#867 = SURFACE_CURVE('',#868,(#873,#880),.PCURVE_S1.);
#868 = CIRCLE('',#869,11.);
#869 = AXIS2_PLACEMENT_3D('',#870,#871,#872);
#870 = CARTESIAN_POINT('',(-87.5,0.,3.));
#871 = DIRECTION('',(0.,0.,1.));
#872 = DIRECTION('',(1.,0.,0.));
#873 = PCURVE('',#295,#874);
#874 = DEFINITIONAL_REPRESENTATION('',(#875),#879);
#875 = CIRCLE('',#876,11.);
#876 = AXIS2_PLACEMENT_2D('',#877,#878);
#877 = CARTESIAN_POINT('',(0.,4.490371596874E-16));
#878 = DIRECTION('',(1.,0.));
#879 = ( GEOMETRIC_REPRESENTATION_CONTEXT(2) 
PARAMETRIC_REPRESENTATION_CONTEXT() REPRESENTATION_CONTEXT('2D SPACE',''
  ) );
#880 = PCURVE('',#269,#881);
#881 = DEFINITIONAL_REPRESENTATION('',(#882),#886);
#882 = LINE('',#883,#884);
#883 = CARTESIAN_POINT('',(-0.,0.));
#884 = VECTOR('',#885,1.);
#885 = DIRECTION('',(-1.,0.));
#886 = ( GEOMETRIC_REPRESENTATION_CONTEXT(2) 
PARAMETRIC_REPRESENTATION_CONTEXT() REPRESENTATION_CONTEXT('2D SPACE',''
  ) );
#887 = ADVANCED_FACE('',(#888),#269,.F.);
#888 = FACE_BOUND('',#889,.T.);
#889 = EDGE_LOOP('',(#890,#891,#912,#938));
#890 = ORIENTED_EDGE('',*,*,#866,.F.);
#891 = ORIENTED_EDGE('',*,*,#892,.F.);
#892 = EDGE_CURVE('',#893,#839,#895,.T.);
#893 = VERTEX_POINT('',#894);
#894 = CARTESIAN_POINT('',(-82.85,9.968826410365,5.));
#895 = SURFACE_CURVE('',#896,(#900,#906),.PCURVE_S1.);
#896 = LINE('',#897,#898);
#897 = CARTESIAN_POINT('',(-82.85,9.968826410365,3.));
#898 = VECTOR('',#899,1.);
#899 = DIRECTION('',(-0.,-0.,-1.));
#900 = PCURVE('',#269,#901);
#901 = DEFINITIONAL_REPRESENTATION('',(#902),#905);
#902 = B_SPLINE_CURVE_WITH_KNOTS('',1,(#903,#904),.UNSPECIFIED.,.F.,.F.,
  (2,2),(-2.2,5.999999999062E-07),.PIECEWISE_BEZIER_KNOTS.);
#903 = CARTESIAN_POINT('',(-1.134343730107,-2.2));
#904 = CARTESIAN_POINT('',(-1.134343730107,5.999999999062E-07));
#905 = ( GEOMETRIC_REPRESENTATION_CONTEXT(2) 
PARAMETRIC_REPRESENTATION_CONTEXT() REPRESENTATION_CONTEXT('2D SPACE',''
  ) );
#906 = PCURVE('',#854,#907);
#907 = DEFINITIONAL_REPRESENTATION('',(#908),#911);
#908 = B_SPLINE_CURVE_WITH_KNOTS('',1,(#909,#910),.UNSPECIFIED.,.F.,.F.,
  (2,2),(-2.2,5.999999999062E-07),.PIECEWISE_BEZIER_KNOTS.);
#909 = CARTESIAN_POINT('',(2.2,-37.56882641036));
#910 = CARTESIAN_POINT('',(-5.999999999062E-07,-37.56882641036));
#911 = ( GEOMETRIC_REPRESENTATION_CONTEXT(2) 
PARAMETRIC_REPRESENTATION_CONTEXT() REPRESENTATION_CONTEXT('2D SPACE',''
  ) );
#912 = ORIENTED_EDGE('',*,*,#913,.F.);
#913 = EDGE_CURVE('',#227,#893,#914,.T.);
#914 = SURFACE_CURVE('',#915,(#920,#927),.PCURVE_S1.);
#915 = CIRCLE('',#916,11.);
#916 = AXIS2_PLACEMENT_3D('',#917,#918,#919);
#917 = CARTESIAN_POINT('',(-87.5,0.,5.));
#918 = DIRECTION('',(0.,0.,-1.));
#919 = DIRECTION('',(1.,0.,0.));
#920 = PCURVE('',#269,#921);
#921 = DEFINITIONAL_REPRESENTATION('',(#922),#926);
#922 = LINE('',#923,#924);
#923 = CARTESIAN_POINT('',(-6.28318530718,-2.));
#924 = VECTOR('',#925,1.);
#925 = DIRECTION('',(1.,-0.));
#926 = ( GEOMETRIC_REPRESENTATION_CONTEXT(2) 
PARAMETRIC_REPRESENTATION_CONTEXT() REPRESENTATION_CONTEXT('2D SPACE',''
  ) );
#927 = PCURVE('',#242,#928);
#928 = DEFINITIONAL_REPRESENTATION('',(#929),#937);
#929 = ( BOUNDED_CURVE() B_SPLINE_CURVE(2,(#930,#931,#932,#933,#934,#935
,#936),.UNSPECIFIED.,.T.,.F.) B_SPLINE_CURVE_WITH_KNOTS((1,2,2,2,2,1),(
    -2.094395102393,0.,2.094395102393,4.188790204786,6.28318530718,
8.377580409573),.UNSPECIFIED.) CURVE() GEOMETRIC_REPRESENTATION_ITEM() 
RATIONAL_B_SPLINE_CURVE((1.,0.5,1.,0.5,1.,0.5,1.)) REPRESENTATION_ITEM(
  '') );
#930 = CARTESIAN_POINT('',(11.,32.));
#931 = CARTESIAN_POINT('',(11.,12.947441116742));
#932 = CARTESIAN_POINT('',(-5.5,22.473720558371));
#933 = CARTESIAN_POINT('',(-22.,32.));
#934 = CARTESIAN_POINT('',(-5.5,41.526279441629));
#935 = CARTESIAN_POINT('',(11.,51.052558883258));
#936 = CARTESIAN_POINT('',(11.,32.));
#937 = ( GEOMETRIC_REPRESENTATION_CONTEXT(2) 
PARAMETRIC_REPRESENTATION_CONTEXT() REPRESENTATION_CONTEXT('2D SPACE',''
  ) );
#938 = ORIENTED_EDGE('',*,*,#254,.T.);
#939 = ADVANCED_FACE('',(#940),#242,.T.);
#940 = FACE_BOUND('',#941,.T.);
#941 = EDGE_LOOP('',(#942,#972,#995,#1024,#1052,#1078,#1079,#1080,#1101,
    #1122));
#942 = ORIENTED_EDGE('',*,*,#943,.T.);
#943 = EDGE_CURVE('',#944,#946,#948,.T.);
#944 = VERTEX_POINT('',#945);
#945 = CARTESIAN_POINT('',(82.85,9.968826410365,5.));
#946 = VERTEX_POINT('',#947);
#947 = CARTESIAN_POINT('',(87.5,11.,5.));
#948 = SURFACE_CURVE('',#949,(#954,#965),.PCURVE_S1.);
#949 = CIRCLE('',#950,11.);
#950 = AXIS2_PLACEMENT_3D('',#951,#952,#953);
#951 = CARTESIAN_POINT('',(87.5,0.,5.));
#952 = DIRECTION('',(0.,0.,-1.));
#953 = DIRECTION('',(1.,0.,0.));
#954 = PCURVE('',#242,#955);
#955 = DEFINITIONAL_REPRESENTATION('',(#956),#964);
#956 = ( BOUNDED_CURVE() B_SPLINE_CURVE(2,(#957,#958,#959,#960,#961,#962
,#963),.UNSPECIFIED.,.T.,.F.) B_SPLINE_CURVE_WITH_KNOTS((1,2,2,2,2,1),(
    -2.094395102393,0.,2.094395102393,4.188790204786,6.28318530718,
8.377580409573),.UNSPECIFIED.) CURVE() GEOMETRIC_REPRESENTATION_ITEM() 
RATIONAL_B_SPLINE_CURVE((1.,0.5,1.,0.5,1.,0.5,1.)) REPRESENTATION_ITEM(
  '') );
#957 = CARTESIAN_POINT('',(186.,32.));
#958 = CARTESIAN_POINT('',(186.,12.947441116742));
#959 = CARTESIAN_POINT('',(169.5,22.473720558371));
#960 = CARTESIAN_POINT('',(153.,32.));
#961 = CARTESIAN_POINT('',(169.5,41.526279441629));
#962 = CARTESIAN_POINT('',(186.,51.052558883258));
#963 = CARTESIAN_POINT('',(186.,32.));
#964 = ( GEOMETRIC_REPRESENTATION_CONTEXT(2) 
PARAMETRIC_REPRESENTATION_CONTEXT() REPRESENTATION_CONTEXT('2D SPACE',''
  ) );
#965 = PCURVE('',#770,#966);
#966 = DEFINITIONAL_REPRESENTATION('',(#967),#971);
#967 = LINE('',#968,#969);
#968 = CARTESIAN_POINT('',(-6.28318530718,-2.));
#969 = VECTOR('',#970,1.);
#970 = DIRECTION('',(1.,-0.));
#971 = ( GEOMETRIC_REPRESENTATION_CONTEXT(2) 
PARAMETRIC_REPRESENTATION_CONTEXT() REPRESENTATION_CONTEXT('2D SPACE',''
  ) );
#972 = ORIENTED_EDGE('',*,*,#973,.T.);
#973 = EDGE_CURVE('',#946,#974,#976,.T.);
#974 = VERTEX_POINT('',#975);
#975 = CARTESIAN_POINT('',(87.5,29.,5.));
#976 = SURFACE_CURVE('',#977,(#981,#988),.PCURVE_S1.);
#977 = LINE('',#978,#979);
#978 = CARTESIAN_POINT('',(87.5,-32.,5.));
#979 = VECTOR('',#980,1.);
#980 = DIRECTION('',(0.,1.,0.));
#981 = PCURVE('',#242,#982);
#982 = DEFINITIONAL_REPRESENTATION('',(#983),#987);
#983 = LINE('',#984,#985);
#984 = CARTESIAN_POINT('',(175.,0.));
#985 = VECTOR('',#986,1.);
#986 = DIRECTION('',(0.,1.));
#987 = ( GEOMETRIC_REPRESENTATION_CONTEXT(2) 
PARAMETRIC_REPRESENTATION_CONTEXT() REPRESENTATION_CONTEXT('2D SPACE',''
  ) );
#988 = PCURVE('',#436,#989);
#989 = DEFINITIONAL_REPRESENTATION('',(#990),#994);
#990 = LINE('',#991,#992);
#991 = CARTESIAN_POINT('',(5.,0.));
#992 = VECTOR('',#993,1.);
#993 = DIRECTION('',(0.,-1.));
#994 = ( GEOMETRIC_REPRESENTATION_CONTEXT(2) 
PARAMETRIC_REPRESENTATION_CONTEXT() REPRESENTATION_CONTEXT('2D SPACE',''
  ) );
#995 = ORIENTED_EDGE('',*,*,#996,.T.);
#996 = EDGE_CURVE('',#974,#997,#999,.T.);
#997 = VERTEX_POINT('',#998);
#998 = CARTESIAN_POINT('',(84.5,32.,5.));
#999 = SURFACE_CURVE('',#1000,(#1005,#1012),.PCURVE_S1.);
#1000 = CIRCLE('',#1001,3.);
#1001 = AXIS2_PLACEMENT_3D('',#1002,#1003,#1004);
#1002 = CARTESIAN_POINT('',(84.5,29.,5.));
#1003 = DIRECTION('',(0.,0.,1.));
#1004 = DIRECTION('',(0.,-1.,0.));
#1005 = PCURVE('',#242,#1006);
#1006 = DEFINITIONAL_REPRESENTATION('',(#1007),#1011);
#1007 = CIRCLE('',#1008,3.);
#1008 = AXIS2_PLACEMENT_2D('',#1009,#1010);
#1009 = CARTESIAN_POINT('',(172.,61.));
#1010 = DIRECTION('',(0.,-1.));
#1011 = ( GEOMETRIC_REPRESENTATION_CONTEXT(2) 
PARAMETRIC_REPRESENTATION_CONTEXT() REPRESENTATION_CONTEXT('2D SPACE',''
  ) );
#1012 = PCURVE('',#1013,#1018);
#1013 = CYLINDRICAL_SURFACE('',#1014,3.);
#1014 = AXIS2_PLACEMENT_3D('',#1015,#1016,#1017);
#1015 = CARTESIAN_POINT('',(84.5,29.,0.));
#1016 = DIRECTION('',(0.,0.,1.));
#1017 = DIRECTION('',(1.,0.,-0.));
#1018 = DEFINITIONAL_REPRESENTATION('',(#1019),#1023);
#1019 = LINE('',#1020,#1021);
#1020 = CARTESIAN_POINT('',(-1.570796326795,5.));
#1021 = VECTOR('',#1022,1.);
#1022 = DIRECTION('',(1.,0.));
#1023 = ( GEOMETRIC_REPRESENTATION_CONTEXT(2) 
PARAMETRIC_REPRESENTATION_CONTEXT() REPRESENTATION_CONTEXT('2D SPACE',''
  ) );
#1024 = ORIENTED_EDGE('',*,*,#1025,.F.);
#1025 = EDGE_CURVE('',#1026,#997,#1028,.T.);
#1026 = VERTEX_POINT('',#1027);
#1027 = CARTESIAN_POINT('',(-84.5,32.,5.));
#1028 = SURFACE_CURVE('',#1029,(#1033,#1040),.PCURVE_S1.);
#1029 = LINE('',#1030,#1031);
#1030 = CARTESIAN_POINT('',(-87.5,32.,5.));
#1031 = VECTOR('',#1032,1.);
#1032 = DIRECTION('',(1.,0.,0.));
#1033 = PCURVE('',#242,#1034);
#1034 = DEFINITIONAL_REPRESENTATION('',(#1035),#1039);
#1035 = LINE('',#1036,#1037);
#1036 = CARTESIAN_POINT('',(0.,64.));
#1037 = VECTOR('',#1038,1.);
#1038 = DIRECTION('',(1.,0.));
#1039 = ( GEOMETRIC_REPRESENTATION_CONTEXT(2) 
PARAMETRIC_REPRESENTATION_CONTEXT() REPRESENTATION_CONTEXT('2D SPACE',''
  ) );
#1040 = PCURVE('',#1041,#1046);
#1041 = PLANE('',#1042);
#1042 = AXIS2_PLACEMENT_3D('',#1043,#1044,#1045);
#1043 = CARTESIAN_POINT('',(-87.5,32.,0.));
#1044 = DIRECTION('',(0.,1.,0.));
#1045 = DIRECTION('',(0.,0.,1.));
#1046 = DEFINITIONAL_REPRESENTATION('',(#1047),#1051);
#1047 = LINE('',#1048,#1049);
#1048 = CARTESIAN_POINT('',(5.,0.));
#1049 = VECTOR('',#1050,1.);
#1050 = DIRECTION('',(0.,1.));
#1051 = ( GEOMETRIC_REPRESENTATION_CONTEXT(2) 
PARAMETRIC_REPRESENTATION_CONTEXT() REPRESENTATION_CONTEXT('2D SPACE',''
  ) );
#1052 = ORIENTED_EDGE('',*,*,#1053,.F.);
#1053 = EDGE_CURVE('',#199,#1026,#1054,.T.);
#1054 = SURFACE_CURVE('',#1055,(#1060,#1071),.PCURVE_S1.);
#1055 = CIRCLE('',#1056,3.);
#1056 = AXIS2_PLACEMENT_3D('',#1057,#1058,#1059);
#1057 = CARTESIAN_POINT('',(-84.5,29.,5.));
#1058 = DIRECTION('',(-0.,-0.,-1.));
#1059 = DIRECTION('',(0.,-1.,0.));
#1060 = PCURVE('',#242,#1061);
#1061 = DEFINITIONAL_REPRESENTATION('',(#1062),#1070);
#1062 = ( BOUNDED_CURVE() B_SPLINE_CURVE(2,(#1063,#1064,#1065,#1066,
#1067,#1068,#1069),.UNSPECIFIED.,.T.,.F.) B_SPLINE_CURVE_WITH_KNOTS((1,2
    ,2,2,2,1),(-2.094395102393,0.,2.094395102393,4.188790204786,
6.28318530718,8.377580409573),.UNSPECIFIED.) CURVE() 
GEOMETRIC_REPRESENTATION_ITEM() RATIONAL_B_SPLINE_CURVE((1.,0.5,1.,0.5,
1.,0.5,1.)) REPRESENTATION_ITEM('') );
#1063 = CARTESIAN_POINT('',(3.,58.));
#1064 = CARTESIAN_POINT('',(-2.196152422707,58.));
#1065 = CARTESIAN_POINT('',(0.401923788647,62.5));
#1066 = CARTESIAN_POINT('',(3.,67.));
#1067 = CARTESIAN_POINT('',(5.598076211353,62.5));
#1068 = CARTESIAN_POINT('',(8.196152422707,58.));
#1069 = CARTESIAN_POINT('',(3.,58.));
#1070 = ( GEOMETRIC_REPRESENTATION_CONTEXT(2) 
PARAMETRIC_REPRESENTATION_CONTEXT() REPRESENTATION_CONTEXT('2D SPACE',''
  ) );
#1071 = PCURVE('',#214,#1072);
#1072 = DEFINITIONAL_REPRESENTATION('',(#1073),#1077);
#1073 = LINE('',#1074,#1075);
#1074 = CARTESIAN_POINT('',(1.570796326795,5.));
#1075 = VECTOR('',#1076,1.);
#1076 = DIRECTION('',(-1.,0.));
#1077 = ( GEOMETRIC_REPRESENTATION_CONTEXT(2) 
PARAMETRIC_REPRESENTATION_CONTEXT() REPRESENTATION_CONTEXT('2D SPACE',''
  ) );
#1078 = ORIENTED_EDGE('',*,*,#226,.F.);
#1079 = ORIENTED_EDGE('',*,*,#913,.T.);
#1080 = ORIENTED_EDGE('',*,*,#1081,.T.);
#1081 = EDGE_CURVE('',#893,#1082,#1084,.T.);
#1082 = VERTEX_POINT('',#1083);
#1083 = CARTESIAN_POINT('',(-82.85,27.6,5.));
#1084 = SURFACE_CURVE('',#1085,(#1089,#1095),.PCURVE_S1.);
#1085 = LINE('',#1086,#1087);
#1086 = CARTESIAN_POINT('',(-82.85,-29.8,5.));
#1087 = VECTOR('',#1088,1.);
#1088 = DIRECTION('',(0.,1.,0.));
#1089 = PCURVE('',#242,#1090);
#1090 = DEFINITIONAL_REPRESENTATION('',(#1091),#1094);
#1091 = B_SPLINE_CURVE_WITH_KNOTS('',1,(#1092,#1093),.UNSPECIFIED.,.F.,
  .F.,(2,2),(2.2,57.4),.PIECEWISE_BEZIER_KNOTS.);
#1092 = CARTESIAN_POINT('',(4.65,4.4));
#1093 = CARTESIAN_POINT('',(4.65,59.6));
#1094 = ( GEOMETRIC_REPRESENTATION_CONTEXT(2) 
PARAMETRIC_REPRESENTATION_CONTEXT() REPRESENTATION_CONTEXT('2D SPACE',''
  ) );
#1095 = PCURVE('',#854,#1096);
#1096 = DEFINITIONAL_REPRESENTATION('',(#1097),#1100);
#1097 = B_SPLINE_CURVE_WITH_KNOTS('',1,(#1098,#1099),.UNSPECIFIED.,.F.,
  .F.,(2,2),(2.2,57.4),.PIECEWISE_BEZIER_KNOTS.);
#1098 = CARTESIAN_POINT('',(2.,0.));
#1099 = CARTESIAN_POINT('',(2.,-55.2));
#1100 = ( GEOMETRIC_REPRESENTATION_CONTEXT(2) 
PARAMETRIC_REPRESENTATION_CONTEXT() REPRESENTATION_CONTEXT('2D SPACE',''
  ) );
#1101 = ORIENTED_EDGE('',*,*,#1102,.F.);
#1102 = EDGE_CURVE('',#1103,#1082,#1105,.T.);
#1103 = VERTEX_POINT('',#1104);
#1104 = CARTESIAN_POINT('',(82.85,27.6,5.));
#1105 = SURFACE_CURVE('',#1106,(#1110,#1116),.PCURVE_S1.);
#1106 = LINE('',#1107,#1108);
#1107 = CARTESIAN_POINT('',(-85.175,27.6,5.));
#1108 = VECTOR('',#1109,1.);
#1109 = DIRECTION('',(-1.,0.,0.));
#1110 = PCURVE('',#242,#1111);
#1111 = DEFINITIONAL_REPRESENTATION('',(#1112),#1115);
#1112 = B_SPLINE_CURVE_WITH_KNOTS('',1,(#1113,#1114),.UNSPECIFIED.,.F.,
  .F.,(2,2),(-168.025,-2.325),.PIECEWISE_BEZIER_KNOTS.);
#1113 = CARTESIAN_POINT('',(170.35,59.6));
#1114 = CARTESIAN_POINT('',(4.65,59.6));
#1115 = ( GEOMETRIC_REPRESENTATION_CONTEXT(2) 
PARAMETRIC_REPRESENTATION_CONTEXT() REPRESENTATION_CONTEXT('2D SPACE',''
  ) );
#1116 = PCURVE('',#826,#1117);
#1117 = DEFINITIONAL_REPRESENTATION('',(#1118),#1121);
#1118 = B_SPLINE_CURVE_WITH_KNOTS('',1,(#1119,#1120),.UNSPECIFIED.,.F.,
  .F.,(2,2),(-168.025,-2.325),.PIECEWISE_BEZIER_KNOTS.);
#1119 = CARTESIAN_POINT('',(2.,165.7));
#1120 = CARTESIAN_POINT('',(2.,0.));
#1121 = ( GEOMETRIC_REPRESENTATION_CONTEXT(2) 
PARAMETRIC_REPRESENTATION_CONTEXT() REPRESENTATION_CONTEXT('2D SPACE',''
  ) );
#1122 = ORIENTED_EDGE('',*,*,#1123,.F.);
#1123 = EDGE_CURVE('',#944,#1103,#1124,.T.);
#1124 = SURFACE_CURVE('',#1125,(#1129,#1135),.PCURVE_S1.);
#1125 = LINE('',#1126,#1127);
#1126 = CARTESIAN_POINT('',(82.85,-29.8,5.));
#1127 = VECTOR('',#1128,1.);
#1128 = DIRECTION('',(0.,1.,0.));
#1129 = PCURVE('',#242,#1130);
#1130 = DEFINITIONAL_REPRESENTATION('',(#1131),#1134);
#1131 = B_SPLINE_CURVE_WITH_KNOTS('',1,(#1132,#1133),.UNSPECIFIED.,.F.,
  .F.,(2,2),(2.2,57.4),.PIECEWISE_BEZIER_KNOTS.);
#1132 = CARTESIAN_POINT('',(170.35,4.4));
#1133 = CARTESIAN_POINT('',(170.35,59.6));
#1134 = ( GEOMETRIC_REPRESENTATION_CONTEXT(2) 
PARAMETRIC_REPRESENTATION_CONTEXT() REPRESENTATION_CONTEXT('2D SPACE',''
  ) );
#1135 = PCURVE('',#798,#1136);
#1136 = DEFINITIONAL_REPRESENTATION('',(#1137),#1140);
#1137 = B_SPLINE_CURVE_WITH_KNOTS('',1,(#1138,#1139),.UNSPECIFIED.,.F.,
  .F.,(2,2),(2.2,57.4),.PIECEWISE_BEZIER_KNOTS.);
#1138 = CARTESIAN_POINT('',(2.,0.));
#1139 = CARTESIAN_POINT('',(2.,-55.2));
#1140 = ( GEOMETRIC_REPRESENTATION_CONTEXT(2) 
PARAMETRIC_REPRESENTATION_CONTEXT() REPRESENTATION_CONTEXT('2D SPACE',''
  ) );
#1141 = ADVANCED_FACE('',(#1142),#214,.T.);
#1142 = FACE_BOUND('',#1143,.F.);
#1143 = EDGE_LOOP('',(#1144,#1172,#1193,#1194));
#1144 = ORIENTED_EDGE('',*,*,#1145,.T.);
#1145 = EDGE_CURVE('',#171,#1146,#1148,.T.);
#1146 = VERTEX_POINT('',#1147);
#1147 = CARTESIAN_POINT('',(-84.5,32.,0.));
#1148 = SURFACE_CURVE('',#1149,(#1154,#1161),.PCURVE_S1.);
#1149 = CIRCLE('',#1150,3.);
#1150 = AXIS2_PLACEMENT_3D('',#1151,#1152,#1153);
#1151 = CARTESIAN_POINT('',(-84.5,29.,0.));
#1152 = DIRECTION('',(-0.,-0.,-1.));
#1153 = DIRECTION('',(0.,-1.,0.));
#1154 = PCURVE('',#214,#1155);
#1155 = DEFINITIONAL_REPRESENTATION('',(#1156),#1160);
#1156 = LINE('',#1157,#1158);
#1157 = CARTESIAN_POINT('',(1.570796326795,-0.));
#1158 = VECTOR('',#1159,1.);
#1159 = DIRECTION('',(-1.,0.));
#1160 = ( GEOMETRIC_REPRESENTATION_CONTEXT(2) 
PARAMETRIC_REPRESENTATION_CONTEXT() REPRESENTATION_CONTEXT('2D SPACE',''
  ) );
#1161 = PCURVE('',#186,#1162);
#1162 = DEFINITIONAL_REPRESENTATION('',(#1163),#1171);
#1163 = ( BOUNDED_CURVE() B_SPLINE_CURVE(2,(#1164,#1165,#1166,#1167,
#1168,#1169,#1170),.UNSPECIFIED.,.T.,.F.) B_SPLINE_CURVE_WITH_KNOTS((1,2
    ,2,2,2,1),(-2.094395102393,0.,2.094395102393,4.188790204786,
6.28318530718,8.377580409573),.UNSPECIFIED.) CURVE() 
GEOMETRIC_REPRESENTATION_ITEM() RATIONAL_B_SPLINE_CURVE((1.,0.5,1.,0.5,
1.,0.5,1.)) REPRESENTATION_ITEM('') );
#1164 = CARTESIAN_POINT('',(3.,58.));
#1165 = CARTESIAN_POINT('',(-2.196152422707,58.));
#1166 = CARTESIAN_POINT('',(0.401923788647,62.5));
#1167 = CARTESIAN_POINT('',(3.,67.));
#1168 = CARTESIAN_POINT('',(5.598076211353,62.5));
#1169 = CARTESIAN_POINT('',(8.196152422707,58.));
#1170 = CARTESIAN_POINT('',(3.,58.));
#1171 = ( GEOMETRIC_REPRESENTATION_CONTEXT(2) 
PARAMETRIC_REPRESENTATION_CONTEXT() REPRESENTATION_CONTEXT('2D SPACE',''
  ) );
#1172 = ORIENTED_EDGE('',*,*,#1173,.T.);
#1173 = EDGE_CURVE('',#1146,#1026,#1174,.T.);
#1174 = SURFACE_CURVE('',#1175,(#1179,#1186),.PCURVE_S1.);
#1175 = LINE('',#1176,#1177);
#1176 = CARTESIAN_POINT('',(-84.5,32.,0.));
#1177 = VECTOR('',#1178,1.);
#1178 = DIRECTION('',(0.,0.,1.));
#1179 = PCURVE('',#214,#1180);
#1180 = DEFINITIONAL_REPRESENTATION('',(#1181),#1185);
#1181 = LINE('',#1182,#1183);
#1182 = CARTESIAN_POINT('',(-1.570796326795,0.));
#1183 = VECTOR('',#1184,1.);
#1184 = DIRECTION('',(-0.,1.));
#1185 = ( GEOMETRIC_REPRESENTATION_CONTEXT(2) 
PARAMETRIC_REPRESENTATION_CONTEXT() REPRESENTATION_CONTEXT('2D SPACE',''
  ) );
#1186 = PCURVE('',#1041,#1187);
#1187 = DEFINITIONAL_REPRESENTATION('',(#1188),#1192);
#1188 = LINE('',#1189,#1190);
#1189 = CARTESIAN_POINT('',(0.,3.));
#1190 = VECTOR('',#1191,1.);
#1191 = DIRECTION('',(1.,0.));
#1192 = ( GEOMETRIC_REPRESENTATION_CONTEXT(2) 
PARAMETRIC_REPRESENTATION_CONTEXT() REPRESENTATION_CONTEXT('2D SPACE',''
  ) );
#1193 = ORIENTED_EDGE('',*,*,#1053,.F.);
#1194 = ORIENTED_EDGE('',*,*,#198,.F.);
#1195 = ADVANCED_FACE('',(#1196),#186,.F.);
#1196 = FACE_BOUND('',#1197,.F.);
#1197 = EDGE_LOOP('',(#1198,#1199,#1223,#1246,#1274,#1297,#1321,#1342));
#1198 = ORIENTED_EDGE('',*,*,#170,.F.);
#1199 = ORIENTED_EDGE('',*,*,#1200,.T.);
#1200 = EDGE_CURVE('',#143,#1201,#1203,.T.);
#1201 = VERTEX_POINT('',#1202);
#1202 = CARTESIAN_POINT('',(-84.5,-32.,0.));
#1203 = SURFACE_CURVE('',#1204,(#1209,#1216),.PCURVE_S1.);
#1204 = CIRCLE('',#1205,3.);
#1205 = AXIS2_PLACEMENT_3D('',#1206,#1207,#1208);
#1206 = CARTESIAN_POINT('',(-84.5,-29.,0.));
#1207 = DIRECTION('',(0.,0.,1.));
#1208 = DIRECTION('',(0.,-1.,0.));
#1209 = PCURVE('',#186,#1210);
#1210 = DEFINITIONAL_REPRESENTATION('',(#1211),#1215);
#1211 = CIRCLE('',#1212,3.);
#1212 = AXIS2_PLACEMENT_2D('',#1213,#1214);
#1213 = CARTESIAN_POINT('',(3.,3.));
#1214 = DIRECTION('',(0.,-1.));
#1215 = ( GEOMETRIC_REPRESENTATION_CONTEXT(2) 
PARAMETRIC_REPRESENTATION_CONTEXT() REPRESENTATION_CONTEXT('2D SPACE',''
  ) );
#1216 = PCURVE('',#158,#1217);
#1217 = DEFINITIONAL_REPRESENTATION('',(#1218),#1222);
#1218 = LINE('',#1219,#1220);
#1219 = CARTESIAN_POINT('',(-4.712388980385,0.));
#1220 = VECTOR('',#1221,1.);
#1221 = DIRECTION('',(1.,0.));
#1222 = ( GEOMETRIC_REPRESENTATION_CONTEXT(2) 
PARAMETRIC_REPRESENTATION_CONTEXT() REPRESENTATION_CONTEXT('2D SPACE',''
  ) );
#1223 = ORIENTED_EDGE('',*,*,#1224,.T.);
#1224 = EDGE_CURVE('',#1201,#1225,#1227,.T.);
#1225 = VERTEX_POINT('',#1226);
#1226 = CARTESIAN_POINT('',(84.5,-32.,0.));
#1227 = SURFACE_CURVE('',#1228,(#1232,#1239),.PCURVE_S1.);
#1228 = LINE('',#1229,#1230);
#1229 = CARTESIAN_POINT('',(-87.5,-32.,0.));
#1230 = VECTOR('',#1231,1.);
#1231 = DIRECTION('',(1.,0.,0.));
#1232 = PCURVE('',#186,#1233);
#1233 = DEFINITIONAL_REPRESENTATION('',(#1234),#1238);
#1234 = LINE('',#1235,#1236);
#1235 = CARTESIAN_POINT('',(0.,0.));
#1236 = VECTOR('',#1237,1.);
#1237 = DIRECTION('',(1.,0.));
#1238 = ( GEOMETRIC_REPRESENTATION_CONTEXT(2) 
PARAMETRIC_REPRESENTATION_CONTEXT() REPRESENTATION_CONTEXT('2D SPACE',''
  ) );
#1239 = PCURVE('',#375,#1240);
#1240 = DEFINITIONAL_REPRESENTATION('',(#1241),#1245);
#1241 = LINE('',#1242,#1243);
#1242 = CARTESIAN_POINT('',(0.,0.));
#1243 = VECTOR('',#1244,1.);
#1244 = DIRECTION('',(0.,1.));
#1245 = ( GEOMETRIC_REPRESENTATION_CONTEXT(2) 
PARAMETRIC_REPRESENTATION_CONTEXT() REPRESENTATION_CONTEXT('2D SPACE',''
  ) );
#1246 = ORIENTED_EDGE('',*,*,#1247,.F.);
#1247 = EDGE_CURVE('',#1248,#1225,#1250,.T.);
#1248 = VERTEX_POINT('',#1249);
#1249 = CARTESIAN_POINT('',(87.5,-29.,0.));
#1250 = SURFACE_CURVE('',#1251,(#1256,#1267),.PCURVE_S1.);
#1251 = CIRCLE('',#1252,3.);
#1252 = AXIS2_PLACEMENT_3D('',#1253,#1254,#1255);
#1253 = CARTESIAN_POINT('',(84.5,-29.,0.));
#1254 = DIRECTION('',(-0.,-0.,-1.));
#1255 = DIRECTION('',(0.,-1.,0.));
#1256 = PCURVE('',#186,#1257);
#1257 = DEFINITIONAL_REPRESENTATION('',(#1258),#1266);
#1258 = ( BOUNDED_CURVE() B_SPLINE_CURVE(2,(#1259,#1260,#1261,#1262,
#1263,#1264,#1265),.UNSPECIFIED.,.T.,.F.) B_SPLINE_CURVE_WITH_KNOTS((1,2
    ,2,2,2,1),(-2.094395102393,0.,2.094395102393,4.188790204786,
6.28318530718,8.377580409573),.UNSPECIFIED.) CURVE() 
GEOMETRIC_REPRESENTATION_ITEM() RATIONAL_B_SPLINE_CURVE((1.,0.5,1.,0.5,
1.,0.5,1.)) REPRESENTATION_ITEM('') );
#1259 = CARTESIAN_POINT('',(172.,0.));
#1260 = CARTESIAN_POINT('',(166.80384757729,0.));
#1261 = CARTESIAN_POINT('',(169.40192378864,4.5));
#1262 = CARTESIAN_POINT('',(172.,9.));
#1263 = CARTESIAN_POINT('',(174.59807621135,4.5));
#1264 = CARTESIAN_POINT('',(177.1961524227,4.440892098501E-15));
#1265 = CARTESIAN_POINT('',(172.,0.));
#1266 = ( GEOMETRIC_REPRESENTATION_CONTEXT(2) 
PARAMETRIC_REPRESENTATION_CONTEXT() REPRESENTATION_CONTEXT('2D SPACE',''
  ) );
#1267 = PCURVE('',#408,#1268);
#1268 = DEFINITIONAL_REPRESENTATION('',(#1269),#1273);
#1269 = LINE('',#1270,#1271);
#1270 = CARTESIAN_POINT('',(4.712388980385,-0.));
#1271 = VECTOR('',#1272,1.);
#1272 = DIRECTION('',(-1.,0.));
#1273 = ( GEOMETRIC_REPRESENTATION_CONTEXT(2) 
PARAMETRIC_REPRESENTATION_CONTEXT() REPRESENTATION_CONTEXT('2D SPACE',''
  ) );
#1274 = ORIENTED_EDGE('',*,*,#1275,.T.);
#1275 = EDGE_CURVE('',#1248,#1276,#1278,.T.);
#1276 = VERTEX_POINT('',#1277);
#1277 = CARTESIAN_POINT('',(87.5,29.,0.));
#1278 = SURFACE_CURVE('',#1279,(#1283,#1290),.PCURVE_S1.);
#1279 = LINE('',#1280,#1281);
#1280 = CARTESIAN_POINT('',(87.5,-32.,0.));
#1281 = VECTOR('',#1282,1.);
#1282 = DIRECTION('',(0.,1.,0.));
#1283 = PCURVE('',#186,#1284);
#1284 = DEFINITIONAL_REPRESENTATION('',(#1285),#1289);
#1285 = LINE('',#1286,#1287);
#1286 = CARTESIAN_POINT('',(175.,0.));
#1287 = VECTOR('',#1288,1.);
#1288 = DIRECTION('',(0.,1.));
#1289 = ( GEOMETRIC_REPRESENTATION_CONTEXT(2) 
PARAMETRIC_REPRESENTATION_CONTEXT() REPRESENTATION_CONTEXT('2D SPACE',''
  ) );
#1290 = PCURVE('',#436,#1291);
#1291 = DEFINITIONAL_REPRESENTATION('',(#1292),#1296);
#1292 = LINE('',#1293,#1294);
#1293 = CARTESIAN_POINT('',(0.,0.));
#1294 = VECTOR('',#1295,1.);
#1295 = DIRECTION('',(0.,-1.));
#1296 = ( GEOMETRIC_REPRESENTATION_CONTEXT(2) 
PARAMETRIC_REPRESENTATION_CONTEXT() REPRESENTATION_CONTEXT('2D SPACE',''
  ) );
#1297 = ORIENTED_EDGE('',*,*,#1298,.T.);
#1298 = EDGE_CURVE('',#1276,#1299,#1301,.T.);
#1299 = VERTEX_POINT('',#1300);
#1300 = CARTESIAN_POINT('',(84.5,32.,0.));
#1301 = SURFACE_CURVE('',#1302,(#1307,#1314),.PCURVE_S1.);
#1302 = CIRCLE('',#1303,3.);
#1303 = AXIS2_PLACEMENT_3D('',#1304,#1305,#1306);
#1304 = CARTESIAN_POINT('',(84.5,29.,0.));
#1305 = DIRECTION('',(0.,0.,1.));
#1306 = DIRECTION('',(0.,-1.,0.));
#1307 = PCURVE('',#186,#1308);
#1308 = DEFINITIONAL_REPRESENTATION('',(#1309),#1313);
#1309 = CIRCLE('',#1310,3.);
#1310 = AXIS2_PLACEMENT_2D('',#1311,#1312);
#1311 = CARTESIAN_POINT('',(172.,61.));
#1312 = DIRECTION('',(0.,-1.));
#1313 = ( GEOMETRIC_REPRESENTATION_CONTEXT(2) 
PARAMETRIC_REPRESENTATION_CONTEXT() REPRESENTATION_CONTEXT('2D SPACE',''
  ) );
#1314 = PCURVE('',#1013,#1315);
#1315 = DEFINITIONAL_REPRESENTATION('',(#1316),#1320);
#1316 = LINE('',#1317,#1318);
#1317 = CARTESIAN_POINT('',(-1.570796326795,0.));
#1318 = VECTOR('',#1319,1.);
#1319 = DIRECTION('',(1.,0.));
#1320 = ( GEOMETRIC_REPRESENTATION_CONTEXT(2) 
PARAMETRIC_REPRESENTATION_CONTEXT() REPRESENTATION_CONTEXT('2D SPACE',''
  ) );
#1321 = ORIENTED_EDGE('',*,*,#1322,.F.);
#1322 = EDGE_CURVE('',#1146,#1299,#1323,.T.);
#1323 = SURFACE_CURVE('',#1324,(#1328,#1335),.PCURVE_S1.);
#1324 = LINE('',#1325,#1326);
#1325 = CARTESIAN_POINT('',(-87.5,32.,0.));
#1326 = VECTOR('',#1327,1.);
#1327 = DIRECTION('',(1.,0.,0.));
#1328 = PCURVE('',#186,#1329);
#1329 = DEFINITIONAL_REPRESENTATION('',(#1330),#1334);
#1330 = LINE('',#1331,#1332);
#1331 = CARTESIAN_POINT('',(0.,64.));
#1332 = VECTOR('',#1333,1.);
#1333 = DIRECTION('',(1.,0.));
#1334 = ( GEOMETRIC_REPRESENTATION_CONTEXT(2) 
PARAMETRIC_REPRESENTATION_CONTEXT() REPRESENTATION_CONTEXT('2D SPACE',''
  ) );
#1335 = PCURVE('',#1041,#1336);
#1336 = DEFINITIONAL_REPRESENTATION('',(#1337),#1341);
#1337 = LINE('',#1338,#1339);
#1338 = CARTESIAN_POINT('',(0.,0.));
#1339 = VECTOR('',#1340,1.);
#1340 = DIRECTION('',(0.,1.));
#1341 = ( GEOMETRIC_REPRESENTATION_CONTEXT(2) 
PARAMETRIC_REPRESENTATION_CONTEXT() REPRESENTATION_CONTEXT('2D SPACE',''
  ) );
#1342 = ORIENTED_EDGE('',*,*,#1145,.F.);
#1343 = ADVANCED_FACE('',(#1344),#158,.T.);
#1344 = FACE_BOUND('',#1345,.T.);
#1345 = EDGE_LOOP('',(#1346,#1347,#1368,#1369));
#1346 = ORIENTED_EDGE('',*,*,#1200,.T.);
#1347 = ORIENTED_EDGE('',*,*,#1348,.T.);
#1348 = EDGE_CURVE('',#1201,#336,#1349,.T.);
#1349 = SURFACE_CURVE('',#1350,(#1354,#1361),.PCURVE_S1.);
#1350 = LINE('',#1351,#1352);
#1351 = CARTESIAN_POINT('',(-84.5,-32.,0.));
#1352 = VECTOR('',#1353,1.);
#1353 = DIRECTION('',(0.,0.,1.));
#1354 = PCURVE('',#158,#1355);
#1355 = DEFINITIONAL_REPRESENTATION('',(#1356),#1360);
#1356 = LINE('',#1357,#1358);
#1357 = CARTESIAN_POINT('',(1.570796326795,0.));
#1358 = VECTOR('',#1359,1.);
#1359 = DIRECTION('',(0.,1.));
#1360 = ( GEOMETRIC_REPRESENTATION_CONTEXT(2) 
PARAMETRIC_REPRESENTATION_CONTEXT() REPRESENTATION_CONTEXT('2D SPACE',''
  ) );
#1361 = PCURVE('',#375,#1362);
#1362 = DEFINITIONAL_REPRESENTATION('',(#1363),#1367);
#1363 = LINE('',#1364,#1365);
#1364 = CARTESIAN_POINT('',(0.,3.));
#1365 = VECTOR('',#1366,1.);
#1366 = DIRECTION('',(1.,0.));
#1367 = ( GEOMETRIC_REPRESENTATION_CONTEXT(2) 
PARAMETRIC_REPRESENTATION_CONTEXT() REPRESENTATION_CONTEXT('2D SPACE',''
  ) );
#1368 = ORIENTED_EDGE('',*,*,#335,.F.);
#1369 = ORIENTED_EDGE('',*,*,#142,.F.);
#1370 = ADVANCED_FACE('',(#1371),#548,.T.);
#1371 = FACE_BOUND('',#1372,.T.);
#1372 = EDGE_LOOP('',(#1373,#1394,#1395,#1396));
#1373 = ORIENTED_EDGE('',*,*,#1374,.F.);
#1374 = EDGE_CURVE('',#639,#508,#1375,.T.);
#1375 = SURFACE_CURVE('',#1376,(#1380,#1387),.PCURVE_S1.);
#1376 = LINE('',#1377,#1378);
#1377 = CARTESIAN_POINT('',(-82.85,-27.6,3.));
#1378 = VECTOR('',#1379,1.);
#1379 = DIRECTION('',(0.,0.,1.));
#1380 = PCURVE('',#548,#1381);
#1381 = DEFINITIONAL_REPRESENTATION('',(#1382),#1386);
#1382 = LINE('',#1383,#1384);
#1383 = CARTESIAN_POINT('',(0.,0.));
#1384 = VECTOR('',#1385,1.);
#1385 = DIRECTION('',(1.,0.));
#1386 = ( GEOMETRIC_REPRESENTATION_CONTEXT(2) 
PARAMETRIC_REPRESENTATION_CONTEXT() REPRESENTATION_CONTEXT('2D SPACE',''
  ) );
#1387 = PCURVE('',#522,#1388);
#1388 = DEFINITIONAL_REPRESENTATION('',(#1389),#1393);
#1389 = LINE('',#1390,#1391);
#1390 = CARTESIAN_POINT('',(0.,0.));
#1391 = VECTOR('',#1392,1.);
#1392 = DIRECTION('',(1.,0.));
#1393 = ( GEOMETRIC_REPRESENTATION_CONTEXT(2) 
PARAMETRIC_REPRESENTATION_CONTEXT() REPRESENTATION_CONTEXT('2D SPACE',''
  ) );
#1394 = ORIENTED_EDGE('',*,*,#638,.T.);
#1395 = ORIENTED_EDGE('',*,*,#588,.F.);
#1396 = ORIENTED_EDGE('',*,*,#533,.F.);
#1397 = ADVANCED_FACE('',(#1398),#522,.T.);
#1398 = FACE_BOUND('',#1399,.T.);
#1399 = EDGE_LOOP('',(#1400,#1421,#1422,#1423));
#1400 = ORIENTED_EDGE('',*,*,#1401,.F.);
#1401 = EDGE_CURVE('',#662,#482,#1402,.T.);
#1402 = SURFACE_CURVE('',#1403,(#1407,#1414),.PCURVE_S1.);
#1403 = LINE('',#1404,#1405);
#1404 = CARTESIAN_POINT('',(82.85,-27.6,3.));
#1405 = VECTOR('',#1406,1.);
#1406 = DIRECTION('',(0.,0.,1.));
#1407 = PCURVE('',#522,#1408);
#1408 = DEFINITIONAL_REPRESENTATION('',(#1409),#1413);
#1409 = LINE('',#1410,#1411);
#1410 = CARTESIAN_POINT('',(0.,165.7));
#1411 = VECTOR('',#1412,1.);
#1412 = DIRECTION('',(1.,0.));
#1413 = ( GEOMETRIC_REPRESENTATION_CONTEXT(2) 
PARAMETRIC_REPRESENTATION_CONTEXT() REPRESENTATION_CONTEXT('2D SPACE',''
  ) );
#1414 = PCURVE('',#496,#1415);
#1415 = DEFINITIONAL_REPRESENTATION('',(#1416),#1420);
#1416 = LINE('',#1417,#1418);
#1417 = CARTESIAN_POINT('',(0.,0.));
#1418 = VECTOR('',#1419,1.);
#1419 = DIRECTION('',(1.,0.));
#1420 = ( GEOMETRIC_REPRESENTATION_CONTEXT(2) 
PARAMETRIC_REPRESENTATION_CONTEXT() REPRESENTATION_CONTEXT('2D SPACE',''
  ) );
#1421 = ORIENTED_EDGE('',*,*,#661,.F.);
#1422 = ORIENTED_EDGE('',*,*,#1374,.T.);
#1423 = ORIENTED_EDGE('',*,*,#507,.F.);
#1424 = ADVANCED_FACE('',(#1425),#496,.F.);
#1425 = FACE_BOUND('',#1426,.F.);
#1426 = EDGE_LOOP('',(#1427,#1428,#1429,#1448));
#1427 = ORIENTED_EDGE('',*,*,#1401,.F.);
#1428 = ORIENTED_EDGE('',*,*,#684,.T.);
#1429 = ORIENTED_EDGE('',*,*,#1430,.F.);
#1430 = EDGE_CURVE('',#449,#685,#1431,.T.);
#1431 = SURFACE_CURVE('',#1432,(#1436,#1442),.PCURVE_S1.);
#1432 = LINE('',#1433,#1434);
#1433 = CARTESIAN_POINT('',(82.85,-9.968826410365,3.));
#1434 = VECTOR('',#1435,1.);
#1435 = DIRECTION('',(-0.,-0.,-1.));
#1436 = PCURVE('',#496,#1437);
#1437 = DEFINITIONAL_REPRESENTATION('',(#1438),#1441);
#1438 = B_SPLINE_CURVE_WITH_KNOTS('',1,(#1439,#1440),.UNSPECIFIED.,.F.,
  .F.,(2,2),(-2.2,5.999999999062E-07),.PIECEWISE_BEZIER_KNOTS.);
#1439 = CARTESIAN_POINT('',(2.2,-17.63117358963));
#1440 = CARTESIAN_POINT('',(-5.999999999062E-07,-17.63117358963));
#1441 = ( GEOMETRIC_REPRESENTATION_CONTEXT(2) 
PARAMETRIC_REPRESENTATION_CONTEXT() REPRESENTATION_CONTEXT('2D SPACE',''
  ) );
#1442 = PCURVE('',#469,#1443);
#1443 = DEFINITIONAL_REPRESENTATION('',(#1444),#1447);
#1444 = B_SPLINE_CURVE_WITH_KNOTS('',1,(#1445,#1446),.UNSPECIFIED.,.F.,
  .F.,(2,2),(-2.2,5.999999999062E-07),.PIECEWISE_BEZIER_KNOTS.);
#1445 = CARTESIAN_POINT('',(-4.275936383697,-2.2));
#1446 = CARTESIAN_POINT('',(-4.275936383697,5.999999999062E-07));
#1447 = ( GEOMETRIC_REPRESENTATION_CONTEXT(2) 
PARAMETRIC_REPRESENTATION_CONTEXT() REPRESENTATION_CONTEXT('2D SPACE',''
  ) );
#1448 = ORIENTED_EDGE('',*,*,#481,.F.);
#1449 = ADVANCED_FACE('',(#1450),#469,.F.);
#1450 = FACE_BOUND('',#1451,.T.);
#1451 = EDGE_LOOP('',(#1452,#1471,#1472,#1473));
#1452 = ORIENTED_EDGE('',*,*,#1453,.T.);
#1453 = EDGE_CURVE('',#421,#708,#1454,.T.);
#1454 = SURFACE_CURVE('',#1455,(#1459,#1465),.PCURVE_S1.);
#1455 = LINE('',#1456,#1457);
#1456 = CARTESIAN_POINT('',(87.5,-11.,3.));
#1457 = VECTOR('',#1458,1.);
#1458 = DIRECTION('',(-0.,-0.,-1.));
#1459 = PCURVE('',#469,#1460);
#1460 = DEFINITIONAL_REPRESENTATION('',(#1461),#1464);
#1461 = B_SPLINE_CURVE_WITH_KNOTS('',1,(#1462,#1463),.UNSPECIFIED.,.F.,
  .F.,(2,2),(-2.5,5.999999999062E-07),.PIECEWISE_BEZIER_KNOTS.);
#1462 = CARTESIAN_POINT('',(-4.712388980385,-2.5));
#1463 = CARTESIAN_POINT('',(-4.712388980385,5.999999999062E-07));
#1464 = ( GEOMETRIC_REPRESENTATION_CONTEXT(2) 
PARAMETRIC_REPRESENTATION_CONTEXT() REPRESENTATION_CONTEXT('2D SPACE',''
  ) );
#1465 = PCURVE('',#436,#1466);
#1466 = DEFINITIONAL_REPRESENTATION('',(#1467),#1470);
#1467 = B_SPLINE_CURVE_WITH_KNOTS('',1,(#1468,#1469),.UNSPECIFIED.,.F.,
  .F.,(2,2),(-2.5,5.999999999062E-07),.PIECEWISE_BEZIER_KNOTS.);
#1468 = CARTESIAN_POINT('',(5.5,-21.));
#1469 = CARTESIAN_POINT('',(2.9999994,-21.));
#1470 = ( GEOMETRIC_REPRESENTATION_CONTEXT(2) 
PARAMETRIC_REPRESENTATION_CONTEXT() REPRESENTATION_CONTEXT('2D SPACE',''
  ) );
#1471 = ORIENTED_EDGE('',*,*,#707,.F.);
#1472 = ORIENTED_EDGE('',*,*,#1430,.F.);
#1473 = ORIENTED_EDGE('',*,*,#448,.F.);
#1474 = ADVANCED_FACE('',(#1475),#436,.T.);
#1475 = FACE_BOUND('',#1476,.T.);
#1476 = EDGE_LOOP('',(#1477,#1478,#1499,#1500,#1521,#1522,#1541,#1542));
#1477 = ORIENTED_EDGE('',*,*,#420,.F.);
#1478 = ORIENTED_EDGE('',*,*,#1479,.F.);
#1479 = EDGE_CURVE('',#1248,#388,#1480,.T.);
#1480 = SURFACE_CURVE('',#1481,(#1485,#1492),.PCURVE_S1.);
#1481 = LINE('',#1482,#1483);
#1482 = CARTESIAN_POINT('',(87.5,-29.,0.));
#1483 = VECTOR('',#1484,1.);
#1484 = DIRECTION('',(0.,0.,1.));
#1485 = PCURVE('',#436,#1486);
#1486 = DEFINITIONAL_REPRESENTATION('',(#1487),#1491);
#1487 = LINE('',#1488,#1489);
#1488 = CARTESIAN_POINT('',(0.,-3.));
#1489 = VECTOR('',#1490,1.);
#1490 = DIRECTION('',(1.,0.));
#1491 = ( GEOMETRIC_REPRESENTATION_CONTEXT(2) 
PARAMETRIC_REPRESENTATION_CONTEXT() REPRESENTATION_CONTEXT('2D SPACE',''
  ) );
#1492 = PCURVE('',#408,#1493);
#1493 = DEFINITIONAL_REPRESENTATION('',(#1494),#1498);
#1494 = LINE('',#1495,#1496);
#1495 = CARTESIAN_POINT('',(-0.,0.));
#1496 = VECTOR('',#1497,1.);
#1497 = DIRECTION('',(-0.,1.));
#1498 = ( GEOMETRIC_REPRESENTATION_CONTEXT(2) 
PARAMETRIC_REPRESENTATION_CONTEXT() REPRESENTATION_CONTEXT('2D SPACE',''
  ) );
#1499 = ORIENTED_EDGE('',*,*,#1275,.T.);
#1500 = ORIENTED_EDGE('',*,*,#1501,.T.);
#1501 = EDGE_CURVE('',#1276,#974,#1502,.T.);
#1502 = SURFACE_CURVE('',#1503,(#1507,#1514),.PCURVE_S1.);
#1503 = LINE('',#1504,#1505);
#1504 = CARTESIAN_POINT('',(87.5,29.,0.));
#1505 = VECTOR('',#1506,1.);
#1506 = DIRECTION('',(0.,0.,1.));
#1507 = PCURVE('',#436,#1508);
#1508 = DEFINITIONAL_REPRESENTATION('',(#1509),#1513);
#1509 = LINE('',#1510,#1511);
#1510 = CARTESIAN_POINT('',(0.,-61.));
#1511 = VECTOR('',#1512,1.);
#1512 = DIRECTION('',(1.,0.));
#1513 = ( GEOMETRIC_REPRESENTATION_CONTEXT(2) 
PARAMETRIC_REPRESENTATION_CONTEXT() REPRESENTATION_CONTEXT('2D SPACE',''
  ) );
#1514 = PCURVE('',#1013,#1515);
#1515 = DEFINITIONAL_REPRESENTATION('',(#1516),#1520);
#1516 = LINE('',#1517,#1518);
#1517 = CARTESIAN_POINT('',(0.,0.));
#1518 = VECTOR('',#1519,1.);
#1519 = DIRECTION('',(0.,1.));
#1520 = ( GEOMETRIC_REPRESENTATION_CONTEXT(2) 
PARAMETRIC_REPRESENTATION_CONTEXT() REPRESENTATION_CONTEXT('2D SPACE',''
  ) );
#1521 = ORIENTED_EDGE('',*,*,#973,.F.);
#1522 = ORIENTED_EDGE('',*,*,#1523,.T.);
#1523 = EDGE_CURVE('',#946,#732,#1524,.T.);
#1524 = SURFACE_CURVE('',#1525,(#1529,#1535),.PCURVE_S1.);
#1525 = LINE('',#1526,#1527);
#1526 = CARTESIAN_POINT('',(87.5,11.,3.));
#1527 = VECTOR('',#1528,1.);
#1528 = DIRECTION('',(-0.,-0.,-1.));
#1529 = PCURVE('',#436,#1530);
#1530 = DEFINITIONAL_REPRESENTATION('',(#1531),#1534);
#1531 = B_SPLINE_CURVE_WITH_KNOTS('',1,(#1532,#1533),.UNSPECIFIED.,.F.,
  .F.,(2,2),(-2.5,5.999999999062E-07),.PIECEWISE_BEZIER_KNOTS.);
#1532 = CARTESIAN_POINT('',(5.5,-43.));
#1533 = CARTESIAN_POINT('',(2.9999994,-43.));
#1534 = ( GEOMETRIC_REPRESENTATION_CONTEXT(2) 
PARAMETRIC_REPRESENTATION_CONTEXT() REPRESENTATION_CONTEXT('2D SPACE',''
  ) );
#1535 = PCURVE('',#770,#1536);
#1536 = DEFINITIONAL_REPRESENTATION('',(#1537),#1540);
#1537 = B_SPLINE_CURVE_WITH_KNOTS('',1,(#1538,#1539),.UNSPECIFIED.,.F.,
  .F.,(2,2),(-2.5,5.999999999062E-07),.PIECEWISE_BEZIER_KNOTS.);
#1538 = CARTESIAN_POINT('',(-1.570796326795,-2.5));
#1539 = CARTESIAN_POINT('',(-1.570796326795,5.999999999062E-07));
#1540 = ( GEOMETRIC_REPRESENTATION_CONTEXT(2) 
PARAMETRIC_REPRESENTATION_CONTEXT() REPRESENTATION_CONTEXT('2D SPACE',''
  ) );
#1541 = ORIENTED_EDGE('',*,*,#731,.T.);
#1542 = ORIENTED_EDGE('',*,*,#1453,.F.);
#1543 = ADVANCED_FACE('',(#1544),#408,.T.);
#1544 = FACE_BOUND('',#1545,.F.);
#1545 = EDGE_LOOP('',(#1546,#1547,#1568,#1569));
#1546 = ORIENTED_EDGE('',*,*,#1247,.T.);
#1547 = ORIENTED_EDGE('',*,*,#1548,.T.);
#1548 = EDGE_CURVE('',#1225,#360,#1549,.T.);
#1549 = SURFACE_CURVE('',#1550,(#1554,#1561),.PCURVE_S1.);
#1550 = LINE('',#1551,#1552);
#1551 = CARTESIAN_POINT('',(84.5,-32.,0.));
#1552 = VECTOR('',#1553,1.);
#1553 = DIRECTION('',(0.,0.,1.));
#1554 = PCURVE('',#408,#1555);
#1555 = DEFINITIONAL_REPRESENTATION('',(#1556),#1560);
#1556 = LINE('',#1557,#1558);
#1557 = CARTESIAN_POINT('',(-1.570796326795,0.));
#1558 = VECTOR('',#1559,1.);
#1559 = DIRECTION('',(-0.,1.));
#1560 = ( GEOMETRIC_REPRESENTATION_CONTEXT(2) 
PARAMETRIC_REPRESENTATION_CONTEXT() REPRESENTATION_CONTEXT('2D SPACE',''
  ) );
#1561 = PCURVE('',#375,#1562);
#1562 = DEFINITIONAL_REPRESENTATION('',(#1563),#1567);
#1563 = LINE('',#1564,#1565);
#1564 = CARTESIAN_POINT('',(0.,172.));
#1565 = VECTOR('',#1566,1.);
#1566 = DIRECTION('',(1.,0.));
#1567 = ( GEOMETRIC_REPRESENTATION_CONTEXT(2) 
PARAMETRIC_REPRESENTATION_CONTEXT() REPRESENTATION_CONTEXT('2D SPACE',''
  ) );
#1568 = ORIENTED_EDGE('',*,*,#387,.F.);
#1569 = ORIENTED_EDGE('',*,*,#1479,.F.);
#1570 = ADVANCED_FACE('',(#1571),#375,.F.);
#1571 = FACE_BOUND('',#1572,.F.);
#1572 = EDGE_LOOP('',(#1573,#1574,#1575,#1576));
#1573 = ORIENTED_EDGE('',*,*,#1224,.F.);
#1574 = ORIENTED_EDGE('',*,*,#1348,.T.);
#1575 = ORIENTED_EDGE('',*,*,#359,.T.);
#1576 = ORIENTED_EDGE('',*,*,#1548,.F.);
#1577 = ADVANCED_FACE('',(#1578),#854,.T.);
#1578 = FACE_BOUND('',#1579,.T.);
#1579 = EDGE_LOOP('',(#1580,#1581,#1582,#1603));
#1580 = ORIENTED_EDGE('',*,*,#892,.T.);
#1581 = ORIENTED_EDGE('',*,*,#838,.T.);
#1582 = ORIENTED_EDGE('',*,*,#1583,.T.);
#1583 = EDGE_CURVE('',#811,#1082,#1584,.T.);
#1584 = SURFACE_CURVE('',#1585,(#1589,#1596),.PCURVE_S1.);
#1585 = LINE('',#1586,#1587);
#1586 = CARTESIAN_POINT('',(-82.85,27.6,3.));
#1587 = VECTOR('',#1588,1.);
#1588 = DIRECTION('',(0.,0.,1.));
#1589 = PCURVE('',#854,#1590);
#1590 = DEFINITIONAL_REPRESENTATION('',(#1591),#1595);
#1591 = LINE('',#1592,#1593);
#1592 = CARTESIAN_POINT('',(0.,-55.2));
#1593 = VECTOR('',#1594,1.);
#1594 = DIRECTION('',(1.,0.));
#1595 = ( GEOMETRIC_REPRESENTATION_CONTEXT(2) 
PARAMETRIC_REPRESENTATION_CONTEXT() REPRESENTATION_CONTEXT('2D SPACE',''
  ) );
#1596 = PCURVE('',#826,#1597);
#1597 = DEFINITIONAL_REPRESENTATION('',(#1598),#1602);
#1598 = LINE('',#1599,#1600);
#1599 = CARTESIAN_POINT('',(0.,0.));
#1600 = VECTOR('',#1601,1.);
#1601 = DIRECTION('',(1.,0.));
#1602 = ( GEOMETRIC_REPRESENTATION_CONTEXT(2) 
PARAMETRIC_REPRESENTATION_CONTEXT() REPRESENTATION_CONTEXT('2D SPACE',''
  ) );
#1603 = ORIENTED_EDGE('',*,*,#1081,.F.);
#1604 = ADVANCED_FACE('',(#1605),#826,.F.);
#1605 = FACE_BOUND('',#1606,.F.);
#1606 = EDGE_LOOP('',(#1607,#1628,#1629,#1630));
#1607 = ORIENTED_EDGE('',*,*,#1608,.F.);
#1608 = EDGE_CURVE('',#783,#1103,#1609,.T.);
#1609 = SURFACE_CURVE('',#1610,(#1614,#1621),.PCURVE_S1.);
#1610 = LINE('',#1611,#1612);
#1611 = CARTESIAN_POINT('',(82.85,27.6,3.));
#1612 = VECTOR('',#1613,1.);
#1613 = DIRECTION('',(0.,0.,1.));
#1614 = PCURVE('',#826,#1615);
#1615 = DEFINITIONAL_REPRESENTATION('',(#1616),#1620);
#1616 = LINE('',#1617,#1618);
#1617 = CARTESIAN_POINT('',(0.,165.7));
#1618 = VECTOR('',#1619,1.);
#1619 = DIRECTION('',(1.,0.));
#1620 = ( GEOMETRIC_REPRESENTATION_CONTEXT(2) 
PARAMETRIC_REPRESENTATION_CONTEXT() REPRESENTATION_CONTEXT('2D SPACE',''
  ) );
#1621 = PCURVE('',#798,#1622);
#1622 = DEFINITIONAL_REPRESENTATION('',(#1623),#1627);
#1623 = LINE('',#1624,#1625);
#1624 = CARTESIAN_POINT('',(0.,-55.2));
#1625 = VECTOR('',#1626,1.);
#1626 = DIRECTION('',(1.,0.));
#1627 = ( GEOMETRIC_REPRESENTATION_CONTEXT(2) 
PARAMETRIC_REPRESENTATION_CONTEXT() REPRESENTATION_CONTEXT('2D SPACE',''
  ) );
#1628 = ORIENTED_EDGE('',*,*,#810,.F.);
#1629 = ORIENTED_EDGE('',*,*,#1583,.T.);
#1630 = ORIENTED_EDGE('',*,*,#1102,.F.);
#1631 = ADVANCED_FACE('',(#1632),#798,.F.);
#1632 = FACE_BOUND('',#1633,.F.);
#1633 = EDGE_LOOP('',(#1634,#1653,#1654,#1655));
#1634 = ORIENTED_EDGE('',*,*,#1635,.T.);
#1635 = EDGE_CURVE('',#944,#754,#1636,.T.);
#1636 = SURFACE_CURVE('',#1637,(#1641,#1647),.PCURVE_S1.);
#1637 = LINE('',#1638,#1639);
#1638 = CARTESIAN_POINT('',(82.85,9.968826410365,3.));
#1639 = VECTOR('',#1640,1.);
#1640 = DIRECTION('',(-0.,-0.,-1.));
#1641 = PCURVE('',#798,#1642);
#1642 = DEFINITIONAL_REPRESENTATION('',(#1643),#1646);
#1643 = B_SPLINE_CURVE_WITH_KNOTS('',1,(#1644,#1645),.UNSPECIFIED.,.F.,
  .F.,(2,2),(-2.2,5.999999999062E-07),.PIECEWISE_BEZIER_KNOTS.);
#1644 = CARTESIAN_POINT('',(2.2,-37.56882641036));
#1645 = CARTESIAN_POINT('',(-5.999999999062E-07,-37.56882641036));
#1646 = ( GEOMETRIC_REPRESENTATION_CONTEXT(2) 
PARAMETRIC_REPRESENTATION_CONTEXT() REPRESENTATION_CONTEXT('2D SPACE',''
  ) );
#1647 = PCURVE('',#770,#1648);
#1648 = DEFINITIONAL_REPRESENTATION('',(#1649),#1652);
#1649 = B_SPLINE_CURVE_WITH_KNOTS('',1,(#1650,#1651),.UNSPECIFIED.,.F.,
  .F.,(2,2),(-2.2,5.999999999062E-07),.PIECEWISE_BEZIER_KNOTS.);
#1650 = CARTESIAN_POINT('',(-2.007248923483,-2.2));
#1651 = CARTESIAN_POINT('',(-2.007248923483,5.999999999062E-07));
#1652 = ( GEOMETRIC_REPRESENTATION_CONTEXT(2) 
PARAMETRIC_REPRESENTATION_CONTEXT() REPRESENTATION_CONTEXT('2D SPACE',''
  ) );
#1653 = ORIENTED_EDGE('',*,*,#782,.T.);
#1654 = ORIENTED_EDGE('',*,*,#1608,.T.);
#1655 = ORIENTED_EDGE('',*,*,#1123,.F.);
#1656 = ADVANCED_FACE('',(#1657),#770,.F.);
#1657 = FACE_BOUND('',#1658,.T.);
#1658 = EDGE_LOOP('',(#1659,#1660,#1661,#1662));
#1659 = ORIENTED_EDGE('',*,*,#753,.F.);
#1660 = ORIENTED_EDGE('',*,*,#1523,.F.);
#1661 = ORIENTED_EDGE('',*,*,#943,.F.);
#1662 = ORIENTED_EDGE('',*,*,#1635,.T.);
#1663 = ADVANCED_FACE('',(#1664),#1041,.T.);
#1664 = FACE_BOUND('',#1665,.T.);
#1665 = EDGE_LOOP('',(#1666,#1667,#1668,#1669));
#1666 = ORIENTED_EDGE('',*,*,#1322,.F.);
#1667 = ORIENTED_EDGE('',*,*,#1173,.T.);
#1668 = ORIENTED_EDGE('',*,*,#1025,.T.);
#1669 = ORIENTED_EDGE('',*,*,#1670,.F.);
#1670 = EDGE_CURVE('',#1299,#997,#1671,.T.);
#1671 = SURFACE_CURVE('',#1672,(#1676,#1683),.PCURVE_S1.);
#1672 = LINE('',#1673,#1674);
#1673 = CARTESIAN_POINT('',(84.5,32.,0.));
#1674 = VECTOR('',#1675,1.);
#1675 = DIRECTION('',(0.,0.,1.));
#1676 = PCURVE('',#1041,#1677);
#1677 = DEFINITIONAL_REPRESENTATION('',(#1678),#1682);
#1678 = LINE('',#1679,#1680);
#1679 = CARTESIAN_POINT('',(0.,172.));
#1680 = VECTOR('',#1681,1.);
#1681 = DIRECTION('',(1.,0.));
#1682 = ( GEOMETRIC_REPRESENTATION_CONTEXT(2) 
PARAMETRIC_REPRESENTATION_CONTEXT() REPRESENTATION_CONTEXT('2D SPACE',''
  ) );
#1683 = PCURVE('',#1013,#1684);
#1684 = DEFINITIONAL_REPRESENTATION('',(#1685),#1689);
#1685 = LINE('',#1686,#1687);
#1686 = CARTESIAN_POINT('',(1.570796326795,0.));
#1687 = VECTOR('',#1688,1.);
#1688 = DIRECTION('',(0.,1.));
#1689 = ( GEOMETRIC_REPRESENTATION_CONTEXT(2) 
PARAMETRIC_REPRESENTATION_CONTEXT() REPRESENTATION_CONTEXT('2D SPACE',''
  ) );
#1690 = ADVANCED_FACE('',(#1691),#1013,.T.);
#1691 = FACE_BOUND('',#1692,.T.);
#1692 = EDGE_LOOP('',(#1693,#1694,#1695,#1696));
#1693 = ORIENTED_EDGE('',*,*,#1298,.T.);
#1694 = ORIENTED_EDGE('',*,*,#1670,.T.);
#1695 = ORIENTED_EDGE('',*,*,#996,.F.);
#1696 = ORIENTED_EDGE('',*,*,#1501,.F.);
#1697 = ( GEOMETRIC_REPRESENTATION_CONTEXT(3) 
GLOBAL_UNCERTAINTY_ASSIGNED_CONTEXT((#1701)) 
GLOBAL_UNIT_ASSIGNED_CONTEXT((#1698,#1699,#1700)) REPRESENTATION_CONTEXT
('Context #1','3D Context with UNIT and UNCERTAINTY') );
#1698 = ( LENGTH_UNIT() NAMED_UNIT(*) SI_UNIT(.MILLI.,.METRE.) );
#1699 = ( NAMED_UNIT(*) PLANE_ANGLE_UNIT() SI_UNIT($,.RADIAN.) );
#1700 = ( NAMED_UNIT(*) SI_UNIT($,.STERADIAN.) SOLID_ANGLE_UNIT() );
#1701 = UNCERTAINTY_MEASURE_WITH_UNIT(LENGTH_MEASURE(1.E-07),#1698,
  'distance_accuracy_value','confusion accuracy');
#1702 = CONTEXT_DEPENDENT_SHAPE_REPRESENTATION(#1703,#1705);
#1703 = ( REPRESENTATION_RELATIONSHIP('','',#100,#10) 
REPRESENTATION_RELATIONSHIP_WITH_TRANSFORMATION(#1704) 
SHAPE_REPRESENTATION_RELATIONSHIP() );
#1704 = ITEM_DEFINED_TRANSFORMATION('','',#11,#15);
#1705 = PRODUCT_DEFINITION_SHAPE('Placement','Placement of an item',
  #1706);
#1706 = NEXT_ASSEMBLY_USAGE_OCCURRENCE('3','bb_tray','',#5,#95,$);
#1707 = PRODUCT_RELATED_PRODUCT_CATEGORY('part',$,(#97));
#1708 = SHAPE_DEFINITION_REPRESENTATION(#1709,#1715);
#1709 = PRODUCT_DEFINITION_SHAPE('','',#1710);
#1710 = PRODUCT_DEFINITION('design','',#1711,#1714);
#1711 = PRODUCT_DEFINITION_FORMATION('','',#1712);
#1712 = PRODUCT('breadboard','breadboard','',(#1713));
#1713 = PRODUCT_CONTEXT('',#2,'mechanical');
#1714 = PRODUCT_DEFINITION_CONTEXT('part definition',#2,'design');
#1715 = ADVANCED_BREP_SHAPE_REPRESENTATION('',(#11,#1716),#2046);
#1716 = MANIFOLD_SOLID_BREP('',#1717);
#1717 = CLOSED_SHELL('',(#1718,#1838,#1938,#1985,#2032,#2039));
#1718 = ADVANCED_FACE('',(#1719),#1733,.F.);
#1719 = FACE_BOUND('',#1720,.F.);
#1720 = EDGE_LOOP('',(#1721,#1756,#1784,#1812));
#1721 = ORIENTED_EDGE('',*,*,#1722,.F.);
#1722 = EDGE_CURVE('',#1723,#1725,#1727,.T.);
#1723 = VERTEX_POINT('',#1724);
#1724 = CARTESIAN_POINT('',(-82.55,-27.3,3.));
#1725 = VERTEX_POINT('',#1726);
#1726 = CARTESIAN_POINT('',(-82.55,-27.3,11.5));
#1727 = SURFACE_CURVE('',#1728,(#1732,#1744),.PCURVE_S1.);
#1728 = LINE('',#1729,#1730);
#1729 = CARTESIAN_POINT('',(-82.55,-27.3,3.));
#1730 = VECTOR('',#1731,1.);
#1731 = DIRECTION('',(0.,0.,1.));
#1732 = PCURVE('',#1733,#1738);
#1733 = PLANE('',#1734);
#1734 = AXIS2_PLACEMENT_3D('',#1735,#1736,#1737);
#1735 = CARTESIAN_POINT('',(-82.55,-27.3,3.));
#1736 = DIRECTION('',(1.,0.,0.));
#1737 = DIRECTION('',(0.,0.,1.));
#1738 = DEFINITIONAL_REPRESENTATION('',(#1739),#1743);
#1739 = LINE('',#1740,#1741);
#1740 = CARTESIAN_POINT('',(0.,0.));
#1741 = VECTOR('',#1742,1.);
#1742 = DIRECTION('',(1.,0.));
#1743 = ( GEOMETRIC_REPRESENTATION_CONTEXT(2) 
PARAMETRIC_REPRESENTATION_CONTEXT() REPRESENTATION_CONTEXT('2D SPACE',''
  ) );
#1744 = PCURVE('',#1745,#1750);
#1745 = PLANE('',#1746);
#1746 = AXIS2_PLACEMENT_3D('',#1747,#1748,#1749);
#1747 = CARTESIAN_POINT('',(-82.55,-27.3,3.));
#1748 = DIRECTION('',(0.,1.,0.));
#1749 = DIRECTION('',(0.,0.,1.));
#1750 = DEFINITIONAL_REPRESENTATION('',(#1751),#1755);
#1751 = LINE('',#1752,#1753);
#1752 = CARTESIAN_POINT('',(0.,0.));
#1753 = VECTOR('',#1754,1.);
#1754 = DIRECTION('',(1.,0.));
#1755 = ( GEOMETRIC_REPRESENTATION_CONTEXT(2) 
PARAMETRIC_REPRESENTATION_CONTEXT() REPRESENTATION_CONTEXT('2D SPACE',''
  ) );
#1756 = ORIENTED_EDGE('',*,*,#1757,.T.);
#1757 = EDGE_CURVE('',#1723,#1758,#1760,.T.);
#1758 = VERTEX_POINT('',#1759);
#1759 = CARTESIAN_POINT('',(-82.55,27.3,3.));
#1760 = SURFACE_CURVE('',#1761,(#1765,#1772),.PCURVE_S1.);
#1761 = LINE('',#1762,#1763);
#1762 = CARTESIAN_POINT('',(-82.55,-27.3,3.));
#1763 = VECTOR('',#1764,1.);
#1764 = DIRECTION('',(0.,1.,0.));
#1765 = PCURVE('',#1733,#1766);
#1766 = DEFINITIONAL_REPRESENTATION('',(#1767),#1771);
#1767 = LINE('',#1768,#1769);
#1768 = CARTESIAN_POINT('',(0.,0.));
#1769 = VECTOR('',#1770,1.);
#1770 = DIRECTION('',(0.,-1.));
#1771 = ( GEOMETRIC_REPRESENTATION_CONTEXT(2) 
PARAMETRIC_REPRESENTATION_CONTEXT() REPRESENTATION_CONTEXT('2D SPACE',''
  ) );
#1772 = PCURVE('',#1773,#1778);
#1773 = PLANE('',#1774);
#1774 = AXIS2_PLACEMENT_3D('',#1775,#1776,#1777);
#1775 = CARTESIAN_POINT('',(-82.55,-27.3,3.));
#1776 = DIRECTION('',(0.,0.,1.));
#1777 = DIRECTION('',(1.,0.,0.));
#1778 = DEFINITIONAL_REPRESENTATION('',(#1779),#1783);
#1779 = LINE('',#1780,#1781);
#1780 = CARTESIAN_POINT('',(0.,0.));
#1781 = VECTOR('',#1782,1.);
#1782 = DIRECTION('',(0.,1.));
#1783 = ( GEOMETRIC_REPRESENTATION_CONTEXT(2) 
PARAMETRIC_REPRESENTATION_CONTEXT() REPRESENTATION_CONTEXT('2D SPACE',''
  ) );
#1784 = ORIENTED_EDGE('',*,*,#1785,.T.);
#1785 = EDGE_CURVE('',#1758,#1786,#1788,.T.);
#1786 = VERTEX_POINT('',#1787);
#1787 = CARTESIAN_POINT('',(-82.55,27.3,11.5));
#1788 = SURFACE_CURVE('',#1789,(#1793,#1800),.PCURVE_S1.);
#1789 = LINE('',#1790,#1791);
#1790 = CARTESIAN_POINT('',(-82.55,27.3,3.));
#1791 = VECTOR('',#1792,1.);
#1792 = DIRECTION('',(0.,0.,1.));
#1793 = PCURVE('',#1733,#1794);
#1794 = DEFINITIONAL_REPRESENTATION('',(#1795),#1799);
#1795 = LINE('',#1796,#1797);
#1796 = CARTESIAN_POINT('',(0.,-54.6));
#1797 = VECTOR('',#1798,1.);
#1798 = DIRECTION('',(1.,0.));
#1799 = ( GEOMETRIC_REPRESENTATION_CONTEXT(2) 
PARAMETRIC_REPRESENTATION_CONTEXT() REPRESENTATION_CONTEXT('2D SPACE',''
  ) );
#1800 = PCURVE('',#1801,#1806);
#1801 = PLANE('',#1802);
#1802 = AXIS2_PLACEMENT_3D('',#1803,#1804,#1805);
#1803 = CARTESIAN_POINT('',(-82.55,27.3,3.));
#1804 = DIRECTION('',(0.,1.,0.));
#1805 = DIRECTION('',(0.,0.,1.));
#1806 = DEFINITIONAL_REPRESENTATION('',(#1807),#1811);
#1807 = LINE('',#1808,#1809);
#1808 = CARTESIAN_POINT('',(0.,0.));
#1809 = VECTOR('',#1810,1.);
#1810 = DIRECTION('',(1.,0.));
#1811 = ( GEOMETRIC_REPRESENTATION_CONTEXT(2) 
PARAMETRIC_REPRESENTATION_CONTEXT() REPRESENTATION_CONTEXT('2D SPACE',''
  ) );
#1812 = ORIENTED_EDGE('',*,*,#1813,.F.);
#1813 = EDGE_CURVE('',#1725,#1786,#1814,.T.);
#1814 = SURFACE_CURVE('',#1815,(#1819,#1826),.PCURVE_S1.);
#1815 = LINE('',#1816,#1817);
#1816 = CARTESIAN_POINT('',(-82.55,-27.3,11.5));
#1817 = VECTOR('',#1818,1.);
#1818 = DIRECTION('',(0.,1.,0.));
#1819 = PCURVE('',#1733,#1820);
#1820 = DEFINITIONAL_REPRESENTATION('',(#1821),#1825);
#1821 = LINE('',#1822,#1823);
#1822 = CARTESIAN_POINT('',(8.5,0.));
#1823 = VECTOR('',#1824,1.);
#1824 = DIRECTION('',(0.,-1.));
#1825 = ( GEOMETRIC_REPRESENTATION_CONTEXT(2) 
PARAMETRIC_REPRESENTATION_CONTEXT() REPRESENTATION_CONTEXT('2D SPACE',''
  ) );
#1826 = PCURVE('',#1827,#1832);
#1827 = PLANE('',#1828);
#1828 = AXIS2_PLACEMENT_3D('',#1829,#1830,#1831);
#1829 = CARTESIAN_POINT('',(-82.55,-27.3,11.5));
#1830 = DIRECTION('',(0.,0.,1.));
#1831 = DIRECTION('',(1.,0.,0.));
#1832 = DEFINITIONAL_REPRESENTATION('',(#1833),#1837);
#1833 = LINE('',#1834,#1835);
#1834 = CARTESIAN_POINT('',(0.,0.));
#1835 = VECTOR('',#1836,1.);
#1836 = DIRECTION('',(0.,1.));
#1837 = ( GEOMETRIC_REPRESENTATION_CONTEXT(2) 
PARAMETRIC_REPRESENTATION_CONTEXT() REPRESENTATION_CONTEXT('2D SPACE',''
  ) );
#1838 = ADVANCED_FACE('',(#1839),#1853,.T.);
#1839 = FACE_BOUND('',#1840,.T.);
#1840 = EDGE_LOOP('',(#1841,#1871,#1894,#1917));
#1841 = ORIENTED_EDGE('',*,*,#1842,.F.);
#1842 = EDGE_CURVE('',#1843,#1845,#1847,.T.);
#1843 = VERTEX_POINT('',#1844);
#1844 = CARTESIAN_POINT('',(82.55,-27.3,3.));
#1845 = VERTEX_POINT('',#1846);
#1846 = CARTESIAN_POINT('',(82.55,-27.3,11.5));
#1847 = SURFACE_CURVE('',#1848,(#1852,#1864),.PCURVE_S1.);
#1848 = LINE('',#1849,#1850);
#1849 = CARTESIAN_POINT('',(82.55,-27.3,3.));
#1850 = VECTOR('',#1851,1.);
#1851 = DIRECTION('',(0.,0.,1.));
#1852 = PCURVE('',#1853,#1858);
#1853 = PLANE('',#1854);
#1854 = AXIS2_PLACEMENT_3D('',#1855,#1856,#1857);
#1855 = CARTESIAN_POINT('',(82.55,-27.3,3.));
#1856 = DIRECTION('',(1.,0.,0.));
#1857 = DIRECTION('',(0.,0.,1.));
#1858 = DEFINITIONAL_REPRESENTATION('',(#1859),#1863);
#1859 = LINE('',#1860,#1861);
#1860 = CARTESIAN_POINT('',(0.,0.));
#1861 = VECTOR('',#1862,1.);
#1862 = DIRECTION('',(1.,0.));
#1863 = ( GEOMETRIC_REPRESENTATION_CONTEXT(2) 
PARAMETRIC_REPRESENTATION_CONTEXT() REPRESENTATION_CONTEXT('2D SPACE',''
  ) );
#1864 = PCURVE('',#1745,#1865);
#1865 = DEFINITIONAL_REPRESENTATION('',(#1866),#1870);
#1866 = LINE('',#1867,#1868);
#1867 = CARTESIAN_POINT('',(0.,165.1));
#1868 = VECTOR('',#1869,1.);
#1869 = DIRECTION('',(1.,0.));
#1870 = ( GEOMETRIC_REPRESENTATION_CONTEXT(2) 
PARAMETRIC_REPRESENTATION_CONTEXT() REPRESENTATION_CONTEXT('2D SPACE',''
  ) );
#1871 = ORIENTED_EDGE('',*,*,#1872,.T.);
#1872 = EDGE_CURVE('',#1843,#1873,#1875,.T.);
#1873 = VERTEX_POINT('',#1874);
#1874 = CARTESIAN_POINT('',(82.55,27.3,3.));
#1875 = SURFACE_CURVE('',#1876,(#1880,#1887),.PCURVE_S1.);
#1876 = LINE('',#1877,#1878);
#1877 = CARTESIAN_POINT('',(82.55,-27.3,3.));
#1878 = VECTOR('',#1879,1.);
#1879 = DIRECTION('',(0.,1.,0.));
#1880 = PCURVE('',#1853,#1881);
#1881 = DEFINITIONAL_REPRESENTATION('',(#1882),#1886);
#1882 = LINE('',#1883,#1884);
#1883 = CARTESIAN_POINT('',(0.,0.));
#1884 = VECTOR('',#1885,1.);
#1885 = DIRECTION('',(0.,-1.));
#1886 = ( GEOMETRIC_REPRESENTATION_CONTEXT(2) 
PARAMETRIC_REPRESENTATION_CONTEXT() REPRESENTATION_CONTEXT('2D SPACE',''
  ) );
#1887 = PCURVE('',#1773,#1888);
#1888 = DEFINITIONAL_REPRESENTATION('',(#1889),#1893);
#1889 = LINE('',#1890,#1891);
#1890 = CARTESIAN_POINT('',(165.1,0.));
#1891 = VECTOR('',#1892,1.);
#1892 = DIRECTION('',(0.,1.));
#1893 = ( GEOMETRIC_REPRESENTATION_CONTEXT(2) 
PARAMETRIC_REPRESENTATION_CONTEXT() REPRESENTATION_CONTEXT('2D SPACE',''
  ) );
#1894 = ORIENTED_EDGE('',*,*,#1895,.T.);
#1895 = EDGE_CURVE('',#1873,#1896,#1898,.T.);
#1896 = VERTEX_POINT('',#1897);
#1897 = CARTESIAN_POINT('',(82.55,27.3,11.5));
#1898 = SURFACE_CURVE('',#1899,(#1903,#1910),.PCURVE_S1.);
#1899 = LINE('',#1900,#1901);
#1900 = CARTESIAN_POINT('',(82.55,27.3,3.));
#1901 = VECTOR('',#1902,1.);
#1902 = DIRECTION('',(0.,0.,1.));
#1903 = PCURVE('',#1853,#1904);
#1904 = DEFINITIONAL_REPRESENTATION('',(#1905),#1909);
#1905 = LINE('',#1906,#1907);
#1906 = CARTESIAN_POINT('',(0.,-54.6));
#1907 = VECTOR('',#1908,1.);
#1908 = DIRECTION('',(1.,0.));
#1909 = ( GEOMETRIC_REPRESENTATION_CONTEXT(2) 
PARAMETRIC_REPRESENTATION_CONTEXT() REPRESENTATION_CONTEXT('2D SPACE',''
  ) );
#1910 = PCURVE('',#1801,#1911);
#1911 = DEFINITIONAL_REPRESENTATION('',(#1912),#1916);
#1912 = LINE('',#1913,#1914);
#1913 = CARTESIAN_POINT('',(0.,165.1));
#1914 = VECTOR('',#1915,1.);
#1915 = DIRECTION('',(1.,0.));
#1916 = ( GEOMETRIC_REPRESENTATION_CONTEXT(2) 
PARAMETRIC_REPRESENTATION_CONTEXT() REPRESENTATION_CONTEXT('2D SPACE',''
  ) );
#1917 = ORIENTED_EDGE('',*,*,#1918,.F.);
#1918 = EDGE_CURVE('',#1845,#1896,#1919,.T.);
#1919 = SURFACE_CURVE('',#1920,(#1924,#1931),.PCURVE_S1.);
#1920 = LINE('',#1921,#1922);
#1921 = CARTESIAN_POINT('',(82.55,-27.3,11.5));
#1922 = VECTOR('',#1923,1.);
#1923 = DIRECTION('',(0.,1.,0.));
#1924 = PCURVE('',#1853,#1925);
#1925 = DEFINITIONAL_REPRESENTATION('',(#1926),#1930);
#1926 = LINE('',#1927,#1928);
#1927 = CARTESIAN_POINT('',(8.5,0.));
#1928 = VECTOR('',#1929,1.);
#1929 = DIRECTION('',(0.,-1.));
#1930 = ( GEOMETRIC_REPRESENTATION_CONTEXT(2) 
PARAMETRIC_REPRESENTATION_CONTEXT() REPRESENTATION_CONTEXT('2D SPACE',''
  ) );
#1931 = PCURVE('',#1827,#1932);
#1932 = DEFINITIONAL_REPRESENTATION('',(#1933),#1937);
#1933 = LINE('',#1934,#1935);
#1934 = CARTESIAN_POINT('',(165.1,0.));
#1935 = VECTOR('',#1936,1.);
#1936 = DIRECTION('',(0.,1.));
#1937 = ( GEOMETRIC_REPRESENTATION_CONTEXT(2) 
PARAMETRIC_REPRESENTATION_CONTEXT() REPRESENTATION_CONTEXT('2D SPACE',''
  ) );
#1938 = ADVANCED_FACE('',(#1939),#1745,.F.);
#1939 = FACE_BOUND('',#1940,.F.);
#1940 = EDGE_LOOP('',(#1941,#1962,#1963,#1984));
#1941 = ORIENTED_EDGE('',*,*,#1942,.F.);
#1942 = EDGE_CURVE('',#1723,#1843,#1943,.T.);
#1943 = SURFACE_CURVE('',#1944,(#1948,#1955),.PCURVE_S1.);
#1944 = LINE('',#1945,#1946);
#1945 = CARTESIAN_POINT('',(-82.55,-27.3,3.));
#1946 = VECTOR('',#1947,1.);
#1947 = DIRECTION('',(1.,0.,0.));
#1948 = PCURVE('',#1745,#1949);
#1949 = DEFINITIONAL_REPRESENTATION('',(#1950),#1954);
#1950 = LINE('',#1951,#1952);
#1951 = CARTESIAN_POINT('',(0.,0.));
#1952 = VECTOR('',#1953,1.);
#1953 = DIRECTION('',(0.,1.));
#1954 = ( GEOMETRIC_REPRESENTATION_CONTEXT(2) 
PARAMETRIC_REPRESENTATION_CONTEXT() REPRESENTATION_CONTEXT('2D SPACE',''
  ) );
#1955 = PCURVE('',#1773,#1956);
#1956 = DEFINITIONAL_REPRESENTATION('',(#1957),#1961);
#1957 = LINE('',#1958,#1959);
#1958 = CARTESIAN_POINT('',(0.,0.));
#1959 = VECTOR('',#1960,1.);
#1960 = DIRECTION('',(1.,0.));
#1961 = ( GEOMETRIC_REPRESENTATION_CONTEXT(2) 
PARAMETRIC_REPRESENTATION_CONTEXT() REPRESENTATION_CONTEXT('2D SPACE',''
  ) );
#1962 = ORIENTED_EDGE('',*,*,#1722,.T.);
#1963 = ORIENTED_EDGE('',*,*,#1964,.T.);
#1964 = EDGE_CURVE('',#1725,#1845,#1965,.T.);
#1965 = SURFACE_CURVE('',#1966,(#1970,#1977),.PCURVE_S1.);
#1966 = LINE('',#1967,#1968);
#1967 = CARTESIAN_POINT('',(-82.55,-27.3,11.5));
#1968 = VECTOR('',#1969,1.);
#1969 = DIRECTION('',(1.,0.,0.));
#1970 = PCURVE('',#1745,#1971);
#1971 = DEFINITIONAL_REPRESENTATION('',(#1972),#1976);
#1972 = LINE('',#1973,#1974);
#1973 = CARTESIAN_POINT('',(8.5,0.));
#1974 = VECTOR('',#1975,1.);
#1975 = DIRECTION('',(0.,1.));
#1976 = ( GEOMETRIC_REPRESENTATION_CONTEXT(2) 
PARAMETRIC_REPRESENTATION_CONTEXT() REPRESENTATION_CONTEXT('2D SPACE',''
  ) );
#1977 = PCURVE('',#1827,#1978);
#1978 = DEFINITIONAL_REPRESENTATION('',(#1979),#1983);
#1979 = LINE('',#1980,#1981);
#1980 = CARTESIAN_POINT('',(0.,0.));
#1981 = VECTOR('',#1982,1.);
#1982 = DIRECTION('',(1.,0.));
#1983 = ( GEOMETRIC_REPRESENTATION_CONTEXT(2) 
PARAMETRIC_REPRESENTATION_CONTEXT() REPRESENTATION_CONTEXT('2D SPACE',''
  ) );
#1984 = ORIENTED_EDGE('',*,*,#1842,.F.);
#1985 = ADVANCED_FACE('',(#1986),#1801,.T.);
#1986 = FACE_BOUND('',#1987,.T.);
#1987 = EDGE_LOOP('',(#1988,#2009,#2010,#2031));
#1988 = ORIENTED_EDGE('',*,*,#1989,.F.);
#1989 = EDGE_CURVE('',#1758,#1873,#1990,.T.);
#1990 = SURFACE_CURVE('',#1991,(#1995,#2002),.PCURVE_S1.);
#1991 = LINE('',#1992,#1993);
#1992 = CARTESIAN_POINT('',(-82.55,27.3,3.));
#1993 = VECTOR('',#1994,1.);
#1994 = DIRECTION('',(1.,0.,0.));
#1995 = PCURVE('',#1801,#1996);
#1996 = DEFINITIONAL_REPRESENTATION('',(#1997),#2001);
#1997 = LINE('',#1998,#1999);
#1998 = CARTESIAN_POINT('',(0.,0.));
#1999 = VECTOR('',#2000,1.);
#2000 = DIRECTION('',(0.,1.));
#2001 = ( GEOMETRIC_REPRESENTATION_CONTEXT(2) 
PARAMETRIC_REPRESENTATION_CONTEXT() REPRESENTATION_CONTEXT('2D SPACE',''
  ) );
#2002 = PCURVE('',#1773,#2003);
#2003 = DEFINITIONAL_REPRESENTATION('',(#2004),#2008);
#2004 = LINE('',#2005,#2006);
#2005 = CARTESIAN_POINT('',(0.,54.6));
#2006 = VECTOR('',#2007,1.);
#2007 = DIRECTION('',(1.,0.));
#2008 = ( GEOMETRIC_REPRESENTATION_CONTEXT(2) 
PARAMETRIC_REPRESENTATION_CONTEXT() REPRESENTATION_CONTEXT('2D SPACE',''
  ) );
#2009 = ORIENTED_EDGE('',*,*,#1785,.T.);
#2010 = ORIENTED_EDGE('',*,*,#2011,.T.);
#2011 = EDGE_CURVE('',#1786,#1896,#2012,.T.);
#2012 = SURFACE_CURVE('',#2013,(#2017,#2024),.PCURVE_S1.);
#2013 = LINE('',#2014,#2015);
#2014 = CARTESIAN_POINT('',(-82.55,27.3,11.5));
#2015 = VECTOR('',#2016,1.);
#2016 = DIRECTION('',(1.,0.,0.));
#2017 = PCURVE('',#1801,#2018);
#2018 = DEFINITIONAL_REPRESENTATION('',(#2019),#2023);
#2019 = LINE('',#2020,#2021);
#2020 = CARTESIAN_POINT('',(8.5,0.));
#2021 = VECTOR('',#2022,1.);
#2022 = DIRECTION('',(0.,1.));
#2023 = ( GEOMETRIC_REPRESENTATION_CONTEXT(2) 
PARAMETRIC_REPRESENTATION_CONTEXT() REPRESENTATION_CONTEXT('2D SPACE',''
  ) );
#2024 = PCURVE('',#1827,#2025);
#2025 = DEFINITIONAL_REPRESENTATION('',(#2026),#2030);
#2026 = LINE('',#2027,#2028);
#2027 = CARTESIAN_POINT('',(0.,54.6));
#2028 = VECTOR('',#2029,1.);
#2029 = DIRECTION('',(1.,0.));
#2030 = ( GEOMETRIC_REPRESENTATION_CONTEXT(2) 
PARAMETRIC_REPRESENTATION_CONTEXT() REPRESENTATION_CONTEXT('2D SPACE',''
  ) );
#2031 = ORIENTED_EDGE('',*,*,#1895,.F.);
#2032 = ADVANCED_FACE('',(#2033),#1773,.F.);
#2033 = FACE_BOUND('',#2034,.F.);
#2034 = EDGE_LOOP('',(#2035,#2036,#2037,#2038));
#2035 = ORIENTED_EDGE('',*,*,#1757,.F.);
#2036 = ORIENTED_EDGE('',*,*,#1942,.T.);
#2037 = ORIENTED_EDGE('',*,*,#1872,.T.);
#2038 = ORIENTED_EDGE('',*,*,#1989,.F.);
#2039 = ADVANCED_FACE('',(#2040),#1827,.T.);
#2040 = FACE_BOUND('',#2041,.T.);
#2041 = EDGE_LOOP('',(#2042,#2043,#2044,#2045));
#2042 = ORIENTED_EDGE('',*,*,#1813,.F.);
#2043 = ORIENTED_EDGE('',*,*,#1964,.T.);
#2044 = ORIENTED_EDGE('',*,*,#1918,.T.);
#2045 = ORIENTED_EDGE('',*,*,#2011,.F.);
#2046 = ( GEOMETRIC_REPRESENTATION_CONTEXT(3) 
GLOBAL_UNCERTAINTY_ASSIGNED_CONTEXT((#2050)) 
GLOBAL_UNIT_ASSIGNED_CONTEXT((#2047,#2048,#2049)) REPRESENTATION_CONTEXT
('Context #1','3D Context with UNIT and UNCERTAINTY') );
#2047 = ( LENGTH_UNIT() NAMED_UNIT(*) SI_UNIT(.MILLI.,.METRE.) );
#2048 = ( NAMED_UNIT(*) PLANE_ANGLE_UNIT() SI_UNIT($,.RADIAN.) );
#2049 = ( NAMED_UNIT(*) SI_UNIT($,.STERADIAN.) SOLID_ANGLE_UNIT() );
#2050 = UNCERTAINTY_MEASURE_WITH_UNIT(LENGTH_MEASURE(1.E-07),#2047,
  'distance_accuracy_value','confusion accuracy');
#2051 = CONTEXT_DEPENDENT_SHAPE_REPRESENTATION(#2052,#2054);
#2052 = ( REPRESENTATION_RELATIONSHIP('','',#1715,#10) 
REPRESENTATION_RELATIONSHIP_WITH_TRANSFORMATION(#2053) 
SHAPE_REPRESENTATION_RELATIONSHIP() );
#2053 = ITEM_DEFINED_TRANSFORMATION('','',#11,#19);
#2054 = PRODUCT_DEFINITION_SHAPE('Placement','Placement of an item',
  #2055);
#2055 = NEXT_ASSEMBLY_USAGE_OCCURRENCE('4','breadboard','',#5,#1710,$);
#2056 = PRODUCT_RELATED_PRODUCT_CATEGORY('part',$,(#1712));
#2057 = SHAPE_DEFINITION_REPRESENTATION(#2058,#2064);
#2058 = PRODUCT_DEFINITION_SHAPE('','',#2059);
#2059 = PRODUCT_DEFINITION('design','',#2060,#2063);
#2060 = PRODUCT_DEFINITION_FORMATION('','',#2061);
#2061 = PRODUCT('amp','amp','',(#2062));
#2062 = PRODUCT_CONTEXT('',#2,'mechanical');
#2063 = PRODUCT_DEFINITION_CONTEXT('part definition',#2,'design');
#2064 = ADVANCED_BREP_SHAPE_REPRESENTATION('',(#11,#2065),#2395);
#2065 = MANIFOLD_SOLID_BREP('',#2066);
#2066 = CLOSED_SHELL('',(#2067,#2187,#2287,#2334,#2381,#2388));
#2067 = ADVANCED_FACE('',(#2068),#2082,.F.);
#2068 = FACE_BOUND('',#2069,.F.);
#2069 = EDGE_LOOP('',(#2070,#2105,#2133,#2161));
#2070 = ORIENTED_EDGE('',*,*,#2071,.F.);
#2071 = EDGE_CURVE('',#2072,#2074,#2076,.T.);
#2072 = VERTEX_POINT('',#2073);
#2073 = CARTESIAN_POINT('',(-68.,-9.,14.));
#2074 = VERTEX_POINT('',#2075);
#2075 = CARTESIAN_POINT('',(-68.,-9.,15.6));
#2076 = SURFACE_CURVE('',#2077,(#2081,#2093),.PCURVE_S1.);
#2077 = LINE('',#2078,#2079);
#2078 = CARTESIAN_POINT('',(-68.,-9.,14.));
#2079 = VECTOR('',#2080,1.);
#2080 = DIRECTION('',(0.,0.,1.));
#2081 = PCURVE('',#2082,#2087);
#2082 = PLANE('',#2083);
#2083 = AXIS2_PLACEMENT_3D('',#2084,#2085,#2086);
#2084 = CARTESIAN_POINT('',(-68.,-9.,14.));
#2085 = DIRECTION('',(1.,0.,0.));
#2086 = DIRECTION('',(0.,0.,1.));
#2087 = DEFINITIONAL_REPRESENTATION('',(#2088),#2092);
#2088 = LINE('',#2089,#2090);
#2089 = CARTESIAN_POINT('',(0.,0.));
#2090 = VECTOR('',#2091,1.);
#2091 = DIRECTION('',(1.,0.));
#2092 = ( GEOMETRIC_REPRESENTATION_CONTEXT(2) 
PARAMETRIC_REPRESENTATION_CONTEXT() REPRESENTATION_CONTEXT('2D SPACE',''
  ) );
#2093 = PCURVE('',#2094,#2099);
#2094 = PLANE('',#2095);
#2095 = AXIS2_PLACEMENT_3D('',#2096,#2097,#2098);
#2096 = CARTESIAN_POINT('',(-68.,-9.,14.));
#2097 = DIRECTION('',(0.,1.,0.));
#2098 = DIRECTION('',(0.,0.,1.));
#2099 = DEFINITIONAL_REPRESENTATION('',(#2100),#2104);
#2100 = LINE('',#2101,#2102);
#2101 = CARTESIAN_POINT('',(0.,0.));
#2102 = VECTOR('',#2103,1.);
#2103 = DIRECTION('',(1.,0.));
#2104 = ( GEOMETRIC_REPRESENTATION_CONTEXT(2) 
PARAMETRIC_REPRESENTATION_CONTEXT() REPRESENTATION_CONTEXT('2D SPACE',''
  ) );
#2105 = ORIENTED_EDGE('',*,*,#2106,.T.);
#2106 = EDGE_CURVE('',#2072,#2107,#2109,.T.);
#2107 = VERTEX_POINT('',#2108);
#2108 = CARTESIAN_POINT('',(-68.,9.,14.));
#2109 = SURFACE_CURVE('',#2110,(#2114,#2121),.PCURVE_S1.);
#2110 = LINE('',#2111,#2112);
#2111 = CARTESIAN_POINT('',(-68.,-9.,14.));
#2112 = VECTOR('',#2113,1.);
#2113 = DIRECTION('',(0.,1.,0.));
#2114 = PCURVE('',#2082,#2115);
#2115 = DEFINITIONAL_REPRESENTATION('',(#2116),#2120);
#2116 = LINE('',#2117,#2118);
#2117 = CARTESIAN_POINT('',(0.,0.));
#2118 = VECTOR('',#2119,1.);
#2119 = DIRECTION('',(0.,-1.));
#2120 = ( GEOMETRIC_REPRESENTATION_CONTEXT(2) 
PARAMETRIC_REPRESENTATION_CONTEXT() REPRESENTATION_CONTEXT('2D SPACE',''
  ) );
#2121 = PCURVE('',#2122,#2127);
#2122 = PLANE('',#2123);
#2123 = AXIS2_PLACEMENT_3D('',#2124,#2125,#2126);
#2124 = CARTESIAN_POINT('',(-68.,-9.,14.));
#2125 = DIRECTION('',(0.,0.,1.));
#2126 = DIRECTION('',(1.,0.,0.));
#2127 = DEFINITIONAL_REPRESENTATION('',(#2128),#2132);
#2128 = LINE('',#2129,#2130);
#2129 = CARTESIAN_POINT('',(0.,0.));
#2130 = VECTOR('',#2131,1.);
#2131 = DIRECTION('',(0.,1.));
#2132 = ( GEOMETRIC_REPRESENTATION_CONTEXT(2) 
PARAMETRIC_REPRESENTATION_CONTEXT() REPRESENTATION_CONTEXT('2D SPACE',''
  ) );
#2133 = ORIENTED_EDGE('',*,*,#2134,.T.);
#2134 = EDGE_CURVE('',#2107,#2135,#2137,.T.);
#2135 = VERTEX_POINT('',#2136);
#2136 = CARTESIAN_POINT('',(-68.,9.,15.6));
#2137 = SURFACE_CURVE('',#2138,(#2142,#2149),.PCURVE_S1.);
#2138 = LINE('',#2139,#2140);
#2139 = CARTESIAN_POINT('',(-68.,9.,14.));
#2140 = VECTOR('',#2141,1.);
#2141 = DIRECTION('',(0.,0.,1.));
#2142 = PCURVE('',#2082,#2143);
#2143 = DEFINITIONAL_REPRESENTATION('',(#2144),#2148);
#2144 = LINE('',#2145,#2146);
#2145 = CARTESIAN_POINT('',(0.,-18.));
#2146 = VECTOR('',#2147,1.);
#2147 = DIRECTION('',(1.,0.));
#2148 = ( GEOMETRIC_REPRESENTATION_CONTEXT(2) 
PARAMETRIC_REPRESENTATION_CONTEXT() REPRESENTATION_CONTEXT('2D SPACE',''
  ) );
#2149 = PCURVE('',#2150,#2155);
#2150 = PLANE('',#2151);
#2151 = AXIS2_PLACEMENT_3D('',#2152,#2153,#2154);
#2152 = CARTESIAN_POINT('',(-68.,9.,14.));
#2153 = DIRECTION('',(0.,1.,0.));
#2154 = DIRECTION('',(0.,0.,1.));
#2155 = DEFINITIONAL_REPRESENTATION('',(#2156),#2160);
#2156 = LINE('',#2157,#2158);
#2157 = CARTESIAN_POINT('',(0.,0.));
#2158 = VECTOR('',#2159,1.);
#2159 = DIRECTION('',(1.,0.));
#2160 = ( GEOMETRIC_REPRESENTATION_CONTEXT(2) 
PARAMETRIC_REPRESENTATION_CONTEXT() REPRESENTATION_CONTEXT('2D SPACE',''
  ) );
#2161 = ORIENTED_EDGE('',*,*,#2162,.F.);
#2162 = EDGE_CURVE('',#2074,#2135,#2163,.T.);
#2163 = SURFACE_CURVE('',#2164,(#2168,#2175),.PCURVE_S1.);
#2164 = LINE('',#2165,#2166);
#2165 = CARTESIAN_POINT('',(-68.,-9.,15.6));
#2166 = VECTOR('',#2167,1.);
#2167 = DIRECTION('',(0.,1.,0.));
#2168 = PCURVE('',#2082,#2169);
#2169 = DEFINITIONAL_REPRESENTATION('',(#2170),#2174);
#2170 = LINE('',#2171,#2172);
#2171 = CARTESIAN_POINT('',(1.6,0.));
#2172 = VECTOR('',#2173,1.);
#2173 = DIRECTION('',(0.,-1.));
#2174 = ( GEOMETRIC_REPRESENTATION_CONTEXT(2) 
PARAMETRIC_REPRESENTATION_CONTEXT() REPRESENTATION_CONTEXT('2D SPACE',''
  ) );
#2175 = PCURVE('',#2176,#2181);
#2176 = PLANE('',#2177);
#2177 = AXIS2_PLACEMENT_3D('',#2178,#2179,#2180);
#2178 = CARTESIAN_POINT('',(-68.,-9.,15.6));
#2179 = DIRECTION('',(0.,0.,1.));
#2180 = DIRECTION('',(1.,0.,0.));
#2181 = DEFINITIONAL_REPRESENTATION('',(#2182),#2186);
#2182 = LINE('',#2183,#2184);
#2183 = CARTESIAN_POINT('',(0.,0.));
#2184 = VECTOR('',#2185,1.);
#2185 = DIRECTION('',(0.,1.));
#2186 = ( GEOMETRIC_REPRESENTATION_CONTEXT(2) 
PARAMETRIC_REPRESENTATION_CONTEXT() REPRESENTATION_CONTEXT('2D SPACE',''
  ) );
#2187 = ADVANCED_FACE('',(#2188),#2202,.T.);
#2188 = FACE_BOUND('',#2189,.T.);
#2189 = EDGE_LOOP('',(#2190,#2220,#2243,#2266));
#2190 = ORIENTED_EDGE('',*,*,#2191,.F.);
#2191 = EDGE_CURVE('',#2192,#2194,#2196,.T.);
#2192 = VERTEX_POINT('',#2193);
#2193 = CARTESIAN_POINT('',(-49.,-9.,14.));
#2194 = VERTEX_POINT('',#2195);
#2195 = CARTESIAN_POINT('',(-49.,-9.,15.6));
#2196 = SURFACE_CURVE('',#2197,(#2201,#2213),.PCURVE_S1.);
#2197 = LINE('',#2198,#2199);
#2198 = CARTESIAN_POINT('',(-49.,-9.,14.));
#2199 = VECTOR('',#2200,1.);
#2200 = DIRECTION('',(0.,0.,1.));
#2201 = PCURVE('',#2202,#2207);
#2202 = PLANE('',#2203);
#2203 = AXIS2_PLACEMENT_3D('',#2204,#2205,#2206);
#2204 = CARTESIAN_POINT('',(-49.,-9.,14.));
#2205 = DIRECTION('',(1.,0.,0.));
#2206 = DIRECTION('',(0.,0.,1.));
#2207 = DEFINITIONAL_REPRESENTATION('',(#2208),#2212);
#2208 = LINE('',#2209,#2210);
#2209 = CARTESIAN_POINT('',(0.,0.));
#2210 = VECTOR('',#2211,1.);
#2211 = DIRECTION('',(1.,0.));
#2212 = ( GEOMETRIC_REPRESENTATION_CONTEXT(2) 
PARAMETRIC_REPRESENTATION_CONTEXT() REPRESENTATION_CONTEXT('2D SPACE',''
  ) );
#2213 = PCURVE('',#2094,#2214);
#2214 = DEFINITIONAL_REPRESENTATION('',(#2215),#2219);
#2215 = LINE('',#2216,#2217);
#2216 = CARTESIAN_POINT('',(0.,19.));
#2217 = VECTOR('',#2218,1.);
#2218 = DIRECTION('',(1.,0.));
#2219 = ( GEOMETRIC_REPRESENTATION_CONTEXT(2) 
PARAMETRIC_REPRESENTATION_CONTEXT() REPRESENTATION_CONTEXT('2D SPACE',''
  ) );
#2220 = ORIENTED_EDGE('',*,*,#2221,.T.);
#2221 = EDGE_CURVE('',#2192,#2222,#2224,.T.);
#2222 = VERTEX_POINT('',#2223);
#2223 = CARTESIAN_POINT('',(-49.,9.,14.));
#2224 = SURFACE_CURVE('',#2225,(#2229,#2236),.PCURVE_S1.);
#2225 = LINE('',#2226,#2227);
#2226 = CARTESIAN_POINT('',(-49.,-9.,14.));
#2227 = VECTOR('',#2228,1.);
#2228 = DIRECTION('',(0.,1.,0.));
#2229 = PCURVE('',#2202,#2230);
#2230 = DEFINITIONAL_REPRESENTATION('',(#2231),#2235);
#2231 = LINE('',#2232,#2233);
#2232 = CARTESIAN_POINT('',(0.,0.));
#2233 = VECTOR('',#2234,1.);
#2234 = DIRECTION('',(0.,-1.));
#2235 = ( GEOMETRIC_REPRESENTATION_CONTEXT(2) 
PARAMETRIC_REPRESENTATION_CONTEXT() REPRESENTATION_CONTEXT('2D SPACE',''
  ) );
#2236 = PCURVE('',#2122,#2237);
#2237 = DEFINITIONAL_REPRESENTATION('',(#2238),#2242);
#2238 = LINE('',#2239,#2240);
#2239 = CARTESIAN_POINT('',(19.,0.));
#2240 = VECTOR('',#2241,1.);
#2241 = DIRECTION('',(0.,1.));
#2242 = ( GEOMETRIC_REPRESENTATION_CONTEXT(2) 
PARAMETRIC_REPRESENTATION_CONTEXT() REPRESENTATION_CONTEXT('2D SPACE',''
  ) );
#2243 = ORIENTED_EDGE('',*,*,#2244,.T.);
#2244 = EDGE_CURVE('',#2222,#2245,#2247,.T.);
#2245 = VERTEX_POINT('',#2246);
#2246 = CARTESIAN_POINT('',(-49.,9.,15.6));
#2247 = SURFACE_CURVE('',#2248,(#2252,#2259),.PCURVE_S1.);
#2248 = LINE('',#2249,#2250);
#2249 = CARTESIAN_POINT('',(-49.,9.,14.));
#2250 = VECTOR('',#2251,1.);
#2251 = DIRECTION('',(0.,0.,1.));
#2252 = PCURVE('',#2202,#2253);
#2253 = DEFINITIONAL_REPRESENTATION('',(#2254),#2258);
#2254 = LINE('',#2255,#2256);
#2255 = CARTESIAN_POINT('',(0.,-18.));
#2256 = VECTOR('',#2257,1.);
#2257 = DIRECTION('',(1.,0.));
#2258 = ( GEOMETRIC_REPRESENTATION_CONTEXT(2) 
PARAMETRIC_REPRESENTATION_CONTEXT() REPRESENTATION_CONTEXT('2D SPACE',''
  ) );
#2259 = PCURVE('',#2150,#2260);
#2260 = DEFINITIONAL_REPRESENTATION('',(#2261),#2265);
#2261 = LINE('',#2262,#2263);
#2262 = CARTESIAN_POINT('',(0.,19.));
#2263 = VECTOR('',#2264,1.);
#2264 = DIRECTION('',(1.,0.));
#2265 = ( GEOMETRIC_REPRESENTATION_CONTEXT(2) 
PARAMETRIC_REPRESENTATION_CONTEXT() REPRESENTATION_CONTEXT('2D SPACE',''
  ) );
#2266 = ORIENTED_EDGE('',*,*,#2267,.F.);
#2267 = EDGE_CURVE('',#2194,#2245,#2268,.T.);
#2268 = SURFACE_CURVE('',#2269,(#2273,#2280),.PCURVE_S1.);
#2269 = LINE('',#2270,#2271);
#2270 = CARTESIAN_POINT('',(-49.,-9.,15.6));
#2271 = VECTOR('',#2272,1.);
#2272 = DIRECTION('',(0.,1.,0.));
#2273 = PCURVE('',#2202,#2274);
#2274 = DEFINITIONAL_REPRESENTATION('',(#2275),#2279);
#2275 = LINE('',#2276,#2277);
#2276 = CARTESIAN_POINT('',(1.6,0.));
#2277 = VECTOR('',#2278,1.);
#2278 = DIRECTION('',(0.,-1.));
#2279 = ( GEOMETRIC_REPRESENTATION_CONTEXT(2) 
PARAMETRIC_REPRESENTATION_CONTEXT() REPRESENTATION_CONTEXT('2D SPACE',''
  ) );
#2280 = PCURVE('',#2176,#2281);
#2281 = DEFINITIONAL_REPRESENTATION('',(#2282),#2286);
#2282 = LINE('',#2283,#2284);
#2283 = CARTESIAN_POINT('',(19.,0.));
#2284 = VECTOR('',#2285,1.);
#2285 = DIRECTION('',(0.,1.));
#2286 = ( GEOMETRIC_REPRESENTATION_CONTEXT(2) 
PARAMETRIC_REPRESENTATION_CONTEXT() REPRESENTATION_CONTEXT('2D SPACE',''
  ) );
#2287 = ADVANCED_FACE('',(#2288),#2094,.F.);
#2288 = FACE_BOUND('',#2289,.F.);
#2289 = EDGE_LOOP('',(#2290,#2311,#2312,#2333));
#2290 = ORIENTED_EDGE('',*,*,#2291,.F.);
#2291 = EDGE_CURVE('',#2072,#2192,#2292,.T.);
#2292 = SURFACE_CURVE('',#2293,(#2297,#2304),.PCURVE_S1.);
#2293 = LINE('',#2294,#2295);
#2294 = CARTESIAN_POINT('',(-68.,-9.,14.));
#2295 = VECTOR('',#2296,1.);
#2296 = DIRECTION('',(1.,0.,0.));
#2297 = PCURVE('',#2094,#2298);
#2298 = DEFINITIONAL_REPRESENTATION('',(#2299),#2303);
#2299 = LINE('',#2300,#2301);
#2300 = CARTESIAN_POINT('',(0.,0.));
#2301 = VECTOR('',#2302,1.);
#2302 = DIRECTION('',(0.,1.));
#2303 = ( GEOMETRIC_REPRESENTATION_CONTEXT(2) 
PARAMETRIC_REPRESENTATION_CONTEXT() REPRESENTATION_CONTEXT('2D SPACE',''
  ) );
#2304 = PCURVE('',#2122,#2305);
#2305 = DEFINITIONAL_REPRESENTATION('',(#2306),#2310);
#2306 = LINE('',#2307,#2308);
#2307 = CARTESIAN_POINT('',(0.,0.));
#2308 = VECTOR('',#2309,1.);
#2309 = DIRECTION('',(1.,0.));
#2310 = ( GEOMETRIC_REPRESENTATION_CONTEXT(2) 
PARAMETRIC_REPRESENTATION_CONTEXT() REPRESENTATION_CONTEXT('2D SPACE',''
  ) );
#2311 = ORIENTED_EDGE('',*,*,#2071,.T.);
#2312 = ORIENTED_EDGE('',*,*,#2313,.T.);
#2313 = EDGE_CURVE('',#2074,#2194,#2314,.T.);
#2314 = SURFACE_CURVE('',#2315,(#2319,#2326),.PCURVE_S1.);
#2315 = LINE('',#2316,#2317);
#2316 = CARTESIAN_POINT('',(-68.,-9.,15.6));
#2317 = VECTOR('',#2318,1.);
#2318 = DIRECTION('',(1.,0.,0.));
#2319 = PCURVE('',#2094,#2320);
#2320 = DEFINITIONAL_REPRESENTATION('',(#2321),#2325);
#2321 = LINE('',#2322,#2323);
#2322 = CARTESIAN_POINT('',(1.6,0.));
#2323 = VECTOR('',#2324,1.);
#2324 = DIRECTION('',(0.,1.));
#2325 = ( GEOMETRIC_REPRESENTATION_CONTEXT(2) 
PARAMETRIC_REPRESENTATION_CONTEXT() REPRESENTATION_CONTEXT('2D SPACE',''
  ) );
#2326 = PCURVE('',#2176,#2327);
#2327 = DEFINITIONAL_REPRESENTATION('',(#2328),#2332);
#2328 = LINE('',#2329,#2330);
#2329 = CARTESIAN_POINT('',(0.,0.));
#2330 = VECTOR('',#2331,1.);
#2331 = DIRECTION('',(1.,0.));
#2332 = ( GEOMETRIC_REPRESENTATION_CONTEXT(2) 
PARAMETRIC_REPRESENTATION_CONTEXT() REPRESENTATION_CONTEXT('2D SPACE',''
  ) );
#2333 = ORIENTED_EDGE('',*,*,#2191,.F.);
#2334 = ADVANCED_FACE('',(#2335),#2150,.T.);
#2335 = FACE_BOUND('',#2336,.T.);
#2336 = EDGE_LOOP('',(#2337,#2358,#2359,#2380));
#2337 = ORIENTED_EDGE('',*,*,#2338,.F.);
#2338 = EDGE_CURVE('',#2107,#2222,#2339,.T.);
#2339 = SURFACE_CURVE('',#2340,(#2344,#2351),.PCURVE_S1.);
#2340 = LINE('',#2341,#2342);
#2341 = CARTESIAN_POINT('',(-68.,9.,14.));
#2342 = VECTOR('',#2343,1.);
#2343 = DIRECTION('',(1.,0.,0.));
#2344 = PCURVE('',#2150,#2345);
#2345 = DEFINITIONAL_REPRESENTATION('',(#2346),#2350);
#2346 = LINE('',#2347,#2348);
#2347 = CARTESIAN_POINT('',(0.,0.));
#2348 = VECTOR('',#2349,1.);
#2349 = DIRECTION('',(0.,1.));
#2350 = ( GEOMETRIC_REPRESENTATION_CONTEXT(2) 
PARAMETRIC_REPRESENTATION_CONTEXT() REPRESENTATION_CONTEXT('2D SPACE',''
  ) );
#2351 = PCURVE('',#2122,#2352);
#2352 = DEFINITIONAL_REPRESENTATION('',(#2353),#2357);
#2353 = LINE('',#2354,#2355);
#2354 = CARTESIAN_POINT('',(0.,18.));
#2355 = VECTOR('',#2356,1.);
#2356 = DIRECTION('',(1.,0.));
#2357 = ( GEOMETRIC_REPRESENTATION_CONTEXT(2) 
PARAMETRIC_REPRESENTATION_CONTEXT() REPRESENTATION_CONTEXT('2D SPACE',''
  ) );
#2358 = ORIENTED_EDGE('',*,*,#2134,.T.);
#2359 = ORIENTED_EDGE('',*,*,#2360,.T.);
#2360 = EDGE_CURVE('',#2135,#2245,#2361,.T.);
#2361 = SURFACE_CURVE('',#2362,(#2366,#2373),.PCURVE_S1.);
#2362 = LINE('',#2363,#2364);
#2363 = CARTESIAN_POINT('',(-68.,9.,15.6));
#2364 = VECTOR('',#2365,1.);
#2365 = DIRECTION('',(1.,0.,0.));
#2366 = PCURVE('',#2150,#2367);
#2367 = DEFINITIONAL_REPRESENTATION('',(#2368),#2372);
#2368 = LINE('',#2369,#2370);
#2369 = CARTESIAN_POINT('',(1.6,0.));
#2370 = VECTOR('',#2371,1.);
#2371 = DIRECTION('',(0.,1.));
#2372 = ( GEOMETRIC_REPRESENTATION_CONTEXT(2) 
PARAMETRIC_REPRESENTATION_CONTEXT() REPRESENTATION_CONTEXT('2D SPACE',''
  ) );
#2373 = PCURVE('',#2176,#2374);
#2374 = DEFINITIONAL_REPRESENTATION('',(#2375),#2379);
#2375 = LINE('',#2376,#2377);
#2376 = CARTESIAN_POINT('',(0.,18.));
#2377 = VECTOR('',#2378,1.);
#2378 = DIRECTION('',(1.,0.));
#2379 = ( GEOMETRIC_REPRESENTATION_CONTEXT(2) 
PARAMETRIC_REPRESENTATION_CONTEXT() REPRESENTATION_CONTEXT('2D SPACE',''
  ) );
#2380 = ORIENTED_EDGE('',*,*,#2244,.F.);
#2381 = ADVANCED_FACE('',(#2382),#2122,.F.);
#2382 = FACE_BOUND('',#2383,.F.);
#2383 = EDGE_LOOP('',(#2384,#2385,#2386,#2387));
#2384 = ORIENTED_EDGE('',*,*,#2106,.F.);
#2385 = ORIENTED_EDGE('',*,*,#2291,.T.);
#2386 = ORIENTED_EDGE('',*,*,#2221,.T.);
#2387 = ORIENTED_EDGE('',*,*,#2338,.F.);
#2388 = ADVANCED_FACE('',(#2389),#2176,.T.);
#2389 = FACE_BOUND('',#2390,.T.);
#2390 = EDGE_LOOP('',(#2391,#2392,#2393,#2394));
#2391 = ORIENTED_EDGE('',*,*,#2162,.F.);
#2392 = ORIENTED_EDGE('',*,*,#2313,.T.);
#2393 = ORIENTED_EDGE('',*,*,#2267,.T.);
#2394 = ORIENTED_EDGE('',*,*,#2360,.F.);
#2395 = ( GEOMETRIC_REPRESENTATION_CONTEXT(3) 
GLOBAL_UNCERTAINTY_ASSIGNED_CONTEXT((#2399)) 
GLOBAL_UNIT_ASSIGNED_CONTEXT((#2396,#2397,#2398)) REPRESENTATION_CONTEXT
('Context #1','3D Context with UNIT and UNCERTAINTY') );
#2396 = ( LENGTH_UNIT() NAMED_UNIT(*) SI_UNIT(.MILLI.,.METRE.) );
#2397 = ( NAMED_UNIT(*) PLANE_ANGLE_UNIT() SI_UNIT($,.RADIAN.) );
#2398 = ( NAMED_UNIT(*) SI_UNIT($,.STERADIAN.) SOLID_ANGLE_UNIT() );
#2399 = UNCERTAINTY_MEASURE_WITH_UNIT(LENGTH_MEASURE(1.E-07),#2396,
  'distance_accuracy_value','confusion accuracy');
#2400 = CONTEXT_DEPENDENT_SHAPE_REPRESENTATION(#2401,#2403);
#2401 = ( REPRESENTATION_RELATIONSHIP('','',#2064,#10) 
REPRESENTATION_RELATIONSHIP_WITH_TRANSFORMATION(#2402) 
SHAPE_REPRESENTATION_RELATIONSHIP() );
#2402 = ITEM_DEFINED_TRANSFORMATION('','',#11,#23);
#2403 = PRODUCT_DEFINITION_SHAPE('Placement','Placement of an item',
  #2404);
#2404 = NEXT_ASSEMBLY_USAGE_OCCURRENCE('5','amp','',#5,#2059,$);
#2405 = PRODUCT_RELATED_PRODUCT_CATEGORY('part',$,(#2061));
#2406 = SHAPE_DEFINITION_REPRESENTATION(#2407,#2413);
#2407 = PRODUCT_DEFINITION_SHAPE('','',#2408);
#2408 = PRODUCT_DEFINITION('design','',#2409,#2412);
#2409 = PRODUCT_DEFINITION_FORMATION('','',#2410);
#2410 = PRODUCT('light_sensor','light_sensor','',(#2411));
#2411 = PRODUCT_CONTEXT('',#2,'mechanical');
#2412 = PRODUCT_DEFINITION_CONTEXT('part definition',#2,'design');
#2413 = ADVANCED_BREP_SHAPE_REPRESENTATION('',(#11,#2414),#2744);
#2414 = MANIFOLD_SOLID_BREP('',#2415);
#2415 = CLOSED_SHELL('',(#2416,#2536,#2636,#2683,#2730,#2737));
#2416 = ADVANCED_FACE('',(#2417),#2431,.F.);
#2417 = FACE_BOUND('',#2418,.F.);
#2418 = EDGE_LOOP('',(#2419,#2454,#2482,#2510));
#2419 = ORIENTED_EDGE('',*,*,#2420,.F.);
#2420 = EDGE_CURVE('',#2421,#2423,#2425,.T.);
#2421 = VERTEX_POINT('',#2422);
#2422 = CARTESIAN_POINT('',(-40.,-8.9,14.));
#2423 = VERTEX_POINT('',#2424);
#2424 = CARTESIAN_POINT('',(-40.,-8.9,15.6));
#2425 = SURFACE_CURVE('',#2426,(#2430,#2442),.PCURVE_S1.);
#2426 = LINE('',#2427,#2428);
#2427 = CARTESIAN_POINT('',(-40.,-8.9,14.));
#2428 = VECTOR('',#2429,1.);
#2429 = DIRECTION('',(0.,0.,1.));
#2430 = PCURVE('',#2431,#2436);
#2431 = PLANE('',#2432);
#2432 = AXIS2_PLACEMENT_3D('',#2433,#2434,#2435);
#2433 = CARTESIAN_POINT('',(-40.,-8.9,14.));
#2434 = DIRECTION('',(1.,0.,0.));
#2435 = DIRECTION('',(0.,0.,1.));
#2436 = DEFINITIONAL_REPRESENTATION('',(#2437),#2441);
#2437 = LINE('',#2438,#2439);
#2438 = CARTESIAN_POINT('',(0.,0.));
#2439 = VECTOR('',#2440,1.);
#2440 = DIRECTION('',(1.,0.));
#2441 = ( GEOMETRIC_REPRESENTATION_CONTEXT(2) 
PARAMETRIC_REPRESENTATION_CONTEXT() REPRESENTATION_CONTEXT('2D SPACE',''
  ) );
#2442 = PCURVE('',#2443,#2448);
#2443 = PLANE('',#2444);
#2444 = AXIS2_PLACEMENT_3D('',#2445,#2446,#2447);
#2445 = CARTESIAN_POINT('',(-40.,-8.9,14.));
#2446 = DIRECTION('',(0.,1.,0.));
#2447 = DIRECTION('',(0.,0.,1.));
#2448 = DEFINITIONAL_REPRESENTATION('',(#2449),#2453);
#2449 = LINE('',#2450,#2451);
#2450 = CARTESIAN_POINT('',(0.,0.));
#2451 = VECTOR('',#2452,1.);
#2452 = DIRECTION('',(1.,0.));
#2453 = ( GEOMETRIC_REPRESENTATION_CONTEXT(2) 
PARAMETRIC_REPRESENTATION_CONTEXT() REPRESENTATION_CONTEXT('2D SPACE',''
  ) );
#2454 = ORIENTED_EDGE('',*,*,#2455,.T.);
#2455 = EDGE_CURVE('',#2421,#2456,#2458,.T.);
#2456 = VERTEX_POINT('',#2457);
#2457 = CARTESIAN_POINT('',(-40.,8.9,14.));
#2458 = SURFACE_CURVE('',#2459,(#2463,#2470),.PCURVE_S1.);
#2459 = LINE('',#2460,#2461);
#2460 = CARTESIAN_POINT('',(-40.,-8.9,14.));
#2461 = VECTOR('',#2462,1.);
#2462 = DIRECTION('',(0.,1.,0.));
#2463 = PCURVE('',#2431,#2464);
#2464 = DEFINITIONAL_REPRESENTATION('',(#2465),#2469);
#2465 = LINE('',#2466,#2467);
#2466 = CARTESIAN_POINT('',(0.,0.));
#2467 = VECTOR('',#2468,1.);
#2468 = DIRECTION('',(0.,-1.));
#2469 = ( GEOMETRIC_REPRESENTATION_CONTEXT(2) 
PARAMETRIC_REPRESENTATION_CONTEXT() REPRESENTATION_CONTEXT('2D SPACE',''
  ) );
#2470 = PCURVE('',#2471,#2476);
#2471 = PLANE('',#2472);
#2472 = AXIS2_PLACEMENT_3D('',#2473,#2474,#2475);
#2473 = CARTESIAN_POINT('',(-40.,-8.9,14.));
#2474 = DIRECTION('',(0.,0.,1.));
#2475 = DIRECTION('',(1.,0.,0.));
#2476 = DEFINITIONAL_REPRESENTATION('',(#2477),#2481);
#2477 = LINE('',#2478,#2479);
#2478 = CARTESIAN_POINT('',(0.,0.));
#2479 = VECTOR('',#2480,1.);
#2480 = DIRECTION('',(0.,1.));
#2481 = ( GEOMETRIC_REPRESENTATION_CONTEXT(2) 
PARAMETRIC_REPRESENTATION_CONTEXT() REPRESENTATION_CONTEXT('2D SPACE',''
  ) );
#2482 = ORIENTED_EDGE('',*,*,#2483,.T.);
#2483 = EDGE_CURVE('',#2456,#2484,#2486,.T.);
#2484 = VERTEX_POINT('',#2485);
#2485 = CARTESIAN_POINT('',(-40.,8.9,15.6));
#2486 = SURFACE_CURVE('',#2487,(#2491,#2498),.PCURVE_S1.);
#2487 = LINE('',#2488,#2489);
#2488 = CARTESIAN_POINT('',(-40.,8.9,14.));
#2489 = VECTOR('',#2490,1.);
#2490 = DIRECTION('',(0.,0.,1.));
#2491 = PCURVE('',#2431,#2492);
#2492 = DEFINITIONAL_REPRESENTATION('',(#2493),#2497);
#2493 = LINE('',#2494,#2495);
#2494 = CARTESIAN_POINT('',(0.,-17.8));
#2495 = VECTOR('',#2496,1.);
#2496 = DIRECTION('',(1.,0.));
#2497 = ( GEOMETRIC_REPRESENTATION_CONTEXT(2) 
PARAMETRIC_REPRESENTATION_CONTEXT() REPRESENTATION_CONTEXT('2D SPACE',''
  ) );
#2498 = PCURVE('',#2499,#2504);
#2499 = PLANE('',#2500);
#2500 = AXIS2_PLACEMENT_3D('',#2501,#2502,#2503);
#2501 = CARTESIAN_POINT('',(-40.,8.9,14.));
#2502 = DIRECTION('',(0.,1.,0.));
#2503 = DIRECTION('',(0.,0.,1.));
#2504 = DEFINITIONAL_REPRESENTATION('',(#2505),#2509);
#2505 = LINE('',#2506,#2507);
#2506 = CARTESIAN_POINT('',(0.,0.));
#2507 = VECTOR('',#2508,1.);
#2508 = DIRECTION('',(1.,0.));
#2509 = ( GEOMETRIC_REPRESENTATION_CONTEXT(2) 
PARAMETRIC_REPRESENTATION_CONTEXT() REPRESENTATION_CONTEXT('2D SPACE',''
  ) );
#2510 = ORIENTED_EDGE('',*,*,#2511,.F.);
#2511 = EDGE_CURVE('',#2423,#2484,#2512,.T.);
#2512 = SURFACE_CURVE('',#2513,(#2517,#2524),.PCURVE_S1.);
#2513 = LINE('',#2514,#2515);
#2514 = CARTESIAN_POINT('',(-40.,-8.9,15.6));
#2515 = VECTOR('',#2516,1.);
#2516 = DIRECTION('',(0.,1.,0.));
#2517 = PCURVE('',#2431,#2518);
#2518 = DEFINITIONAL_REPRESENTATION('',(#2519),#2523);
#2519 = LINE('',#2520,#2521);
#2520 = CARTESIAN_POINT('',(1.6,0.));
#2521 = VECTOR('',#2522,1.);
#2522 = DIRECTION('',(0.,-1.));
#2523 = ( GEOMETRIC_REPRESENTATION_CONTEXT(2) 
PARAMETRIC_REPRESENTATION_CONTEXT() REPRESENTATION_CONTEXT('2D SPACE',''
  ) );
#2524 = PCURVE('',#2525,#2530);
#2525 = PLANE('',#2526);
#2526 = AXIS2_PLACEMENT_3D('',#2527,#2528,#2529);
#2527 = CARTESIAN_POINT('',(-40.,-8.9,15.6));
#2528 = DIRECTION('',(0.,0.,1.));
#2529 = DIRECTION('',(1.,0.,0.));
#2530 = DEFINITIONAL_REPRESENTATION('',(#2531),#2535);
#2531 = LINE('',#2532,#2533);
#2532 = CARTESIAN_POINT('',(0.,0.));
#2533 = VECTOR('',#2534,1.);
#2534 = DIRECTION('',(0.,1.));
#2535 = ( GEOMETRIC_REPRESENTATION_CONTEXT(2) 
PARAMETRIC_REPRESENTATION_CONTEXT() REPRESENTATION_CONTEXT('2D SPACE',''
  ) );
#2536 = ADVANCED_FACE('',(#2537),#2551,.T.);
#2537 = FACE_BOUND('',#2538,.T.);
#2538 = EDGE_LOOP('',(#2539,#2569,#2592,#2615));
#2539 = ORIENTED_EDGE('',*,*,#2540,.F.);
#2540 = EDGE_CURVE('',#2541,#2543,#2545,.T.);
#2541 = VERTEX_POINT('',#2542);
#2542 = CARTESIAN_POINT('',(-14.6,-8.9,14.));
#2543 = VERTEX_POINT('',#2544);
#2544 = CARTESIAN_POINT('',(-14.6,-8.9,15.6));
#2545 = SURFACE_CURVE('',#2546,(#2550,#2562),.PCURVE_S1.);
#2546 = LINE('',#2547,#2548);
#2547 = CARTESIAN_POINT('',(-14.6,-8.9,14.));
#2548 = VECTOR('',#2549,1.);
#2549 = DIRECTION('',(0.,0.,1.));
#2550 = PCURVE('',#2551,#2556);
#2551 = PLANE('',#2552);
#2552 = AXIS2_PLACEMENT_3D('',#2553,#2554,#2555);
#2553 = CARTESIAN_POINT('',(-14.6,-8.9,14.));
#2554 = DIRECTION('',(1.,0.,0.));
#2555 = DIRECTION('',(0.,0.,1.));
#2556 = DEFINITIONAL_REPRESENTATION('',(#2557),#2561);
#2557 = LINE('',#2558,#2559);
#2558 = CARTESIAN_POINT('',(0.,0.));
#2559 = VECTOR('',#2560,1.);
#2560 = DIRECTION('',(1.,0.));
#2561 = ( GEOMETRIC_REPRESENTATION_CONTEXT(2) 
PARAMETRIC_REPRESENTATION_CONTEXT() REPRESENTATION_CONTEXT('2D SPACE',''
  ) );
#2562 = PCURVE('',#2443,#2563);
#2563 = DEFINITIONAL_REPRESENTATION('',(#2564),#2568);
#2564 = LINE('',#2565,#2566);
#2565 = CARTESIAN_POINT('',(0.,25.4));
#2566 = VECTOR('',#2567,1.);
#2567 = DIRECTION('',(1.,0.));
#2568 = ( GEOMETRIC_REPRESENTATION_CONTEXT(2) 
PARAMETRIC_REPRESENTATION_CONTEXT() REPRESENTATION_CONTEXT('2D SPACE',''
  ) );
#2569 = ORIENTED_EDGE('',*,*,#2570,.T.);
#2570 = EDGE_CURVE('',#2541,#2571,#2573,.T.);
#2571 = VERTEX_POINT('',#2572);
#2572 = CARTESIAN_POINT('',(-14.6,8.9,14.));
#2573 = SURFACE_CURVE('',#2574,(#2578,#2585),.PCURVE_S1.);
#2574 = LINE('',#2575,#2576);
#2575 = CARTESIAN_POINT('',(-14.6,-8.9,14.));
#2576 = VECTOR('',#2577,1.);
#2577 = DIRECTION('',(0.,1.,0.));
#2578 = PCURVE('',#2551,#2579);
#2579 = DEFINITIONAL_REPRESENTATION('',(#2580),#2584);
#2580 = LINE('',#2581,#2582);
#2581 = CARTESIAN_POINT('',(0.,0.));
#2582 = VECTOR('',#2583,1.);
#2583 = DIRECTION('',(0.,-1.));
#2584 = ( GEOMETRIC_REPRESENTATION_CONTEXT(2) 
PARAMETRIC_REPRESENTATION_CONTEXT() REPRESENTATION_CONTEXT('2D SPACE',''
  ) );
#2585 = PCURVE('',#2471,#2586);
#2586 = DEFINITIONAL_REPRESENTATION('',(#2587),#2591);
#2587 = LINE('',#2588,#2589);
#2588 = CARTESIAN_POINT('',(25.4,0.));
#2589 = VECTOR('',#2590,1.);
#2590 = DIRECTION('',(0.,1.));
#2591 = ( GEOMETRIC_REPRESENTATION_CONTEXT(2) 
PARAMETRIC_REPRESENTATION_CONTEXT() REPRESENTATION_CONTEXT('2D SPACE',''
  ) );
#2592 = ORIENTED_EDGE('',*,*,#2593,.T.);
#2593 = EDGE_CURVE('',#2571,#2594,#2596,.T.);
#2594 = VERTEX_POINT('',#2595);
#2595 = CARTESIAN_POINT('',(-14.6,8.9,15.6));
#2596 = SURFACE_CURVE('',#2597,(#2601,#2608),.PCURVE_S1.);
#2597 = LINE('',#2598,#2599);
#2598 = CARTESIAN_POINT('',(-14.6,8.9,14.));
#2599 = VECTOR('',#2600,1.);
#2600 = DIRECTION('',(0.,0.,1.));
#2601 = PCURVE('',#2551,#2602);
#2602 = DEFINITIONAL_REPRESENTATION('',(#2603),#2607);
#2603 = LINE('',#2604,#2605);
#2604 = CARTESIAN_POINT('',(0.,-17.8));
#2605 = VECTOR('',#2606,1.);
#2606 = DIRECTION('',(1.,0.));
#2607 = ( GEOMETRIC_REPRESENTATION_CONTEXT(2) 
PARAMETRIC_REPRESENTATION_CONTEXT() REPRESENTATION_CONTEXT('2D SPACE',''
  ) );
#2608 = PCURVE('',#2499,#2609);
#2609 = DEFINITIONAL_REPRESENTATION('',(#2610),#2614);
#2610 = LINE('',#2611,#2612);
#2611 = CARTESIAN_POINT('',(0.,25.4));
#2612 = VECTOR('',#2613,1.);
#2613 = DIRECTION('',(1.,0.));
#2614 = ( GEOMETRIC_REPRESENTATION_CONTEXT(2) 
PARAMETRIC_REPRESENTATION_CONTEXT() REPRESENTATION_CONTEXT('2D SPACE',''
  ) );
#2615 = ORIENTED_EDGE('',*,*,#2616,.F.);
#2616 = EDGE_CURVE('',#2543,#2594,#2617,.T.);
#2617 = SURFACE_CURVE('',#2618,(#2622,#2629),.PCURVE_S1.);
#2618 = LINE('',#2619,#2620);
#2619 = CARTESIAN_POINT('',(-14.6,-8.9,15.6));
#2620 = VECTOR('',#2621,1.);
#2621 = DIRECTION('',(0.,1.,0.));
#2622 = PCURVE('',#2551,#2623);
#2623 = DEFINITIONAL_REPRESENTATION('',(#2624),#2628);
#2624 = LINE('',#2625,#2626);
#2625 = CARTESIAN_POINT('',(1.6,0.));
#2626 = VECTOR('',#2627,1.);
#2627 = DIRECTION('',(0.,-1.));
#2628 = ( GEOMETRIC_REPRESENTATION_CONTEXT(2) 
PARAMETRIC_REPRESENTATION_CONTEXT() REPRESENTATION_CONTEXT('2D SPACE',''
  ) );
#2629 = PCURVE('',#2525,#2630);
#2630 = DEFINITIONAL_REPRESENTATION('',(#2631),#2635);
#2631 = LINE('',#2632,#2633);
#2632 = CARTESIAN_POINT('',(25.4,0.));
#2633 = VECTOR('',#2634,1.);
#2634 = DIRECTION('',(0.,1.));
#2635 = ( GEOMETRIC_REPRESENTATION_CONTEXT(2) 
PARAMETRIC_REPRESENTATION_CONTEXT() REPRESENTATION_CONTEXT('2D SPACE',''
  ) );
#2636 = ADVANCED_FACE('',(#2637),#2443,.F.);
#2637 = FACE_BOUND('',#2638,.F.);
#2638 = EDGE_LOOP('',(#2639,#2660,#2661,#2682));
#2639 = ORIENTED_EDGE('',*,*,#2640,.F.);
#2640 = EDGE_CURVE('',#2421,#2541,#2641,.T.);
#2641 = SURFACE_CURVE('',#2642,(#2646,#2653),.PCURVE_S1.);
#2642 = LINE('',#2643,#2644);
#2643 = CARTESIAN_POINT('',(-40.,-8.9,14.));
#2644 = VECTOR('',#2645,1.);
#2645 = DIRECTION('',(1.,0.,0.));
#2646 = PCURVE('',#2443,#2647);
#2647 = DEFINITIONAL_REPRESENTATION('',(#2648),#2652);
#2648 = LINE('',#2649,#2650);
#2649 = CARTESIAN_POINT('',(0.,0.));
#2650 = VECTOR('',#2651,1.);
#2651 = DIRECTION('',(0.,1.));
#2652 = ( GEOMETRIC_REPRESENTATION_CONTEXT(2) 
PARAMETRIC_REPRESENTATION_CONTEXT() REPRESENTATION_CONTEXT('2D SPACE',''
  ) );
#2653 = PCURVE('',#2471,#2654);
#2654 = DEFINITIONAL_REPRESENTATION('',(#2655),#2659);
#2655 = LINE('',#2656,#2657);
#2656 = CARTESIAN_POINT('',(0.,0.));
#2657 = VECTOR('',#2658,1.);
#2658 = DIRECTION('',(1.,0.));
#2659 = ( GEOMETRIC_REPRESENTATION_CONTEXT(2) 
PARAMETRIC_REPRESENTATION_CONTEXT() REPRESENTATION_CONTEXT('2D SPACE',''
  ) );
#2660 = ORIENTED_EDGE('',*,*,#2420,.T.);
#2661 = ORIENTED_EDGE('',*,*,#2662,.T.);
#2662 = EDGE_CURVE('',#2423,#2543,#2663,.T.);
#2663 = SURFACE_CURVE('',#2664,(#2668,#2675),.PCURVE_S1.);
#2664 = LINE('',#2665,#2666);
#2665 = CARTESIAN_POINT('',(-40.,-8.9,15.6));
#2666 = VECTOR('',#2667,1.);
#2667 = DIRECTION('',(1.,0.,0.));
#2668 = PCURVE('',#2443,#2669);
#2669 = DEFINITIONAL_REPRESENTATION('',(#2670),#2674);
#2670 = LINE('',#2671,#2672);
#2671 = CARTESIAN_POINT('',(1.6,0.));
#2672 = VECTOR('',#2673,1.);
#2673 = DIRECTION('',(0.,1.));
#2674 = ( GEOMETRIC_REPRESENTATION_CONTEXT(2) 
PARAMETRIC_REPRESENTATION_CONTEXT() REPRESENTATION_CONTEXT('2D SPACE',''
  ) );
#2675 = PCURVE('',#2525,#2676);
#2676 = DEFINITIONAL_REPRESENTATION('',(#2677),#2681);
#2677 = LINE('',#2678,#2679);
#2678 = CARTESIAN_POINT('',(0.,0.));
#2679 = VECTOR('',#2680,1.);
#2680 = DIRECTION('',(1.,0.));
#2681 = ( GEOMETRIC_REPRESENTATION_CONTEXT(2) 
PARAMETRIC_REPRESENTATION_CONTEXT() REPRESENTATION_CONTEXT('2D SPACE',''
  ) );
#2682 = ORIENTED_EDGE('',*,*,#2540,.F.);
#2683 = ADVANCED_FACE('',(#2684),#2499,.T.);
#2684 = FACE_BOUND('',#2685,.T.);
#2685 = EDGE_LOOP('',(#2686,#2707,#2708,#2729));
#2686 = ORIENTED_EDGE('',*,*,#2687,.F.);
#2687 = EDGE_CURVE('',#2456,#2571,#2688,.T.);
#2688 = SURFACE_CURVE('',#2689,(#2693,#2700),.PCURVE_S1.);
#2689 = LINE('',#2690,#2691);
#2690 = CARTESIAN_POINT('',(-40.,8.9,14.));
#2691 = VECTOR('',#2692,1.);
#2692 = DIRECTION('',(1.,0.,0.));
#2693 = PCURVE('',#2499,#2694);
#2694 = DEFINITIONAL_REPRESENTATION('',(#2695),#2699);
#2695 = LINE('',#2696,#2697);
#2696 = CARTESIAN_POINT('',(0.,0.));
#2697 = VECTOR('',#2698,1.);
#2698 = DIRECTION('',(0.,1.));
#2699 = ( GEOMETRIC_REPRESENTATION_CONTEXT(2) 
PARAMETRIC_REPRESENTATION_CONTEXT() REPRESENTATION_CONTEXT('2D SPACE',''
  ) );
#2700 = PCURVE('',#2471,#2701);
#2701 = DEFINITIONAL_REPRESENTATION('',(#2702),#2706);
#2702 = LINE('',#2703,#2704);
#2703 = CARTESIAN_POINT('',(0.,17.8));
#2704 = VECTOR('',#2705,1.);
#2705 = DIRECTION('',(1.,0.));
#2706 = ( GEOMETRIC_REPRESENTATION_CONTEXT(2) 
PARAMETRIC_REPRESENTATION_CONTEXT() REPRESENTATION_CONTEXT('2D SPACE',''
  ) );
#2707 = ORIENTED_EDGE('',*,*,#2483,.T.);
#2708 = ORIENTED_EDGE('',*,*,#2709,.T.);
#2709 = EDGE_CURVE('',#2484,#2594,#2710,.T.);
#2710 = SURFACE_CURVE('',#2711,(#2715,#2722),.PCURVE_S1.);
#2711 = LINE('',#2712,#2713);
#2712 = CARTESIAN_POINT('',(-40.,8.9,15.6));
#2713 = VECTOR('',#2714,1.);
#2714 = DIRECTION('',(1.,0.,0.));
#2715 = PCURVE('',#2499,#2716);
#2716 = DEFINITIONAL_REPRESENTATION('',(#2717),#2721);
#2717 = LINE('',#2718,#2719);
#2718 = CARTESIAN_POINT('',(1.6,0.));
#2719 = VECTOR('',#2720,1.);
#2720 = DIRECTION('',(0.,1.));
#2721 = ( GEOMETRIC_REPRESENTATION_CONTEXT(2) 
PARAMETRIC_REPRESENTATION_CONTEXT() REPRESENTATION_CONTEXT('2D SPACE',''
  ) );
#2722 = PCURVE('',#2525,#2723);
#2723 = DEFINITIONAL_REPRESENTATION('',(#2724),#2728);
#2724 = LINE('',#2725,#2726);
#2725 = CARTESIAN_POINT('',(0.,17.8));
#2726 = VECTOR('',#2727,1.);
#2727 = DIRECTION('',(1.,0.));
#2728 = ( GEOMETRIC_REPRESENTATION_CONTEXT(2) 
PARAMETRIC_REPRESENTATION_CONTEXT() REPRESENTATION_CONTEXT('2D SPACE',''
  ) );
#2729 = ORIENTED_EDGE('',*,*,#2593,.F.);
#2730 = ADVANCED_FACE('',(#2731),#2471,.F.);
#2731 = FACE_BOUND('',#2732,.F.);
#2732 = EDGE_LOOP('',(#2733,#2734,#2735,#2736));
#2733 = ORIENTED_EDGE('',*,*,#2455,.F.);
#2734 = ORIENTED_EDGE('',*,*,#2640,.T.);
#2735 = ORIENTED_EDGE('',*,*,#2570,.T.);
#2736 = ORIENTED_EDGE('',*,*,#2687,.F.);
#2737 = ADVANCED_FACE('',(#2738),#2525,.T.);
#2738 = FACE_BOUND('',#2739,.T.);
#2739 = EDGE_LOOP('',(#2740,#2741,#2742,#2743));
#2740 = ORIENTED_EDGE('',*,*,#2511,.F.);
#2741 = ORIENTED_EDGE('',*,*,#2662,.T.);
#2742 = ORIENTED_EDGE('',*,*,#2616,.T.);
#2743 = ORIENTED_EDGE('',*,*,#2709,.F.);
#2744 = ( GEOMETRIC_REPRESENTATION_CONTEXT(3) 
GLOBAL_UNCERTAINTY_ASSIGNED_CONTEXT((#2748)) 
GLOBAL_UNIT_ASSIGNED_CONTEXT((#2745,#2746,#2747)) REPRESENTATION_CONTEXT
('Context #1','3D Context with UNIT and UNCERTAINTY') );
#2745 = ( LENGTH_UNIT() NAMED_UNIT(*) SI_UNIT(.MILLI.,.METRE.) );
#2746 = ( NAMED_UNIT(*) PLANE_ANGLE_UNIT() SI_UNIT($,.RADIAN.) );
#2747 = ( NAMED_UNIT(*) SI_UNIT($,.STERADIAN.) SOLID_ANGLE_UNIT() );
#2748 = UNCERTAINTY_MEASURE_WITH_UNIT(LENGTH_MEASURE(1.E-07),#2745,
  'distance_accuracy_value','confusion accuracy');
#2749 = CONTEXT_DEPENDENT_SHAPE_REPRESENTATION(#2750,#2752);
#2750 = ( REPRESENTATION_RELATIONSHIP('','',#2413,#10) 
REPRESENTATION_RELATIONSHIP_WITH_TRANSFORMATION(#2751) 
SHAPE_REPRESENTATION_RELATIONSHIP() );
#2751 = ITEM_DEFINED_TRANSFORMATION('','',#11,#27);
#2752 = PRODUCT_DEFINITION_SHAPE('Placement','Placement of an item',
  #2753);
#2753 = NEXT_ASSEMBLY_USAGE_OCCURRENCE('6','light_sensor','',#5,#2408,$
  );
#2754 = PRODUCT_RELATED_PRODUCT_CATEGORY('part',$,(#2410));
#2755 = SHAPE_DEFINITION_REPRESENTATION(#2756,#2762);
#2756 = PRODUCT_DEFINITION_SHAPE('','',#2757);
#2757 = PRODUCT_DEFINITION('design','',#2758,#2761);
#2758 = PRODUCT_DEFINITION_FORMATION('','',#2759);
#2759 = PRODUCT('rtc','rtc','',(#2760));
#2760 = PRODUCT_CONTEXT('',#2,'mechanical');
#2761 = PRODUCT_DEFINITION_CONTEXT('part definition',#2,'design');
#2762 = ADVANCED_BREP_SHAPE_REPRESENTATION('',(#11,#2763),#3093);
#2763 = MANIFOLD_SOLID_BREP('',#2764);
#2764 = CLOSED_SHELL('',(#2765,#2885,#2985,#3032,#3079,#3086));
#2765 = ADVANCED_FACE('',(#2766),#2780,.F.);
#2766 = FACE_BOUND('',#2767,.F.);
#2767 = EDGE_LOOP('',(#2768,#2803,#2831,#2859));
#2768 = ORIENTED_EDGE('',*,*,#2769,.F.);
#2769 = EDGE_CURVE('',#2770,#2772,#2774,.T.);
#2770 = VERTEX_POINT('',#2771);
#2771 = CARTESIAN_POINT('',(-8.,-10.,14.));
#2772 = VERTEX_POINT('',#2773);
#2773 = CARTESIAN_POINT('',(-8.,-10.,15.6));
#2774 = SURFACE_CURVE('',#2775,(#2779,#2791),.PCURVE_S1.);
#2775 = LINE('',#2776,#2777);
#2776 = CARTESIAN_POINT('',(-8.,-10.,14.));
#2777 = VECTOR('',#2778,1.);
#2778 = DIRECTION('',(0.,0.,1.));
#2779 = PCURVE('',#2780,#2785);
#2780 = PLANE('',#2781);
#2781 = AXIS2_PLACEMENT_3D('',#2782,#2783,#2784);
#2782 = CARTESIAN_POINT('',(-8.,-10.,14.));
#2783 = DIRECTION('',(1.,0.,0.));
#2784 = DIRECTION('',(0.,0.,1.));
#2785 = DEFINITIONAL_REPRESENTATION('',(#2786),#2790);
#2786 = LINE('',#2787,#2788);
#2787 = CARTESIAN_POINT('',(0.,0.));
#2788 = VECTOR('',#2789,1.);
#2789 = DIRECTION('',(1.,0.));
#2790 = ( GEOMETRIC_REPRESENTATION_CONTEXT(2) 
PARAMETRIC_REPRESENTATION_CONTEXT() REPRESENTATION_CONTEXT('2D SPACE',''
  ) );
#2791 = PCURVE('',#2792,#2797);
#2792 = PLANE('',#2793);
#2793 = AXIS2_PLACEMENT_3D('',#2794,#2795,#2796);
#2794 = CARTESIAN_POINT('',(-8.,-10.,14.));
#2795 = DIRECTION('',(0.,1.,0.));
#2796 = DIRECTION('',(0.,0.,1.));
#2797 = DEFINITIONAL_REPRESENTATION('',(#2798),#2802);
#2798 = LINE('',#2799,#2800);
#2799 = CARTESIAN_POINT('',(0.,0.));
#2800 = VECTOR('',#2801,1.);
#2801 = DIRECTION('',(1.,0.));
#2802 = ( GEOMETRIC_REPRESENTATION_CONTEXT(2) 
PARAMETRIC_REPRESENTATION_CONTEXT() REPRESENTATION_CONTEXT('2D SPACE',''
  ) );
#2803 = ORIENTED_EDGE('',*,*,#2804,.T.);
#2804 = EDGE_CURVE('',#2770,#2805,#2807,.T.);
#2805 = VERTEX_POINT('',#2806);
#2806 = CARTESIAN_POINT('',(-8.,10.,14.));
#2807 = SURFACE_CURVE('',#2808,(#2812,#2819),.PCURVE_S1.);
#2808 = LINE('',#2809,#2810);
#2809 = CARTESIAN_POINT('',(-8.,-10.,14.));
#2810 = VECTOR('',#2811,1.);
#2811 = DIRECTION('',(0.,1.,0.));
#2812 = PCURVE('',#2780,#2813);
#2813 = DEFINITIONAL_REPRESENTATION('',(#2814),#2818);
#2814 = LINE('',#2815,#2816);
#2815 = CARTESIAN_POINT('',(0.,0.));
#2816 = VECTOR('',#2817,1.);
#2817 = DIRECTION('',(0.,-1.));
#2818 = ( GEOMETRIC_REPRESENTATION_CONTEXT(2) 
PARAMETRIC_REPRESENTATION_CONTEXT() REPRESENTATION_CONTEXT('2D SPACE',''
  ) );
#2819 = PCURVE('',#2820,#2825);
#2820 = PLANE('',#2821);
#2821 = AXIS2_PLACEMENT_3D('',#2822,#2823,#2824);
#2822 = CARTESIAN_POINT('',(-8.,-10.,14.));
#2823 = DIRECTION('',(0.,0.,1.));
#2824 = DIRECTION('',(1.,0.,0.));
#2825 = DEFINITIONAL_REPRESENTATION('',(#2826),#2830);
#2826 = LINE('',#2827,#2828);
#2827 = CARTESIAN_POINT('',(0.,0.));
#2828 = VECTOR('',#2829,1.);
#2829 = DIRECTION('',(0.,1.));
#2830 = ( GEOMETRIC_REPRESENTATION_CONTEXT(2) 
PARAMETRIC_REPRESENTATION_CONTEXT() REPRESENTATION_CONTEXT('2D SPACE',''
  ) );
#2831 = ORIENTED_EDGE('',*,*,#2832,.T.);
#2832 = EDGE_CURVE('',#2805,#2833,#2835,.T.);
#2833 = VERTEX_POINT('',#2834);
#2834 = CARTESIAN_POINT('',(-8.,10.,15.6));
#2835 = SURFACE_CURVE('',#2836,(#2840,#2847),.PCURVE_S1.);
#2836 = LINE('',#2837,#2838);
#2837 = CARTESIAN_POINT('',(-8.,10.,14.));
#2838 = VECTOR('',#2839,1.);
#2839 = DIRECTION('',(0.,0.,1.));
#2840 = PCURVE('',#2780,#2841);
#2841 = DEFINITIONAL_REPRESENTATION('',(#2842),#2846);
#2842 = LINE('',#2843,#2844);
#2843 = CARTESIAN_POINT('',(0.,-20.));
#2844 = VECTOR('',#2845,1.);
#2845 = DIRECTION('',(1.,0.));
#2846 = ( GEOMETRIC_REPRESENTATION_CONTEXT(2) 
PARAMETRIC_REPRESENTATION_CONTEXT() REPRESENTATION_CONTEXT('2D SPACE',''
  ) );
#2847 = PCURVE('',#2848,#2853);
#2848 = PLANE('',#2849);
#2849 = AXIS2_PLACEMENT_3D('',#2850,#2851,#2852);
#2850 = CARTESIAN_POINT('',(-8.,10.,14.));
#2851 = DIRECTION('',(0.,1.,0.));
#2852 = DIRECTION('',(0.,0.,1.));
#2853 = DEFINITIONAL_REPRESENTATION('',(#2854),#2858);
#2854 = LINE('',#2855,#2856);
#2855 = CARTESIAN_POINT('',(0.,0.));
#2856 = VECTOR('',#2857,1.);
#2857 = DIRECTION('',(1.,0.));
#2858 = ( GEOMETRIC_REPRESENTATION_CONTEXT(2) 
PARAMETRIC_REPRESENTATION_CONTEXT() REPRESENTATION_CONTEXT('2D SPACE',''
  ) );
#2859 = ORIENTED_EDGE('',*,*,#2860,.F.);
#2860 = EDGE_CURVE('',#2772,#2833,#2861,.T.);
#2861 = SURFACE_CURVE('',#2862,(#2866,#2873),.PCURVE_S1.);
#2862 = LINE('',#2863,#2864);
#2863 = CARTESIAN_POINT('',(-8.,-10.,15.6));
#2864 = VECTOR('',#2865,1.);
#2865 = DIRECTION('',(0.,1.,0.));
#2866 = PCURVE('',#2780,#2867);
#2867 = DEFINITIONAL_REPRESENTATION('',(#2868),#2872);
#2868 = LINE('',#2869,#2870);
#2869 = CARTESIAN_POINT('',(1.6,0.));
#2870 = VECTOR('',#2871,1.);
#2871 = DIRECTION('',(0.,-1.));
#2872 = ( GEOMETRIC_REPRESENTATION_CONTEXT(2) 
PARAMETRIC_REPRESENTATION_CONTEXT() REPRESENTATION_CONTEXT('2D SPACE',''
  ) );
#2873 = PCURVE('',#2874,#2879);
#2874 = PLANE('',#2875);
#2875 = AXIS2_PLACEMENT_3D('',#2876,#2877,#2878);
#2876 = CARTESIAN_POINT('',(-8.,-10.,15.6));
#2877 = DIRECTION('',(0.,0.,1.));
#2878 = DIRECTION('',(1.,0.,0.));
#2879 = DEFINITIONAL_REPRESENTATION('',(#2880),#2884);
#2880 = LINE('',#2881,#2882);
#2881 = CARTESIAN_POINT('',(0.,0.));
#2882 = VECTOR('',#2883,1.);
#2883 = DIRECTION('',(0.,1.));
#2884 = ( GEOMETRIC_REPRESENTATION_CONTEXT(2) 
PARAMETRIC_REPRESENTATION_CONTEXT() REPRESENTATION_CONTEXT('2D SPACE',''
  ) );
#2885 = ADVANCED_FACE('',(#2886),#2900,.T.);
#2886 = FACE_BOUND('',#2887,.T.);
#2887 = EDGE_LOOP('',(#2888,#2918,#2941,#2964));
#2888 = ORIENTED_EDGE('',*,*,#2889,.F.);
#2889 = EDGE_CURVE('',#2890,#2892,#2894,.T.);
#2890 = VERTEX_POINT('',#2891);
#2891 = CARTESIAN_POINT('',(22.,-10.,14.));
#2892 = VERTEX_POINT('',#2893);
#2893 = CARTESIAN_POINT('',(22.,-10.,15.6));
#2894 = SURFACE_CURVE('',#2895,(#2899,#2911),.PCURVE_S1.);
#2895 = LINE('',#2896,#2897);
#2896 = CARTESIAN_POINT('',(22.,-10.,14.));
#2897 = VECTOR('',#2898,1.);
#2898 = DIRECTION('',(0.,0.,1.));
#2899 = PCURVE('',#2900,#2905);
#2900 = PLANE('',#2901);
#2901 = AXIS2_PLACEMENT_3D('',#2902,#2903,#2904);
#2902 = CARTESIAN_POINT('',(22.,-10.,14.));
#2903 = DIRECTION('',(1.,0.,0.));
#2904 = DIRECTION('',(0.,0.,1.));
#2905 = DEFINITIONAL_REPRESENTATION('',(#2906),#2910);
#2906 = LINE('',#2907,#2908);
#2907 = CARTESIAN_POINT('',(0.,0.));
#2908 = VECTOR('',#2909,1.);
#2909 = DIRECTION('',(1.,0.));
#2910 = ( GEOMETRIC_REPRESENTATION_CONTEXT(2) 
PARAMETRIC_REPRESENTATION_CONTEXT() REPRESENTATION_CONTEXT('2D SPACE',''
  ) );
#2911 = PCURVE('',#2792,#2912);
#2912 = DEFINITIONAL_REPRESENTATION('',(#2913),#2917);
#2913 = LINE('',#2914,#2915);
#2914 = CARTESIAN_POINT('',(0.,30.));
#2915 = VECTOR('',#2916,1.);
#2916 = DIRECTION('',(1.,0.));
#2917 = ( GEOMETRIC_REPRESENTATION_CONTEXT(2) 
PARAMETRIC_REPRESENTATION_CONTEXT() REPRESENTATION_CONTEXT('2D SPACE',''
  ) );
#2918 = ORIENTED_EDGE('',*,*,#2919,.T.);
#2919 = EDGE_CURVE('',#2890,#2920,#2922,.T.);
#2920 = VERTEX_POINT('',#2921);
#2921 = CARTESIAN_POINT('',(22.,10.,14.));
#2922 = SURFACE_CURVE('',#2923,(#2927,#2934),.PCURVE_S1.);
#2923 = LINE('',#2924,#2925);
#2924 = CARTESIAN_POINT('',(22.,-10.,14.));
#2925 = VECTOR('',#2926,1.);
#2926 = DIRECTION('',(0.,1.,0.));
#2927 = PCURVE('',#2900,#2928);
#2928 = DEFINITIONAL_REPRESENTATION('',(#2929),#2933);
#2929 = LINE('',#2930,#2931);
#2930 = CARTESIAN_POINT('',(0.,0.));
#2931 = VECTOR('',#2932,1.);
#2932 = DIRECTION('',(0.,-1.));
#2933 = ( GEOMETRIC_REPRESENTATION_CONTEXT(2) 
PARAMETRIC_REPRESENTATION_CONTEXT() REPRESENTATION_CONTEXT('2D SPACE',''
  ) );
#2934 = PCURVE('',#2820,#2935);
#2935 = DEFINITIONAL_REPRESENTATION('',(#2936),#2940);
#2936 = LINE('',#2937,#2938);
#2937 = CARTESIAN_POINT('',(30.,0.));
#2938 = VECTOR('',#2939,1.);
#2939 = DIRECTION('',(0.,1.));
#2940 = ( GEOMETRIC_REPRESENTATION_CONTEXT(2) 
PARAMETRIC_REPRESENTATION_CONTEXT() REPRESENTATION_CONTEXT('2D SPACE',''
  ) );
#2941 = ORIENTED_EDGE('',*,*,#2942,.T.);
#2942 = EDGE_CURVE('',#2920,#2943,#2945,.T.);
#2943 = VERTEX_POINT('',#2944);
#2944 = CARTESIAN_POINT('',(22.,10.,15.6));
#2945 = SURFACE_CURVE('',#2946,(#2950,#2957),.PCURVE_S1.);
#2946 = LINE('',#2947,#2948);
#2947 = CARTESIAN_POINT('',(22.,10.,14.));
#2948 = VECTOR('',#2949,1.);
#2949 = DIRECTION('',(0.,0.,1.));
#2950 = PCURVE('',#2900,#2951);
#2951 = DEFINITIONAL_REPRESENTATION('',(#2952),#2956);
#2952 = LINE('',#2953,#2954);
#2953 = CARTESIAN_POINT('',(0.,-20.));
#2954 = VECTOR('',#2955,1.);
#2955 = DIRECTION('',(1.,0.));
#2956 = ( GEOMETRIC_REPRESENTATION_CONTEXT(2) 
PARAMETRIC_REPRESENTATION_CONTEXT() REPRESENTATION_CONTEXT('2D SPACE',''
  ) );
#2957 = PCURVE('',#2848,#2958);
#2958 = DEFINITIONAL_REPRESENTATION('',(#2959),#2963);
#2959 = LINE('',#2960,#2961);
#2960 = CARTESIAN_POINT('',(0.,30.));
#2961 = VECTOR('',#2962,1.);
#2962 = DIRECTION('',(1.,0.));
#2963 = ( GEOMETRIC_REPRESENTATION_CONTEXT(2) 
PARAMETRIC_REPRESENTATION_CONTEXT() REPRESENTATION_CONTEXT('2D SPACE',''
  ) );
#2964 = ORIENTED_EDGE('',*,*,#2965,.F.);
#2965 = EDGE_CURVE('',#2892,#2943,#2966,.T.);
#2966 = SURFACE_CURVE('',#2967,(#2971,#2978),.PCURVE_S1.);
#2967 = LINE('',#2968,#2969);
#2968 = CARTESIAN_POINT('',(22.,-10.,15.6));
#2969 = VECTOR('',#2970,1.);
#2970 = DIRECTION('',(0.,1.,0.));
#2971 = PCURVE('',#2900,#2972);
#2972 = DEFINITIONAL_REPRESENTATION('',(#2973),#2977);
#2973 = LINE('',#2974,#2975);
#2974 = CARTESIAN_POINT('',(1.6,0.));
#2975 = VECTOR('',#2976,1.);
#2976 = DIRECTION('',(0.,-1.));
#2977 = ( GEOMETRIC_REPRESENTATION_CONTEXT(2) 
PARAMETRIC_REPRESENTATION_CONTEXT() REPRESENTATION_CONTEXT('2D SPACE',''
  ) );
#2978 = PCURVE('',#2874,#2979);
#2979 = DEFINITIONAL_REPRESENTATION('',(#2980),#2984);
#2980 = LINE('',#2981,#2982);
#2981 = CARTESIAN_POINT('',(30.,0.));
#2982 = VECTOR('',#2983,1.);
#2983 = DIRECTION('',(0.,1.));
#2984 = ( GEOMETRIC_REPRESENTATION_CONTEXT(2) 
PARAMETRIC_REPRESENTATION_CONTEXT() REPRESENTATION_CONTEXT('2D SPACE',''
  ) );
#2985 = ADVANCED_FACE('',(#2986),#2792,.F.);
#2986 = FACE_BOUND('',#2987,.F.);
#2987 = EDGE_LOOP('',(#2988,#3009,#3010,#3031));
#2988 = ORIENTED_EDGE('',*,*,#2989,.F.);
#2989 = EDGE_CURVE('',#2770,#2890,#2990,.T.);
#2990 = SURFACE_CURVE('',#2991,(#2995,#3002),.PCURVE_S1.);
#2991 = LINE('',#2992,#2993);
#2992 = CARTESIAN_POINT('',(-8.,-10.,14.));
#2993 = VECTOR('',#2994,1.);
#2994 = DIRECTION('',(1.,0.,0.));
#2995 = PCURVE('',#2792,#2996);
#2996 = DEFINITIONAL_REPRESENTATION('',(#2997),#3001);
#2997 = LINE('',#2998,#2999);
#2998 = CARTESIAN_POINT('',(0.,0.));
#2999 = VECTOR('',#3000,1.);
#3000 = DIRECTION('',(0.,1.));
#3001 = ( GEOMETRIC_REPRESENTATION_CONTEXT(2) 
PARAMETRIC_REPRESENTATION_CONTEXT() REPRESENTATION_CONTEXT('2D SPACE',''
  ) );
#3002 = PCURVE('',#2820,#3003);
#3003 = DEFINITIONAL_REPRESENTATION('',(#3004),#3008);
#3004 = LINE('',#3005,#3006);
#3005 = CARTESIAN_POINT('',(0.,0.));
#3006 = VECTOR('',#3007,1.);
#3007 = DIRECTION('',(1.,0.));
#3008 = ( GEOMETRIC_REPRESENTATION_CONTEXT(2) 
PARAMETRIC_REPRESENTATION_CONTEXT() REPRESENTATION_CONTEXT('2D SPACE',''
  ) );
#3009 = ORIENTED_EDGE('',*,*,#2769,.T.);
#3010 = ORIENTED_EDGE('',*,*,#3011,.T.);
#3011 = EDGE_CURVE('',#2772,#2892,#3012,.T.);
#3012 = SURFACE_CURVE('',#3013,(#3017,#3024),.PCURVE_S1.);
#3013 = LINE('',#3014,#3015);
#3014 = CARTESIAN_POINT('',(-8.,-10.,15.6));
#3015 = VECTOR('',#3016,1.);
#3016 = DIRECTION('',(1.,0.,0.));
#3017 = PCURVE('',#2792,#3018);
#3018 = DEFINITIONAL_REPRESENTATION('',(#3019),#3023);
#3019 = LINE('',#3020,#3021);
#3020 = CARTESIAN_POINT('',(1.6,0.));
#3021 = VECTOR('',#3022,1.);
#3022 = DIRECTION('',(0.,1.));
#3023 = ( GEOMETRIC_REPRESENTATION_CONTEXT(2) 
PARAMETRIC_REPRESENTATION_CONTEXT() REPRESENTATION_CONTEXT('2D SPACE',''
  ) );
#3024 = PCURVE('',#2874,#3025);
#3025 = DEFINITIONAL_REPRESENTATION('',(#3026),#3030);
#3026 = LINE('',#3027,#3028);
#3027 = CARTESIAN_POINT('',(0.,0.));
#3028 = VECTOR('',#3029,1.);
#3029 = DIRECTION('',(1.,0.));
#3030 = ( GEOMETRIC_REPRESENTATION_CONTEXT(2) 
PARAMETRIC_REPRESENTATION_CONTEXT() REPRESENTATION_CONTEXT('2D SPACE',''
  ) );
#3031 = ORIENTED_EDGE('',*,*,#2889,.F.);
#3032 = ADVANCED_FACE('',(#3033),#2848,.T.);
#3033 = FACE_BOUND('',#3034,.T.);
#3034 = EDGE_LOOP('',(#3035,#3056,#3057,#3078));
#3035 = ORIENTED_EDGE('',*,*,#3036,.F.);
#3036 = EDGE_CURVE('',#2805,#2920,#3037,.T.);
#3037 = SURFACE_CURVE('',#3038,(#3042,#3049),.PCURVE_S1.);
#3038 = LINE('',#3039,#3040);
#3039 = CARTESIAN_POINT('',(-8.,10.,14.));
#3040 = VECTOR('',#3041,1.);
#3041 = DIRECTION('',(1.,0.,0.));
#3042 = PCURVE('',#2848,#3043);
#3043 = DEFINITIONAL_REPRESENTATION('',(#3044),#3048);
#3044 = LINE('',#3045,#3046);
#3045 = CARTESIAN_POINT('',(0.,0.));
#3046 = VECTOR('',#3047,1.);
#3047 = DIRECTION('',(0.,1.));
#3048 = ( GEOMETRIC_REPRESENTATION_CONTEXT(2) 
PARAMETRIC_REPRESENTATION_CONTEXT() REPRESENTATION_CONTEXT('2D SPACE',''
  ) );
#3049 = PCURVE('',#2820,#3050);
#3050 = DEFINITIONAL_REPRESENTATION('',(#3051),#3055);
#3051 = LINE('',#3052,#3053);
#3052 = CARTESIAN_POINT('',(0.,20.));
#3053 = VECTOR('',#3054,1.);
#3054 = DIRECTION('',(1.,0.));
#3055 = ( GEOMETRIC_REPRESENTATION_CONTEXT(2) 
PARAMETRIC_REPRESENTATION_CONTEXT() REPRESENTATION_CONTEXT('2D SPACE',''
  ) );
#3056 = ORIENTED_EDGE('',*,*,#2832,.T.);
#3057 = ORIENTED_EDGE('',*,*,#3058,.T.);
#3058 = EDGE_CURVE('',#2833,#2943,#3059,.T.);
#3059 = SURFACE_CURVE('',#3060,(#3064,#3071),.PCURVE_S1.);
#3060 = LINE('',#3061,#3062);
#3061 = CARTESIAN_POINT('',(-8.,10.,15.6));
#3062 = VECTOR('',#3063,1.);
#3063 = DIRECTION('',(1.,0.,0.));
#3064 = PCURVE('',#2848,#3065);
#3065 = DEFINITIONAL_REPRESENTATION('',(#3066),#3070);
#3066 = LINE('',#3067,#3068);
#3067 = CARTESIAN_POINT('',(1.6,0.));
#3068 = VECTOR('',#3069,1.);
#3069 = DIRECTION('',(0.,1.));
#3070 = ( GEOMETRIC_REPRESENTATION_CONTEXT(2) 
PARAMETRIC_REPRESENTATION_CONTEXT() REPRESENTATION_CONTEXT('2D SPACE',''
  ) );
#3071 = PCURVE('',#2874,#3072);
#3072 = DEFINITIONAL_REPRESENTATION('',(#3073),#3077);
#3073 = LINE('',#3074,#3075);
#3074 = CARTESIAN_POINT('',(0.,20.));
#3075 = VECTOR('',#3076,1.);
#3076 = DIRECTION('',(1.,0.));
#3077 = ( GEOMETRIC_REPRESENTATION_CONTEXT(2) 
PARAMETRIC_REPRESENTATION_CONTEXT() REPRESENTATION_CONTEXT('2D SPACE',''
  ) );
#3078 = ORIENTED_EDGE('',*,*,#2942,.F.);
#3079 = ADVANCED_FACE('',(#3080),#2820,.F.);
#3080 = FACE_BOUND('',#3081,.F.);
#3081 = EDGE_LOOP('',(#3082,#3083,#3084,#3085));
#3082 = ORIENTED_EDGE('',*,*,#2804,.F.);
#3083 = ORIENTED_EDGE('',*,*,#2989,.T.);
#3084 = ORIENTED_EDGE('',*,*,#2919,.T.);
#3085 = ORIENTED_EDGE('',*,*,#3036,.F.);
#3086 = ADVANCED_FACE('',(#3087),#2874,.T.);
#3087 = FACE_BOUND('',#3088,.T.);
#3088 = EDGE_LOOP('',(#3089,#3090,#3091,#3092));
#3089 = ORIENTED_EDGE('',*,*,#2860,.F.);
#3090 = ORIENTED_EDGE('',*,*,#3011,.T.);
#3091 = ORIENTED_EDGE('',*,*,#2965,.T.);
#3092 = ORIENTED_EDGE('',*,*,#3058,.F.);
#3093 = ( GEOMETRIC_REPRESENTATION_CONTEXT(3) 
GLOBAL_UNCERTAINTY_ASSIGNED_CONTEXT((#3097)) 
GLOBAL_UNIT_ASSIGNED_CONTEXT((#3094,#3095,#3096)) REPRESENTATION_CONTEXT
('Context #1','3D Context with UNIT and UNCERTAINTY') );
#3094 = ( LENGTH_UNIT() NAMED_UNIT(*) SI_UNIT(.MILLI.,.METRE.) );
#3095 = ( NAMED_UNIT(*) PLANE_ANGLE_UNIT() SI_UNIT($,.RADIAN.) );
#3096 = ( NAMED_UNIT(*) SI_UNIT($,.STERADIAN.) SOLID_ANGLE_UNIT() );
#3097 = UNCERTAINTY_MEASURE_WITH_UNIT(LENGTH_MEASURE(1.E-07),#3094,
  'distance_accuracy_value','confusion accuracy');
#3098 = CONTEXT_DEPENDENT_SHAPE_REPRESENTATION(#3099,#3101);
#3099 = ( REPRESENTATION_RELATIONSHIP('','',#2762,#10) 
REPRESENTATION_RELATIONSHIP_WITH_TRANSFORMATION(#3100) 
SHAPE_REPRESENTATION_RELATIONSHIP() );
#3100 = ITEM_DEFINED_TRANSFORMATION('','',#11,#31);
#3101 = PRODUCT_DEFINITION_SHAPE('Placement','Placement of an item',
  #3102);
#3102 = NEXT_ASSEMBLY_USAGE_OCCURRENCE('7','rtc','',#5,#2757,$);
#3103 = PRODUCT_RELATED_PRODUCT_CATEGORY('part',$,(#2759));
#3104 = SHAPE_DEFINITION_REPRESENTATION(#3105,#3111);
#3105 = PRODUCT_DEFINITION_SHAPE('','',#3106);
#3106 = PRODUCT_DEFINITION('design','',#3107,#3110);
#3107 = PRODUCT_DEFINITION_FORMATION('','',#3108);
#3108 = PRODUCT('opamp','opamp','',(#3109));
#3109 = PRODUCT_CONTEXT('',#2,'mechanical');
#3110 = PRODUCT_DEFINITION_CONTEXT('part definition',#2,'design');
#3111 = ADVANCED_BREP_SHAPE_REPRESENTATION('',(#11,#3112),#3442);
#3112 = MANIFOLD_SOLID_BREP('',#3113);
#3113 = CLOSED_SHELL('',(#3114,#3234,#3334,#3381,#3428,#3435));
#3114 = ADVANCED_FACE('',(#3115),#3129,.F.);
#3115 = FACE_BOUND('',#3116,.F.);
#3116 = EDGE_LOOP('',(#3117,#3152,#3180,#3208));
#3117 = ORIENTED_EDGE('',*,*,#3118,.F.);
#3118 = EDGE_CURVE('',#3119,#3121,#3123,.T.);
#3119 = VERTEX_POINT('',#3120);
#3120 = CARTESIAN_POINT('',(30.,-3.2,11.5));
#3121 = VERTEX_POINT('',#3122);
#3122 = CARTESIAN_POINT('',(30.,-3.2,14.8));
#3123 = SURFACE_CURVE('',#3124,(#3128,#3140),.PCURVE_S1.);
#3124 = LINE('',#3125,#3126);
#3125 = CARTESIAN_POINT('',(30.,-3.2,11.5));
#3126 = VECTOR('',#3127,1.);
#3127 = DIRECTION('',(0.,0.,1.));
#3128 = PCURVE('',#3129,#3134);
#3129 = PLANE('',#3130);
#3130 = AXIS2_PLACEMENT_3D('',#3131,#3132,#3133);
#3131 = CARTESIAN_POINT('',(30.,-3.2,11.5));
#3132 = DIRECTION('',(1.,0.,0.));
#3133 = DIRECTION('',(0.,0.,1.));
#3134 = DEFINITIONAL_REPRESENTATION('',(#3135),#3139);
#3135 = LINE('',#3136,#3137);
#3136 = CARTESIAN_POINT('',(0.,0.));
#3137 = VECTOR('',#3138,1.);
#3138 = DIRECTION('',(1.,0.));
#3139 = ( GEOMETRIC_REPRESENTATION_CONTEXT(2) 
PARAMETRIC_REPRESENTATION_CONTEXT() REPRESENTATION_CONTEXT('2D SPACE',''
  ) );
#3140 = PCURVE('',#3141,#3146);
#3141 = PLANE('',#3142);
#3142 = AXIS2_PLACEMENT_3D('',#3143,#3144,#3145);
#3143 = CARTESIAN_POINT('',(30.,-3.2,11.5));
#3144 = DIRECTION('',(0.,1.,0.));
#3145 = DIRECTION('',(0.,0.,1.));
#3146 = DEFINITIONAL_REPRESENTATION('',(#3147),#3151);
#3147 = LINE('',#3148,#3149);
#3148 = CARTESIAN_POINT('',(0.,0.));
#3149 = VECTOR('',#3150,1.);
#3150 = DIRECTION('',(1.,0.));
#3151 = ( GEOMETRIC_REPRESENTATION_CONTEXT(2) 
PARAMETRIC_REPRESENTATION_CONTEXT() REPRESENTATION_CONTEXT('2D SPACE',''
  ) );
#3152 = ORIENTED_EDGE('',*,*,#3153,.T.);
#3153 = EDGE_CURVE('',#3119,#3154,#3156,.T.);
#3154 = VERTEX_POINT('',#3155);
#3155 = CARTESIAN_POINT('',(30.,3.2,11.5));
#3156 = SURFACE_CURVE('',#3157,(#3161,#3168),.PCURVE_S1.);
#3157 = LINE('',#3158,#3159);
#3158 = CARTESIAN_POINT('',(30.,-3.2,11.5));
#3159 = VECTOR('',#3160,1.);
#3160 = DIRECTION('',(0.,1.,0.));
#3161 = PCURVE('',#3129,#3162);
#3162 = DEFINITIONAL_REPRESENTATION('',(#3163),#3167);
#3163 = LINE('',#3164,#3165);
#3164 = CARTESIAN_POINT('',(0.,0.));
#3165 = VECTOR('',#3166,1.);
#3166 = DIRECTION('',(0.,-1.));
#3167 = ( GEOMETRIC_REPRESENTATION_CONTEXT(2) 
PARAMETRIC_REPRESENTATION_CONTEXT() REPRESENTATION_CONTEXT('2D SPACE',''
  ) );
#3168 = PCURVE('',#3169,#3174);
#3169 = PLANE('',#3170);
#3170 = AXIS2_PLACEMENT_3D('',#3171,#3172,#3173);
#3171 = CARTESIAN_POINT('',(30.,-3.2,11.5));
#3172 = DIRECTION('',(0.,0.,1.));
#3173 = DIRECTION('',(1.,0.,0.));
#3174 = DEFINITIONAL_REPRESENTATION('',(#3175),#3179);
#3175 = LINE('',#3176,#3177);
#3176 = CARTESIAN_POINT('',(0.,0.));
#3177 = VECTOR('',#3178,1.);
#3178 = DIRECTION('',(0.,1.));
#3179 = ( GEOMETRIC_REPRESENTATION_CONTEXT(2) 
PARAMETRIC_REPRESENTATION_CONTEXT() REPRESENTATION_CONTEXT('2D SPACE',''
  ) );
#3180 = ORIENTED_EDGE('',*,*,#3181,.T.);
#3181 = EDGE_CURVE('',#3154,#3182,#3184,.T.);
#3182 = VERTEX_POINT('',#3183);
#3183 = CARTESIAN_POINT('',(30.,3.2,14.8));
#3184 = SURFACE_CURVE('',#3185,(#3189,#3196),.PCURVE_S1.);
#3185 = LINE('',#3186,#3187);
#3186 = CARTESIAN_POINT('',(30.,3.2,11.5));
#3187 = VECTOR('',#3188,1.);
#3188 = DIRECTION('',(0.,0.,1.));
#3189 = PCURVE('',#3129,#3190);
#3190 = DEFINITIONAL_REPRESENTATION('',(#3191),#3195);
#3191 = LINE('',#3192,#3193);
#3192 = CARTESIAN_POINT('',(0.,-6.4));
#3193 = VECTOR('',#3194,1.);
#3194 = DIRECTION('',(1.,0.));
#3195 = ( GEOMETRIC_REPRESENTATION_CONTEXT(2) 
PARAMETRIC_REPRESENTATION_CONTEXT() REPRESENTATION_CONTEXT('2D SPACE',''
  ) );
#3196 = PCURVE('',#3197,#3202);
#3197 = PLANE('',#3198);
#3198 = AXIS2_PLACEMENT_3D('',#3199,#3200,#3201);
#3199 = CARTESIAN_POINT('',(30.,3.2,11.5));
#3200 = DIRECTION('',(0.,1.,0.));
#3201 = DIRECTION('',(0.,0.,1.));
#3202 = DEFINITIONAL_REPRESENTATION('',(#3203),#3207);
#3203 = LINE('',#3204,#3205);
#3204 = CARTESIAN_POINT('',(0.,0.));
#3205 = VECTOR('',#3206,1.);
#3206 = DIRECTION('',(1.,0.));
#3207 = ( GEOMETRIC_REPRESENTATION_CONTEXT(2) 
PARAMETRIC_REPRESENTATION_CONTEXT() REPRESENTATION_CONTEXT('2D SPACE',''
  ) );
#3208 = ORIENTED_EDGE('',*,*,#3209,.F.);
#3209 = EDGE_CURVE('',#3121,#3182,#3210,.T.);
#3210 = SURFACE_CURVE('',#3211,(#3215,#3222),.PCURVE_S1.);
#3211 = LINE('',#3212,#3213);
#3212 = CARTESIAN_POINT('',(30.,-3.2,14.8));
#3213 = VECTOR('',#3214,1.);
#3214 = DIRECTION('',(0.,1.,0.));
#3215 = PCURVE('',#3129,#3216);
#3216 = DEFINITIONAL_REPRESENTATION('',(#3217),#3221);
#3217 = LINE('',#3218,#3219);
#3218 = CARTESIAN_POINT('',(3.3,0.));
#3219 = VECTOR('',#3220,1.);
#3220 = DIRECTION('',(0.,-1.));
#3221 = ( GEOMETRIC_REPRESENTATION_CONTEXT(2) 
PARAMETRIC_REPRESENTATION_CONTEXT() REPRESENTATION_CONTEXT('2D SPACE',''
  ) );
#3222 = PCURVE('',#3223,#3228);
#3223 = PLANE('',#3224);
#3224 = AXIS2_PLACEMENT_3D('',#3225,#3226,#3227);
#3225 = CARTESIAN_POINT('',(30.,-3.2,14.8));
#3226 = DIRECTION('',(0.,0.,1.));
#3227 = DIRECTION('',(1.,0.,0.));
#3228 = DEFINITIONAL_REPRESENTATION('',(#3229),#3233);
#3229 = LINE('',#3230,#3231);
#3230 = CARTESIAN_POINT('',(0.,0.));
#3231 = VECTOR('',#3232,1.);
#3232 = DIRECTION('',(0.,1.));
#3233 = ( GEOMETRIC_REPRESENTATION_CONTEXT(2) 
PARAMETRIC_REPRESENTATION_CONTEXT() REPRESENTATION_CONTEXT('2D SPACE',''
  ) );
#3234 = ADVANCED_FACE('',(#3235),#3249,.T.);
#3235 = FACE_BOUND('',#3236,.T.);
#3236 = EDGE_LOOP('',(#3237,#3267,#3290,#3313));
#3237 = ORIENTED_EDGE('',*,*,#3238,.F.);
#3238 = EDGE_CURVE('',#3239,#3241,#3243,.T.);
#3239 = VERTEX_POINT('',#3240);
#3240 = CARTESIAN_POINT('',(39.8,-3.2,11.5));
#3241 = VERTEX_POINT('',#3242);
#3242 = CARTESIAN_POINT('',(39.8,-3.2,14.8));
#3243 = SURFACE_CURVE('',#3244,(#3248,#3260),.PCURVE_S1.);
#3244 = LINE('',#3245,#3246);
#3245 = CARTESIAN_POINT('',(39.8,-3.2,11.5));
#3246 = VECTOR('',#3247,1.);
#3247 = DIRECTION('',(0.,0.,1.));
#3248 = PCURVE('',#3249,#3254);
#3249 = PLANE('',#3250);
#3250 = AXIS2_PLACEMENT_3D('',#3251,#3252,#3253);
#3251 = CARTESIAN_POINT('',(39.8,-3.2,11.5));
#3252 = DIRECTION('',(1.,0.,0.));
#3253 = DIRECTION('',(0.,0.,1.));
#3254 = DEFINITIONAL_REPRESENTATION('',(#3255),#3259);
#3255 = LINE('',#3256,#3257);
#3256 = CARTESIAN_POINT('',(0.,0.));
#3257 = VECTOR('',#3258,1.);
#3258 = DIRECTION('',(1.,0.));
#3259 = ( GEOMETRIC_REPRESENTATION_CONTEXT(2) 
PARAMETRIC_REPRESENTATION_CONTEXT() REPRESENTATION_CONTEXT('2D SPACE',''
  ) );
#3260 = PCURVE('',#3141,#3261);
#3261 = DEFINITIONAL_REPRESENTATION('',(#3262),#3266);
#3262 = LINE('',#3263,#3264);
#3263 = CARTESIAN_POINT('',(0.,9.8));
#3264 = VECTOR('',#3265,1.);
#3265 = DIRECTION('',(1.,0.));
#3266 = ( GEOMETRIC_REPRESENTATION_CONTEXT(2) 
PARAMETRIC_REPRESENTATION_CONTEXT() REPRESENTATION_CONTEXT('2D SPACE',''
  ) );
#3267 = ORIENTED_EDGE('',*,*,#3268,.T.);
#3268 = EDGE_CURVE('',#3239,#3269,#3271,.T.);
#3269 = VERTEX_POINT('',#3270);
#3270 = CARTESIAN_POINT('',(39.8,3.2,11.5));
#3271 = SURFACE_CURVE('',#3272,(#3276,#3283),.PCURVE_S1.);
#3272 = LINE('',#3273,#3274);
#3273 = CARTESIAN_POINT('',(39.8,-3.2,11.5));
#3274 = VECTOR('',#3275,1.);
#3275 = DIRECTION('',(0.,1.,0.));
#3276 = PCURVE('',#3249,#3277);
#3277 = DEFINITIONAL_REPRESENTATION('',(#3278),#3282);
#3278 = LINE('',#3279,#3280);
#3279 = CARTESIAN_POINT('',(0.,0.));
#3280 = VECTOR('',#3281,1.);
#3281 = DIRECTION('',(0.,-1.));
#3282 = ( GEOMETRIC_REPRESENTATION_CONTEXT(2) 
PARAMETRIC_REPRESENTATION_CONTEXT() REPRESENTATION_CONTEXT('2D SPACE',''
  ) );
#3283 = PCURVE('',#3169,#3284);
#3284 = DEFINITIONAL_REPRESENTATION('',(#3285),#3289);
#3285 = LINE('',#3286,#3287);
#3286 = CARTESIAN_POINT('',(9.8,0.));
#3287 = VECTOR('',#3288,1.);
#3288 = DIRECTION('',(0.,1.));
#3289 = ( GEOMETRIC_REPRESENTATION_CONTEXT(2) 
PARAMETRIC_REPRESENTATION_CONTEXT() REPRESENTATION_CONTEXT('2D SPACE',''
  ) );
#3290 = ORIENTED_EDGE('',*,*,#3291,.T.);
#3291 = EDGE_CURVE('',#3269,#3292,#3294,.T.);
#3292 = VERTEX_POINT('',#3293);
#3293 = CARTESIAN_POINT('',(39.8,3.2,14.8));
#3294 = SURFACE_CURVE('',#3295,(#3299,#3306),.PCURVE_S1.);
#3295 = LINE('',#3296,#3297);
#3296 = CARTESIAN_POINT('',(39.8,3.2,11.5));
#3297 = VECTOR('',#3298,1.);
#3298 = DIRECTION('',(0.,0.,1.));
#3299 = PCURVE('',#3249,#3300);
#3300 = DEFINITIONAL_REPRESENTATION('',(#3301),#3305);
#3301 = LINE('',#3302,#3303);
#3302 = CARTESIAN_POINT('',(0.,-6.4));
#3303 = VECTOR('',#3304,1.);
#3304 = DIRECTION('',(1.,0.));
#3305 = ( GEOMETRIC_REPRESENTATION_CONTEXT(2) 
PARAMETRIC_REPRESENTATION_CONTEXT() REPRESENTATION_CONTEXT('2D SPACE',''
  ) );
#3306 = PCURVE('',#3197,#3307);
#3307 = DEFINITIONAL_REPRESENTATION('',(#3308),#3312);
#3308 = LINE('',#3309,#3310);
#3309 = CARTESIAN_POINT('',(0.,9.8));
#3310 = VECTOR('',#3311,1.);
#3311 = DIRECTION('',(1.,0.));
#3312 = ( GEOMETRIC_REPRESENTATION_CONTEXT(2) 
PARAMETRIC_REPRESENTATION_CONTEXT() REPRESENTATION_CONTEXT('2D SPACE',''
  ) );
#3313 = ORIENTED_EDGE('',*,*,#3314,.F.);
#3314 = EDGE_CURVE('',#3241,#3292,#3315,.T.);
#3315 = SURFACE_CURVE('',#3316,(#3320,#3327),.PCURVE_S1.);
#3316 = LINE('',#3317,#3318);
#3317 = CARTESIAN_POINT('',(39.8,-3.2,14.8));
#3318 = VECTOR('',#3319,1.);
#3319 = DIRECTION('',(0.,1.,0.));
#3320 = PCURVE('',#3249,#3321);
#3321 = DEFINITIONAL_REPRESENTATION('',(#3322),#3326);
#3322 = LINE('',#3323,#3324);
#3323 = CARTESIAN_POINT('',(3.3,0.));
#3324 = VECTOR('',#3325,1.);
#3325 = DIRECTION('',(0.,-1.));
#3326 = ( GEOMETRIC_REPRESENTATION_CONTEXT(2) 
PARAMETRIC_REPRESENTATION_CONTEXT() REPRESENTATION_CONTEXT('2D SPACE',''
  ) );
#3327 = PCURVE('',#3223,#3328);
#3328 = DEFINITIONAL_REPRESENTATION('',(#3329),#3333);
#3329 = LINE('',#3330,#3331);
#3330 = CARTESIAN_POINT('',(9.8,0.));
#3331 = VECTOR('',#3332,1.);
#3332 = DIRECTION('',(0.,1.));
#3333 = ( GEOMETRIC_REPRESENTATION_CONTEXT(2) 
PARAMETRIC_REPRESENTATION_CONTEXT() REPRESENTATION_CONTEXT('2D SPACE',''
  ) );
#3334 = ADVANCED_FACE('',(#3335),#3141,.F.);
#3335 = FACE_BOUND('',#3336,.F.);
#3336 = EDGE_LOOP('',(#3337,#3358,#3359,#3380));
#3337 = ORIENTED_EDGE('',*,*,#3338,.F.);
#3338 = EDGE_CURVE('',#3119,#3239,#3339,.T.);
#3339 = SURFACE_CURVE('',#3340,(#3344,#3351),.PCURVE_S1.);
#3340 = LINE('',#3341,#3342);
#3341 = CARTESIAN_POINT('',(30.,-3.2,11.5));
#3342 = VECTOR('',#3343,1.);
#3343 = DIRECTION('',(1.,0.,0.));
#3344 = PCURVE('',#3141,#3345);
#3345 = DEFINITIONAL_REPRESENTATION('',(#3346),#3350);
#3346 = LINE('',#3347,#3348);
#3347 = CARTESIAN_POINT('',(0.,0.));
#3348 = VECTOR('',#3349,1.);
#3349 = DIRECTION('',(0.,1.));
#3350 = ( GEOMETRIC_REPRESENTATION_CONTEXT(2) 
PARAMETRIC_REPRESENTATION_CONTEXT() REPRESENTATION_CONTEXT('2D SPACE',''
  ) );
#3351 = PCURVE('',#3169,#3352);
#3352 = DEFINITIONAL_REPRESENTATION('',(#3353),#3357);
#3353 = LINE('',#3354,#3355);
#3354 = CARTESIAN_POINT('',(0.,0.));
#3355 = VECTOR('',#3356,1.);
#3356 = DIRECTION('',(1.,0.));
#3357 = ( GEOMETRIC_REPRESENTATION_CONTEXT(2) 
PARAMETRIC_REPRESENTATION_CONTEXT() REPRESENTATION_CONTEXT('2D SPACE',''
  ) );
#3358 = ORIENTED_EDGE('',*,*,#3118,.T.);
#3359 = ORIENTED_EDGE('',*,*,#3360,.T.);
#3360 = EDGE_CURVE('',#3121,#3241,#3361,.T.);
#3361 = SURFACE_CURVE('',#3362,(#3366,#3373),.PCURVE_S1.);
#3362 = LINE('',#3363,#3364);
#3363 = CARTESIAN_POINT('',(30.,-3.2,14.8));
#3364 = VECTOR('',#3365,1.);
#3365 = DIRECTION('',(1.,0.,0.));
#3366 = PCURVE('',#3141,#3367);
#3367 = DEFINITIONAL_REPRESENTATION('',(#3368),#3372);
#3368 = LINE('',#3369,#3370);
#3369 = CARTESIAN_POINT('',(3.3,0.));
#3370 = VECTOR('',#3371,1.);
#3371 = DIRECTION('',(0.,1.));
#3372 = ( GEOMETRIC_REPRESENTATION_CONTEXT(2) 
PARAMETRIC_REPRESENTATION_CONTEXT() REPRESENTATION_CONTEXT('2D SPACE',''
  ) );
#3373 = PCURVE('',#3223,#3374);
#3374 = DEFINITIONAL_REPRESENTATION('',(#3375),#3379);
#3375 = LINE('',#3376,#3377);
#3376 = CARTESIAN_POINT('',(0.,0.));
#3377 = VECTOR('',#3378,1.);
#3378 = DIRECTION('',(1.,0.));
#3379 = ( GEOMETRIC_REPRESENTATION_CONTEXT(2) 
PARAMETRIC_REPRESENTATION_CONTEXT() REPRESENTATION_CONTEXT('2D SPACE',''
  ) );
#3380 = ORIENTED_EDGE('',*,*,#3238,.F.);
#3381 = ADVANCED_FACE('',(#3382),#3197,.T.);
#3382 = FACE_BOUND('',#3383,.T.);
#3383 = EDGE_LOOP('',(#3384,#3405,#3406,#3427));
#3384 = ORIENTED_EDGE('',*,*,#3385,.F.);
#3385 = EDGE_CURVE('',#3154,#3269,#3386,.T.);
#3386 = SURFACE_CURVE('',#3387,(#3391,#3398),.PCURVE_S1.);
#3387 = LINE('',#3388,#3389);
#3388 = CARTESIAN_POINT('',(30.,3.2,11.5));
#3389 = VECTOR('',#3390,1.);
#3390 = DIRECTION('',(1.,0.,0.));
#3391 = PCURVE('',#3197,#3392);
#3392 = DEFINITIONAL_REPRESENTATION('',(#3393),#3397);
#3393 = LINE('',#3394,#3395);
#3394 = CARTESIAN_POINT('',(0.,0.));
#3395 = VECTOR('',#3396,1.);
#3396 = DIRECTION('',(0.,1.));
#3397 = ( GEOMETRIC_REPRESENTATION_CONTEXT(2) 
PARAMETRIC_REPRESENTATION_CONTEXT() REPRESENTATION_CONTEXT('2D SPACE',''
  ) );
#3398 = PCURVE('',#3169,#3399);
#3399 = DEFINITIONAL_REPRESENTATION('',(#3400),#3404);
#3400 = LINE('',#3401,#3402);
#3401 = CARTESIAN_POINT('',(0.,6.4));
#3402 = VECTOR('',#3403,1.);
#3403 = DIRECTION('',(1.,0.));
#3404 = ( GEOMETRIC_REPRESENTATION_CONTEXT(2) 
PARAMETRIC_REPRESENTATION_CONTEXT() REPRESENTATION_CONTEXT('2D SPACE',''
  ) );
#3405 = ORIENTED_EDGE('',*,*,#3181,.T.);
#3406 = ORIENTED_EDGE('',*,*,#3407,.T.);
#3407 = EDGE_CURVE('',#3182,#3292,#3408,.T.);
#3408 = SURFACE_CURVE('',#3409,(#3413,#3420),.PCURVE_S1.);
#3409 = LINE('',#3410,#3411);
#3410 = CARTESIAN_POINT('',(30.,3.2,14.8));
#3411 = VECTOR('',#3412,1.);
#3412 = DIRECTION('',(1.,0.,0.));
#3413 = PCURVE('',#3197,#3414);
#3414 = DEFINITIONAL_REPRESENTATION('',(#3415),#3419);
#3415 = LINE('',#3416,#3417);
#3416 = CARTESIAN_POINT('',(3.3,0.));
#3417 = VECTOR('',#3418,1.);
#3418 = DIRECTION('',(0.,1.));
#3419 = ( GEOMETRIC_REPRESENTATION_CONTEXT(2) 
PARAMETRIC_REPRESENTATION_CONTEXT() REPRESENTATION_CONTEXT('2D SPACE',''
  ) );
#3420 = PCURVE('',#3223,#3421);
#3421 = DEFINITIONAL_REPRESENTATION('',(#3422),#3426);
#3422 = LINE('',#3423,#3424);
#3423 = CARTESIAN_POINT('',(0.,6.4));
#3424 = VECTOR('',#3425,1.);
#3425 = DIRECTION('',(1.,0.));
#3426 = ( GEOMETRIC_REPRESENTATION_CONTEXT(2) 
PARAMETRIC_REPRESENTATION_CONTEXT() REPRESENTATION_CONTEXT('2D SPACE',''
  ) );
#3427 = ORIENTED_EDGE('',*,*,#3291,.F.);
#3428 = ADVANCED_FACE('',(#3429),#3169,.F.);
#3429 = FACE_BOUND('',#3430,.F.);
#3430 = EDGE_LOOP('',(#3431,#3432,#3433,#3434));
#3431 = ORIENTED_EDGE('',*,*,#3153,.F.);
#3432 = ORIENTED_EDGE('',*,*,#3338,.T.);
#3433 = ORIENTED_EDGE('',*,*,#3268,.T.);
#3434 = ORIENTED_EDGE('',*,*,#3385,.F.);
#3435 = ADVANCED_FACE('',(#3436),#3223,.T.);
#3436 = FACE_BOUND('',#3437,.T.);
#3437 = EDGE_LOOP('',(#3438,#3439,#3440,#3441));
#3438 = ORIENTED_EDGE('',*,*,#3209,.F.);
#3439 = ORIENTED_EDGE('',*,*,#3360,.T.);
#3440 = ORIENTED_EDGE('',*,*,#3314,.T.);
#3441 = ORIENTED_EDGE('',*,*,#3407,.F.);
#3442 = ( GEOMETRIC_REPRESENTATION_CONTEXT(3) 
GLOBAL_UNCERTAINTY_ASSIGNED_CONTEXT((#3446)) 
GLOBAL_UNIT_ASSIGNED_CONTEXT((#3443,#3444,#3445)) REPRESENTATION_CONTEXT
('Context #1','3D Context with UNIT and UNCERTAINTY') );
#3443 = ( LENGTH_UNIT() NAMED_UNIT(*) SI_UNIT(.MILLI.,.METRE.) );
#3444 = ( NAMED_UNIT(*) PLANE_ANGLE_UNIT() SI_UNIT($,.RADIAN.) );
#3445 = ( NAMED_UNIT(*) SI_UNIT($,.STERADIAN.) SOLID_ANGLE_UNIT() );
#3446 = UNCERTAINTY_MEASURE_WITH_UNIT(LENGTH_MEASURE(1.E-07),#3443,
  'distance_accuracy_value','confusion accuracy');
#3447 = CONTEXT_DEPENDENT_SHAPE_REPRESENTATION(#3448,#3450);
#3448 = ( REPRESENTATION_RELATIONSHIP('','',#3111,#10) 
REPRESENTATION_RELATIONSHIP_WITH_TRANSFORMATION(#3449) 
SHAPE_REPRESENTATION_RELATIONSHIP() );
#3449 = ITEM_DEFINED_TRANSFORMATION('','',#11,#35);
#3450 = PRODUCT_DEFINITION_SHAPE('Placement','Placement of an item',
  #3451);
#3451 = NEXT_ASSEMBLY_USAGE_OCCURRENCE('8','opamp','',#5,#3106,$);
#3452 = PRODUCT_RELATED_PRODUCT_CATEGORY('part',$,(#3108));
#3453 = SHAPE_DEFINITION_REPRESENTATION(#3454,#3460);
#3454 = PRODUCT_DEFINITION_SHAPE('','',#3455);
#3455 = PRODUCT_DEFINITION('design','',#3456,#3459);
#3456 = PRODUCT_DEFINITION_FORMATION('','',#3457);
#3457 = PRODUCT('mosfet','mosfet','',(#3458));
#3458 = PRODUCT_CONTEXT('',#2,'mechanical');
#3459 = PRODUCT_DEFINITION_CONTEXT('part definition',#2,'design');
#3460 = ADVANCED_BREP_SHAPE_REPRESENTATION('',(#11,#3461),#4039);
#3461 = MANIFOLD_SOLID_BREP('',#3462);
#3462 = CLOSED_SHELL('',(#3463,#3639,#3715,#3764,#3848,#3897,#3976,#4003
    ,#4012));
#3463 = ADVANCED_FACE('',(#3464),#3478,.F.);
#3464 = FACE_BOUND('',#3465,.F.);
#3465 = EDGE_LOOP('',(#3466,#3501,#3529,#3557,#3585,#3613));
#3466 = ORIENTED_EDGE('',*,*,#3467,.F.);
#3467 = EDGE_CURVE('',#3468,#3470,#3472,.T.);
#3468 = VERTEX_POINT('',#3469);
#3469 = CARTESIAN_POINT('',(48.,-2.3,14.5));
#3470 = VERTEX_POINT('',#3471);
#3471 = CARTESIAN_POINT('',(48.,-2.3,23.7));
#3472 = SURFACE_CURVE('',#3473,(#3477,#3489),.PCURVE_S1.);
#3473 = LINE('',#3474,#3475);
#3474 = CARTESIAN_POINT('',(48.,-2.3,14.5));
#3475 = VECTOR('',#3476,1.);
#3476 = DIRECTION('',(0.,0.,1.));
#3477 = PCURVE('',#3478,#3483);
#3478 = PLANE('',#3479);
#3479 = AXIS2_PLACEMENT_3D('',#3480,#3481,#3482);
#3480 = CARTESIAN_POINT('',(48.,-2.3,14.5));
#3481 = DIRECTION('',(1.,0.,0.));
#3482 = DIRECTION('',(0.,0.,1.));
#3483 = DEFINITIONAL_REPRESENTATION('',(#3484),#3488);
#3484 = LINE('',#3485,#3486);
#3485 = CARTESIAN_POINT('',(0.,0.));
#3486 = VECTOR('',#3487,1.);
#3487 = DIRECTION('',(1.,0.));
#3488 = ( GEOMETRIC_REPRESENTATION_CONTEXT(2) 
PARAMETRIC_REPRESENTATION_CONTEXT() REPRESENTATION_CONTEXT('2D SPACE',''
  ) );
#3489 = PCURVE('',#3490,#3495);
#3490 = PLANE('',#3491);
#3491 = AXIS2_PLACEMENT_3D('',#3492,#3493,#3494);
#3492 = CARTESIAN_POINT('',(48.,-2.3,14.5));
#3493 = DIRECTION('',(0.,1.,0.));
#3494 = DIRECTION('',(0.,0.,1.));
#3495 = DEFINITIONAL_REPRESENTATION('',(#3496),#3500);
#3496 = LINE('',#3497,#3498);
#3497 = CARTESIAN_POINT('',(0.,0.));
#3498 = VECTOR('',#3499,1.);
#3499 = DIRECTION('',(1.,0.));
#3500 = ( GEOMETRIC_REPRESENTATION_CONTEXT(2) 
PARAMETRIC_REPRESENTATION_CONTEXT() REPRESENTATION_CONTEXT('2D SPACE',''
  ) );
#3501 = ORIENTED_EDGE('',*,*,#3502,.T.);
#3502 = EDGE_CURVE('',#3468,#3503,#3505,.T.);
#3503 = VERTEX_POINT('',#3504);
#3504 = CARTESIAN_POINT('',(48.,2.3,14.5));
#3505 = SURFACE_CURVE('',#3506,(#3510,#3517),.PCURVE_S1.);
#3506 = LINE('',#3507,#3508);
#3507 = CARTESIAN_POINT('',(48.,-2.3,14.5));
#3508 = VECTOR('',#3509,1.);
#3509 = DIRECTION('',(0.,1.,0.));
#3510 = PCURVE('',#3478,#3511);
#3511 = DEFINITIONAL_REPRESENTATION('',(#3512),#3516);
#3512 = LINE('',#3513,#3514);
#3513 = CARTESIAN_POINT('',(0.,0.));
#3514 = VECTOR('',#3515,1.);
#3515 = DIRECTION('',(0.,-1.));
#3516 = ( GEOMETRIC_REPRESENTATION_CONTEXT(2) 
PARAMETRIC_REPRESENTATION_CONTEXT() REPRESENTATION_CONTEXT('2D SPACE',''
  ) );
#3517 = PCURVE('',#3518,#3523);
#3518 = PLANE('',#3519);
#3519 = AXIS2_PLACEMENT_3D('',#3520,#3521,#3522);
#3520 = CARTESIAN_POINT('',(48.,-2.3,14.5));
#3521 = DIRECTION('',(0.,0.,1.));
#3522 = DIRECTION('',(1.,0.,0.));
#3523 = DEFINITIONAL_REPRESENTATION('',(#3524),#3528);
#3524 = LINE('',#3525,#3526);
#3525 = CARTESIAN_POINT('',(0.,0.));
#3526 = VECTOR('',#3527,1.);
#3527 = DIRECTION('',(0.,1.));
#3528 = ( GEOMETRIC_REPRESENTATION_CONTEXT(2) 
PARAMETRIC_REPRESENTATION_CONTEXT() REPRESENTATION_CONTEXT('2D SPACE',''
  ) );
#3529 = ORIENTED_EDGE('',*,*,#3530,.F.);
#3530 = EDGE_CURVE('',#3531,#3503,#3533,.T.);
#3531 = VERTEX_POINT('',#3532);
#3532 = CARTESIAN_POINT('',(48.,2.3,30.4));
#3533 = SURFACE_CURVE('',#3534,(#3538,#3545),.PCURVE_S1.);
#3534 = LINE('',#3535,#3536);
#3535 = CARTESIAN_POINT('',(48.,2.3,30.4));
#3536 = VECTOR('',#3537,1.);
#3537 = DIRECTION('',(0.,0.,-1.));
#3538 = PCURVE('',#3478,#3539);
#3539 = DEFINITIONAL_REPRESENTATION('',(#3540),#3544);
#3540 = LINE('',#3541,#3542);
#3541 = CARTESIAN_POINT('',(15.9,-4.6));
#3542 = VECTOR('',#3543,1.);
#3543 = DIRECTION('',(-1.,0.));
#3544 = ( GEOMETRIC_REPRESENTATION_CONTEXT(2) 
PARAMETRIC_REPRESENTATION_CONTEXT() REPRESENTATION_CONTEXT('2D SPACE',''
  ) );
#3545 = PCURVE('',#3546,#3551);
#3546 = PLANE('',#3547);
#3547 = AXIS2_PLACEMENT_3D('',#3548,#3549,#3550);
#3548 = CARTESIAN_POINT('',(48.,2.3,14.5));
#3549 = DIRECTION('',(0.,1.,0.));
#3550 = DIRECTION('',(0.,0.,1.));
#3551 = DEFINITIONAL_REPRESENTATION('',(#3552),#3556);
#3552 = LINE('',#3553,#3554);
#3553 = CARTESIAN_POINT('',(15.9,0.));
#3554 = VECTOR('',#3555,1.);
#3555 = DIRECTION('',(-1.,0.));
#3556 = ( GEOMETRIC_REPRESENTATION_CONTEXT(2) 
PARAMETRIC_REPRESENTATION_CONTEXT() REPRESENTATION_CONTEXT('2D SPACE',''
  ) );
#3557 = ORIENTED_EDGE('',*,*,#3558,.F.);
#3558 = EDGE_CURVE('',#3559,#3531,#3561,.T.);
#3559 = VERTEX_POINT('',#3560);
#3560 = CARTESIAN_POINT('',(48.,1.,30.4));
#3561 = SURFACE_CURVE('',#3562,(#3566,#3573),.PCURVE_S1.);
#3562 = LINE('',#3563,#3564);
#3563 = CARTESIAN_POINT('',(48.,1.,30.4));
#3564 = VECTOR('',#3565,1.);
#3565 = DIRECTION('',(0.,1.,0.));
#3566 = PCURVE('',#3478,#3567);
#3567 = DEFINITIONAL_REPRESENTATION('',(#3568),#3572);
#3568 = LINE('',#3569,#3570);
#3569 = CARTESIAN_POINT('',(15.9,-3.3));
#3570 = VECTOR('',#3571,1.);
#3571 = DIRECTION('',(0.,-1.));
#3572 = ( GEOMETRIC_REPRESENTATION_CONTEXT(2) 
PARAMETRIC_REPRESENTATION_CONTEXT() REPRESENTATION_CONTEXT('2D SPACE',''
  ) );
#3573 = PCURVE('',#3574,#3579);
#3574 = PLANE('',#3575);
#3575 = AXIS2_PLACEMENT_3D('',#3576,#3577,#3578);
#3576 = CARTESIAN_POINT('',(48.,1.,30.4));
#3577 = DIRECTION('',(0.,0.,1.));
#3578 = DIRECTION('',(1.,0.,0.));
#3579 = DEFINITIONAL_REPRESENTATION('',(#3580),#3584);
#3580 = LINE('',#3581,#3582);
#3581 = CARTESIAN_POINT('',(0.,0.));
#3582 = VECTOR('',#3583,1.);
#3583 = DIRECTION('',(0.,1.));
#3584 = ( GEOMETRIC_REPRESENTATION_CONTEXT(2) 
PARAMETRIC_REPRESENTATION_CONTEXT() REPRESENTATION_CONTEXT('2D SPACE',''
  ) );
#3585 = ORIENTED_EDGE('',*,*,#3586,.F.);
#3586 = EDGE_CURVE('',#3587,#3559,#3589,.T.);
#3587 = VERTEX_POINT('',#3588);
#3588 = CARTESIAN_POINT('',(48.,1.,23.7));
#3589 = SURFACE_CURVE('',#3590,(#3594,#3601),.PCURVE_S1.);
#3590 = LINE('',#3591,#3592);
#3591 = CARTESIAN_POINT('',(48.,1.,23.7));
#3592 = VECTOR('',#3593,1.);
#3593 = DIRECTION('',(0.,0.,1.));
#3594 = PCURVE('',#3478,#3595);
#3595 = DEFINITIONAL_REPRESENTATION('',(#3596),#3600);
#3596 = LINE('',#3597,#3598);
#3597 = CARTESIAN_POINT('',(9.2,-3.3));
#3598 = VECTOR('',#3599,1.);
#3599 = DIRECTION('',(1.,0.));
#3600 = ( GEOMETRIC_REPRESENTATION_CONTEXT(2) 
PARAMETRIC_REPRESENTATION_CONTEXT() REPRESENTATION_CONTEXT('2D SPACE',''
  ) );
#3601 = PCURVE('',#3602,#3607);
#3602 = PLANE('',#3603);
#3603 = AXIS2_PLACEMENT_3D('',#3604,#3605,#3606);
#3604 = CARTESIAN_POINT('',(48.,1.,23.7));
#3605 = DIRECTION('',(0.,1.,0.));
#3606 = DIRECTION('',(0.,0.,1.));
#3607 = DEFINITIONAL_REPRESENTATION('',(#3608),#3612);
#3608 = LINE('',#3609,#3610);
#3609 = CARTESIAN_POINT('',(0.,0.));
#3610 = VECTOR('',#3611,1.);
#3611 = DIRECTION('',(1.,0.));
#3612 = ( GEOMETRIC_REPRESENTATION_CONTEXT(2) 
PARAMETRIC_REPRESENTATION_CONTEXT() REPRESENTATION_CONTEXT('2D SPACE',''
  ) );
#3613 = ORIENTED_EDGE('',*,*,#3614,.F.);
#3614 = EDGE_CURVE('',#3470,#3587,#3615,.T.);
#3615 = SURFACE_CURVE('',#3616,(#3620,#3627),.PCURVE_S1.);
#3616 = LINE('',#3617,#3618);
#3617 = CARTESIAN_POINT('',(48.,-2.3,23.7));
#3618 = VECTOR('',#3619,1.);
#3619 = DIRECTION('',(0.,1.,0.));
#3620 = PCURVE('',#3478,#3621);
#3621 = DEFINITIONAL_REPRESENTATION('',(#3622),#3626);
#3622 = LINE('',#3623,#3624);
#3623 = CARTESIAN_POINT('',(9.2,0.));
#3624 = VECTOR('',#3625,1.);
#3625 = DIRECTION('',(0.,-1.));
#3626 = ( GEOMETRIC_REPRESENTATION_CONTEXT(2) 
PARAMETRIC_REPRESENTATION_CONTEXT() REPRESENTATION_CONTEXT('2D SPACE',''
  ) );
#3627 = PCURVE('',#3628,#3633);
#3628 = PLANE('',#3629);
#3629 = AXIS2_PLACEMENT_3D('',#3630,#3631,#3632);
#3630 = CARTESIAN_POINT('',(48.,-2.3,23.7));
#3631 = DIRECTION('',(0.,0.,1.));
#3632 = DIRECTION('',(1.,0.,0.));
#3633 = DEFINITIONAL_REPRESENTATION('',(#3634),#3638);
#3634 = LINE('',#3635,#3636);
#3635 = CARTESIAN_POINT('',(0.,0.));
#3636 = VECTOR('',#3637,1.);
#3637 = DIRECTION('',(0.,1.));
#3638 = ( GEOMETRIC_REPRESENTATION_CONTEXT(2) 
PARAMETRIC_REPRESENTATION_CONTEXT() REPRESENTATION_CONTEXT('2D SPACE',''
  ) );
#3639 = ADVANCED_FACE('',(#3640),#3490,.F.);
#3640 = FACE_BOUND('',#3641,.F.);
#3641 = EDGE_LOOP('',(#3642,#3665,#3666,#3689));
#3642 = ORIENTED_EDGE('',*,*,#3643,.F.);
#3643 = EDGE_CURVE('',#3468,#3644,#3646,.T.);
#3644 = VERTEX_POINT('',#3645);
#3645 = CARTESIAN_POINT('',(58.2,-2.3,14.5));
#3646 = SURFACE_CURVE('',#3647,(#3651,#3658),.PCURVE_S1.);
#3647 = LINE('',#3648,#3649);
#3648 = CARTESIAN_POINT('',(48.,-2.3,14.5));
#3649 = VECTOR('',#3650,1.);
#3650 = DIRECTION('',(1.,0.,0.));
#3651 = PCURVE('',#3490,#3652);
#3652 = DEFINITIONAL_REPRESENTATION('',(#3653),#3657);
#3653 = LINE('',#3654,#3655);
#3654 = CARTESIAN_POINT('',(0.,0.));
#3655 = VECTOR('',#3656,1.);
#3656 = DIRECTION('',(0.,1.));
#3657 = ( GEOMETRIC_REPRESENTATION_CONTEXT(2) 
PARAMETRIC_REPRESENTATION_CONTEXT() REPRESENTATION_CONTEXT('2D SPACE',''
  ) );
#3658 = PCURVE('',#3518,#3659);
#3659 = DEFINITIONAL_REPRESENTATION('',(#3660),#3664);
#3660 = LINE('',#3661,#3662);
#3661 = CARTESIAN_POINT('',(0.,0.));
#3662 = VECTOR('',#3663,1.);
#3663 = DIRECTION('',(1.,0.));
#3664 = ( GEOMETRIC_REPRESENTATION_CONTEXT(2) 
PARAMETRIC_REPRESENTATION_CONTEXT() REPRESENTATION_CONTEXT('2D SPACE',''
  ) );
#3665 = ORIENTED_EDGE('',*,*,#3467,.T.);
#3666 = ORIENTED_EDGE('',*,*,#3667,.T.);
#3667 = EDGE_CURVE('',#3470,#3668,#3670,.T.);
#3668 = VERTEX_POINT('',#3669);
#3669 = CARTESIAN_POINT('',(58.2,-2.3,23.7));
#3670 = SURFACE_CURVE('',#3671,(#3675,#3682),.PCURVE_S1.);
#3671 = LINE('',#3672,#3673);
#3672 = CARTESIAN_POINT('',(48.,-2.3,23.7));
#3673 = VECTOR('',#3674,1.);
#3674 = DIRECTION('',(1.,0.,0.));
#3675 = PCURVE('',#3490,#3676);
#3676 = DEFINITIONAL_REPRESENTATION('',(#3677),#3681);
#3677 = LINE('',#3678,#3679);
#3678 = CARTESIAN_POINT('',(9.2,0.));
#3679 = VECTOR('',#3680,1.);
#3680 = DIRECTION('',(0.,1.));
#3681 = ( GEOMETRIC_REPRESENTATION_CONTEXT(2) 
PARAMETRIC_REPRESENTATION_CONTEXT() REPRESENTATION_CONTEXT('2D SPACE',''
  ) );
#3682 = PCURVE('',#3628,#3683);
#3683 = DEFINITIONAL_REPRESENTATION('',(#3684),#3688);
#3684 = LINE('',#3685,#3686);
#3685 = CARTESIAN_POINT('',(0.,0.));
#3686 = VECTOR('',#3687,1.);
#3687 = DIRECTION('',(1.,0.));
#3688 = ( GEOMETRIC_REPRESENTATION_CONTEXT(2) 
PARAMETRIC_REPRESENTATION_CONTEXT() REPRESENTATION_CONTEXT('2D SPACE',''
  ) );
#3689 = ORIENTED_EDGE('',*,*,#3690,.F.);
#3690 = EDGE_CURVE('',#3644,#3668,#3691,.T.);
#3691 = SURFACE_CURVE('',#3692,(#3696,#3703),.PCURVE_S1.);
#3692 = LINE('',#3693,#3694);
#3693 = CARTESIAN_POINT('',(58.2,-2.3,14.5));
#3694 = VECTOR('',#3695,1.);
#3695 = DIRECTION('',(0.,0.,1.));
#3696 = PCURVE('',#3490,#3697);
#3697 = DEFINITIONAL_REPRESENTATION('',(#3698),#3702);
#3698 = LINE('',#3699,#3700);
#3699 = CARTESIAN_POINT('',(0.,10.2));
#3700 = VECTOR('',#3701,1.);
#3701 = DIRECTION('',(1.,0.));
#3702 = ( GEOMETRIC_REPRESENTATION_CONTEXT(2) 
PARAMETRIC_REPRESENTATION_CONTEXT() REPRESENTATION_CONTEXT('2D SPACE',''
  ) );
#3703 = PCURVE('',#3704,#3709);
#3704 = PLANE('',#3705);
#3705 = AXIS2_PLACEMENT_3D('',#3706,#3707,#3708);
#3706 = CARTESIAN_POINT('',(58.2,-2.3,14.5));
#3707 = DIRECTION('',(1.,0.,0.));
#3708 = DIRECTION('',(0.,0.,1.));
#3709 = DEFINITIONAL_REPRESENTATION('',(#3710),#3714);
#3710 = LINE('',#3711,#3712);
#3711 = CARTESIAN_POINT('',(0.,0.));
#3712 = VECTOR('',#3713,1.);
#3713 = DIRECTION('',(1.,0.));
#3714 = ( GEOMETRIC_REPRESENTATION_CONTEXT(2) 
PARAMETRIC_REPRESENTATION_CONTEXT() REPRESENTATION_CONTEXT('2D SPACE',''
  ) );
#3715 = ADVANCED_FACE('',(#3716),#3518,.F.);
#3716 = FACE_BOUND('',#3717,.F.);
#3717 = EDGE_LOOP('',(#3718,#3719,#3720,#3743));
#3718 = ORIENTED_EDGE('',*,*,#3502,.F.);
#3719 = ORIENTED_EDGE('',*,*,#3643,.T.);
#3720 = ORIENTED_EDGE('',*,*,#3721,.T.);
#3721 = EDGE_CURVE('',#3644,#3722,#3724,.T.);
#3722 = VERTEX_POINT('',#3723);
#3723 = CARTESIAN_POINT('',(58.2,2.3,14.5));
#3724 = SURFACE_CURVE('',#3725,(#3729,#3736),.PCURVE_S1.);
#3725 = LINE('',#3726,#3727);
#3726 = CARTESIAN_POINT('',(58.2,-2.3,14.5));
#3727 = VECTOR('',#3728,1.);
#3728 = DIRECTION('',(0.,1.,0.));
#3729 = PCURVE('',#3518,#3730);
#3730 = DEFINITIONAL_REPRESENTATION('',(#3731),#3735);
#3731 = LINE('',#3732,#3733);
#3732 = CARTESIAN_POINT('',(10.2,0.));
#3733 = VECTOR('',#3734,1.);
#3734 = DIRECTION('',(0.,1.));
#3735 = ( GEOMETRIC_REPRESENTATION_CONTEXT(2) 
PARAMETRIC_REPRESENTATION_CONTEXT() REPRESENTATION_CONTEXT('2D SPACE',''
  ) );
#3736 = PCURVE('',#3704,#3737);
#3737 = DEFINITIONAL_REPRESENTATION('',(#3738),#3742);
#3738 = LINE('',#3739,#3740);
#3739 = CARTESIAN_POINT('',(0.,0.));
#3740 = VECTOR('',#3741,1.);
#3741 = DIRECTION('',(0.,-1.));
#3742 = ( GEOMETRIC_REPRESENTATION_CONTEXT(2) 
PARAMETRIC_REPRESENTATION_CONTEXT() REPRESENTATION_CONTEXT('2D SPACE',''
  ) );
#3743 = ORIENTED_EDGE('',*,*,#3744,.F.);
#3744 = EDGE_CURVE('',#3503,#3722,#3745,.T.);
#3745 = SURFACE_CURVE('',#3746,(#3750,#3757),.PCURVE_S1.);
#3746 = LINE('',#3747,#3748);
#3747 = CARTESIAN_POINT('',(48.,2.3,14.5));
#3748 = VECTOR('',#3749,1.);
#3749 = DIRECTION('',(1.,0.,0.));
#3750 = PCURVE('',#3518,#3751);
#3751 = DEFINITIONAL_REPRESENTATION('',(#3752),#3756);
#3752 = LINE('',#3753,#3754);
#3753 = CARTESIAN_POINT('',(0.,4.6));
#3754 = VECTOR('',#3755,1.);
#3755 = DIRECTION('',(1.,0.));
#3756 = ( GEOMETRIC_REPRESENTATION_CONTEXT(2) 
PARAMETRIC_REPRESENTATION_CONTEXT() REPRESENTATION_CONTEXT('2D SPACE',''
  ) );
#3757 = PCURVE('',#3546,#3758);
#3758 = DEFINITIONAL_REPRESENTATION('',(#3759),#3763);
#3759 = LINE('',#3760,#3761);
#3760 = CARTESIAN_POINT('',(0.,0.));
#3761 = VECTOR('',#3762,1.);
#3762 = DIRECTION('',(0.,1.));
#3763 = ( GEOMETRIC_REPRESENTATION_CONTEXT(2) 
PARAMETRIC_REPRESENTATION_CONTEXT() REPRESENTATION_CONTEXT('2D SPACE',''
  ) );
#3764 = ADVANCED_FACE('',(#3765,#3813),#3546,.T.);
#3765 = FACE_BOUND('',#3766,.T.);
#3766 = EDGE_LOOP('',(#3767,#3768,#3769,#3792));
#3767 = ORIENTED_EDGE('',*,*,#3744,.F.);
#3768 = ORIENTED_EDGE('',*,*,#3530,.F.);
#3769 = ORIENTED_EDGE('',*,*,#3770,.T.);
#3770 = EDGE_CURVE('',#3531,#3771,#3773,.T.);
#3771 = VERTEX_POINT('',#3772);
#3772 = CARTESIAN_POINT('',(58.2,2.3,30.4));
#3773 = SURFACE_CURVE('',#3774,(#3778,#3785),.PCURVE_S1.);
#3774 = LINE('',#3775,#3776);
#3775 = CARTESIAN_POINT('',(48.,2.3,30.4));
#3776 = VECTOR('',#3777,1.);
#3777 = DIRECTION('',(1.,0.,0.));
#3778 = PCURVE('',#3546,#3779);
#3779 = DEFINITIONAL_REPRESENTATION('',(#3780),#3784);
#3780 = LINE('',#3781,#3782);
#3781 = CARTESIAN_POINT('',(15.9,0.));
#3782 = VECTOR('',#3783,1.);
#3783 = DIRECTION('',(0.,1.));
#3784 = ( GEOMETRIC_REPRESENTATION_CONTEXT(2) 
PARAMETRIC_REPRESENTATION_CONTEXT() REPRESENTATION_CONTEXT('2D SPACE',''
  ) );
#3785 = PCURVE('',#3574,#3786);
#3786 = DEFINITIONAL_REPRESENTATION('',(#3787),#3791);
#3787 = LINE('',#3788,#3789);
#3788 = CARTESIAN_POINT('',(0.,1.3));
#3789 = VECTOR('',#3790,1.);
#3790 = DIRECTION('',(1.,0.));
#3791 = ( GEOMETRIC_REPRESENTATION_CONTEXT(2) 
PARAMETRIC_REPRESENTATION_CONTEXT() REPRESENTATION_CONTEXT('2D SPACE',''
  ) );
#3792 = ORIENTED_EDGE('',*,*,#3793,.T.);
#3793 = EDGE_CURVE('',#3771,#3722,#3794,.T.);
#3794 = SURFACE_CURVE('',#3795,(#3799,#3806),.PCURVE_S1.);
#3795 = LINE('',#3796,#3797);
#3796 = CARTESIAN_POINT('',(58.2,2.3,30.4));
#3797 = VECTOR('',#3798,1.);
#3798 = DIRECTION('',(0.,0.,-1.));
#3799 = PCURVE('',#3546,#3800);
#3800 = DEFINITIONAL_REPRESENTATION('',(#3801),#3805);
#3801 = LINE('',#3802,#3803);
#3802 = CARTESIAN_POINT('',(15.9,10.2));
#3803 = VECTOR('',#3804,1.);
#3804 = DIRECTION('',(-1.,0.));
#3805 = ( GEOMETRIC_REPRESENTATION_CONTEXT(2) 
PARAMETRIC_REPRESENTATION_CONTEXT() REPRESENTATION_CONTEXT('2D SPACE',''
  ) );
#3806 = PCURVE('',#3704,#3807);
#3807 = DEFINITIONAL_REPRESENTATION('',(#3808),#3812);
#3808 = LINE('',#3809,#3810);
#3809 = CARTESIAN_POINT('',(15.9,-4.6));
#3810 = VECTOR('',#3811,1.);
#3811 = DIRECTION('',(-1.,0.));
#3812 = ( GEOMETRIC_REPRESENTATION_CONTEXT(2) 
PARAMETRIC_REPRESENTATION_CONTEXT() REPRESENTATION_CONTEXT('2D SPACE',''
  ) );
#3813 = FACE_BOUND('',#3814,.T.);
#3814 = EDGE_LOOP('',(#3815));
#3815 = ORIENTED_EDGE('',*,*,#3816,.T.);
#3816 = EDGE_CURVE('',#3817,#3817,#3819,.T.);
#3817 = VERTEX_POINT('',#3818);
#3818 = CARTESIAN_POINT('',(54.9,2.3,27.1));
#3819 = SURFACE_CURVE('',#3820,(#3825,#3836),.PCURVE_S1.);
#3820 = CIRCLE('',#3821,1.8);
#3821 = AXIS2_PLACEMENT_3D('',#3822,#3823,#3824);
#3822 = CARTESIAN_POINT('',(53.1,2.3,27.1));
#3823 = DIRECTION('',(0.,-1.,0.));
#3824 = DIRECTION('',(1.,0.,0.));
#3825 = PCURVE('',#3546,#3826);
#3826 = DEFINITIONAL_REPRESENTATION('',(#3827),#3835);
#3827 = ( BOUNDED_CURVE() B_SPLINE_CURVE(2,(#3828,#3829,#3830,#3831,
#3832,#3833,#3834),.UNSPECIFIED.,.T.,.F.) B_SPLINE_CURVE_WITH_KNOTS((1,2
    ,2,2,2,1),(-2.094395102393,0.,2.094395102393,4.188790204786,
6.28318530718,8.377580409573),.UNSPECIFIED.) CURVE() 
GEOMETRIC_REPRESENTATION_ITEM() RATIONAL_B_SPLINE_CURVE((1.,0.5,1.,0.5,
1.,0.5,1.)) REPRESENTATION_ITEM('') );
#3828 = CARTESIAN_POINT('',(12.6,6.9));
#3829 = CARTESIAN_POINT('',(15.717691453624,6.9));
#3830 = CARTESIAN_POINT('',(14.158845726812,4.2));
#3831 = CARTESIAN_POINT('',(12.6,1.5));
#3832 = CARTESIAN_POINT('',(11.041154273188,4.2));
#3833 = CARTESIAN_POINT('',(9.482308546376,6.9));
#3834 = CARTESIAN_POINT('',(12.6,6.9));
#3835 = ( GEOMETRIC_REPRESENTATION_CONTEXT(2) 
PARAMETRIC_REPRESENTATION_CONTEXT() REPRESENTATION_CONTEXT('2D SPACE',''
  ) );
#3836 = PCURVE('',#3837,#3842);
#3837 = CYLINDRICAL_SURFACE('',#3838,1.8);
#3838 = AXIS2_PLACEMENT_3D('',#3839,#3840,#3841);
#3839 = CARTESIAN_POINT('',(53.1,0.5,27.1));
#3840 = DIRECTION('',(0.,-1.,0.));
#3841 = DIRECTION('',(1.,0.,0.));
#3842 = DEFINITIONAL_REPRESENTATION('',(#3843),#3847);
#3843 = LINE('',#3844,#3845);
#3844 = CARTESIAN_POINT('',(0.,-1.8));
#3845 = VECTOR('',#3846,1.);
#3846 = DIRECTION('',(1.,0.));
#3847 = ( GEOMETRIC_REPRESENTATION_CONTEXT(2) 
PARAMETRIC_REPRESENTATION_CONTEXT() REPRESENTATION_CONTEXT('2D SPACE',''
  ) );
#3848 = ADVANCED_FACE('',(#3849),#3574,.T.);
#3849 = FACE_BOUND('',#3850,.T.);
#3850 = EDGE_LOOP('',(#3851,#3852,#3875,#3896));
#3851 = ORIENTED_EDGE('',*,*,#3558,.F.);
#3852 = ORIENTED_EDGE('',*,*,#3853,.T.);
#3853 = EDGE_CURVE('',#3559,#3854,#3856,.T.);
#3854 = VERTEX_POINT('',#3855);
#3855 = CARTESIAN_POINT('',(58.2,1.,30.4));
#3856 = SURFACE_CURVE('',#3857,(#3861,#3868),.PCURVE_S1.);
#3857 = LINE('',#3858,#3859);
#3858 = CARTESIAN_POINT('',(48.,1.,30.4));
#3859 = VECTOR('',#3860,1.);
#3860 = DIRECTION('',(1.,0.,0.));
#3861 = PCURVE('',#3574,#3862);
#3862 = DEFINITIONAL_REPRESENTATION('',(#3863),#3867);
#3863 = LINE('',#3864,#3865);
#3864 = CARTESIAN_POINT('',(0.,0.));
#3865 = VECTOR('',#3866,1.);
#3866 = DIRECTION('',(1.,0.));
#3867 = ( GEOMETRIC_REPRESENTATION_CONTEXT(2) 
PARAMETRIC_REPRESENTATION_CONTEXT() REPRESENTATION_CONTEXT('2D SPACE',''
  ) );
#3868 = PCURVE('',#3602,#3869);
#3869 = DEFINITIONAL_REPRESENTATION('',(#3870),#3874);
#3870 = LINE('',#3871,#3872);
#3871 = CARTESIAN_POINT('',(6.7,0.));
#3872 = VECTOR('',#3873,1.);
#3873 = DIRECTION('',(0.,1.));
#3874 = ( GEOMETRIC_REPRESENTATION_CONTEXT(2) 
PARAMETRIC_REPRESENTATION_CONTEXT() REPRESENTATION_CONTEXT('2D SPACE',''
  ) );
#3875 = ORIENTED_EDGE('',*,*,#3876,.T.);
#3876 = EDGE_CURVE('',#3854,#3771,#3877,.T.);
#3877 = SURFACE_CURVE('',#3878,(#3882,#3889),.PCURVE_S1.);
#3878 = LINE('',#3879,#3880);
#3879 = CARTESIAN_POINT('',(58.2,1.,30.4));
#3880 = VECTOR('',#3881,1.);
#3881 = DIRECTION('',(0.,1.,0.));
#3882 = PCURVE('',#3574,#3883);
#3883 = DEFINITIONAL_REPRESENTATION('',(#3884),#3888);
#3884 = LINE('',#3885,#3886);
#3885 = CARTESIAN_POINT('',(10.2,0.));
#3886 = VECTOR('',#3887,1.);
#3887 = DIRECTION('',(0.,1.));
#3888 = ( GEOMETRIC_REPRESENTATION_CONTEXT(2) 
PARAMETRIC_REPRESENTATION_CONTEXT() REPRESENTATION_CONTEXT('2D SPACE',''
  ) );
#3889 = PCURVE('',#3704,#3890);
#3890 = DEFINITIONAL_REPRESENTATION('',(#3891),#3895);
#3891 = LINE('',#3892,#3893);
#3892 = CARTESIAN_POINT('',(15.9,-3.3));
#3893 = VECTOR('',#3894,1.);
#3894 = DIRECTION('',(0.,-1.));
#3895 = ( GEOMETRIC_REPRESENTATION_CONTEXT(2) 
PARAMETRIC_REPRESENTATION_CONTEXT() REPRESENTATION_CONTEXT('2D SPACE',''
  ) );
#3896 = ORIENTED_EDGE('',*,*,#3770,.F.);
#3897 = ADVANCED_FACE('',(#3898,#3946),#3602,.F.);
#3898 = FACE_BOUND('',#3899,.F.);
#3899 = EDGE_LOOP('',(#3900,#3923,#3924,#3925));
#3900 = ORIENTED_EDGE('',*,*,#3901,.F.);
#3901 = EDGE_CURVE('',#3587,#3902,#3904,.T.);
#3902 = VERTEX_POINT('',#3903);
#3903 = CARTESIAN_POINT('',(58.2,1.,23.7));
#3904 = SURFACE_CURVE('',#3905,(#3909,#3916),.PCURVE_S1.);
#3905 = LINE('',#3906,#3907);
#3906 = CARTESIAN_POINT('',(48.,1.,23.7));
#3907 = VECTOR('',#3908,1.);
#3908 = DIRECTION('',(1.,0.,0.));
#3909 = PCURVE('',#3602,#3910);
#3910 = DEFINITIONAL_REPRESENTATION('',(#3911),#3915);
#3911 = LINE('',#3912,#3913);
#3912 = CARTESIAN_POINT('',(0.,0.));
#3913 = VECTOR('',#3914,1.);
#3914 = DIRECTION('',(0.,1.));
#3915 = ( GEOMETRIC_REPRESENTATION_CONTEXT(2) 
PARAMETRIC_REPRESENTATION_CONTEXT() REPRESENTATION_CONTEXT('2D SPACE',''
  ) );
#3916 = PCURVE('',#3628,#3917);
#3917 = DEFINITIONAL_REPRESENTATION('',(#3918),#3922);
#3918 = LINE('',#3919,#3920);
#3919 = CARTESIAN_POINT('',(0.,3.3));
#3920 = VECTOR('',#3921,1.);
#3921 = DIRECTION('',(1.,0.));
#3922 = ( GEOMETRIC_REPRESENTATION_CONTEXT(2) 
PARAMETRIC_REPRESENTATION_CONTEXT() REPRESENTATION_CONTEXT('2D SPACE',''
  ) );
#3923 = ORIENTED_EDGE('',*,*,#3586,.T.);
#3924 = ORIENTED_EDGE('',*,*,#3853,.T.);
#3925 = ORIENTED_EDGE('',*,*,#3926,.F.);
#3926 = EDGE_CURVE('',#3902,#3854,#3927,.T.);
#3927 = SURFACE_CURVE('',#3928,(#3932,#3939),.PCURVE_S1.);
#3928 = LINE('',#3929,#3930);
#3929 = CARTESIAN_POINT('',(58.2,1.,23.7));
#3930 = VECTOR('',#3931,1.);
#3931 = DIRECTION('',(0.,0.,1.));
#3932 = PCURVE('',#3602,#3933);
#3933 = DEFINITIONAL_REPRESENTATION('',(#3934),#3938);
#3934 = LINE('',#3935,#3936);
#3935 = CARTESIAN_POINT('',(0.,10.2));
#3936 = VECTOR('',#3937,1.);
#3937 = DIRECTION('',(1.,0.));
#3938 = ( GEOMETRIC_REPRESENTATION_CONTEXT(2) 
PARAMETRIC_REPRESENTATION_CONTEXT() REPRESENTATION_CONTEXT('2D SPACE',''
  ) );
#3939 = PCURVE('',#3704,#3940);
#3940 = DEFINITIONAL_REPRESENTATION('',(#3941),#3945);
#3941 = LINE('',#3942,#3943);
#3942 = CARTESIAN_POINT('',(9.2,-3.3));
#3943 = VECTOR('',#3944,1.);
#3944 = DIRECTION('',(1.,0.));
#3945 = ( GEOMETRIC_REPRESENTATION_CONTEXT(2) 
PARAMETRIC_REPRESENTATION_CONTEXT() REPRESENTATION_CONTEXT('2D SPACE',''
  ) );
#3946 = FACE_BOUND('',#3947,.F.);
#3947 = EDGE_LOOP('',(#3948));
#3948 = ORIENTED_EDGE('',*,*,#3949,.T.);
#3949 = EDGE_CURVE('',#3950,#3950,#3952,.T.);
#3950 = VERTEX_POINT('',#3951);
#3951 = CARTESIAN_POINT('',(54.9,1.,27.1));
#3952 = SURFACE_CURVE('',#3953,(#3958,#3969),.PCURVE_S1.);
#3953 = CIRCLE('',#3954,1.8);
#3954 = AXIS2_PLACEMENT_3D('',#3955,#3956,#3957);
#3955 = CARTESIAN_POINT('',(53.1,1.,27.1));
#3956 = DIRECTION('',(0.,-1.,0.));
#3957 = DIRECTION('',(1.,0.,0.));
#3958 = PCURVE('',#3602,#3959);
#3959 = DEFINITIONAL_REPRESENTATION('',(#3960),#3968);
#3960 = ( BOUNDED_CURVE() B_SPLINE_CURVE(2,(#3961,#3962,#3963,#3964,
#3965,#3966,#3967),.UNSPECIFIED.,.T.,.F.) B_SPLINE_CURVE_WITH_KNOTS((1,2
    ,2,2,2,1),(-2.094395102393,0.,2.094395102393,4.188790204786,
6.28318530718,8.377580409573),.UNSPECIFIED.) CURVE() 
GEOMETRIC_REPRESENTATION_ITEM() RATIONAL_B_SPLINE_CURVE((1.,0.5,1.,0.5,
1.,0.5,1.)) REPRESENTATION_ITEM('') );
#3961 = CARTESIAN_POINT('',(3.4,6.9));
#3962 = CARTESIAN_POINT('',(6.517691453624,6.9));
#3963 = CARTESIAN_POINT('',(4.958845726812,4.2));
#3964 = CARTESIAN_POINT('',(3.4,1.5));
#3965 = CARTESIAN_POINT('',(1.841154273188,4.2));
#3966 = CARTESIAN_POINT('',(0.282308546376,6.9));
#3967 = CARTESIAN_POINT('',(3.4,6.9));
#3968 = ( GEOMETRIC_REPRESENTATION_CONTEXT(2) 
PARAMETRIC_REPRESENTATION_CONTEXT() REPRESENTATION_CONTEXT('2D SPACE',''
  ) );
#3969 = PCURVE('',#3837,#3970);
#3970 = DEFINITIONAL_REPRESENTATION('',(#3971),#3975);
#3971 = LINE('',#3972,#3973);
#3972 = CARTESIAN_POINT('',(0.,-0.5));
#3973 = VECTOR('',#3974,1.);
#3974 = DIRECTION('',(1.,0.));
#3975 = ( GEOMETRIC_REPRESENTATION_CONTEXT(2) 
PARAMETRIC_REPRESENTATION_CONTEXT() REPRESENTATION_CONTEXT('2D SPACE',''
  ) );
#3976 = ADVANCED_FACE('',(#3977),#3628,.T.);
#3977 = FACE_BOUND('',#3978,.T.);
#3978 = EDGE_LOOP('',(#3979,#3980,#3981,#4002));
#3979 = ORIENTED_EDGE('',*,*,#3614,.F.);
#3980 = ORIENTED_EDGE('',*,*,#3667,.T.);
#3981 = ORIENTED_EDGE('',*,*,#3982,.T.);
#3982 = EDGE_CURVE('',#3668,#3902,#3983,.T.);
#3983 = SURFACE_CURVE('',#3984,(#3988,#3995),.PCURVE_S1.);
#3984 = LINE('',#3985,#3986);
#3985 = CARTESIAN_POINT('',(58.2,-2.3,23.7));
#3986 = VECTOR('',#3987,1.);
#3987 = DIRECTION('',(0.,1.,0.));
#3988 = PCURVE('',#3628,#3989);
#3989 = DEFINITIONAL_REPRESENTATION('',(#3990),#3994);
#3990 = LINE('',#3991,#3992);
#3991 = CARTESIAN_POINT('',(10.2,0.));
#3992 = VECTOR('',#3993,1.);
#3993 = DIRECTION('',(0.,1.));
#3994 = ( GEOMETRIC_REPRESENTATION_CONTEXT(2) 
PARAMETRIC_REPRESENTATION_CONTEXT() REPRESENTATION_CONTEXT('2D SPACE',''
  ) );
#3995 = PCURVE('',#3704,#3996);
#3996 = DEFINITIONAL_REPRESENTATION('',(#3997),#4001);
#3997 = LINE('',#3998,#3999);
#3998 = CARTESIAN_POINT('',(9.2,0.));
#3999 = VECTOR('',#4000,1.);
#4000 = DIRECTION('',(0.,-1.));
#4001 = ( GEOMETRIC_REPRESENTATION_CONTEXT(2) 
PARAMETRIC_REPRESENTATION_CONTEXT() REPRESENTATION_CONTEXT('2D SPACE',''
  ) );
#4002 = ORIENTED_EDGE('',*,*,#3901,.F.);
#4003 = ADVANCED_FACE('',(#4004),#3704,.T.);
#4004 = FACE_BOUND('',#4005,.T.);
#4005 = EDGE_LOOP('',(#4006,#4007,#4008,#4009,#4010,#4011));
#4006 = ORIENTED_EDGE('',*,*,#3690,.F.);
#4007 = ORIENTED_EDGE('',*,*,#3721,.T.);
#4008 = ORIENTED_EDGE('',*,*,#3793,.F.);
#4009 = ORIENTED_EDGE('',*,*,#3876,.F.);
#4010 = ORIENTED_EDGE('',*,*,#3926,.F.);
#4011 = ORIENTED_EDGE('',*,*,#3982,.F.);
#4012 = ADVANCED_FACE('',(#4013),#3837,.F.);
#4013 = FACE_BOUND('',#4014,.F.);
#4014 = EDGE_LOOP('',(#4015,#4016,#4037,#4038));
#4015 = ORIENTED_EDGE('',*,*,#3949,.F.);
#4016 = ORIENTED_EDGE('',*,*,#4017,.T.);
#4017 = EDGE_CURVE('',#3950,#3817,#4018,.T.);
#4018 = SEAM_CURVE('',#4019,(#4023,#4030),.PCURVE_S1.);
#4019 = LINE('',#4020,#4021);
#4020 = CARTESIAN_POINT('',(54.9,0.5,27.1));
#4021 = VECTOR('',#4022,1.);
#4022 = DIRECTION('',(-0.,1.,-0.));
#4023 = PCURVE('',#3837,#4024);
#4024 = DEFINITIONAL_REPRESENTATION('',(#4025),#4029);
#4025 = LINE('',#4026,#4027);
#4026 = CARTESIAN_POINT('',(6.28318530718,0.));
#4027 = VECTOR('',#4028,1.);
#4028 = DIRECTION('',(0.,-1.));
#4029 = ( GEOMETRIC_REPRESENTATION_CONTEXT(2) 
PARAMETRIC_REPRESENTATION_CONTEXT() REPRESENTATION_CONTEXT('2D SPACE',''
  ) );
#4030 = PCURVE('',#3837,#4031);
#4031 = DEFINITIONAL_REPRESENTATION('',(#4032),#4036);
#4032 = LINE('',#4033,#4034);
#4033 = CARTESIAN_POINT('',(0.,0.));
#4034 = VECTOR('',#4035,1.);
#4035 = DIRECTION('',(0.,-1.));
#4036 = ( GEOMETRIC_REPRESENTATION_CONTEXT(2) 
PARAMETRIC_REPRESENTATION_CONTEXT() REPRESENTATION_CONTEXT('2D SPACE',''
  ) );
#4037 = ORIENTED_EDGE('',*,*,#3816,.T.);
#4038 = ORIENTED_EDGE('',*,*,#4017,.F.);
#4039 = ( GEOMETRIC_REPRESENTATION_CONTEXT(3) 
GLOBAL_UNCERTAINTY_ASSIGNED_CONTEXT((#4043)) 
GLOBAL_UNIT_ASSIGNED_CONTEXT((#4040,#4041,#4042)) REPRESENTATION_CONTEXT
('Context #1','3D Context with UNIT and UNCERTAINTY') );
#4040 = ( LENGTH_UNIT() NAMED_UNIT(*) SI_UNIT(.MILLI.,.METRE.) );
#4041 = ( NAMED_UNIT(*) PLANE_ANGLE_UNIT() SI_UNIT($,.RADIAN.) );
#4042 = ( NAMED_UNIT(*) SI_UNIT($,.STERADIAN.) SOLID_ANGLE_UNIT() );
#4043 = UNCERTAINTY_MEASURE_WITH_UNIT(LENGTH_MEASURE(1.E-07),#4040,
  'distance_accuracy_value','confusion accuracy');
#4044 = CONTEXT_DEPENDENT_SHAPE_REPRESENTATION(#4045,#4047);
#4045 = ( REPRESENTATION_RELATIONSHIP('','',#3460,#10) 
REPRESENTATION_RELATIONSHIP_WITH_TRANSFORMATION(#4046) 
SHAPE_REPRESENTATION_RELATIONSHIP() );
#4046 = ITEM_DEFINED_TRANSFORMATION('','',#11,#39);
#4047 = PRODUCT_DEFINITION_SHAPE('Placement','Placement of an item',
  #4048);
#4048 = NEXT_ASSEMBLY_USAGE_OCCURRENCE('9','mosfet','',#5,#3455,$);
#4049 = PRODUCT_RELATED_PRODUCT_CATEGORY('part',$,(#3457));
#4050 = SHAPE_DEFINITION_REPRESENTATION(#4051,#4057);
#4051 = PRODUCT_DEFINITION_SHAPE('','',#4052);
#4052 = PRODUCT_DEFINITION('design','',#4053,#4056);
#4053 = PRODUCT_DEFINITION_FORMATION('','',#4054);
#4054 = PRODUCT('mosfet_small','mosfet_small','',(#4055));
#4055 = PRODUCT_CONTEXT('',#2,'mechanical');
#4056 = PRODUCT_DEFINITION_CONTEXT('part definition',#2,'design');
#4057 = ADVANCED_BREP_SHAPE_REPRESENTATION('',(#11,#4058),#4156);
#4058 = MANIFOLD_SOLID_BREP('',#4059);
#4059 = CLOSED_SHELL('',(#4060,#4148,#4152));
#4060 = ADVANCED_FACE('',(#4061),#4075,.T.);
#4061 = FACE_BOUND('',#4062,.F.);
#4062 = EDGE_LOOP('',(#4063,#4093,#4120,#4121));
#4063 = ORIENTED_EDGE('',*,*,#4064,.T.);
#4064 = EDGE_CURVE('',#4065,#4067,#4069,.T.);
#4065 = VERTEX_POINT('',#4066);
#4066 = CARTESIAN_POINT('',(70.4,0.,14.5));
#4067 = VERTEX_POINT('',#4068);
#4068 = CARTESIAN_POINT('',(70.4,0.,19.5));
#4069 = SEAM_CURVE('',#4070,(#4074,#4086),.PCURVE_S1.);
#4070 = LINE('',#4071,#4072);
#4071 = CARTESIAN_POINT('',(70.4,0.,14.5));
#4072 = VECTOR('',#4073,1.);
#4073 = DIRECTION('',(0.,0.,1.));
#4074 = PCURVE('',#4075,#4080);
#4075 = CYLINDRICAL_SURFACE('',#4076,2.4);
#4076 = AXIS2_PLACEMENT_3D('',#4077,#4078,#4079);
#4077 = CARTESIAN_POINT('',(68.,0.,14.5));
#4078 = DIRECTION('',(-0.,-0.,-1.));
#4079 = DIRECTION('',(1.,0.,0.));
#4080 = DEFINITIONAL_REPRESENTATION('',(#4081),#4085);
#4081 = LINE('',#4082,#4083);
#4082 = CARTESIAN_POINT('',(-0.,0.));
#4083 = VECTOR('',#4084,1.);
#4084 = DIRECTION('',(-0.,-1.));
#4085 = ( GEOMETRIC_REPRESENTATION_CONTEXT(2) 
PARAMETRIC_REPRESENTATION_CONTEXT() REPRESENTATION_CONTEXT('2D SPACE',''
  ) );
#4086 = PCURVE('',#4075,#4087);
#4087 = DEFINITIONAL_REPRESENTATION('',(#4088),#4092);
#4088 = LINE('',#4089,#4090);
#4089 = CARTESIAN_POINT('',(-6.28318530718,0.));
#4090 = VECTOR('',#4091,1.);
#4091 = DIRECTION('',(-0.,-1.));
#4092 = ( GEOMETRIC_REPRESENTATION_CONTEXT(2) 
PARAMETRIC_REPRESENTATION_CONTEXT() REPRESENTATION_CONTEXT('2D SPACE',''
  ) );
#4093 = ORIENTED_EDGE('',*,*,#4094,.T.);
#4094 = EDGE_CURVE('',#4067,#4067,#4095,.T.);
#4095 = SURFACE_CURVE('',#4096,(#4101,#4108),.PCURVE_S1.);
#4096 = CIRCLE('',#4097,2.4);
#4097 = AXIS2_PLACEMENT_3D('',#4098,#4099,#4100);
#4098 = CARTESIAN_POINT('',(68.,0.,19.5));
#4099 = DIRECTION('',(0.,0.,1.));
#4100 = DIRECTION('',(1.,0.,0.));
#4101 = PCURVE('',#4075,#4102);
#4102 = DEFINITIONAL_REPRESENTATION('',(#4103),#4107);
#4103 = LINE('',#4104,#4105);
#4104 = CARTESIAN_POINT('',(-0.,-5.));
#4105 = VECTOR('',#4106,1.);
#4106 = DIRECTION('',(-1.,0.));
#4107 = ( GEOMETRIC_REPRESENTATION_CONTEXT(2) 
PARAMETRIC_REPRESENTATION_CONTEXT() REPRESENTATION_CONTEXT('2D SPACE',''
  ) );
#4108 = PCURVE('',#4109,#4114);
#4109 = PLANE('',#4110);
#4110 = AXIS2_PLACEMENT_3D('',#4111,#4112,#4113);
#4111 = CARTESIAN_POINT('',(68.,4.446993654107E-17,19.5));
#4112 = DIRECTION('',(0.,0.,1.));
#4113 = DIRECTION('',(1.,0.,-0.));
#4114 = DEFINITIONAL_REPRESENTATION('',(#4115),#4119);
#4115 = CIRCLE('',#4116,2.4);
#4116 = AXIS2_PLACEMENT_2D('',#4117,#4118);
#4117 = CARTESIAN_POINT('',(0.,-4.446993654107E-17));
#4118 = DIRECTION('',(1.,0.));
#4119 = ( GEOMETRIC_REPRESENTATION_CONTEXT(2) 
PARAMETRIC_REPRESENTATION_CONTEXT() REPRESENTATION_CONTEXT('2D SPACE',''
  ) );
#4120 = ORIENTED_EDGE('',*,*,#4064,.F.);
#4121 = ORIENTED_EDGE('',*,*,#4122,.F.);
#4122 = EDGE_CURVE('',#4065,#4065,#4123,.T.);
#4123 = SURFACE_CURVE('',#4124,(#4129,#4136),.PCURVE_S1.);
#4124 = CIRCLE('',#4125,2.4);
#4125 = AXIS2_PLACEMENT_3D('',#4126,#4127,#4128);
#4126 = CARTESIAN_POINT('',(68.,0.,14.5));
#4127 = DIRECTION('',(0.,0.,1.));
#4128 = DIRECTION('',(1.,0.,0.));
#4129 = PCURVE('',#4075,#4130);
#4130 = DEFINITIONAL_REPRESENTATION('',(#4131),#4135);
#4131 = LINE('',#4132,#4133);
#4132 = CARTESIAN_POINT('',(-0.,0.));
#4133 = VECTOR('',#4134,1.);
#4134 = DIRECTION('',(-1.,0.));
#4135 = ( GEOMETRIC_REPRESENTATION_CONTEXT(2) 
PARAMETRIC_REPRESENTATION_CONTEXT() REPRESENTATION_CONTEXT('2D SPACE',''
  ) );
#4136 = PCURVE('',#4137,#4142);
#4137 = PLANE('',#4138);
#4138 = AXIS2_PLACEMENT_3D('',#4139,#4140,#4141);
#4139 = CARTESIAN_POINT('',(68.,4.446993654107E-17,14.5));
#4140 = DIRECTION('',(0.,0.,1.));
#4141 = DIRECTION('',(1.,0.,-0.));
#4142 = DEFINITIONAL_REPRESENTATION('',(#4143),#4147);
#4143 = CIRCLE('',#4144,2.4);
#4144 = AXIS2_PLACEMENT_2D('',#4145,#4146);
#4145 = CARTESIAN_POINT('',(0.,-4.446993654107E-17));
#4146 = DIRECTION('',(1.,0.));
#4147 = ( GEOMETRIC_REPRESENTATION_CONTEXT(2) 
PARAMETRIC_REPRESENTATION_CONTEXT() REPRESENTATION_CONTEXT('2D SPACE',''
  ) );
#4148 = ADVANCED_FACE('',(#4149),#4137,.F.);
#4149 = FACE_BOUND('',#4150,.F.);
#4150 = EDGE_LOOP('',(#4151));
#4151 = ORIENTED_EDGE('',*,*,#4122,.T.);
#4152 = ADVANCED_FACE('',(#4153),#4109,.T.);
#4153 = FACE_BOUND('',#4154,.T.);
#4154 = EDGE_LOOP('',(#4155));
#4155 = ORIENTED_EDGE('',*,*,#4094,.T.);
#4156 = ( GEOMETRIC_REPRESENTATION_CONTEXT(3) 
GLOBAL_UNCERTAINTY_ASSIGNED_CONTEXT((#4160)) 
GLOBAL_UNIT_ASSIGNED_CONTEXT((#4157,#4158,#4159)) REPRESENTATION_CONTEXT
('Context #1','3D Context with UNIT and UNCERTAINTY') );
#4157 = ( LENGTH_UNIT() NAMED_UNIT(*) SI_UNIT(.MILLI.,.METRE.) );
#4158 = ( NAMED_UNIT(*) PLANE_ANGLE_UNIT() SI_UNIT($,.RADIAN.) );
#4159 = ( NAMED_UNIT(*) SI_UNIT($,.STERADIAN.) SOLID_ANGLE_UNIT() );
#4160 = UNCERTAINTY_MEASURE_WITH_UNIT(LENGTH_MEASURE(1.E-07),#4157,
  'distance_accuracy_value','confusion accuracy');
#4161 = CONTEXT_DEPENDENT_SHAPE_REPRESENTATION(#4162,#4164);
#4162 = ( REPRESENTATION_RELATIONSHIP('','',#4057,#10) 
REPRESENTATION_RELATIONSHIP_WITH_TRANSFORMATION(#4163) 
SHAPE_REPRESENTATION_RELATIONSHIP() );
#4163 = ITEM_DEFINED_TRANSFORMATION('','',#11,#43);
#4164 = PRODUCT_DEFINITION_SHAPE('Placement','Placement of an item',
  #4165);
#4165 = NEXT_ASSEMBLY_USAGE_OCCURRENCE('10','mosfet_small','',#5,#4052,$
  );
#4166 = PRODUCT_RELATED_PRODUCT_CATEGORY('part',$,(#4054));
#4167 = SHAPE_DEFINITION_REPRESENTATION(#4168,#4174);
#4168 = PRODUCT_DEFINITION_SHAPE('','',#4169);
#4169 = PRODUCT_DEFINITION('design','',#4170,#4173);
#4170 = PRODUCT_DEFINITION_FORMATION('','',#4171);
#4171 = PRODUCT('tdisplay','tdisplay','',(#4172));
#4172 = PRODUCT_CONTEXT('',#2,'mechanical');
#4173 = PRODUCT_DEFINITION_CONTEXT('part definition',#2,'design');
#4174 = ADVANCED_BREP_SHAPE_REPRESENTATION('',(#11,#4175),#4841);
#4175 = MANIFOLD_SOLID_BREP('',#4176);
#4176 = CLOSED_SHELL('',(#4177,#4297,#4497,#4551,#4601,#4726,#4753,#4780
    ,#4807,#4834));
#4177 = ADVANCED_FACE('',(#4178),#4192,.F.);
#4178 = FACE_BOUND('',#4179,.F.);
#4179 = EDGE_LOOP('',(#4180,#4215,#4243,#4271));
#4180 = ORIENTED_EDGE('',*,*,#4181,.F.);
#4181 = EDGE_CURVE('',#4182,#4184,#4186,.T.);
#4182 = VERTEX_POINT('',#4183);
#4183 = CARTESIAN_POINT('',(-55.6,53.03527618041,13.961249915453));
#4184 = VERTEX_POINT('',#4185);
#4185 = CARTESIAN_POINT('',(-55.6,67.166796043008,66.700800030836));
#4186 = SURFACE_CURVE('',#4187,(#4191,#4203),.PCURVE_S1.);
#4187 = LINE('',#4188,#4189);
#4188 = CARTESIAN_POINT('',(-55.6,52.,10.097546610296));
#4189 = VECTOR('',#4190,1.);
#4190 = DIRECTION('',(0.,0.258819045103,0.965925826289));
#4191 = PCURVE('',#4192,#4197);
#4192 = PLANE('',#4193);
#4193 = AXIS2_PLACEMENT_3D('',#4194,#4195,#4196);
#4194 = CARTESIAN_POINT('',(-55.6,52.,10.097546610296));
#4195 = DIRECTION('',(1.,0.,0.));
#4196 = DIRECTION('',(0.,0.258819045103,0.965925826289));
#4197 = DEFINITIONAL_REPRESENTATION('',(#4198),#4202);
#4198 = LINE('',#4199,#4200);
#4199 = CARTESIAN_POINT('',(0.,0.));
#4200 = VECTOR('',#4201,1.);
#4201 = DIRECTION('',(1.,0.));
#4202 = ( GEOMETRIC_REPRESENTATION_CONTEXT(2) 
PARAMETRIC_REPRESENTATION_CONTEXT() REPRESENTATION_CONTEXT('2D SPACE',''
  ) );
#4203 = PCURVE('',#4204,#4209);
#4204 = PLANE('',#4205);
#4205 = AXIS2_PLACEMENT_3D('',#4206,#4207,#4208);
#4206 = CARTESIAN_POINT('',(-55.6,52.,10.097546610296));
#4207 = DIRECTION('',(0.,0.965925826289,-0.258819045103));
#4208 = DIRECTION('',(0.,0.258819045103,0.965925826289));
#4209 = DEFINITIONAL_REPRESENTATION('',(#4210),#4214);
#4210 = LINE('',#4211,#4212);
#4211 = CARTESIAN_POINT('',(0.,0.));
#4212 = VECTOR('',#4213,1.);
#4213 = DIRECTION('',(1.,0.));
#4214 = ( GEOMETRIC_REPRESENTATION_CONTEXT(2) 
PARAMETRIC_REPRESENTATION_CONTEXT() REPRESENTATION_CONTEXT('2D SPACE',''
  ) );
#4215 = ORIENTED_EDGE('',*,*,#4216,.T.);
#4216 = EDGE_CURVE('',#4182,#4217,#4219,.T.);
#4217 = VERTEX_POINT('',#4218);
#4218 = CARTESIAN_POINT('',(-55.6,74.672014689285,8.163703305156));
#4219 = SURFACE_CURVE('',#4220,(#4224,#4231),.PCURVE_S1.);
#4220 = LINE('',#4221,#4222);
#4221 = CARTESIAN_POINT('',(-55.6,53.03527618041,13.961249915453));
#4222 = VECTOR('',#4223,1.);
#4223 = DIRECTION('',(0.,0.965925826289,-0.258819045103));
#4224 = PCURVE('',#4192,#4225);
#4225 = DEFINITIONAL_REPRESENTATION('',(#4226),#4230);
#4226 = LINE('',#4227,#4228);
#4227 = CARTESIAN_POINT('',(4.,3.219646771413E-15));
#4228 = VECTOR('',#4229,1.);
#4229 = DIRECTION('',(0.,-1.));
#4230 = ( GEOMETRIC_REPRESENTATION_CONTEXT(2) 
PARAMETRIC_REPRESENTATION_CONTEXT() REPRESENTATION_CONTEXT('2D SPACE',''
  ) );
#4231 = PCURVE('',#4232,#4237);
#4232 = CYLINDRICAL_SURFACE('',#4233,4.);
#4233 = AXIS2_PLACEMENT_3D('',#4234,#4235,#4236);
#4234 = CARTESIAN_POINT('',(-51.6,53.03527618041,13.961249915453));
#4235 = DIRECTION('',(0.,0.965925826289,-0.258819045103));
#4236 = DIRECTION('',(-1.,0.,0.));
#4237 = DEFINITIONAL_REPRESENTATION('',(#4238),#4242);
#4238 = LINE('',#4239,#4240);
#4239 = CARTESIAN_POINT('',(-0.,0.));
#4240 = VECTOR('',#4241,1.);
#4241 = DIRECTION('',(-0.,1.));
#4242 = ( GEOMETRIC_REPRESENTATION_CONTEXT(2) 
PARAMETRIC_REPRESENTATION_CONTEXT() REPRESENTATION_CONTEXT('2D SPACE',''
  ) );
#4243 = ORIENTED_EDGE('',*,*,#4244,.T.);
#4244 = EDGE_CURVE('',#4217,#4245,#4247,.T.);
#4245 = VERTEX_POINT('',#4246);
#4246 = CARTESIAN_POINT('',(-55.6,88.803534551883,60.903253420539));
#4247 = SURFACE_CURVE('',#4248,(#4252,#4259),.PCURVE_S1.);
#4248 = LINE('',#4249,#4250);
#4249 = CARTESIAN_POINT('',(-55.6,73.636738508875,4.3));
#4250 = VECTOR('',#4251,1.);
#4251 = DIRECTION('',(0.,0.258819045103,0.965925826289));
#4252 = PCURVE('',#4192,#4253);
#4253 = DEFINITIONAL_REPRESENTATION('',(#4254),#4258);
#4254 = LINE('',#4255,#4256);
#4255 = CARTESIAN_POINT('',(-8.881784197001E-16,-22.4));
#4256 = VECTOR('',#4257,1.);
#4257 = DIRECTION('',(1.,0.));
#4258 = ( GEOMETRIC_REPRESENTATION_CONTEXT(2) 
PARAMETRIC_REPRESENTATION_CONTEXT() REPRESENTATION_CONTEXT('2D SPACE',''
  ) );
#4259 = PCURVE('',#4260,#4265);
#4260 = PLANE('',#4261);
#4261 = AXIS2_PLACEMENT_3D('',#4262,#4263,#4264);
#4262 = CARTESIAN_POINT('',(-55.6,73.636738508875,4.3));
#4263 = DIRECTION('',(0.,0.965925826289,-0.258819045103));
#4264 = DIRECTION('',(0.,0.258819045103,0.965925826289));
#4265 = DEFINITIONAL_REPRESENTATION('',(#4266),#4270);
#4266 = LINE('',#4267,#4268);
#4267 = CARTESIAN_POINT('',(0.,0.));
#4268 = VECTOR('',#4269,1.);
#4269 = DIRECTION('',(1.,0.));
#4270 = ( GEOMETRIC_REPRESENTATION_CONTEXT(2) 
PARAMETRIC_REPRESENTATION_CONTEXT() REPRESENTATION_CONTEXT('2D SPACE',''
  ) );
#4271 = ORIENTED_EDGE('',*,*,#4272,.F.);
#4272 = EDGE_CURVE('',#4184,#4245,#4273,.T.);
#4273 = SURFACE_CURVE('',#4274,(#4278,#4285),.PCURVE_S1.);
#4274 = LINE('',#4275,#4276);
#4275 = CARTESIAN_POINT('',(-55.6,67.166796043008,66.700800030836));
#4276 = VECTOR('',#4277,1.);
#4277 = DIRECTION('',(0.,0.965925826289,-0.258819045103));
#4278 = PCURVE('',#4192,#4279);
#4279 = DEFINITIONAL_REPRESENTATION('',(#4280),#4284);
#4280 = LINE('',#4281,#4282);
#4281 = CARTESIAN_POINT('',(58.6,-7.105427357601E-15));
#4282 = VECTOR('',#4283,1.);
#4283 = DIRECTION('',(0.,-1.));
#4284 = ( GEOMETRIC_REPRESENTATION_CONTEXT(2) 
PARAMETRIC_REPRESENTATION_CONTEXT() REPRESENTATION_CONTEXT('2D SPACE',''
  ) );
#4285 = PCURVE('',#4286,#4291);
#4286 = CYLINDRICAL_SURFACE('',#4287,4.);
#4287 = AXIS2_PLACEMENT_3D('',#4288,#4289,#4290);
#4288 = CARTESIAN_POINT('',(-51.6,67.166796043008,66.700800030836));
#4289 = DIRECTION('',(0.,0.965925826289,-0.258819045103));
#4290 = DIRECTION('',(-1.,0.,0.));
#4291 = DEFINITIONAL_REPRESENTATION('',(#4292),#4296);
#4292 = LINE('',#4293,#4294);
#4293 = CARTESIAN_POINT('',(0.,0.));
#4294 = VECTOR('',#4295,1.);
#4295 = DIRECTION('',(0.,1.));
#4296 = ( GEOMETRIC_REPRESENTATION_CONTEXT(2) 
PARAMETRIC_REPRESENTATION_CONTEXT() REPRESENTATION_CONTEXT('2D SPACE',''
  ) );
#4297 = ADVANCED_FACE('',(#4298),#4204,.F.);
#4298 = FACE_BOUND('',#4299,.F.);
#4299 = EDGE_LOOP('',(#4300,#4330,#4356,#4357,#4381,#4409,#4442,#4470));
#4300 = ORIENTED_EDGE('',*,*,#4301,.F.);
#4301 = EDGE_CURVE('',#4302,#4304,#4306,.T.);
#4302 = VERTEX_POINT('',#4303);
#4303 = CARTESIAN_POINT('',(-51.6,52.,10.097546610296));
#4304 = VERTEX_POINT('',#4305);
#4305 = CARTESIAN_POINT('',(51.6,52.,10.097546610296));
#4306 = SURFACE_CURVE('',#4307,(#4311,#4318),.PCURVE_S1.);
#4307 = LINE('',#4308,#4309);
#4308 = CARTESIAN_POINT('',(-55.6,52.,10.097546610296));
#4309 = VECTOR('',#4310,1.);
#4310 = DIRECTION('',(1.,0.,0.));
#4311 = PCURVE('',#4204,#4312);
#4312 = DEFINITIONAL_REPRESENTATION('',(#4313),#4317);
#4313 = LINE('',#4314,#4315);
#4314 = CARTESIAN_POINT('',(0.,0.));
#4315 = VECTOR('',#4316,1.);
#4316 = DIRECTION('',(0.,1.));
#4317 = ( GEOMETRIC_REPRESENTATION_CONTEXT(2) 
PARAMETRIC_REPRESENTATION_CONTEXT() REPRESENTATION_CONTEXT('2D SPACE',''
  ) );
#4318 = PCURVE('',#4319,#4324);
#4319 = PLANE('',#4320);
#4320 = AXIS2_PLACEMENT_3D('',#4321,#4322,#4323);
#4321 = CARTESIAN_POINT('',(-55.6,52.,10.097546610296));
#4322 = DIRECTION('',(0.,0.258819045103,0.965925826289));
#4323 = DIRECTION('',(1.,0.,0.));
#4324 = DEFINITIONAL_REPRESENTATION('',(#4325),#4329);
#4325 = LINE('',#4326,#4327);
#4326 = CARTESIAN_POINT('',(0.,0.));
#4327 = VECTOR('',#4328,1.);
#4328 = DIRECTION('',(1.,0.));
#4329 = ( GEOMETRIC_REPRESENTATION_CONTEXT(2) 
PARAMETRIC_REPRESENTATION_CONTEXT() REPRESENTATION_CONTEXT('2D SPACE',''
  ) );
#4330 = ORIENTED_EDGE('',*,*,#4331,.F.);
#4331 = EDGE_CURVE('',#4182,#4302,#4332,.T.);
#4332 = SURFACE_CURVE('',#4333,(#4338,#4349),.PCURVE_S1.);
#4333 = CIRCLE('',#4334,4.);
#4334 = AXIS2_PLACEMENT_3D('',#4335,#4336,#4337);
#4335 = CARTESIAN_POINT('',(-51.6,53.03527618041,13.961249915453));
#4336 = DIRECTION('',(0.,-0.965925826289,0.258819045103));
#4337 = DIRECTION('',(0.,0.258819045103,0.965925826289));
#4338 = PCURVE('',#4204,#4339);
#4339 = DEFINITIONAL_REPRESENTATION('',(#4340),#4348);
#4340 = ( BOUNDED_CURVE() B_SPLINE_CURVE(2,(#4341,#4342,#4343,#4344,
#4345,#4346,#4347),.UNSPECIFIED.,.T.,.F.) B_SPLINE_CURVE_WITH_KNOTS((1,2
    ,2,2,2,1),(-2.094395102393,0.,2.094395102393,4.188790204786,
6.28318530718,8.377580409573),.UNSPECIFIED.) CURVE() 
GEOMETRIC_REPRESENTATION_ITEM() RATIONAL_B_SPLINE_CURVE((1.,0.5,1.,0.5,
1.,0.5,1.)) REPRESENTATION_ITEM('') );
#4341 = CARTESIAN_POINT('',(8.,4.));
#4342 = CARTESIAN_POINT('',(8.,-2.928203230276));
#4343 = CARTESIAN_POINT('',(2.,0.535898384862));
#4344 = CARTESIAN_POINT('',(-4.,4.));
#4345 = CARTESIAN_POINT('',(2.,7.464101615138));
#4346 = CARTESIAN_POINT('',(8.,10.928203230276));
#4347 = CARTESIAN_POINT('',(8.,4.));
#4348 = ( GEOMETRIC_REPRESENTATION_CONTEXT(2) 
PARAMETRIC_REPRESENTATION_CONTEXT() REPRESENTATION_CONTEXT('2D SPACE',''
  ) );
#4349 = PCURVE('',#4232,#4350);
#4350 = DEFINITIONAL_REPRESENTATION('',(#4351),#4355);
#4351 = LINE('',#4352,#4353);
#4352 = CARTESIAN_POINT('',(1.570796326795,-0.));
#4353 = VECTOR('',#4354,1.);
#4354 = DIRECTION('',(-1.,0.));
#4355 = ( GEOMETRIC_REPRESENTATION_CONTEXT(2) 
PARAMETRIC_REPRESENTATION_CONTEXT() REPRESENTATION_CONTEXT('2D SPACE',''
  ) );
#4356 = ORIENTED_EDGE('',*,*,#4181,.T.);
#4357 = ORIENTED_EDGE('',*,*,#4358,.T.);
#4358 = EDGE_CURVE('',#4184,#4359,#4361,.T.);
#4359 = VERTEX_POINT('',#4360);
#4360 = CARTESIAN_POINT('',(-51.6,68.202072223418,70.564503335992));
#4361 = SURFACE_CURVE('',#4362,(#4367,#4374),.PCURVE_S1.);
#4362 = CIRCLE('',#4363,4.);
#4363 = AXIS2_PLACEMENT_3D('',#4364,#4365,#4366);
#4364 = CARTESIAN_POINT('',(-51.6,67.166796043008,66.700800030836));
#4365 = DIRECTION('',(0.,0.965925826289,-0.258819045103));
#4366 = DIRECTION('',(0.,0.258819045103,0.965925826289));
#4367 = PCURVE('',#4204,#4368);
#4368 = DEFINITIONAL_REPRESENTATION('',(#4369),#4373);
#4369 = CIRCLE('',#4370,4.);
#4370 = AXIS2_PLACEMENT_2D('',#4371,#4372);
#4371 = CARTESIAN_POINT('',(58.6,4.));
#4372 = DIRECTION('',(1.,0.));
#4373 = ( GEOMETRIC_REPRESENTATION_CONTEXT(2) 
PARAMETRIC_REPRESENTATION_CONTEXT() REPRESENTATION_CONTEXT('2D SPACE',''
  ) );
#4374 = PCURVE('',#4286,#4375);
#4375 = DEFINITIONAL_REPRESENTATION('',(#4376),#4380);
#4376 = LINE('',#4377,#4378);
#4377 = CARTESIAN_POINT('',(-4.712388980385,0.));
#4378 = VECTOR('',#4379,1.);
#4379 = DIRECTION('',(1.,0.));
#4380 = ( GEOMETRIC_REPRESENTATION_CONTEXT(2) 
PARAMETRIC_REPRESENTATION_CONTEXT() REPRESENTATION_CONTEXT('2D SPACE',''
  ) );
#4381 = ORIENTED_EDGE('',*,*,#4382,.T.);
#4382 = EDGE_CURVE('',#4359,#4383,#4385,.T.);
#4383 = VERTEX_POINT('',#4384);
#4384 = CARTESIAN_POINT('',(51.6,68.202072223418,70.564503335992));
#4385 = SURFACE_CURVE('',#4386,(#4390,#4397),.PCURVE_S1.);
#4386 = LINE('',#4387,#4388);
#4387 = CARTESIAN_POINT('',(-55.6,68.202072223418,70.564503335992));
#4388 = VECTOR('',#4389,1.);
#4389 = DIRECTION('',(1.,0.,0.));
#4390 = PCURVE('',#4204,#4391);
#4391 = DEFINITIONAL_REPRESENTATION('',(#4392),#4396);
#4392 = LINE('',#4393,#4394);
#4393 = CARTESIAN_POINT('',(62.6,0.));
#4394 = VECTOR('',#4395,1.);
#4395 = DIRECTION('',(0.,1.));
#4396 = ( GEOMETRIC_REPRESENTATION_CONTEXT(2) 
PARAMETRIC_REPRESENTATION_CONTEXT() REPRESENTATION_CONTEXT('2D SPACE',''
  ) );
#4397 = PCURVE('',#4398,#4403);
#4398 = PLANE('',#4399);
#4399 = AXIS2_PLACEMENT_3D('',#4400,#4401,#4402);
#4400 = CARTESIAN_POINT('',(-55.6,68.202072223418,70.564503335992));
#4401 = DIRECTION('',(0.,0.258819045103,0.965925826289));
#4402 = DIRECTION('',(1.,0.,0.));
#4403 = DEFINITIONAL_REPRESENTATION('',(#4404),#4408);
#4404 = LINE('',#4405,#4406);
#4405 = CARTESIAN_POINT('',(0.,0.));
#4406 = VECTOR('',#4407,1.);
#4407 = DIRECTION('',(1.,0.));
#4408 = ( GEOMETRIC_REPRESENTATION_CONTEXT(2) 
PARAMETRIC_REPRESENTATION_CONTEXT() REPRESENTATION_CONTEXT('2D SPACE',''
  ) );
#4409 = ORIENTED_EDGE('',*,*,#4410,.F.);
#4410 = EDGE_CURVE('',#4411,#4383,#4413,.T.);
#4411 = VERTEX_POINT('',#4412);
#4412 = CARTESIAN_POINT('',(55.6,67.166796043008,66.700800030836));
#4413 = SURFACE_CURVE('',#4414,(#4419,#4430),.PCURVE_S1.);
#4414 = CIRCLE('',#4415,4.);
#4415 = AXIS2_PLACEMENT_3D('',#4416,#4417,#4418);
#4416 = CARTESIAN_POINT('',(51.6,67.166796043008,66.700800030836));
#4417 = DIRECTION('',(0.,-0.965925826289,0.258819045103));
#4418 = DIRECTION('',(0.,0.258819045103,0.965925826289));
#4419 = PCURVE('',#4204,#4420);
#4420 = DEFINITIONAL_REPRESENTATION('',(#4421),#4429);
#4421 = ( BOUNDED_CURVE() B_SPLINE_CURVE(2,(#4422,#4423,#4424,#4425,
#4426,#4427,#4428),.UNSPECIFIED.,.T.,.F.) B_SPLINE_CURVE_WITH_KNOTS((1,2
    ,2,2,2,1),(-2.094395102393,0.,2.094395102393,4.188790204786,
6.28318530718,8.377580409573),.UNSPECIFIED.) CURVE() 
GEOMETRIC_REPRESENTATION_ITEM() RATIONAL_B_SPLINE_CURVE((1.,0.5,1.,0.5,
1.,0.5,1.)) REPRESENTATION_ITEM('') );
#4422 = CARTESIAN_POINT('',(62.6,107.2));
#4423 = CARTESIAN_POINT('',(62.6,100.27179676972));
#4424 = CARTESIAN_POINT('',(56.6,103.73589838486));
#4425 = CARTESIAN_POINT('',(50.6,107.2));
#4426 = CARTESIAN_POINT('',(56.6,110.66410161513));
#4427 = CARTESIAN_POINT('',(62.6,114.12820323027));
#4428 = CARTESIAN_POINT('',(62.6,107.2));
#4429 = ( GEOMETRIC_REPRESENTATION_CONTEXT(2) 
PARAMETRIC_REPRESENTATION_CONTEXT() REPRESENTATION_CONTEXT('2D SPACE',''
  ) );
#4430 = PCURVE('',#4431,#4436);
#4431 = CYLINDRICAL_SURFACE('',#4432,4.);
#4432 = AXIS2_PLACEMENT_3D('',#4433,#4434,#4435);
#4433 = CARTESIAN_POINT('',(51.6,67.166796043008,66.700800030836));
#4434 = DIRECTION('',(0.,0.965925826289,-0.258819045103));
#4435 = DIRECTION('',(1.,0.,0.));
#4436 = DEFINITIONAL_REPRESENTATION('',(#4437),#4441);
#4437 = LINE('',#4438,#4439);
#4438 = CARTESIAN_POINT('',(4.712388980385,-0.));
#4439 = VECTOR('',#4440,1.);
#4440 = DIRECTION('',(-1.,0.));
#4441 = ( GEOMETRIC_REPRESENTATION_CONTEXT(2) 
PARAMETRIC_REPRESENTATION_CONTEXT() REPRESENTATION_CONTEXT('2D SPACE',''
  ) );
#4442 = ORIENTED_EDGE('',*,*,#4443,.F.);
#4443 = EDGE_CURVE('',#4444,#4411,#4446,.T.);
#4444 = VERTEX_POINT('',#4445);
#4445 = CARTESIAN_POINT('',(55.6,53.03527618041,13.961249915453));
#4446 = SURFACE_CURVE('',#4447,(#4451,#4458),.PCURVE_S1.);
#4447 = LINE('',#4448,#4449);
#4448 = CARTESIAN_POINT('',(55.6,52.,10.097546610296));
#4449 = VECTOR('',#4450,1.);
#4450 = DIRECTION('',(0.,0.258819045103,0.965925826289));
#4451 = PCURVE('',#4204,#4452);
#4452 = DEFINITIONAL_REPRESENTATION('',(#4453),#4457);
#4453 = LINE('',#4454,#4455);
#4454 = CARTESIAN_POINT('',(0.,111.2));
#4455 = VECTOR('',#4456,1.);
#4456 = DIRECTION('',(1.,0.));
#4457 = ( GEOMETRIC_REPRESENTATION_CONTEXT(2) 
PARAMETRIC_REPRESENTATION_CONTEXT() REPRESENTATION_CONTEXT('2D SPACE',''
  ) );
#4458 = PCURVE('',#4459,#4464);
#4459 = PLANE('',#4460);
#4460 = AXIS2_PLACEMENT_3D('',#4461,#4462,#4463);
#4461 = CARTESIAN_POINT('',(55.6,52.,10.097546610296));
#4462 = DIRECTION('',(1.,0.,0.));
#4463 = DIRECTION('',(0.,0.258819045103,0.965925826289));
#4464 = DEFINITIONAL_REPRESENTATION('',(#4465),#4469);
#4465 = LINE('',#4466,#4467);
#4466 = CARTESIAN_POINT('',(0.,0.));
#4467 = VECTOR('',#4468,1.);
#4468 = DIRECTION('',(1.,0.));
#4469 = ( GEOMETRIC_REPRESENTATION_CONTEXT(2) 
PARAMETRIC_REPRESENTATION_CONTEXT() REPRESENTATION_CONTEXT('2D SPACE',''
  ) );
#4470 = ORIENTED_EDGE('',*,*,#4471,.T.);
#4471 = EDGE_CURVE('',#4444,#4304,#4472,.T.);
#4472 = SURFACE_CURVE('',#4473,(#4478,#4485),.PCURVE_S1.);
#4473 = CIRCLE('',#4474,4.);
#4474 = AXIS2_PLACEMENT_3D('',#4475,#4476,#4477);
#4475 = CARTESIAN_POINT('',(51.6,53.03527618041,13.961249915453));
#4476 = DIRECTION('',(0.,0.965925826289,-0.258819045103));
#4477 = DIRECTION('',(0.,0.258819045103,0.965925826289));
#4478 = PCURVE('',#4204,#4479);
#4479 = DEFINITIONAL_REPRESENTATION('',(#4480),#4484);
#4480 = CIRCLE('',#4481,4.);
#4481 = AXIS2_PLACEMENT_2D('',#4482,#4483);
#4482 = CARTESIAN_POINT('',(4.,107.2));
#4483 = DIRECTION('',(1.,0.));
#4484 = ( GEOMETRIC_REPRESENTATION_CONTEXT(2) 
PARAMETRIC_REPRESENTATION_CONTEXT() REPRESENTATION_CONTEXT('2D SPACE',''
  ) );
#4485 = PCURVE('',#4486,#4491);
#4486 = CYLINDRICAL_SURFACE('',#4487,4.);
#4487 = AXIS2_PLACEMENT_3D('',#4488,#4489,#4490);
#4488 = CARTESIAN_POINT('',(51.6,53.03527618041,13.961249915453));
#4489 = DIRECTION('',(0.,0.965925826289,-0.258819045103));
#4490 = DIRECTION('',(1.,0.,0.));
#4491 = DEFINITIONAL_REPRESENTATION('',(#4492),#4496);
#4492 = LINE('',#4493,#4494);
#4493 = CARTESIAN_POINT('',(-1.570796326795,0.));
#4494 = VECTOR('',#4495,1.);
#4495 = DIRECTION('',(1.,0.));
#4496 = ( GEOMETRIC_REPRESENTATION_CONTEXT(2) 
PARAMETRIC_REPRESENTATION_CONTEXT() REPRESENTATION_CONTEXT('2D SPACE',''
  ) );
#4497 = ADVANCED_FACE('',(#4498),#4232,.T.);
#4498 = FACE_BOUND('',#4499,.F.);
#4499 = EDGE_LOOP('',(#4500,#4501,#4524,#4550));
#4500 = ORIENTED_EDGE('',*,*,#4331,.T.);
#4501 = ORIENTED_EDGE('',*,*,#4502,.T.);
#4502 = EDGE_CURVE('',#4302,#4503,#4505,.T.);
#4503 = VERTEX_POINT('',#4504);
#4504 = CARTESIAN_POINT('',(-51.6,73.636738508875,4.3));
#4505 = SURFACE_CURVE('',#4506,(#4510,#4517),.PCURVE_S1.);
#4506 = LINE('',#4507,#4508);
#4507 = CARTESIAN_POINT('',(-51.6,52.,10.097546610296));
#4508 = VECTOR('',#4509,1.);
#4509 = DIRECTION('',(0.,0.965925826289,-0.258819045103));
#4510 = PCURVE('',#4232,#4511);
#4511 = DEFINITIONAL_REPRESENTATION('',(#4512),#4516);
#4512 = LINE('',#4513,#4514);
#4513 = CARTESIAN_POINT('',(-1.570796326795,0.));
#4514 = VECTOR('',#4515,1.);
#4515 = DIRECTION('',(-0.,1.));
#4516 = ( GEOMETRIC_REPRESENTATION_CONTEXT(2) 
PARAMETRIC_REPRESENTATION_CONTEXT() REPRESENTATION_CONTEXT('2D SPACE',''
  ) );
#4517 = PCURVE('',#4319,#4518);
#4518 = DEFINITIONAL_REPRESENTATION('',(#4519),#4523);
#4519 = LINE('',#4520,#4521);
#4520 = CARTESIAN_POINT('',(4.,0.));
#4521 = VECTOR('',#4522,1.);
#4522 = DIRECTION('',(0.,1.));
#4523 = ( GEOMETRIC_REPRESENTATION_CONTEXT(2) 
PARAMETRIC_REPRESENTATION_CONTEXT() REPRESENTATION_CONTEXT('2D SPACE',''
  ) );
#4524 = ORIENTED_EDGE('',*,*,#4525,.F.);
#4525 = EDGE_CURVE('',#4217,#4503,#4526,.T.);
#4526 = SURFACE_CURVE('',#4527,(#4532,#4539),.PCURVE_S1.);
#4527 = CIRCLE('',#4528,4.);
#4528 = AXIS2_PLACEMENT_3D('',#4529,#4530,#4531);
#4529 = CARTESIAN_POINT('',(-51.6,74.672014689285,8.163703305156));
#4530 = DIRECTION('',(0.,-0.965925826289,0.258819045103));
#4531 = DIRECTION('',(0.,0.258819045103,0.965925826289));
#4532 = PCURVE('',#4232,#4533);
#4533 = DEFINITIONAL_REPRESENTATION('',(#4534),#4538);
#4534 = LINE('',#4535,#4536);
#4535 = CARTESIAN_POINT('',(1.570796326795,22.4));
#4536 = VECTOR('',#4537,1.);
#4537 = DIRECTION('',(-1.,0.));
#4538 = ( GEOMETRIC_REPRESENTATION_CONTEXT(2) 
PARAMETRIC_REPRESENTATION_CONTEXT() REPRESENTATION_CONTEXT('2D SPACE',''
  ) );
#4539 = PCURVE('',#4260,#4540);
#4540 = DEFINITIONAL_REPRESENTATION('',(#4541),#4549);
#4541 = ( BOUNDED_CURVE() B_SPLINE_CURVE(2,(#4542,#4543,#4544,#4545,
#4546,#4547,#4548),.UNSPECIFIED.,.T.,.F.) B_SPLINE_CURVE_WITH_KNOTS((1,2
    ,2,2,2,1),(-2.094395102393,0.,2.094395102393,4.188790204786,
6.28318530718,8.377580409573),.UNSPECIFIED.) CURVE() 
GEOMETRIC_REPRESENTATION_ITEM() RATIONAL_B_SPLINE_CURVE((1.,0.5,1.,0.5,
1.,0.5,1.)) REPRESENTATION_ITEM('') );
#4542 = CARTESIAN_POINT('',(8.,4.));
#4543 = CARTESIAN_POINT('',(8.,-2.928203230276));
#4544 = CARTESIAN_POINT('',(2.,0.535898384862));
#4545 = CARTESIAN_POINT('',(-4.,4.));
#4546 = CARTESIAN_POINT('',(2.,7.464101615138));
#4547 = CARTESIAN_POINT('',(8.,10.928203230276));
#4548 = CARTESIAN_POINT('',(8.,4.));
#4549 = ( GEOMETRIC_REPRESENTATION_CONTEXT(2) 
PARAMETRIC_REPRESENTATION_CONTEXT() REPRESENTATION_CONTEXT('2D SPACE',''
  ) );
#4550 = ORIENTED_EDGE('',*,*,#4216,.F.);
#4551 = ADVANCED_FACE('',(#4552),#4286,.T.);
#4552 = FACE_BOUND('',#4553,.T.);
#4553 = EDGE_LOOP('',(#4554,#4555,#4578,#4600));
#4554 = ORIENTED_EDGE('',*,*,#4358,.T.);
#4555 = ORIENTED_EDGE('',*,*,#4556,.T.);
#4556 = EDGE_CURVE('',#4359,#4557,#4559,.T.);
#4557 = VERTEX_POINT('',#4558);
#4558 = CARTESIAN_POINT('',(-51.6,89.838810732293,64.766956725696));
#4559 = SURFACE_CURVE('',#4560,(#4564,#4571),.PCURVE_S1.);
#4560 = LINE('',#4561,#4562);
#4561 = CARTESIAN_POINT('',(-51.6,68.202072223418,70.564503335992));
#4562 = VECTOR('',#4563,1.);
#4563 = DIRECTION('',(0.,0.965925826289,-0.258819045103));
#4564 = PCURVE('',#4286,#4565);
#4565 = DEFINITIONAL_REPRESENTATION('',(#4566),#4570);
#4566 = LINE('',#4567,#4568);
#4567 = CARTESIAN_POINT('',(1.570796326795,0.));
#4568 = VECTOR('',#4569,1.);
#4569 = DIRECTION('',(0.,1.));
#4570 = ( GEOMETRIC_REPRESENTATION_CONTEXT(2) 
PARAMETRIC_REPRESENTATION_CONTEXT() REPRESENTATION_CONTEXT('2D SPACE',''
  ) );
#4571 = PCURVE('',#4398,#4572);
#4572 = DEFINITIONAL_REPRESENTATION('',(#4573),#4577);
#4573 = LINE('',#4574,#4575);
#4574 = CARTESIAN_POINT('',(4.,0.));
#4575 = VECTOR('',#4576,1.);
#4576 = DIRECTION('',(0.,1.));
#4577 = ( GEOMETRIC_REPRESENTATION_CONTEXT(2) 
PARAMETRIC_REPRESENTATION_CONTEXT() REPRESENTATION_CONTEXT('2D SPACE',''
  ) );
#4578 = ORIENTED_EDGE('',*,*,#4579,.F.);
#4579 = EDGE_CURVE('',#4245,#4557,#4580,.T.);
#4580 = SURFACE_CURVE('',#4581,(#4586,#4593),.PCURVE_S1.);
#4581 = CIRCLE('',#4582,4.);
#4582 = AXIS2_PLACEMENT_3D('',#4583,#4584,#4585);
#4583 = CARTESIAN_POINT('',(-51.6,88.803534551883,60.903253420539));
#4584 = DIRECTION('',(0.,0.965925826289,-0.258819045103));
#4585 = DIRECTION('',(0.,0.258819045103,0.965925826289));
#4586 = PCURVE('',#4286,#4587);
#4587 = DEFINITIONAL_REPRESENTATION('',(#4588),#4592);
#4588 = LINE('',#4589,#4590);
#4589 = CARTESIAN_POINT('',(-4.712388980385,22.4));
#4590 = VECTOR('',#4591,1.);
#4591 = DIRECTION('',(1.,0.));
#4592 = ( GEOMETRIC_REPRESENTATION_CONTEXT(2) 
PARAMETRIC_REPRESENTATION_CONTEXT() REPRESENTATION_CONTEXT('2D SPACE',''
  ) );
#4593 = PCURVE('',#4260,#4594);
#4594 = DEFINITIONAL_REPRESENTATION('',(#4595),#4599);
#4595 = CIRCLE('',#4596,4.);
#4596 = AXIS2_PLACEMENT_2D('',#4597,#4598);
#4597 = CARTESIAN_POINT('',(58.6,4.));
#4598 = DIRECTION('',(1.,0.));
#4599 = ( GEOMETRIC_REPRESENTATION_CONTEXT(2) 
PARAMETRIC_REPRESENTATION_CONTEXT() REPRESENTATION_CONTEXT('2D SPACE',''
  ) );
#4600 = ORIENTED_EDGE('',*,*,#4272,.F.);
#4601 = ADVANCED_FACE('',(#4602),#4260,.T.);
#4602 = FACE_BOUND('',#4603,.T.);
#4603 = EDGE_LOOP('',(#4604,#4627,#4628,#4629,#4630,#4653,#4681,#4704));
#4604 = ORIENTED_EDGE('',*,*,#4605,.F.);
#4605 = EDGE_CURVE('',#4503,#4606,#4608,.T.);
#4606 = VERTEX_POINT('',#4607);
#4607 = CARTESIAN_POINT('',(51.6,73.636738508875,4.3));
#4608 = SURFACE_CURVE('',#4609,(#4613,#4620),.PCURVE_S1.);
#4609 = LINE('',#4610,#4611);
#4610 = CARTESIAN_POINT('',(-55.6,73.636738508875,4.3));
#4611 = VECTOR('',#4612,1.);
#4612 = DIRECTION('',(1.,0.,0.));
#4613 = PCURVE('',#4260,#4614);
#4614 = DEFINITIONAL_REPRESENTATION('',(#4615),#4619);
#4615 = LINE('',#4616,#4617);
#4616 = CARTESIAN_POINT('',(0.,0.));
#4617 = VECTOR('',#4618,1.);
#4618 = DIRECTION('',(0.,1.));
#4619 = ( GEOMETRIC_REPRESENTATION_CONTEXT(2) 
PARAMETRIC_REPRESENTATION_CONTEXT() REPRESENTATION_CONTEXT('2D SPACE',''
  ) );
#4620 = PCURVE('',#4319,#4621);
#4621 = DEFINITIONAL_REPRESENTATION('',(#4622),#4626);
#4622 = LINE('',#4623,#4624);
#4623 = CARTESIAN_POINT('',(0.,22.4));
#4624 = VECTOR('',#4625,1.);
#4625 = DIRECTION('',(1.,0.));
#4626 = ( GEOMETRIC_REPRESENTATION_CONTEXT(2) 
PARAMETRIC_REPRESENTATION_CONTEXT() REPRESENTATION_CONTEXT('2D SPACE',''
  ) );
#4627 = ORIENTED_EDGE('',*,*,#4525,.F.);
#4628 = ORIENTED_EDGE('',*,*,#4244,.T.);
#4629 = ORIENTED_EDGE('',*,*,#4579,.T.);
#4630 = ORIENTED_EDGE('',*,*,#4631,.T.);
#4631 = EDGE_CURVE('',#4557,#4632,#4634,.T.);
#4632 = VERTEX_POINT('',#4633);
#4633 = CARTESIAN_POINT('',(51.6,89.838810732293,64.766956725696));
#4634 = SURFACE_CURVE('',#4635,(#4639,#4646),.PCURVE_S1.);
#4635 = LINE('',#4636,#4637);
#4636 = CARTESIAN_POINT('',(-55.6,89.838810732293,64.766956725696));
#4637 = VECTOR('',#4638,1.);
#4638 = DIRECTION('',(1.,0.,0.));
#4639 = PCURVE('',#4260,#4640);
#4640 = DEFINITIONAL_REPRESENTATION('',(#4641),#4645);
#4641 = LINE('',#4642,#4643);
#4642 = CARTESIAN_POINT('',(62.6,0.));
#4643 = VECTOR('',#4644,1.);
#4644 = DIRECTION('',(0.,1.));
#4645 = ( GEOMETRIC_REPRESENTATION_CONTEXT(2) 
PARAMETRIC_REPRESENTATION_CONTEXT() REPRESENTATION_CONTEXT('2D SPACE',''
  ) );
#4646 = PCURVE('',#4398,#4647);
#4647 = DEFINITIONAL_REPRESENTATION('',(#4648),#4652);
#4648 = LINE('',#4649,#4650);
#4649 = CARTESIAN_POINT('',(0.,22.4));
#4650 = VECTOR('',#4651,1.);
#4651 = DIRECTION('',(1.,0.));
#4652 = ( GEOMETRIC_REPRESENTATION_CONTEXT(2) 
PARAMETRIC_REPRESENTATION_CONTEXT() REPRESENTATION_CONTEXT('2D SPACE',''
  ) );
#4653 = ORIENTED_EDGE('',*,*,#4654,.F.);
#4654 = EDGE_CURVE('',#4655,#4632,#4657,.T.);
#4655 = VERTEX_POINT('',#4656);
#4656 = CARTESIAN_POINT('',(55.6,88.803534551883,60.903253420539));
#4657 = SURFACE_CURVE('',#4658,(#4663,#4674),.PCURVE_S1.);
#4658 = CIRCLE('',#4659,4.);
#4659 = AXIS2_PLACEMENT_3D('',#4660,#4661,#4662);
#4660 = CARTESIAN_POINT('',(51.6,88.803534551883,60.903253420539));
#4661 = DIRECTION('',(0.,-0.965925826289,0.258819045103));
#4662 = DIRECTION('',(0.,0.258819045103,0.965925826289));
#4663 = PCURVE('',#4260,#4664);
#4664 = DEFINITIONAL_REPRESENTATION('',(#4665),#4673);
#4665 = ( BOUNDED_CURVE() B_SPLINE_CURVE(2,(#4666,#4667,#4668,#4669,
#4670,#4671,#4672),.UNSPECIFIED.,.T.,.F.) B_SPLINE_CURVE_WITH_KNOTS((1,2
    ,2,2,2,1),(-2.094395102393,0.,2.094395102393,4.188790204786,
6.28318530718,8.377580409573),.UNSPECIFIED.) CURVE() 
GEOMETRIC_REPRESENTATION_ITEM() RATIONAL_B_SPLINE_CURVE((1.,0.5,1.,0.5,
1.,0.5,1.)) REPRESENTATION_ITEM('') );
#4666 = CARTESIAN_POINT('',(62.6,107.2));
#4667 = CARTESIAN_POINT('',(62.6,100.27179676972));
#4668 = CARTESIAN_POINT('',(56.6,103.73589838486));
#4669 = CARTESIAN_POINT('',(50.6,107.2));
#4670 = CARTESIAN_POINT('',(56.6,110.66410161513));
#4671 = CARTESIAN_POINT('',(62.6,114.12820323027));
#4672 = CARTESIAN_POINT('',(62.6,107.2));
#4673 = ( GEOMETRIC_REPRESENTATION_CONTEXT(2) 
PARAMETRIC_REPRESENTATION_CONTEXT() REPRESENTATION_CONTEXT('2D SPACE',''
  ) );
#4674 = PCURVE('',#4431,#4675);
#4675 = DEFINITIONAL_REPRESENTATION('',(#4676),#4680);
#4676 = LINE('',#4677,#4678);
#4677 = CARTESIAN_POINT('',(4.712388980385,22.4));
#4678 = VECTOR('',#4679,1.);
#4679 = DIRECTION('',(-1.,0.));
#4680 = ( GEOMETRIC_REPRESENTATION_CONTEXT(2) 
PARAMETRIC_REPRESENTATION_CONTEXT() REPRESENTATION_CONTEXT('2D SPACE',''
  ) );
#4681 = ORIENTED_EDGE('',*,*,#4682,.F.);
#4682 = EDGE_CURVE('',#4683,#4655,#4685,.T.);
#4683 = VERTEX_POINT('',#4684);
#4684 = CARTESIAN_POINT('',(55.6,74.672014689285,8.163703305156));
#4685 = SURFACE_CURVE('',#4686,(#4690,#4697),.PCURVE_S1.);
#4686 = LINE('',#4687,#4688);
#4687 = CARTESIAN_POINT('',(55.6,73.636738508875,4.3));
#4688 = VECTOR('',#4689,1.);
#4689 = DIRECTION('',(0.,0.258819045103,0.965925826289));
#4690 = PCURVE('',#4260,#4691);
#4691 = DEFINITIONAL_REPRESENTATION('',(#4692),#4696);
#4692 = LINE('',#4693,#4694);
#4693 = CARTESIAN_POINT('',(0.,111.2));
#4694 = VECTOR('',#4695,1.);
#4695 = DIRECTION('',(1.,0.));
#4696 = ( GEOMETRIC_REPRESENTATION_CONTEXT(2) 
PARAMETRIC_REPRESENTATION_CONTEXT() REPRESENTATION_CONTEXT('2D SPACE',''
  ) );
#4697 = PCURVE('',#4459,#4698);
#4698 = DEFINITIONAL_REPRESENTATION('',(#4699),#4703);
#4699 = LINE('',#4700,#4701);
#4700 = CARTESIAN_POINT('',(-8.881784197001E-16,-22.4));
#4701 = VECTOR('',#4702,1.);
#4702 = DIRECTION('',(1.,0.));
#4703 = ( GEOMETRIC_REPRESENTATION_CONTEXT(2) 
PARAMETRIC_REPRESENTATION_CONTEXT() REPRESENTATION_CONTEXT('2D SPACE',''
  ) );
#4704 = ORIENTED_EDGE('',*,*,#4705,.T.);
#4705 = EDGE_CURVE('',#4683,#4606,#4706,.T.);
#4706 = SURFACE_CURVE('',#4707,(#4712,#4719),.PCURVE_S1.);
#4707 = CIRCLE('',#4708,4.);
#4708 = AXIS2_PLACEMENT_3D('',#4709,#4710,#4711);
#4709 = CARTESIAN_POINT('',(51.6,74.672014689285,8.163703305156));
#4710 = DIRECTION('',(0.,0.965925826289,-0.258819045103));
#4711 = DIRECTION('',(0.,0.258819045103,0.965925826289));
#4712 = PCURVE('',#4260,#4713);
#4713 = DEFINITIONAL_REPRESENTATION('',(#4714),#4718);
#4714 = CIRCLE('',#4715,4.);
#4715 = AXIS2_PLACEMENT_2D('',#4716,#4717);
#4716 = CARTESIAN_POINT('',(4.,107.2));
#4717 = DIRECTION('',(1.,0.));
#4718 = ( GEOMETRIC_REPRESENTATION_CONTEXT(2) 
PARAMETRIC_REPRESENTATION_CONTEXT() REPRESENTATION_CONTEXT('2D SPACE',''
  ) );
#4719 = PCURVE('',#4486,#4720);
#4720 = DEFINITIONAL_REPRESENTATION('',(#4721),#4725);
#4721 = LINE('',#4722,#4723);
#4722 = CARTESIAN_POINT('',(-1.570796326795,22.4));
#4723 = VECTOR('',#4724,1.);
#4724 = DIRECTION('',(1.,0.));
#4725 = ( GEOMETRIC_REPRESENTATION_CONTEXT(2) 
PARAMETRIC_REPRESENTATION_CONTEXT() REPRESENTATION_CONTEXT('2D SPACE',''
  ) );
#4726 = ADVANCED_FACE('',(#4727),#4319,.F.);
#4727 = FACE_BOUND('',#4728,.F.);
#4728 = EDGE_LOOP('',(#4729,#4730,#4731,#4732));
#4729 = ORIENTED_EDGE('',*,*,#4605,.F.);
#4730 = ORIENTED_EDGE('',*,*,#4502,.F.);
#4731 = ORIENTED_EDGE('',*,*,#4301,.T.);
#4732 = ORIENTED_EDGE('',*,*,#4733,.T.);
#4733 = EDGE_CURVE('',#4304,#4606,#4734,.T.);
#4734 = SURFACE_CURVE('',#4735,(#4739,#4746),.PCURVE_S1.);
#4735 = LINE('',#4736,#4737);
#4736 = CARTESIAN_POINT('',(51.6,52.,10.097546610296));
#4737 = VECTOR('',#4738,1.);
#4738 = DIRECTION('',(0.,0.965925826289,-0.258819045103));
#4739 = PCURVE('',#4319,#4740);
#4740 = DEFINITIONAL_REPRESENTATION('',(#4741),#4745);
#4741 = LINE('',#4742,#4743);
#4742 = CARTESIAN_POINT('',(107.2,0.));
#4743 = VECTOR('',#4744,1.);
#4744 = DIRECTION('',(0.,1.));
#4745 = ( GEOMETRIC_REPRESENTATION_CONTEXT(2) 
PARAMETRIC_REPRESENTATION_CONTEXT() REPRESENTATION_CONTEXT('2D SPACE',''
  ) );
#4746 = PCURVE('',#4486,#4747);
#4747 = DEFINITIONAL_REPRESENTATION('',(#4748),#4752);
#4748 = LINE('',#4749,#4750);
#4749 = CARTESIAN_POINT('',(1.570796326795,0.));
#4750 = VECTOR('',#4751,1.);
#4751 = DIRECTION('',(0.,1.));
#4752 = ( GEOMETRIC_REPRESENTATION_CONTEXT(2) 
PARAMETRIC_REPRESENTATION_CONTEXT() REPRESENTATION_CONTEXT('2D SPACE',''
  ) );
#4753 = ADVANCED_FACE('',(#4754),#4486,.T.);
#4754 = FACE_BOUND('',#4755,.T.);
#4755 = EDGE_LOOP('',(#4756,#4757,#4758,#4759));
#4756 = ORIENTED_EDGE('',*,*,#4471,.T.);
#4757 = ORIENTED_EDGE('',*,*,#4733,.T.);
#4758 = ORIENTED_EDGE('',*,*,#4705,.F.);
#4759 = ORIENTED_EDGE('',*,*,#4760,.F.);
#4760 = EDGE_CURVE('',#4444,#4683,#4761,.T.);
#4761 = SURFACE_CURVE('',#4762,(#4766,#4773),.PCURVE_S1.);
#4762 = LINE('',#4763,#4764);
#4763 = CARTESIAN_POINT('',(55.6,53.03527618041,13.961249915453));
#4764 = VECTOR('',#4765,1.);
#4765 = DIRECTION('',(0.,0.965925826289,-0.258819045103));
#4766 = PCURVE('',#4486,#4767);
#4767 = DEFINITIONAL_REPRESENTATION('',(#4768),#4772);
#4768 = LINE('',#4769,#4770);
#4769 = CARTESIAN_POINT('',(0.,0.));
#4770 = VECTOR('',#4771,1.);
#4771 = DIRECTION('',(0.,1.));
#4772 = ( GEOMETRIC_REPRESENTATION_CONTEXT(2) 
PARAMETRIC_REPRESENTATION_CONTEXT() REPRESENTATION_CONTEXT('2D SPACE',''
  ) );
#4773 = PCURVE('',#4459,#4774);
#4774 = DEFINITIONAL_REPRESENTATION('',(#4775),#4779);
#4775 = LINE('',#4776,#4777);
#4776 = CARTESIAN_POINT('',(4.,3.219646771413E-15));
#4777 = VECTOR('',#4778,1.);
#4778 = DIRECTION('',(0.,-1.));
#4779 = ( GEOMETRIC_REPRESENTATION_CONTEXT(2) 
PARAMETRIC_REPRESENTATION_CONTEXT() REPRESENTATION_CONTEXT('2D SPACE',''
  ) );
#4780 = ADVANCED_FACE('',(#4781),#4459,.T.);
#4781 = FACE_BOUND('',#4782,.T.);
#4782 = EDGE_LOOP('',(#4783,#4784,#4785,#4786));
#4783 = ORIENTED_EDGE('',*,*,#4443,.F.);
#4784 = ORIENTED_EDGE('',*,*,#4760,.T.);
#4785 = ORIENTED_EDGE('',*,*,#4682,.T.);
#4786 = ORIENTED_EDGE('',*,*,#4787,.F.);
#4787 = EDGE_CURVE('',#4411,#4655,#4788,.T.);
#4788 = SURFACE_CURVE('',#4789,(#4793,#4800),.PCURVE_S1.);
#4789 = LINE('',#4790,#4791);
#4790 = CARTESIAN_POINT('',(55.6,67.166796043008,66.700800030836));
#4791 = VECTOR('',#4792,1.);
#4792 = DIRECTION('',(0.,0.965925826289,-0.258819045103));
#4793 = PCURVE('',#4459,#4794);
#4794 = DEFINITIONAL_REPRESENTATION('',(#4795),#4799);
#4795 = LINE('',#4796,#4797);
#4796 = CARTESIAN_POINT('',(58.6,-7.105427357601E-15));
#4797 = VECTOR('',#4798,1.);
#4798 = DIRECTION('',(0.,-1.));
#4799 = ( GEOMETRIC_REPRESENTATION_CONTEXT(2) 
PARAMETRIC_REPRESENTATION_CONTEXT() REPRESENTATION_CONTEXT('2D SPACE',''
  ) );
#4800 = PCURVE('',#4431,#4801);
#4801 = DEFINITIONAL_REPRESENTATION('',(#4802),#4806);
#4802 = LINE('',#4803,#4804);
#4803 = CARTESIAN_POINT('',(-0.,0.));
#4804 = VECTOR('',#4805,1.);
#4805 = DIRECTION('',(-0.,1.));
#4806 = ( GEOMETRIC_REPRESENTATION_CONTEXT(2) 
PARAMETRIC_REPRESENTATION_CONTEXT() REPRESENTATION_CONTEXT('2D SPACE',''
  ) );
#4807 = ADVANCED_FACE('',(#4808),#4431,.T.);
#4808 = FACE_BOUND('',#4809,.F.);
#4809 = EDGE_LOOP('',(#4810,#4811,#4832,#4833));
#4810 = ORIENTED_EDGE('',*,*,#4410,.T.);
#4811 = ORIENTED_EDGE('',*,*,#4812,.T.);
#4812 = EDGE_CURVE('',#4383,#4632,#4813,.T.);
#4813 = SURFACE_CURVE('',#4814,(#4818,#4825),.PCURVE_S1.);
#4814 = LINE('',#4815,#4816);
#4815 = CARTESIAN_POINT('',(51.6,68.202072223418,70.564503335992));
#4816 = VECTOR('',#4817,1.);
#4817 = DIRECTION('',(0.,0.965925826289,-0.258819045103));
#4818 = PCURVE('',#4431,#4819);
#4819 = DEFINITIONAL_REPRESENTATION('',(#4820),#4824);
#4820 = LINE('',#4821,#4822);
#4821 = CARTESIAN_POINT('',(-1.570796326795,0.));
#4822 = VECTOR('',#4823,1.);
#4823 = DIRECTION('',(-0.,1.));
#4824 = ( GEOMETRIC_REPRESENTATION_CONTEXT(2) 
PARAMETRIC_REPRESENTATION_CONTEXT() REPRESENTATION_CONTEXT('2D SPACE',''
  ) );
#4825 = PCURVE('',#4398,#4826);
#4826 = DEFINITIONAL_REPRESENTATION('',(#4827),#4831);
#4827 = LINE('',#4828,#4829);
#4828 = CARTESIAN_POINT('',(107.2,0.));
#4829 = VECTOR('',#4830,1.);
#4830 = DIRECTION('',(0.,1.));
#4831 = ( GEOMETRIC_REPRESENTATION_CONTEXT(2) 
PARAMETRIC_REPRESENTATION_CONTEXT() REPRESENTATION_CONTEXT('2D SPACE',''
  ) );
#4832 = ORIENTED_EDGE('',*,*,#4654,.F.);
#4833 = ORIENTED_EDGE('',*,*,#4787,.F.);
#4834 = ADVANCED_FACE('',(#4835),#4398,.T.);
#4835 = FACE_BOUND('',#4836,.T.);
#4836 = EDGE_LOOP('',(#4837,#4838,#4839,#4840));
#4837 = ORIENTED_EDGE('',*,*,#4631,.F.);
#4838 = ORIENTED_EDGE('',*,*,#4556,.F.);
#4839 = ORIENTED_EDGE('',*,*,#4382,.T.);
#4840 = ORIENTED_EDGE('',*,*,#4812,.T.);
#4841 = ( GEOMETRIC_REPRESENTATION_CONTEXT(3) 
GLOBAL_UNCERTAINTY_ASSIGNED_CONTEXT((#4845)) 
GLOBAL_UNIT_ASSIGNED_CONTEXT((#4842,#4843,#4844)) REPRESENTATION_CONTEXT
('Context #1','3D Context with UNIT and UNCERTAINTY') );
#4842 = ( LENGTH_UNIT() NAMED_UNIT(*) SI_UNIT(.MILLI.,.METRE.) );
#4843 = ( NAMED_UNIT(*) PLANE_ANGLE_UNIT() SI_UNIT($,.RADIAN.) );
#4844 = ( NAMED_UNIT(*) SI_UNIT($,.STERADIAN.) SOLID_ANGLE_UNIT() );
#4845 = UNCERTAINTY_MEASURE_WITH_UNIT(LENGTH_MEASURE(1.E-07),#4842,
  'distance_accuracy_value','confusion accuracy');
#4846 = CONTEXT_DEPENDENT_SHAPE_REPRESENTATION(#4847,#4849);
#4847 = ( REPRESENTATION_RELATIONSHIP('','',#4174,#10) 
REPRESENTATION_RELATIONSHIP_WITH_TRANSFORMATION(#4848) 
SHAPE_REPRESENTATION_RELATIONSHIP() );
#4848 = ITEM_DEFINED_TRANSFORMATION('','',#11,#47);
#4849 = PRODUCT_DEFINITION_SHAPE('Placement','Placement of an item',
  #4850);
#4850 = NEXT_ASSEMBLY_USAGE_OCCURRENCE('11','tdisplay','',#5,#4169,$);
#4851 = PRODUCT_RELATED_PRODUCT_CATEGORY('part',$,(#4171));
#4852 = SHAPE_DEFINITION_REPRESENTATION(#4853,#4859);
#4853 = PRODUCT_DEFINITION_SHAPE('','',#4854);
#4854 = PRODUCT_DEFINITION('design','',#4855,#4858);
#4855 = PRODUCT_DEFINITION_FORMATION('','',#4856);
#4856 = PRODUCT('display_stand','display_stand','',(#4857));
#4857 = PRODUCT_CONTEXT('',#2,'mechanical');
#4858 = PRODUCT_DEFINITION_CONTEXT('part definition',#2,'design');
#4859 = ADVANCED_BREP_SHAPE_REPRESENTATION('',(#11,#4860),#6452);
#4860 = MANIFOLD_SOLID_BREP('',#4861);
#4861 = CLOSED_SHELL('',(#4862,#4982,#5490,#5540,#5594,#5719,#5746,#5773
    ,#5800,#5827,#5834,#5910,#5959,#6008,#6035,#6184,#6233,#6350,#6377,
    #6404,#6431,#6438,#6445));
#4862 = ADVANCED_FACE('',(#4863),#4877,.F.);
#4863 = FACE_BOUND('',#4864,.F.);
#4864 = EDGE_LOOP('',(#4865,#4900,#4928,#4956));
#4865 = ORIENTED_EDGE('',*,*,#4866,.F.);
#4866 = EDGE_CURVE('',#4867,#4869,#4871,.T.);
#4867 = VERTEX_POINT('',#4868);
#4868 = CARTESIAN_POINT('',(-62.5,48.,4.));
#4869 = VERTEX_POINT('',#4870);
#4870 = CARTESIAN_POINT('',(-62.5,90.03836631211,4.));
#4871 = SURFACE_CURVE('',#4872,(#4876,#4888),.PCURVE_S1.);
#4872 = LINE('',#4873,#4874);
#4873 = CARTESIAN_POINT('',(-62.5,45.,4.));
#4874 = VECTOR('',#4875,1.);
#4875 = DIRECTION('',(0.,1.,0.));
#4876 = PCURVE('',#4877,#4882);
#4877 = PLANE('',#4878);
#4878 = AXIS2_PLACEMENT_3D('',#4879,#4880,#4881);
#4879 = CARTESIAN_POINT('',(-62.5,45.,0.));
#4880 = DIRECTION('',(1.,0.,0.));
#4881 = DIRECTION('',(0.,0.,1.));
#4882 = DEFINITIONAL_REPRESENTATION('',(#4883),#4887);
#4883 = LINE('',#4884,#4885);
#4884 = CARTESIAN_POINT('',(4.,0.));
#4885 = VECTOR('',#4886,1.);
#4886 = DIRECTION('',(0.,-1.));
#4887 = ( GEOMETRIC_REPRESENTATION_CONTEXT(2) 
PARAMETRIC_REPRESENTATION_CONTEXT() REPRESENTATION_CONTEXT('2D SPACE',''
  ) );
#4888 = PCURVE('',#4889,#4894);
#4889 = PLANE('',#4890);
#4890 = AXIS2_PLACEMENT_3D('',#4891,#4892,#4893);
#4891 = CARTESIAN_POINT('',(-62.5,45.,4.));
#4892 = DIRECTION('',(0.,0.,1.));
#4893 = DIRECTION('',(1.,0.,0.));
#4894 = DEFINITIONAL_REPRESENTATION('',(#4895),#4899);
#4895 = LINE('',#4896,#4897);
#4896 = CARTESIAN_POINT('',(0.,0.));
#4897 = VECTOR('',#4898,1.);
#4898 = DIRECTION('',(0.,1.));
#4899 = ( GEOMETRIC_REPRESENTATION_CONTEXT(2) 
PARAMETRIC_REPRESENTATION_CONTEXT() REPRESENTATION_CONTEXT('2D SPACE',''
  ) );
#4900 = ORIENTED_EDGE('',*,*,#4901,.F.);
#4901 = EDGE_CURVE('',#4902,#4867,#4904,.T.);
#4902 = VERTEX_POINT('',#4903);
#4903 = CARTESIAN_POINT('',(-62.5,48.,0.));
#4904 = SURFACE_CURVE('',#4905,(#4909,#4916),.PCURVE_S1.);
#4905 = LINE('',#4906,#4907);
#4906 = CARTESIAN_POINT('',(-62.5,48.,0.));
#4907 = VECTOR('',#4908,1.);
#4908 = DIRECTION('',(0.,0.,1.));
#4909 = PCURVE('',#4877,#4910);
#4910 = DEFINITIONAL_REPRESENTATION('',(#4911),#4915);
#4911 = LINE('',#4912,#4913);
#4912 = CARTESIAN_POINT('',(0.,-3.));
#4913 = VECTOR('',#4914,1.);
#4914 = DIRECTION('',(1.,0.));
#4915 = ( GEOMETRIC_REPRESENTATION_CONTEXT(2) 
PARAMETRIC_REPRESENTATION_CONTEXT() REPRESENTATION_CONTEXT('2D SPACE',''
  ) );
#4916 = PCURVE('',#4917,#4922);
#4917 = CYLINDRICAL_SURFACE('',#4918,3.);
#4918 = AXIS2_PLACEMENT_3D('',#4919,#4920,#4921);
#4919 = CARTESIAN_POINT('',(-59.5,48.,0.));
#4920 = DIRECTION('',(0.,0.,1.));
#4921 = DIRECTION('',(-1.,-0.,0.));
#4922 = DEFINITIONAL_REPRESENTATION('',(#4923),#4927);
#4923 = LINE('',#4924,#4925);
#4924 = CARTESIAN_POINT('',(0.,0.));
#4925 = VECTOR('',#4926,1.);
#4926 = DIRECTION('',(0.,1.));
#4927 = ( GEOMETRIC_REPRESENTATION_CONTEXT(2) 
PARAMETRIC_REPRESENTATION_CONTEXT() REPRESENTATION_CONTEXT('2D SPACE',''
  ) );
#4928 = ORIENTED_EDGE('',*,*,#4929,.T.);
#4929 = EDGE_CURVE('',#4902,#4930,#4932,.T.);
#4930 = VERTEX_POINT('',#4931);
#4931 = CARTESIAN_POINT('',(-62.5,90.03836631211,0.));
#4932 = SURFACE_CURVE('',#4933,(#4937,#4944),.PCURVE_S1.);
#4933 = LINE('',#4934,#4935);
#4934 = CARTESIAN_POINT('',(-62.5,45.,0.));
#4935 = VECTOR('',#4936,1.);
#4936 = DIRECTION('',(0.,1.,0.));
#4937 = PCURVE('',#4877,#4938);
#4938 = DEFINITIONAL_REPRESENTATION('',(#4939),#4943);
#4939 = LINE('',#4940,#4941);
#4940 = CARTESIAN_POINT('',(0.,0.));
#4941 = VECTOR('',#4942,1.);
#4942 = DIRECTION('',(0.,-1.));
#4943 = ( GEOMETRIC_REPRESENTATION_CONTEXT(2) 
PARAMETRIC_REPRESENTATION_CONTEXT() REPRESENTATION_CONTEXT('2D SPACE',''
  ) );
#4944 = PCURVE('',#4945,#4950);
#4945 = PLANE('',#4946);
#4946 = AXIS2_PLACEMENT_3D('',#4947,#4948,#4949);
#4947 = CARTESIAN_POINT('',(-62.5,45.,0.));
#4948 = DIRECTION('',(0.,0.,1.));
#4949 = DIRECTION('',(1.,0.,0.));
#4950 = DEFINITIONAL_REPRESENTATION('',(#4951),#4955);
#4951 = LINE('',#4952,#4953);
#4952 = CARTESIAN_POINT('',(0.,0.));
#4953 = VECTOR('',#4954,1.);
#4954 = DIRECTION('',(0.,1.));
#4955 = ( GEOMETRIC_REPRESENTATION_CONTEXT(2) 
PARAMETRIC_REPRESENTATION_CONTEXT() REPRESENTATION_CONTEXT('2D SPACE',''
  ) );
#4956 = ORIENTED_EDGE('',*,*,#4957,.T.);
#4957 = EDGE_CURVE('',#4930,#4869,#4958,.T.);
#4958 = SURFACE_CURVE('',#4959,(#4963,#4970),.PCURVE_S1.);
#4959 = LINE('',#4960,#4961);
#4960 = CARTESIAN_POINT('',(-62.5,90.03836631211,0.));
#4961 = VECTOR('',#4962,1.);
#4962 = DIRECTION('',(0.,0.,1.));
#4963 = PCURVE('',#4877,#4964);
#4964 = DEFINITIONAL_REPRESENTATION('',(#4965),#4969);
#4965 = LINE('',#4966,#4967);
#4966 = CARTESIAN_POINT('',(0.,-45.03836631211));
#4967 = VECTOR('',#4968,1.);
#4968 = DIRECTION('',(1.,0.));
#4969 = ( GEOMETRIC_REPRESENTATION_CONTEXT(2) 
PARAMETRIC_REPRESENTATION_CONTEXT() REPRESENTATION_CONTEXT('2D SPACE',''
  ) );
#4970 = PCURVE('',#4971,#4976);
#4971 = CYLINDRICAL_SURFACE('',#4972,3.);
#4972 = AXIS2_PLACEMENT_3D('',#4973,#4974,#4975);
#4973 = CARTESIAN_POINT('',(-59.5,90.03836631211,0.));
#4974 = DIRECTION('',(0.,0.,1.));
#4975 = DIRECTION('',(-1.,-0.,0.));
#4976 = DEFINITIONAL_REPRESENTATION('',(#4977),#4981);
#4977 = LINE('',#4978,#4979);
#4978 = CARTESIAN_POINT('',(-0.,0.));
#4979 = VECTOR('',#4980,1.);
#4980 = DIRECTION('',(-0.,1.));
#4981 = ( GEOMETRIC_REPRESENTATION_CONTEXT(2) 
PARAMETRIC_REPRESENTATION_CONTEXT() REPRESENTATION_CONTEXT('2D SPACE',''
  ) );
#4982 = ADVANCED_FACE('',(#4983,#5182,#5288,#5394),#4889,.T.);
#4983 = FACE_BOUND('',#4984,.T.);
#4984 = EDGE_LOOP('',(#4985,#4986,#5010,#5038,#5071,#5099,#5128,#5156));
#4985 = ORIENTED_EDGE('',*,*,#4866,.F.);
#4986 = ORIENTED_EDGE('',*,*,#4987,.T.);
#4987 = EDGE_CURVE('',#4867,#4988,#4990,.T.);
#4988 = VERTEX_POINT('',#4989);
#4989 = CARTESIAN_POINT('',(-59.5,45.,4.));
#4990 = SURFACE_CURVE('',#4991,(#4996,#5003),.PCURVE_S1.);
#4991 = CIRCLE('',#4992,3.);
#4992 = AXIS2_PLACEMENT_3D('',#4993,#4994,#4995);
#4993 = CARTESIAN_POINT('',(-59.5,48.,4.));
#4994 = DIRECTION('',(0.,0.,1.));
#4995 = DIRECTION('',(0.,-1.,0.));
#4996 = PCURVE('',#4889,#4997);
#4997 = DEFINITIONAL_REPRESENTATION('',(#4998),#5002);
#4998 = CIRCLE('',#4999,3.);
#4999 = AXIS2_PLACEMENT_2D('',#5000,#5001);
#5000 = CARTESIAN_POINT('',(3.,3.));
#5001 = DIRECTION('',(0.,-1.));
#5002 = ( GEOMETRIC_REPRESENTATION_CONTEXT(2) 
PARAMETRIC_REPRESENTATION_CONTEXT() REPRESENTATION_CONTEXT('2D SPACE',''
  ) );
#5003 = PCURVE('',#4917,#5004);
#5004 = DEFINITIONAL_REPRESENTATION('',(#5005),#5009);
#5005 = LINE('',#5006,#5007);
#5006 = CARTESIAN_POINT('',(-4.712388980385,4.));
#5007 = VECTOR('',#5008,1.);
#5008 = DIRECTION('',(1.,0.));
#5009 = ( GEOMETRIC_REPRESENTATION_CONTEXT(2) 
PARAMETRIC_REPRESENTATION_CONTEXT() REPRESENTATION_CONTEXT('2D SPACE',''
  ) );
#5010 = ORIENTED_EDGE('',*,*,#5011,.T.);
#5011 = EDGE_CURVE('',#4988,#5012,#5014,.T.);
#5012 = VERTEX_POINT('',#5013);
#5013 = CARTESIAN_POINT('',(59.5,45.,4.));
#5014 = SURFACE_CURVE('',#5015,(#5019,#5026),.PCURVE_S1.);
#5015 = LINE('',#5016,#5017);
#5016 = CARTESIAN_POINT('',(-62.5,45.,4.));
#5017 = VECTOR('',#5018,1.);
#5018 = DIRECTION('',(1.,0.,0.));
#5019 = PCURVE('',#4889,#5020);
#5020 = DEFINITIONAL_REPRESENTATION('',(#5021),#5025);
#5021 = LINE('',#5022,#5023);
#5022 = CARTESIAN_POINT('',(0.,0.));
#5023 = VECTOR('',#5024,1.);
#5024 = DIRECTION('',(1.,0.));
#5025 = ( GEOMETRIC_REPRESENTATION_CONTEXT(2) 
PARAMETRIC_REPRESENTATION_CONTEXT() REPRESENTATION_CONTEXT('2D SPACE',''
  ) );
#5026 = PCURVE('',#5027,#5032);
#5027 = PLANE('',#5028);
#5028 = AXIS2_PLACEMENT_3D('',#5029,#5030,#5031);
#5029 = CARTESIAN_POINT('',(-62.5,45.,0.));
#5030 = DIRECTION('',(0.,1.,0.));
#5031 = DIRECTION('',(0.,0.,1.));
#5032 = DEFINITIONAL_REPRESENTATION('',(#5033),#5037);
#5033 = LINE('',#5034,#5035);
#5034 = CARTESIAN_POINT('',(4.,0.));
#5035 = VECTOR('',#5036,1.);
#5036 = DIRECTION('',(0.,1.));
#5037 = ( GEOMETRIC_REPRESENTATION_CONTEXT(2) 
PARAMETRIC_REPRESENTATION_CONTEXT() REPRESENTATION_CONTEXT('2D SPACE',''
  ) );
#5038 = ORIENTED_EDGE('',*,*,#5039,.F.);
#5039 = EDGE_CURVE('',#5040,#5012,#5042,.T.);
#5040 = VERTEX_POINT('',#5041);
#5041 = CARTESIAN_POINT('',(62.5,48.,4.));
#5042 = SURFACE_CURVE('',#5043,(#5048,#5059),.PCURVE_S1.);
#5043 = CIRCLE('',#5044,3.);
#5044 = AXIS2_PLACEMENT_3D('',#5045,#5046,#5047);
#5045 = CARTESIAN_POINT('',(59.5,48.,4.));
#5046 = DIRECTION('',(-0.,-0.,-1.));
#5047 = DIRECTION('',(0.,-1.,0.));
#5048 = PCURVE('',#4889,#5049);
#5049 = DEFINITIONAL_REPRESENTATION('',(#5050),#5058);
#5050 = ( BOUNDED_CURVE() B_SPLINE_CURVE(2,(#5051,#5052,#5053,#5054,
#5055,#5056,#5057),.UNSPECIFIED.,.T.,.F.) B_SPLINE_CURVE_WITH_KNOTS((1,2
    ,2,2,2,1),(-2.094395102393,0.,2.094395102393,4.188790204786,
6.28318530718,8.377580409573),.UNSPECIFIED.) CURVE() 
GEOMETRIC_REPRESENTATION_ITEM() RATIONAL_B_SPLINE_CURVE((1.,0.5,1.,0.5,
1.,0.5,1.)) REPRESENTATION_ITEM('') );
#5051 = CARTESIAN_POINT('',(122.,0.));
#5052 = CARTESIAN_POINT('',(116.80384757729,0.));
#5053 = CARTESIAN_POINT('',(119.40192378864,4.5));
#5054 = CARTESIAN_POINT('',(122.,9.));
#5055 = CARTESIAN_POINT('',(124.59807621135,4.5));
#5056 = CARTESIAN_POINT('',(127.1961524227,4.440892098501E-15));
#5057 = CARTESIAN_POINT('',(122.,0.));
#5058 = ( GEOMETRIC_REPRESENTATION_CONTEXT(2) 
PARAMETRIC_REPRESENTATION_CONTEXT() REPRESENTATION_CONTEXT('2D SPACE',''
  ) );
#5059 = PCURVE('',#5060,#5065);
#5060 = CYLINDRICAL_SURFACE('',#5061,3.);
#5061 = AXIS2_PLACEMENT_3D('',#5062,#5063,#5064);
#5062 = CARTESIAN_POINT('',(59.5,48.,0.));
#5063 = DIRECTION('',(0.,0.,1.));
#5064 = DIRECTION('',(1.,0.,-0.));
#5065 = DEFINITIONAL_REPRESENTATION('',(#5066),#5070);
#5066 = LINE('',#5067,#5068);
#5067 = CARTESIAN_POINT('',(4.712388980385,4.));
#5068 = VECTOR('',#5069,1.);
#5069 = DIRECTION('',(-1.,0.));
#5070 = ( GEOMETRIC_REPRESENTATION_CONTEXT(2) 
PARAMETRIC_REPRESENTATION_CONTEXT() REPRESENTATION_CONTEXT('2D SPACE',''
  ) );
#5071 = ORIENTED_EDGE('',*,*,#5072,.T.);
#5072 = EDGE_CURVE('',#5040,#5073,#5075,.T.);
#5073 = VERTEX_POINT('',#5074);
#5074 = CARTESIAN_POINT('',(62.5,90.03836631211,4.));
#5075 = SURFACE_CURVE('',#5076,(#5080,#5087),.PCURVE_S1.);
#5076 = LINE('',#5077,#5078);
#5077 = CARTESIAN_POINT('',(62.5,45.,4.));
#5078 = VECTOR('',#5079,1.);
#5079 = DIRECTION('',(0.,1.,0.));
#5080 = PCURVE('',#4889,#5081);
#5081 = DEFINITIONAL_REPRESENTATION('',(#5082),#5086);
#5082 = LINE('',#5083,#5084);
#5083 = CARTESIAN_POINT('',(125.,0.));
#5084 = VECTOR('',#5085,1.);
#5085 = DIRECTION('',(0.,1.));
#5086 = ( GEOMETRIC_REPRESENTATION_CONTEXT(2) 
PARAMETRIC_REPRESENTATION_CONTEXT() REPRESENTATION_CONTEXT('2D SPACE',''
  ) );
#5087 = PCURVE('',#5088,#5093);
#5088 = PLANE('',#5089);
#5089 = AXIS2_PLACEMENT_3D('',#5090,#5091,#5092);
#5090 = CARTESIAN_POINT('',(62.5,45.,0.));
#5091 = DIRECTION('',(1.,0.,0.));
#5092 = DIRECTION('',(0.,0.,1.));
#5093 = DEFINITIONAL_REPRESENTATION('',(#5094),#5098);
#5094 = LINE('',#5095,#5096);
#5095 = CARTESIAN_POINT('',(4.,0.));
#5096 = VECTOR('',#5097,1.);
#5097 = DIRECTION('',(0.,-1.));
#5098 = ( GEOMETRIC_REPRESENTATION_CONTEXT(2) 
PARAMETRIC_REPRESENTATION_CONTEXT() REPRESENTATION_CONTEXT('2D SPACE',''
  ) );
#5099 = ORIENTED_EDGE('',*,*,#5100,.T.);
#5100 = EDGE_CURVE('',#5073,#5101,#5103,.T.);
#5101 = VERTEX_POINT('',#5102);
#5102 = CARTESIAN_POINT('',(59.5,93.03836631211,4.));
#5103 = SURFACE_CURVE('',#5104,(#5109,#5116),.PCURVE_S1.);
#5104 = CIRCLE('',#5105,3.);
#5105 = AXIS2_PLACEMENT_3D('',#5106,#5107,#5108);
#5106 = CARTESIAN_POINT('',(59.5,90.03836631211,4.));
#5107 = DIRECTION('',(0.,0.,1.));
#5108 = DIRECTION('',(0.,-1.,0.));
#5109 = PCURVE('',#4889,#5110);
#5110 = DEFINITIONAL_REPRESENTATION('',(#5111),#5115);
#5111 = CIRCLE('',#5112,3.);
#5112 = AXIS2_PLACEMENT_2D('',#5113,#5114);
#5113 = CARTESIAN_POINT('',(122.,45.03836631211));
#5114 = DIRECTION('',(0.,-1.));
#5115 = ( GEOMETRIC_REPRESENTATION_CONTEXT(2) 
PARAMETRIC_REPRESENTATION_CONTEXT() REPRESENTATION_CONTEXT('2D SPACE',''
  ) );
#5116 = PCURVE('',#5117,#5122);
#5117 = CYLINDRICAL_SURFACE('',#5118,3.);
#5118 = AXIS2_PLACEMENT_3D('',#5119,#5120,#5121);
#5119 = CARTESIAN_POINT('',(59.5,90.03836631211,0.));
#5120 = DIRECTION('',(0.,0.,1.));
#5121 = DIRECTION('',(1.,0.,-0.));
#5122 = DEFINITIONAL_REPRESENTATION('',(#5123),#5127);
#5123 = LINE('',#5124,#5125);
#5124 = CARTESIAN_POINT('',(-1.570796326795,4.));
#5125 = VECTOR('',#5126,1.);
#5126 = DIRECTION('',(1.,0.));
#5127 = ( GEOMETRIC_REPRESENTATION_CONTEXT(2) 
PARAMETRIC_REPRESENTATION_CONTEXT() REPRESENTATION_CONTEXT('2D SPACE',''
  ) );
#5128 = ORIENTED_EDGE('',*,*,#5129,.F.);
#5129 = EDGE_CURVE('',#5130,#5101,#5132,.T.);
#5130 = VERTEX_POINT('',#5131);
#5131 = CARTESIAN_POINT('',(-59.5,93.03836631211,4.));
#5132 = SURFACE_CURVE('',#5133,(#5137,#5144),.PCURVE_S1.);
#5133 = LINE('',#5134,#5135);
#5134 = CARTESIAN_POINT('',(-62.5,93.03836631211,4.));
#5135 = VECTOR('',#5136,1.);
#5136 = DIRECTION('',(1.,0.,0.));
#5137 = PCURVE('',#4889,#5138);
#5138 = DEFINITIONAL_REPRESENTATION('',(#5139),#5143);
#5139 = LINE('',#5140,#5141);
#5140 = CARTESIAN_POINT('',(0.,48.03836631211));
#5141 = VECTOR('',#5142,1.);
#5142 = DIRECTION('',(1.,0.));
#5143 = ( GEOMETRIC_REPRESENTATION_CONTEXT(2) 
PARAMETRIC_REPRESENTATION_CONTEXT() REPRESENTATION_CONTEXT('2D SPACE',''
  ) );
#5144 = PCURVE('',#5145,#5150);
#5145 = PLANE('',#5146);
#5146 = AXIS2_PLACEMENT_3D('',#5147,#5148,#5149);
#5147 = CARTESIAN_POINT('',(-62.5,93.03836631211,0.));
#5148 = DIRECTION('',(0.,1.,0.));
#5149 = DIRECTION('',(0.,0.,1.));
#5150 = DEFINITIONAL_REPRESENTATION('',(#5151),#5155);
#5151 = LINE('',#5152,#5153);
#5152 = CARTESIAN_POINT('',(4.,0.));
#5153 = VECTOR('',#5154,1.);
#5154 = DIRECTION('',(0.,1.));
#5155 = ( GEOMETRIC_REPRESENTATION_CONTEXT(2) 
PARAMETRIC_REPRESENTATION_CONTEXT() REPRESENTATION_CONTEXT('2D SPACE',''
  ) );
#5156 = ORIENTED_EDGE('',*,*,#5157,.F.);
#5157 = EDGE_CURVE('',#4869,#5130,#5158,.T.);
#5158 = SURFACE_CURVE('',#5159,(#5164,#5175),.PCURVE_S1.);
#5159 = CIRCLE('',#5160,3.);
#5160 = AXIS2_PLACEMENT_3D('',#5161,#5162,#5163);
#5161 = CARTESIAN_POINT('',(-59.5,90.03836631211,4.));
#5162 = DIRECTION('',(-0.,-0.,-1.));
#5163 = DIRECTION('',(0.,-1.,0.));
#5164 = PCURVE('',#4889,#5165);
#5165 = DEFINITIONAL_REPRESENTATION('',(#5166),#5174);
#5166 = ( BOUNDED_CURVE() B_SPLINE_CURVE(2,(#5167,#5168,#5169,#5170,
#5171,#5172,#5173),.UNSPECIFIED.,.T.,.F.) B_SPLINE_CURVE_WITH_KNOTS((1,2
    ,2,2,2,1),(-2.094395102393,0.,2.094395102393,4.188790204786,
6.28318530718,8.377580409573),.UNSPECIFIED.) CURVE() 
GEOMETRIC_REPRESENTATION_ITEM() RATIONAL_B_SPLINE_CURVE((1.,0.5,1.,0.5,
1.,0.5,1.)) REPRESENTATION_ITEM('') );
#5167 = CARTESIAN_POINT('',(3.,42.03836631211));
#5168 = CARTESIAN_POINT('',(-2.196152422707,42.03836631211));
#5169 = CARTESIAN_POINT('',(0.401923788647,46.53836631211));
#5170 = CARTESIAN_POINT('',(3.,51.03836631211));
#5171 = CARTESIAN_POINT('',(5.598076211353,46.53836631211));
#5172 = CARTESIAN_POINT('',(8.196152422707,42.03836631211));
#5173 = CARTESIAN_POINT('',(3.,42.03836631211));
#5174 = ( GEOMETRIC_REPRESENTATION_CONTEXT(2) 
PARAMETRIC_REPRESENTATION_CONTEXT() REPRESENTATION_CONTEXT('2D SPACE',''
  ) );
#5175 = PCURVE('',#4971,#5176);
#5176 = DEFINITIONAL_REPRESENTATION('',(#5177),#5181);
#5177 = LINE('',#5178,#5179);
#5178 = CARTESIAN_POINT('',(1.570796326795,4.));
#5179 = VECTOR('',#5180,1.);
#5180 = DIRECTION('',(-1.,0.));
#5181 = ( GEOMETRIC_REPRESENTATION_CONTEXT(2) 
PARAMETRIC_REPRESENTATION_CONTEXT() REPRESENTATION_CONTEXT('2D SPACE',''
  ) );
#5182 = FACE_BOUND('',#5183,.T.);
#5183 = EDGE_LOOP('',(#5184,#5212,#5238,#5264));
#5184 = ORIENTED_EDGE('',*,*,#5185,.T.);
#5185 = EDGE_CURVE('',#5186,#5188,#5190,.T.);
#5186 = VERTEX_POINT('',#5187);
#5187 = CARTESIAN_POINT('',(50.,47.,4.));
#5188 = VERTEX_POINT('',#5189);
#5189 = CARTESIAN_POINT('',(-50.,47.,4.));
#5190 = SURFACE_CURVE('',#5191,(#5195,#5201),.PCURVE_S1.);
#5191 = LINE('',#5192,#5193);
#5192 = CARTESIAN_POINT('',(-56.25,47.,4.));
#5193 = VECTOR('',#5194,1.);
#5194 = DIRECTION('',(-1.,0.,0.));
#5195 = PCURVE('',#4889,#5196);
#5196 = DEFINITIONAL_REPRESENTATION('',(#5197),#5200);
#5197 = B_SPLINE_CURVE_WITH_KNOTS('',1,(#5198,#5199),.UNSPECIFIED.,.F.,
  .F.,(2,2),(-106.25,-6.25),.PIECEWISE_BEZIER_KNOTS.);
#5198 = CARTESIAN_POINT('',(112.5,2.));
#5199 = CARTESIAN_POINT('',(12.5,2.));
#5200 = ( GEOMETRIC_REPRESENTATION_CONTEXT(2) 
PARAMETRIC_REPRESENTATION_CONTEXT() REPRESENTATION_CONTEXT('2D SPACE',''
  ) );
#5201 = PCURVE('',#5202,#5207);
#5202 = PLANE('',#5203);
#5203 = AXIS2_PLACEMENT_3D('',#5204,#5205,#5206);
#5204 = CARTESIAN_POINT('',(-50.,47.,3.99));
#5205 = DIRECTION('',(0.,1.,0.));
#5206 = DIRECTION('',(0.,0.,1.));
#5207 = DEFINITIONAL_REPRESENTATION('',(#5208),#5211);
#5208 = B_SPLINE_CURVE_WITH_KNOTS('',1,(#5209,#5210),.UNSPECIFIED.,.F.,
  .F.,(2,2),(-106.25,-6.25),.PIECEWISE_BEZIER_KNOTS.);
#5209 = CARTESIAN_POINT('',(1.E-02,100.));
#5210 = CARTESIAN_POINT('',(1.E-02,0.));
#5211 = ( GEOMETRIC_REPRESENTATION_CONTEXT(2) 
PARAMETRIC_REPRESENTATION_CONTEXT() REPRESENTATION_CONTEXT('2D SPACE',''
  ) );
#5212 = ORIENTED_EDGE('',*,*,#5213,.T.);
#5213 = EDGE_CURVE('',#5188,#5214,#5216,.T.);
#5214 = VERTEX_POINT('',#5215);
#5215 = CARTESIAN_POINT('',(-50.,51.7,4.));
#5216 = SURFACE_CURVE('',#5217,(#5221,#5227),.PCURVE_S1.);
#5217 = LINE('',#5218,#5219);
#5218 = CARTESIAN_POINT('',(-50.,46.,4.));
#5219 = VECTOR('',#5220,1.);
#5220 = DIRECTION('',(0.,1.,0.));
#5221 = PCURVE('',#4889,#5222);
#5222 = DEFINITIONAL_REPRESENTATION('',(#5223),#5226);
#5223 = B_SPLINE_CURVE_WITH_KNOTS('',1,(#5224,#5225),.UNSPECIFIED.,.F.,
  .F.,(2,2),(1.,5.7),.PIECEWISE_BEZIER_KNOTS.);
#5224 = CARTESIAN_POINT('',(12.5,2.));
#5225 = CARTESIAN_POINT('',(12.5,6.7));
#5226 = ( GEOMETRIC_REPRESENTATION_CONTEXT(2) 
PARAMETRIC_REPRESENTATION_CONTEXT() REPRESENTATION_CONTEXT('2D SPACE',''
  ) );
#5227 = PCURVE('',#5228,#5233);
#5228 = PLANE('',#5229);
#5229 = AXIS2_PLACEMENT_3D('',#5230,#5231,#5232);
#5230 = CARTESIAN_POINT('',(-50.,47.,3.99));
#5231 = DIRECTION('',(1.,0.,0.));
#5232 = DIRECTION('',(0.,0.,1.));
#5233 = DEFINITIONAL_REPRESENTATION('',(#5234),#5237);
#5234 = B_SPLINE_CURVE_WITH_KNOTS('',1,(#5235,#5236),.UNSPECIFIED.,.F.,
  .F.,(2,2),(1.,5.7),.PIECEWISE_BEZIER_KNOTS.);
#5235 = CARTESIAN_POINT('',(1.E-02,0.));
#5236 = CARTESIAN_POINT('',(1.E-02,-4.7));
#5237 = ( GEOMETRIC_REPRESENTATION_CONTEXT(2) 
PARAMETRIC_REPRESENTATION_CONTEXT() REPRESENTATION_CONTEXT('2D SPACE',''
  ) );
#5238 = ORIENTED_EDGE('',*,*,#5239,.F.);
#5239 = EDGE_CURVE('',#5240,#5214,#5242,.T.);
#5240 = VERTEX_POINT('',#5241);
#5241 = CARTESIAN_POINT('',(50.,51.7,4.));
#5242 = SURFACE_CURVE('',#5243,(#5247,#5253),.PCURVE_S1.);
#5243 = LINE('',#5244,#5245);
#5244 = CARTESIAN_POINT('',(-56.25,51.7,4.));
#5245 = VECTOR('',#5246,1.);
#5246 = DIRECTION('',(-1.,0.,0.));
#5247 = PCURVE('',#4889,#5248);
#5248 = DEFINITIONAL_REPRESENTATION('',(#5249),#5252);
#5249 = B_SPLINE_CURVE_WITH_KNOTS('',1,(#5250,#5251),.UNSPECIFIED.,.F.,
  .F.,(2,2),(-106.25,-6.25),.PIECEWISE_BEZIER_KNOTS.);
#5250 = CARTESIAN_POINT('',(112.5,6.7));
#5251 = CARTESIAN_POINT('',(12.5,6.7));
#5252 = ( GEOMETRIC_REPRESENTATION_CONTEXT(2) 
PARAMETRIC_REPRESENTATION_CONTEXT() REPRESENTATION_CONTEXT('2D SPACE',''
  ) );
#5253 = PCURVE('',#5254,#5259);
#5254 = PLANE('',#5255);
#5255 = AXIS2_PLACEMENT_3D('',#5256,#5257,#5258);
#5256 = CARTESIAN_POINT('',(-50.,51.7,3.99));
#5257 = DIRECTION('',(0.,1.,0.));
#5258 = DIRECTION('',(0.,0.,1.));
#5259 = DEFINITIONAL_REPRESENTATION('',(#5260),#5263);
#5260 = B_SPLINE_CURVE_WITH_KNOTS('',1,(#5261,#5262),.UNSPECIFIED.,.F.,
  .F.,(2,2),(-106.25,-6.25),.PIECEWISE_BEZIER_KNOTS.);
#5261 = CARTESIAN_POINT('',(1.E-02,100.));
#5262 = CARTESIAN_POINT('',(1.E-02,0.));
#5263 = ( GEOMETRIC_REPRESENTATION_CONTEXT(2) 
PARAMETRIC_REPRESENTATION_CONTEXT() REPRESENTATION_CONTEXT('2D SPACE',''
  ) );
#5264 = ORIENTED_EDGE('',*,*,#5265,.F.);
#5265 = EDGE_CURVE('',#5186,#5240,#5266,.T.);
#5266 = SURFACE_CURVE('',#5267,(#5271,#5277),.PCURVE_S1.);
#5267 = LINE('',#5268,#5269);
#5268 = CARTESIAN_POINT('',(50.,46.,4.));
#5269 = VECTOR('',#5270,1.);
#5270 = DIRECTION('',(0.,1.,0.));
#5271 = PCURVE('',#4889,#5272);
#5272 = DEFINITIONAL_REPRESENTATION('',(#5273),#5276);
#5273 = B_SPLINE_CURVE_WITH_KNOTS('',1,(#5274,#5275),.UNSPECIFIED.,.F.,
  .F.,(2,2),(1.,5.7),.PIECEWISE_BEZIER_KNOTS.);
#5274 = CARTESIAN_POINT('',(112.5,2.));
#5275 = CARTESIAN_POINT('',(112.5,6.7));
#5276 = ( GEOMETRIC_REPRESENTATION_CONTEXT(2) 
PARAMETRIC_REPRESENTATION_CONTEXT() REPRESENTATION_CONTEXT('2D SPACE',''
  ) );
#5277 = PCURVE('',#5278,#5283);
#5278 = PLANE('',#5279);
#5279 = AXIS2_PLACEMENT_3D('',#5280,#5281,#5282);
#5280 = CARTESIAN_POINT('',(50.,47.,3.99));
#5281 = DIRECTION('',(1.,0.,0.));
#5282 = DIRECTION('',(0.,0.,1.));
#5283 = DEFINITIONAL_REPRESENTATION('',(#5284),#5287);
#5284 = B_SPLINE_CURVE_WITH_KNOTS('',1,(#5285,#5286),.UNSPECIFIED.,.F.,
  .F.,(2,2),(1.,5.7),.PIECEWISE_BEZIER_KNOTS.);
#5285 = CARTESIAN_POINT('',(1.E-02,0.));
#5286 = CARTESIAN_POINT('',(1.E-02,-4.7));
#5287 = ( GEOMETRIC_REPRESENTATION_CONTEXT(2) 
PARAMETRIC_REPRESENTATION_CONTEXT() REPRESENTATION_CONTEXT('2D SPACE',''
  ) );
#5288 = FACE_BOUND('',#5289,.T.);
#5289 = EDGE_LOOP('',(#5290,#5318,#5344,#5370));
#5290 = ORIENTED_EDGE('',*,*,#5291,.T.);
#5291 = EDGE_CURVE('',#5292,#5294,#5296,.T.);
#5292 = VERTEX_POINT('',#5293);
#5293 = CARTESIAN_POINT('',(-15.,73.97046422331,4.));
#5294 = VERTEX_POINT('',#5295);
#5295 = CARTESIAN_POINT('',(-45.,73.97046422331,4.));
#5296 = SURFACE_CURVE('',#5297,(#5301,#5307),.PCURVE_S1.);
#5297 = LINE('',#5298,#5299);
#5298 = CARTESIAN_POINT('',(-53.75,73.97046422331,4.));
#5299 = VECTOR('',#5300,1.);
#5300 = DIRECTION('',(-1.,0.,0.));
#5301 = PCURVE('',#4889,#5302);
#5302 = DEFINITIONAL_REPRESENTATION('',(#5303),#5306);
#5303 = B_SPLINE_CURVE_WITH_KNOTS('',1,(#5304,#5305),.UNSPECIFIED.,.F.,
  .F.,(2,2),(-98.75,-8.75),.PIECEWISE_BEZIER_KNOTS.);
#5304 = CARTESIAN_POINT('',(107.5,28.97046422331));
#5305 = CARTESIAN_POINT('',(17.5,28.97046422331));
#5306 = ( GEOMETRIC_REPRESENTATION_CONTEXT(2) 
PARAMETRIC_REPRESENTATION_CONTEXT() REPRESENTATION_CONTEXT('2D SPACE',''
  ) );
#5307 = PCURVE('',#5308,#5313);
#5308 = PLANE('',#5309);
#5309 = AXIS2_PLACEMENT_3D('',#5310,#5311,#5312);
#5310 = CARTESIAN_POINT('',(-45.,70.399642207955,-9.326489186088));
#5311 = DIRECTION('',(0.,0.965925826289,-0.258819045103));
#5312 = DIRECTION('',(0.,0.258819045103,0.965925826289));
#5313 = DEFINITIONAL_REPRESENTATION('',(#5314),#5317);
#5314 = B_SPLINE_CURVE_WITH_KNOTS('',1,(#5315,#5316),.UNSPECIFIED.,.F.,
  .F.,(2,2),(-98.75,-8.75),.PIECEWISE_BEZIER_KNOTS.);
#5315 = CARTESIAN_POINT('',(13.796596822849,90.));
#5316 = CARTESIAN_POINT('',(13.796596822849,0.));
#5317 = ( GEOMETRIC_REPRESENTATION_CONTEXT(2) 
PARAMETRIC_REPRESENTATION_CONTEXT() REPRESENTATION_CONTEXT('2D SPACE',''
  ) );
#5318 = ORIENTED_EDGE('',*,*,#5319,.T.);
#5319 = EDGE_CURVE('',#5294,#5320,#5322,.T.);
#5320 = VERTEX_POINT('',#5321);
#5321 = CARTESIAN_POINT('',(-45.,78.11156894495,4.));
#5322 = SURFACE_CURVE('',#5323,(#5327,#5333),.PCURVE_S1.);
#5323 = LINE('',#5324,#5325);
#5324 = CARTESIAN_POINT('',(-45.,57.699821103978,4.));
#5325 = VECTOR('',#5326,1.);
#5326 = DIRECTION('',(0.,1.,0.));
#5327 = PCURVE('',#4889,#5328);
#5328 = DEFINITIONAL_REPRESENTATION('',(#5329),#5332);
#5329 = B_SPLINE_CURVE_WITH_KNOTS('',1,(#5330,#5331),.UNSPECIFIED.,.F.,
  .F.,(2,2),(16.270643119332,20.411747840972),.PIECEWISE_BEZIER_KNOTS.);
#5330 = CARTESIAN_POINT('',(17.5,28.97046422331));
#5331 = CARTESIAN_POINT('',(17.5,33.11156894495));
#5332 = ( GEOMETRIC_REPRESENTATION_CONTEXT(2) 
PARAMETRIC_REPRESENTATION_CONTEXT() REPRESENTATION_CONTEXT('2D SPACE',''
  ) );
#5333 = PCURVE('',#5334,#5339);
#5334 = PLANE('',#5335);
#5335 = AXIS2_PLACEMENT_3D('',#5336,#5337,#5338);
#5336 = CARTESIAN_POINT('',(-45.,70.399642207955,-9.326489186088));
#5337 = DIRECTION('',(1.,0.,0.));
#5338 = DIRECTION('',(0.,0.258819045103,0.965925826289));
#5339 = DEFINITIONAL_REPRESENTATION('',(#5340),#5343);
#5340 = B_SPLINE_CURVE_WITH_KNOTS('',1,(#5341,#5342),.UNSPECIFIED.,.F.,
  .F.,(2,2),(16.270643119332,20.411747840972),.PIECEWISE_BEZIER_KNOTS.);
#5341 = CARTESIAN_POINT('',(13.796596822849,0.));
#5342 = CARTESIAN_POINT('',(14.868393592574,-4.));
#5343 = ( GEOMETRIC_REPRESENTATION_CONTEXT(2) 
PARAMETRIC_REPRESENTATION_CONTEXT() REPRESENTATION_CONTEXT('2D SPACE',''
  ) );
#5344 = ORIENTED_EDGE('',*,*,#5345,.F.);
#5345 = EDGE_CURVE('',#5346,#5320,#5348,.T.);
#5346 = VERTEX_POINT('',#5347);
#5347 = CARTESIAN_POINT('',(-15.,78.11156894495,4.));
#5348 = SURFACE_CURVE('',#5349,(#5353,#5359),.PCURVE_S1.);
#5349 = LINE('',#5350,#5351);
#5350 = CARTESIAN_POINT('',(-53.75,78.11156894495,4.));
#5351 = VECTOR('',#5352,1.);
#5352 = DIRECTION('',(-1.,0.,0.));
#5353 = PCURVE('',#4889,#5354);
#5354 = DEFINITIONAL_REPRESENTATION('',(#5355),#5358);
#5355 = B_SPLINE_CURVE_WITH_KNOTS('',1,(#5356,#5357),.UNSPECIFIED.,.F.,
  .F.,(2,2),(-98.75,-8.75),.PIECEWISE_BEZIER_KNOTS.);
#5356 = CARTESIAN_POINT('',(107.5,33.11156894495));
#5357 = CARTESIAN_POINT('',(17.5,33.11156894495));
#5358 = ( GEOMETRIC_REPRESENTATION_CONTEXT(2) 
PARAMETRIC_REPRESENTATION_CONTEXT() REPRESENTATION_CONTEXT('2D SPACE',''
  ) );
#5359 = PCURVE('',#5360,#5365);
#5360 = PLANE('',#5361);
#5361 = AXIS2_PLACEMENT_3D('',#5362,#5363,#5364);
#5362 = CARTESIAN_POINT('',(-45.,74.263345513112,-10.36176536649));
#5363 = DIRECTION('',(0.,0.965925826289,-0.258819045103));
#5364 = DIRECTION('',(0.,0.258819045103,0.965925826289));
#5365 = DEFINITIONAL_REPRESENTATION('',(#5366),#5369);
#5366 = B_SPLINE_CURVE_WITH_KNOTS('',1,(#5367,#5368),.UNSPECIFIED.,.F.,
  .F.,(2,2),(-98.75,-8.75),.PIECEWISE_BEZIER_KNOTS.);
#5367 = CARTESIAN_POINT('',(14.868393592574,90.));
#5368 = CARTESIAN_POINT('',(14.868393592574,0.));
#5369 = ( GEOMETRIC_REPRESENTATION_CONTEXT(2) 
PARAMETRIC_REPRESENTATION_CONTEXT() REPRESENTATION_CONTEXT('2D SPACE',''
  ) );
#5370 = ORIENTED_EDGE('',*,*,#5371,.F.);
#5371 = EDGE_CURVE('',#5292,#5346,#5372,.T.);
#5372 = SURFACE_CURVE('',#5373,(#5377,#5383),.PCURVE_S1.);
#5373 = LINE('',#5374,#5375);
#5374 = CARTESIAN_POINT('',(-15.,56.730178803412,4.));
#5375 = VECTOR('',#5376,1.);
#5376 = DIRECTION('',(0.,1.,0.));
#5377 = PCURVE('',#4889,#5378);
#5378 = DEFINITIONAL_REPRESENTATION('',(#5379),#5382);
#5379 = B_SPLINE_CURVE_WITH_KNOTS('',1,(#5380,#5381),.UNSPECIFIED.,.F.,
  .F.,(2,2),(17.240285419897,21.381390141538),.PIECEWISE_BEZIER_KNOTS.);
#5380 = CARTESIAN_POINT('',(47.5,28.97046422331));
#5381 = CARTESIAN_POINT('',(47.5,33.11156894495));
#5382 = ( GEOMETRIC_REPRESENTATION_CONTEXT(2) 
PARAMETRIC_REPRESENTATION_CONTEXT() REPRESENTATION_CONTEXT('2D SPACE',''
  ) );
#5383 = PCURVE('',#5384,#5389);
#5384 = PLANE('',#5385);
#5385 = AXIS2_PLACEMENT_3D('',#5386,#5387,#5388);
#5386 = CARTESIAN_POINT('',(-15.,68.460357606825,-15.01851652578));
#5387 = DIRECTION('',(1.,0.,0.));
#5388 = DIRECTION('',(0.,0.258819045103,0.965925826289));
#5389 = DEFINITIONAL_REPRESENTATION('',(#5390),#5393);
#5390 = B_SPLINE_CURVE_WITH_KNOTS('',1,(#5391,#5392),.UNSPECIFIED.,.F.,
  .F.,(2,2),(17.240285419897,21.381390141538),.PIECEWISE_BEZIER_KNOTS.);
#5391 = CARTESIAN_POINT('',(19.796596822849,-0.4));
#5392 = CARTESIAN_POINT('',(20.868393592574,-4.4));
#5393 = ( GEOMETRIC_REPRESENTATION_CONTEXT(2) 
PARAMETRIC_REPRESENTATION_CONTEXT() REPRESENTATION_CONTEXT('2D SPACE',''
  ) );
#5394 = FACE_BOUND('',#5395,.T.);
#5395 = EDGE_LOOP('',(#5396,#5424,#5445,#5471));
#5396 = ORIENTED_EDGE('',*,*,#5397,.F.);
#5397 = EDGE_CURVE('',#5398,#5400,#5402,.T.);
#5398 = VERTEX_POINT('',#5399);
#5399 = CARTESIAN_POINT('',(45.,73.97046422331,4.));
#5400 = VERTEX_POINT('',#5401);
#5401 = CARTESIAN_POINT('',(45.,78.11156894495,4.));
#5402 = SURFACE_CURVE('',#5403,(#5407,#5413),.PCURVE_S1.);
#5403 = LINE('',#5404,#5405);
#5404 = CARTESIAN_POINT('',(45.,57.699821103978,4.));
#5405 = VECTOR('',#5406,1.);
#5406 = DIRECTION('',(0.,1.,0.));
#5407 = PCURVE('',#4889,#5408);
#5408 = DEFINITIONAL_REPRESENTATION('',(#5409),#5412);
#5409 = B_SPLINE_CURVE_WITH_KNOTS('',1,(#5410,#5411),.UNSPECIFIED.,.F.,
  .F.,(2,2),(16.270643119332,20.411747840972),.PIECEWISE_BEZIER_KNOTS.);
#5410 = CARTESIAN_POINT('',(107.5,28.97046422331));
#5411 = CARTESIAN_POINT('',(107.5,33.11156894495));
#5412 = ( GEOMETRIC_REPRESENTATION_CONTEXT(2) 
PARAMETRIC_REPRESENTATION_CONTEXT() REPRESENTATION_CONTEXT('2D SPACE',''
  ) );
#5413 = PCURVE('',#5414,#5419);
#5414 = PLANE('',#5415);
#5415 = AXIS2_PLACEMENT_3D('',#5416,#5417,#5418);
#5416 = CARTESIAN_POINT('',(45.,70.399642207955,-9.326489186088));
#5417 = DIRECTION('',(1.,0.,0.));
#5418 = DIRECTION('',(0.,0.258819045103,0.965925826289));
#5419 = DEFINITIONAL_REPRESENTATION('',(#5420),#5423);
#5420 = B_SPLINE_CURVE_WITH_KNOTS('',1,(#5421,#5422),.UNSPECIFIED.,.F.,
  .F.,(2,2),(16.270643119332,20.411747840972),.PIECEWISE_BEZIER_KNOTS.);
#5421 = CARTESIAN_POINT('',(13.796596822849,0.));
#5422 = CARTESIAN_POINT('',(14.868393592574,-4.));
#5423 = ( GEOMETRIC_REPRESENTATION_CONTEXT(2) 
PARAMETRIC_REPRESENTATION_CONTEXT() REPRESENTATION_CONTEXT('2D SPACE',''
  ) );
#5424 = ORIENTED_EDGE('',*,*,#5425,.T.);
#5425 = EDGE_CURVE('',#5398,#5426,#5428,.T.);
#5426 = VERTEX_POINT('',#5427);
#5427 = CARTESIAN_POINT('',(15.,73.97046422331,4.));
#5428 = SURFACE_CURVE('',#5429,(#5433,#5439),.PCURVE_S1.);
#5429 = LINE('',#5430,#5431);
#5430 = CARTESIAN_POINT('',(-53.75,73.97046422331,4.));
#5431 = VECTOR('',#5432,1.);
#5432 = DIRECTION('',(-1.,0.,0.));
#5433 = PCURVE('',#4889,#5434);
#5434 = DEFINITIONAL_REPRESENTATION('',(#5435),#5438);
#5435 = B_SPLINE_CURVE_WITH_KNOTS('',1,(#5436,#5437),.UNSPECIFIED.,.F.,
  .F.,(2,2),(-98.75,-8.75),.PIECEWISE_BEZIER_KNOTS.);
#5436 = CARTESIAN_POINT('',(107.5,28.97046422331));
#5437 = CARTESIAN_POINT('',(17.5,28.97046422331));
#5438 = ( GEOMETRIC_REPRESENTATION_CONTEXT(2) 
PARAMETRIC_REPRESENTATION_CONTEXT() REPRESENTATION_CONTEXT('2D SPACE',''
  ) );
#5439 = PCURVE('',#5308,#5440);
#5440 = DEFINITIONAL_REPRESENTATION('',(#5441),#5444);
#5441 = B_SPLINE_CURVE_WITH_KNOTS('',1,(#5442,#5443),.UNSPECIFIED.,.F.,
  .F.,(2,2),(-98.75,-8.75),.PIECEWISE_BEZIER_KNOTS.);
#5442 = CARTESIAN_POINT('',(13.796596822849,90.));
#5443 = CARTESIAN_POINT('',(13.796596822849,0.));
#5444 = ( GEOMETRIC_REPRESENTATION_CONTEXT(2) 
PARAMETRIC_REPRESENTATION_CONTEXT() REPRESENTATION_CONTEXT('2D SPACE',''
  ) );
#5445 = ORIENTED_EDGE('',*,*,#5446,.T.);
#5446 = EDGE_CURVE('',#5426,#5447,#5449,.T.);
#5447 = VERTEX_POINT('',#5448);
#5448 = CARTESIAN_POINT('',(15.,78.11156894495,4.));
#5449 = SURFACE_CURVE('',#5450,(#5454,#5460),.PCURVE_S1.);
#5450 = LINE('',#5451,#5452);
#5451 = CARTESIAN_POINT('',(15.,56.730178803412,4.));
#5452 = VECTOR('',#5453,1.);
#5453 = DIRECTION('',(0.,1.,0.));
#5454 = PCURVE('',#4889,#5455);
#5455 = DEFINITIONAL_REPRESENTATION('',(#5456),#5459);
#5456 = B_SPLINE_CURVE_WITH_KNOTS('',1,(#5457,#5458),.UNSPECIFIED.,.F.,
  .F.,(2,2),(17.240285419897,21.381390141538),.PIECEWISE_BEZIER_KNOTS.);
#5457 = CARTESIAN_POINT('',(77.5,28.97046422331));
#5458 = CARTESIAN_POINT('',(77.5,33.11156894495));
#5459 = ( GEOMETRIC_REPRESENTATION_CONTEXT(2) 
PARAMETRIC_REPRESENTATION_CONTEXT() REPRESENTATION_CONTEXT('2D SPACE',''
  ) );
#5460 = PCURVE('',#5461,#5466);
#5461 = PLANE('',#5462);
#5462 = AXIS2_PLACEMENT_3D('',#5463,#5464,#5465);
#5463 = CARTESIAN_POINT('',(15.,68.460357606825,-15.01851652578));
#5464 = DIRECTION('',(1.,0.,0.));
#5465 = DIRECTION('',(0.,0.258819045103,0.965925826289));
#5466 = DEFINITIONAL_REPRESENTATION('',(#5467),#5470);
#5467 = B_SPLINE_CURVE_WITH_KNOTS('',1,(#5468,#5469),.UNSPECIFIED.,.F.,
  .F.,(2,2),(17.240285419897,21.381390141538),.PIECEWISE_BEZIER_KNOTS.);
#5468 = CARTESIAN_POINT('',(19.796596822849,-0.4));
#5469 = CARTESIAN_POINT('',(20.868393592574,-4.4));
#5470 = ( GEOMETRIC_REPRESENTATION_CONTEXT(2) 
PARAMETRIC_REPRESENTATION_CONTEXT() REPRESENTATION_CONTEXT('2D SPACE',''
  ) );
#5471 = ORIENTED_EDGE('',*,*,#5472,.F.);
#5472 = EDGE_CURVE('',#5400,#5447,#5473,.T.);
#5473 = SURFACE_CURVE('',#5474,(#5478,#5484),.PCURVE_S1.);
#5474 = LINE('',#5475,#5476);
#5475 = CARTESIAN_POINT('',(-53.75,78.11156894495,4.));
#5476 = VECTOR('',#5477,1.);
#5477 = DIRECTION('',(-1.,0.,0.));
#5478 = PCURVE('',#4889,#5479);
#5479 = DEFINITIONAL_REPRESENTATION('',(#5480),#5483);
#5480 = B_SPLINE_CURVE_WITH_KNOTS('',1,(#5481,#5482),.UNSPECIFIED.,.F.,
  .F.,(2,2),(-98.75,-8.75),.PIECEWISE_BEZIER_KNOTS.);
#5481 = CARTESIAN_POINT('',(107.5,33.11156894495));
#5482 = CARTESIAN_POINT('',(17.5,33.11156894495));
#5483 = ( GEOMETRIC_REPRESENTATION_CONTEXT(2) 
PARAMETRIC_REPRESENTATION_CONTEXT() REPRESENTATION_CONTEXT('2D SPACE',''
  ) );
#5484 = PCURVE('',#5360,#5485);
#5485 = DEFINITIONAL_REPRESENTATION('',(#5486),#5489);
#5486 = B_SPLINE_CURVE_WITH_KNOTS('',1,(#5487,#5488),.UNSPECIFIED.,.F.,
  .F.,(2,2),(-98.75,-8.75),.PIECEWISE_BEZIER_KNOTS.);
#5487 = CARTESIAN_POINT('',(14.868393592574,90.));
#5488 = CARTESIAN_POINT('',(14.868393592574,0.));
#5489 = ( GEOMETRIC_REPRESENTATION_CONTEXT(2) 
PARAMETRIC_REPRESENTATION_CONTEXT() REPRESENTATION_CONTEXT('2D SPACE',''
  ) );
#5490 = ADVANCED_FACE('',(#5491),#4917,.T.);
#5491 = FACE_BOUND('',#5492,.T.);
#5492 = EDGE_LOOP('',(#5493,#5517,#5538,#5539));
#5493 = ORIENTED_EDGE('',*,*,#5494,.T.);
#5494 = EDGE_CURVE('',#4902,#5495,#5497,.T.);
#5495 = VERTEX_POINT('',#5496);
#5496 = CARTESIAN_POINT('',(-59.5,45.,0.));
#5497 = SURFACE_CURVE('',#5498,(#5503,#5510),.PCURVE_S1.);
#5498 = CIRCLE('',#5499,3.);
#5499 = AXIS2_PLACEMENT_3D('',#5500,#5501,#5502);
#5500 = CARTESIAN_POINT('',(-59.5,48.,0.));
#5501 = DIRECTION('',(0.,0.,1.));
#5502 = DIRECTION('',(0.,-1.,0.));
#5503 = PCURVE('',#4917,#5504);
#5504 = DEFINITIONAL_REPRESENTATION('',(#5505),#5509);
#5505 = LINE('',#5506,#5507);
#5506 = CARTESIAN_POINT('',(-4.712388980385,0.));
#5507 = VECTOR('',#5508,1.);
#5508 = DIRECTION('',(1.,0.));
#5509 = ( GEOMETRIC_REPRESENTATION_CONTEXT(2) 
PARAMETRIC_REPRESENTATION_CONTEXT() REPRESENTATION_CONTEXT('2D SPACE',''
  ) );
#5510 = PCURVE('',#4945,#5511);
#5511 = DEFINITIONAL_REPRESENTATION('',(#5512),#5516);
#5512 = CIRCLE('',#5513,3.);
#5513 = AXIS2_PLACEMENT_2D('',#5514,#5515);
#5514 = CARTESIAN_POINT('',(3.,3.));
#5515 = DIRECTION('',(0.,-1.));
#5516 = ( GEOMETRIC_REPRESENTATION_CONTEXT(2) 
PARAMETRIC_REPRESENTATION_CONTEXT() REPRESENTATION_CONTEXT('2D SPACE',''
  ) );
#5517 = ORIENTED_EDGE('',*,*,#5518,.T.);
#5518 = EDGE_CURVE('',#5495,#4988,#5519,.T.);
#5519 = SURFACE_CURVE('',#5520,(#5524,#5531),.PCURVE_S1.);
#5520 = LINE('',#5521,#5522);
#5521 = CARTESIAN_POINT('',(-59.5,45.,0.));
#5522 = VECTOR('',#5523,1.);
#5523 = DIRECTION('',(0.,0.,1.));
#5524 = PCURVE('',#4917,#5525);
#5525 = DEFINITIONAL_REPRESENTATION('',(#5526),#5530);
#5526 = LINE('',#5527,#5528);
#5527 = CARTESIAN_POINT('',(1.570796326795,0.));
#5528 = VECTOR('',#5529,1.);
#5529 = DIRECTION('',(0.,1.));
#5530 = ( GEOMETRIC_REPRESENTATION_CONTEXT(2) 
PARAMETRIC_REPRESENTATION_CONTEXT() REPRESENTATION_CONTEXT('2D SPACE',''
  ) );
#5531 = PCURVE('',#5027,#5532);
#5532 = DEFINITIONAL_REPRESENTATION('',(#5533),#5537);
#5533 = LINE('',#5534,#5535);
#5534 = CARTESIAN_POINT('',(0.,3.));
#5535 = VECTOR('',#5536,1.);
#5536 = DIRECTION('',(1.,0.));
#5537 = ( GEOMETRIC_REPRESENTATION_CONTEXT(2) 
PARAMETRIC_REPRESENTATION_CONTEXT() REPRESENTATION_CONTEXT('2D SPACE',''
  ) );
#5538 = ORIENTED_EDGE('',*,*,#4987,.F.);
#5539 = ORIENTED_EDGE('',*,*,#4901,.F.);
#5540 = ADVANCED_FACE('',(#5541),#4971,.T.);
#5541 = FACE_BOUND('',#5542,.F.);
#5542 = EDGE_LOOP('',(#5543,#5571,#5592,#5593));
#5543 = ORIENTED_EDGE('',*,*,#5544,.T.);
#5544 = EDGE_CURVE('',#4930,#5545,#5547,.T.);
#5545 = VERTEX_POINT('',#5546);
#5546 = CARTESIAN_POINT('',(-59.5,93.03836631211,0.));
#5547 = SURFACE_CURVE('',#5548,(#5553,#5560),.PCURVE_S1.);
#5548 = CIRCLE('',#5549,3.);
#5549 = AXIS2_PLACEMENT_3D('',#5550,#5551,#5552);
#5550 = CARTESIAN_POINT('',(-59.5,90.03836631211,0.));
#5551 = DIRECTION('',(-0.,-0.,-1.));
#5552 = DIRECTION('',(0.,-1.,0.));
#5553 = PCURVE('',#4971,#5554);
#5554 = DEFINITIONAL_REPRESENTATION('',(#5555),#5559);
#5555 = LINE('',#5556,#5557);
#5556 = CARTESIAN_POINT('',(1.570796326795,-0.));
#5557 = VECTOR('',#5558,1.);
#5558 = DIRECTION('',(-1.,0.));
#5559 = ( GEOMETRIC_REPRESENTATION_CONTEXT(2) 
PARAMETRIC_REPRESENTATION_CONTEXT() REPRESENTATION_CONTEXT('2D SPACE',''
  ) );
#5560 = PCURVE('',#4945,#5561);
#5561 = DEFINITIONAL_REPRESENTATION('',(#5562),#5570);
#5562 = ( BOUNDED_CURVE() B_SPLINE_CURVE(2,(#5563,#5564,#5565,#5566,
#5567,#5568,#5569),.UNSPECIFIED.,.T.,.F.) B_SPLINE_CURVE_WITH_KNOTS((1,2
    ,2,2,2,1),(-2.094395102393,0.,2.094395102393,4.188790204786,
6.28318530718,8.377580409573),.UNSPECIFIED.) CURVE() 
GEOMETRIC_REPRESENTATION_ITEM() RATIONAL_B_SPLINE_CURVE((1.,0.5,1.,0.5,
1.,0.5,1.)) REPRESENTATION_ITEM('') );
#5563 = CARTESIAN_POINT('',(3.,42.03836631211));
#5564 = CARTESIAN_POINT('',(-2.196152422707,42.03836631211));
#5565 = CARTESIAN_POINT('',(0.401923788647,46.53836631211));
#5566 = CARTESIAN_POINT('',(3.,51.03836631211));
#5567 = CARTESIAN_POINT('',(5.598076211353,46.53836631211));
#5568 = CARTESIAN_POINT('',(8.196152422707,42.03836631211));
#5569 = CARTESIAN_POINT('',(3.,42.03836631211));
#5570 = ( GEOMETRIC_REPRESENTATION_CONTEXT(2) 
PARAMETRIC_REPRESENTATION_CONTEXT() REPRESENTATION_CONTEXT('2D SPACE',''
  ) );
#5571 = ORIENTED_EDGE('',*,*,#5572,.T.);
#5572 = EDGE_CURVE('',#5545,#5130,#5573,.T.);
#5573 = SURFACE_CURVE('',#5574,(#5578,#5585),.PCURVE_S1.);
#5574 = LINE('',#5575,#5576);
#5575 = CARTESIAN_POINT('',(-59.5,93.03836631211,0.));
#5576 = VECTOR('',#5577,1.);
#5577 = DIRECTION('',(0.,0.,1.));
#5578 = PCURVE('',#4971,#5579);
#5579 = DEFINITIONAL_REPRESENTATION('',(#5580),#5584);
#5580 = LINE('',#5581,#5582);
#5581 = CARTESIAN_POINT('',(-1.570796326795,0.));
#5582 = VECTOR('',#5583,1.);
#5583 = DIRECTION('',(-0.,1.));
#5584 = ( GEOMETRIC_REPRESENTATION_CONTEXT(2) 
PARAMETRIC_REPRESENTATION_CONTEXT() REPRESENTATION_CONTEXT('2D SPACE',''
  ) );
#5585 = PCURVE('',#5145,#5586);
#5586 = DEFINITIONAL_REPRESENTATION('',(#5587),#5591);
#5587 = LINE('',#5588,#5589);
#5588 = CARTESIAN_POINT('',(0.,3.));
#5589 = VECTOR('',#5590,1.);
#5590 = DIRECTION('',(1.,0.));
#5591 = ( GEOMETRIC_REPRESENTATION_CONTEXT(2) 
PARAMETRIC_REPRESENTATION_CONTEXT() REPRESENTATION_CONTEXT('2D SPACE',''
  ) );
#5592 = ORIENTED_EDGE('',*,*,#5157,.F.);
#5593 = ORIENTED_EDGE('',*,*,#4957,.F.);
#5594 = ADVANCED_FACE('',(#5595),#4945,.F.);
#5595 = FACE_BOUND('',#5596,.F.);
#5596 = EDGE_LOOP('',(#5597,#5598,#5599,#5622,#5650,#5673,#5697,#5718));
#5597 = ORIENTED_EDGE('',*,*,#4929,.F.);
#5598 = ORIENTED_EDGE('',*,*,#5494,.T.);
#5599 = ORIENTED_EDGE('',*,*,#5600,.T.);
#5600 = EDGE_CURVE('',#5495,#5601,#5603,.T.);
#5601 = VERTEX_POINT('',#5602);
#5602 = CARTESIAN_POINT('',(59.5,45.,0.));
#5603 = SURFACE_CURVE('',#5604,(#5608,#5615),.PCURVE_S1.);
#5604 = LINE('',#5605,#5606);
#5605 = CARTESIAN_POINT('',(-62.5,45.,0.));
#5606 = VECTOR('',#5607,1.);
#5607 = DIRECTION('',(1.,0.,0.));
#5608 = PCURVE('',#4945,#5609);
#5609 = DEFINITIONAL_REPRESENTATION('',(#5610),#5614);
#5610 = LINE('',#5611,#5612);
#5611 = CARTESIAN_POINT('',(0.,0.));
#5612 = VECTOR('',#5613,1.);
#5613 = DIRECTION('',(1.,0.));
#5614 = ( GEOMETRIC_REPRESENTATION_CONTEXT(2) 
PARAMETRIC_REPRESENTATION_CONTEXT() REPRESENTATION_CONTEXT('2D SPACE',''
  ) );
#5615 = PCURVE('',#5027,#5616);
#5616 = DEFINITIONAL_REPRESENTATION('',(#5617),#5621);
#5617 = LINE('',#5618,#5619);
#5618 = CARTESIAN_POINT('',(0.,0.));
#5619 = VECTOR('',#5620,1.);
#5620 = DIRECTION('',(0.,1.));
#5621 = ( GEOMETRIC_REPRESENTATION_CONTEXT(2) 
PARAMETRIC_REPRESENTATION_CONTEXT() REPRESENTATION_CONTEXT('2D SPACE',''
  ) );
#5622 = ORIENTED_EDGE('',*,*,#5623,.F.);
#5623 = EDGE_CURVE('',#5624,#5601,#5626,.T.);
#5624 = VERTEX_POINT('',#5625);
#5625 = CARTESIAN_POINT('',(62.5,48.,0.));
#5626 = SURFACE_CURVE('',#5627,(#5632,#5643),.PCURVE_S1.);
#5627 = CIRCLE('',#5628,3.);
#5628 = AXIS2_PLACEMENT_3D('',#5629,#5630,#5631);
#5629 = CARTESIAN_POINT('',(59.5,48.,0.));
#5630 = DIRECTION('',(-0.,-0.,-1.));
#5631 = DIRECTION('',(0.,-1.,0.));
#5632 = PCURVE('',#4945,#5633);
#5633 = DEFINITIONAL_REPRESENTATION('',(#5634),#5642);
#5634 = ( BOUNDED_CURVE() B_SPLINE_CURVE(2,(#5635,#5636,#5637,#5638,
#5639,#5640,#5641),.UNSPECIFIED.,.T.,.F.) B_SPLINE_CURVE_WITH_KNOTS((1,2
    ,2,2,2,1),(-2.094395102393,0.,2.094395102393,4.188790204786,
6.28318530718,8.377580409573),.UNSPECIFIED.) CURVE() 
GEOMETRIC_REPRESENTATION_ITEM() RATIONAL_B_SPLINE_CURVE((1.,0.5,1.,0.5,
1.,0.5,1.)) REPRESENTATION_ITEM('') );
#5635 = CARTESIAN_POINT('',(122.,0.));
#5636 = CARTESIAN_POINT('',(116.80384757729,0.));
#5637 = CARTESIAN_POINT('',(119.40192378864,4.5));
#5638 = CARTESIAN_POINT('',(122.,9.));
#5639 = CARTESIAN_POINT('',(124.59807621135,4.5));
#5640 = CARTESIAN_POINT('',(127.1961524227,4.440892098501E-15));
#5641 = CARTESIAN_POINT('',(122.,0.));
#5642 = ( GEOMETRIC_REPRESENTATION_CONTEXT(2) 
PARAMETRIC_REPRESENTATION_CONTEXT() REPRESENTATION_CONTEXT('2D SPACE',''
  ) );
#5643 = PCURVE('',#5060,#5644);
#5644 = DEFINITIONAL_REPRESENTATION('',(#5645),#5649);
#5645 = LINE('',#5646,#5647);
#5646 = CARTESIAN_POINT('',(4.712388980385,-0.));
#5647 = VECTOR('',#5648,1.);
#5648 = DIRECTION('',(-1.,0.));
#5649 = ( GEOMETRIC_REPRESENTATION_CONTEXT(2) 
PARAMETRIC_REPRESENTATION_CONTEXT() REPRESENTATION_CONTEXT('2D SPACE',''
  ) );
#5650 = ORIENTED_EDGE('',*,*,#5651,.T.);
#5651 = EDGE_CURVE('',#5624,#5652,#5654,.T.);
#5652 = VERTEX_POINT('',#5653);
#5653 = CARTESIAN_POINT('',(62.5,90.03836631211,0.));
#5654 = SURFACE_CURVE('',#5655,(#5659,#5666),.PCURVE_S1.);
#5655 = LINE('',#5656,#5657);
#5656 = CARTESIAN_POINT('',(62.5,45.,0.));
#5657 = VECTOR('',#5658,1.);
#5658 = DIRECTION('',(0.,1.,0.));
#5659 = PCURVE('',#4945,#5660);
#5660 = DEFINITIONAL_REPRESENTATION('',(#5661),#5665);
#5661 = LINE('',#5662,#5663);
#5662 = CARTESIAN_POINT('',(125.,0.));
#5663 = VECTOR('',#5664,1.);
#5664 = DIRECTION('',(0.,1.));
#5665 = ( GEOMETRIC_REPRESENTATION_CONTEXT(2) 
PARAMETRIC_REPRESENTATION_CONTEXT() REPRESENTATION_CONTEXT('2D SPACE',''
  ) );
#5666 = PCURVE('',#5088,#5667);
#5667 = DEFINITIONAL_REPRESENTATION('',(#5668),#5672);
#5668 = LINE('',#5669,#5670);
#5669 = CARTESIAN_POINT('',(0.,0.));
#5670 = VECTOR('',#5671,1.);
#5671 = DIRECTION('',(0.,-1.));
#5672 = ( GEOMETRIC_REPRESENTATION_CONTEXT(2) 
PARAMETRIC_REPRESENTATION_CONTEXT() REPRESENTATION_CONTEXT('2D SPACE',''
  ) );
#5673 = ORIENTED_EDGE('',*,*,#5674,.T.);
#5674 = EDGE_CURVE('',#5652,#5675,#5677,.T.);
#5675 = VERTEX_POINT('',#5676);
#5676 = CARTESIAN_POINT('',(59.5,93.03836631211,0.));
#5677 = SURFACE_CURVE('',#5678,(#5683,#5690),.PCURVE_S1.);
#5678 = CIRCLE('',#5679,3.);
#5679 = AXIS2_PLACEMENT_3D('',#5680,#5681,#5682);
#5680 = CARTESIAN_POINT('',(59.5,90.03836631211,0.));
#5681 = DIRECTION('',(0.,0.,1.));
#5682 = DIRECTION('',(0.,-1.,0.));
#5683 = PCURVE('',#4945,#5684);
#5684 = DEFINITIONAL_REPRESENTATION('',(#5685),#5689);
#5685 = CIRCLE('',#5686,3.);
#5686 = AXIS2_PLACEMENT_2D('',#5687,#5688);
#5687 = CARTESIAN_POINT('',(122.,45.03836631211));
#5688 = DIRECTION('',(0.,-1.));
#5689 = ( GEOMETRIC_REPRESENTATION_CONTEXT(2) 
PARAMETRIC_REPRESENTATION_CONTEXT() REPRESENTATION_CONTEXT('2D SPACE',''
  ) );
#5690 = PCURVE('',#5117,#5691);
#5691 = DEFINITIONAL_REPRESENTATION('',(#5692),#5696);
#5692 = LINE('',#5693,#5694);
#5693 = CARTESIAN_POINT('',(-1.570796326795,0.));
#5694 = VECTOR('',#5695,1.);
#5695 = DIRECTION('',(1.,0.));
#5696 = ( GEOMETRIC_REPRESENTATION_CONTEXT(2) 
PARAMETRIC_REPRESENTATION_CONTEXT() REPRESENTATION_CONTEXT('2D SPACE',''
  ) );
#5697 = ORIENTED_EDGE('',*,*,#5698,.F.);
#5698 = EDGE_CURVE('',#5545,#5675,#5699,.T.);
#5699 = SURFACE_CURVE('',#5700,(#5704,#5711),.PCURVE_S1.);
#5700 = LINE('',#5701,#5702);
#5701 = CARTESIAN_POINT('',(-62.5,93.03836631211,0.));
#5702 = VECTOR('',#5703,1.);
#5703 = DIRECTION('',(1.,0.,0.));
#5704 = PCURVE('',#4945,#5705);
#5705 = DEFINITIONAL_REPRESENTATION('',(#5706),#5710);
#5706 = LINE('',#5707,#5708);
#5707 = CARTESIAN_POINT('',(0.,48.03836631211));
#5708 = VECTOR('',#5709,1.);
#5709 = DIRECTION('',(1.,0.));
#5710 = ( GEOMETRIC_REPRESENTATION_CONTEXT(2) 
PARAMETRIC_REPRESENTATION_CONTEXT() REPRESENTATION_CONTEXT('2D SPACE',''
  ) );
#5711 = PCURVE('',#5145,#5712);
#5712 = DEFINITIONAL_REPRESENTATION('',(#5713),#5717);
#5713 = LINE('',#5714,#5715);
#5714 = CARTESIAN_POINT('',(0.,0.));
#5715 = VECTOR('',#5716,1.);
#5716 = DIRECTION('',(0.,1.));
#5717 = ( GEOMETRIC_REPRESENTATION_CONTEXT(2) 
PARAMETRIC_REPRESENTATION_CONTEXT() REPRESENTATION_CONTEXT('2D SPACE',''
  ) );
#5718 = ORIENTED_EDGE('',*,*,#5544,.F.);
#5719 = ADVANCED_FACE('',(#5720),#5027,.F.);
#5720 = FACE_BOUND('',#5721,.F.);
#5721 = EDGE_LOOP('',(#5722,#5723,#5724,#5725));
#5722 = ORIENTED_EDGE('',*,*,#5600,.F.);
#5723 = ORIENTED_EDGE('',*,*,#5518,.T.);
#5724 = ORIENTED_EDGE('',*,*,#5011,.T.);
#5725 = ORIENTED_EDGE('',*,*,#5726,.F.);
#5726 = EDGE_CURVE('',#5601,#5012,#5727,.T.);
#5727 = SURFACE_CURVE('',#5728,(#5732,#5739),.PCURVE_S1.);
#5728 = LINE('',#5729,#5730);
#5729 = CARTESIAN_POINT('',(59.5,45.,0.));
#5730 = VECTOR('',#5731,1.);
#5731 = DIRECTION('',(0.,0.,1.));
#5732 = PCURVE('',#5027,#5733);
#5733 = DEFINITIONAL_REPRESENTATION('',(#5734),#5738);
#5734 = LINE('',#5735,#5736);
#5735 = CARTESIAN_POINT('',(0.,122.));
#5736 = VECTOR('',#5737,1.);
#5737 = DIRECTION('',(1.,0.));
#5738 = ( GEOMETRIC_REPRESENTATION_CONTEXT(2) 
PARAMETRIC_REPRESENTATION_CONTEXT() REPRESENTATION_CONTEXT('2D SPACE',''
  ) );
#5739 = PCURVE('',#5060,#5740);
#5740 = DEFINITIONAL_REPRESENTATION('',(#5741),#5745);
#5741 = LINE('',#5742,#5743);
#5742 = CARTESIAN_POINT('',(-1.570796326795,0.));
#5743 = VECTOR('',#5744,1.);
#5744 = DIRECTION('',(-0.,1.));
#5745 = ( GEOMETRIC_REPRESENTATION_CONTEXT(2) 
PARAMETRIC_REPRESENTATION_CONTEXT() REPRESENTATION_CONTEXT('2D SPACE',''
  ) );
#5746 = ADVANCED_FACE('',(#5747),#5145,.T.);
#5747 = FACE_BOUND('',#5748,.T.);
#5748 = EDGE_LOOP('',(#5749,#5750,#5751,#5752));
#5749 = ORIENTED_EDGE('',*,*,#5698,.F.);
#5750 = ORIENTED_EDGE('',*,*,#5572,.T.);
#5751 = ORIENTED_EDGE('',*,*,#5129,.T.);
#5752 = ORIENTED_EDGE('',*,*,#5753,.F.);
#5753 = EDGE_CURVE('',#5675,#5101,#5754,.T.);
#5754 = SURFACE_CURVE('',#5755,(#5759,#5766),.PCURVE_S1.);
#5755 = LINE('',#5756,#5757);
#5756 = CARTESIAN_POINT('',(59.5,93.03836631211,0.));
#5757 = VECTOR('',#5758,1.);
#5758 = DIRECTION('',(0.,0.,1.));
#5759 = PCURVE('',#5145,#5760);
#5760 = DEFINITIONAL_REPRESENTATION('',(#5761),#5765);
#5761 = LINE('',#5762,#5763);
#5762 = CARTESIAN_POINT('',(0.,122.));
#5763 = VECTOR('',#5764,1.);
#5764 = DIRECTION('',(1.,0.));
#5765 = ( GEOMETRIC_REPRESENTATION_CONTEXT(2) 
PARAMETRIC_REPRESENTATION_CONTEXT() REPRESENTATION_CONTEXT('2D SPACE',''
  ) );
#5766 = PCURVE('',#5117,#5767);
#5767 = DEFINITIONAL_REPRESENTATION('',(#5768),#5772);
#5768 = LINE('',#5769,#5770);
#5769 = CARTESIAN_POINT('',(1.570796326795,0.));
#5770 = VECTOR('',#5771,1.);
#5771 = DIRECTION('',(0.,1.));
#5772 = ( GEOMETRIC_REPRESENTATION_CONTEXT(2) 
PARAMETRIC_REPRESENTATION_CONTEXT() REPRESENTATION_CONTEXT('2D SPACE',''
  ) );
#5773 = ADVANCED_FACE('',(#5774),#5060,.T.);
#5774 = FACE_BOUND('',#5775,.F.);
#5775 = EDGE_LOOP('',(#5776,#5777,#5778,#5779));
#5776 = ORIENTED_EDGE('',*,*,#5623,.T.);
#5777 = ORIENTED_EDGE('',*,*,#5726,.T.);
#5778 = ORIENTED_EDGE('',*,*,#5039,.F.);
#5779 = ORIENTED_EDGE('',*,*,#5780,.F.);
#5780 = EDGE_CURVE('',#5624,#5040,#5781,.T.);
#5781 = SURFACE_CURVE('',#5782,(#5786,#5793),.PCURVE_S1.);
#5782 = LINE('',#5783,#5784);
#5783 = CARTESIAN_POINT('',(62.5,48.,0.));
#5784 = VECTOR('',#5785,1.);
#5785 = DIRECTION('',(0.,0.,1.));
#5786 = PCURVE('',#5060,#5787);
#5787 = DEFINITIONAL_REPRESENTATION('',(#5788),#5792);
#5788 = LINE('',#5789,#5790);
#5789 = CARTESIAN_POINT('',(-0.,0.));
#5790 = VECTOR('',#5791,1.);
#5791 = DIRECTION('',(-0.,1.));
#5792 = ( GEOMETRIC_REPRESENTATION_CONTEXT(2) 
PARAMETRIC_REPRESENTATION_CONTEXT() REPRESENTATION_CONTEXT('2D SPACE',''
  ) );
#5793 = PCURVE('',#5088,#5794);
#5794 = DEFINITIONAL_REPRESENTATION('',(#5795),#5799);
#5795 = LINE('',#5796,#5797);
#5796 = CARTESIAN_POINT('',(0.,-3.));
#5797 = VECTOR('',#5798,1.);
#5798 = DIRECTION('',(1.,0.));
#5799 = ( GEOMETRIC_REPRESENTATION_CONTEXT(2) 
PARAMETRIC_REPRESENTATION_CONTEXT() REPRESENTATION_CONTEXT('2D SPACE',''
  ) );
#5800 = ADVANCED_FACE('',(#5801),#5117,.T.);
#5801 = FACE_BOUND('',#5802,.T.);
#5802 = EDGE_LOOP('',(#5803,#5804,#5805,#5806));
#5803 = ORIENTED_EDGE('',*,*,#5674,.T.);
#5804 = ORIENTED_EDGE('',*,*,#5753,.T.);
#5805 = ORIENTED_EDGE('',*,*,#5100,.F.);
#5806 = ORIENTED_EDGE('',*,*,#5807,.F.);
#5807 = EDGE_CURVE('',#5652,#5073,#5808,.T.);
#5808 = SURFACE_CURVE('',#5809,(#5813,#5820),.PCURVE_S1.);
#5809 = LINE('',#5810,#5811);
#5810 = CARTESIAN_POINT('',(62.5,90.03836631211,0.));
#5811 = VECTOR('',#5812,1.);
#5812 = DIRECTION('',(0.,0.,1.));
#5813 = PCURVE('',#5117,#5814);
#5814 = DEFINITIONAL_REPRESENTATION('',(#5815),#5819);
#5815 = LINE('',#5816,#5817);
#5816 = CARTESIAN_POINT('',(0.,0.));
#5817 = VECTOR('',#5818,1.);
#5818 = DIRECTION('',(0.,1.));
#5819 = ( GEOMETRIC_REPRESENTATION_CONTEXT(2) 
PARAMETRIC_REPRESENTATION_CONTEXT() REPRESENTATION_CONTEXT('2D SPACE',''
  ) );
#5820 = PCURVE('',#5088,#5821);
#5821 = DEFINITIONAL_REPRESENTATION('',(#5822),#5826);
#5822 = LINE('',#5823,#5824);
#5823 = CARTESIAN_POINT('',(0.,-45.03836631211));
#5824 = VECTOR('',#5825,1.);
#5825 = DIRECTION('',(1.,0.));
#5826 = ( GEOMETRIC_REPRESENTATION_CONTEXT(2) 
PARAMETRIC_REPRESENTATION_CONTEXT() REPRESENTATION_CONTEXT('2D SPACE',''
  ) );
#5827 = ADVANCED_FACE('',(#5828),#5088,.T.);
#5828 = FACE_BOUND('',#5829,.T.);
#5829 = EDGE_LOOP('',(#5830,#5831,#5832,#5833));
#5830 = ORIENTED_EDGE('',*,*,#5072,.F.);
#5831 = ORIENTED_EDGE('',*,*,#5780,.F.);
#5832 = ORIENTED_EDGE('',*,*,#5651,.T.);
#5833 = ORIENTED_EDGE('',*,*,#5807,.T.);
#5834 = ADVANCED_FACE('',(#5835),#5202,.F.);
#5835 = FACE_BOUND('',#5836,.F.);
#5836 = EDGE_LOOP('',(#5837,#5860,#5861,#5884));
#5837 = ORIENTED_EDGE('',*,*,#5838,.F.);
#5838 = EDGE_CURVE('',#5186,#5839,#5841,.T.);
#5839 = VERTEX_POINT('',#5840);
#5840 = CARTESIAN_POINT('',(50.,47.,16.097546610296));
#5841 = SURFACE_CURVE('',#5842,(#5846,#5853),.PCURVE_S1.);
#5842 = LINE('',#5843,#5844);
#5843 = CARTESIAN_POINT('',(50.,47.,3.99));
#5844 = VECTOR('',#5845,1.);
#5845 = DIRECTION('',(0.,0.,1.));
#5846 = PCURVE('',#5202,#5847);
#5847 = DEFINITIONAL_REPRESENTATION('',(#5848),#5852);
#5848 = LINE('',#5849,#5850);
#5849 = CARTESIAN_POINT('',(0.,100.));
#5850 = VECTOR('',#5851,1.);
#5851 = DIRECTION('',(1.,0.));
#5852 = ( GEOMETRIC_REPRESENTATION_CONTEXT(2) 
PARAMETRIC_REPRESENTATION_CONTEXT() REPRESENTATION_CONTEXT('2D SPACE',''
  ) );
#5853 = PCURVE('',#5278,#5854);
#5854 = DEFINITIONAL_REPRESENTATION('',(#5855),#5859);
#5855 = LINE('',#5856,#5857);
#5856 = CARTESIAN_POINT('',(0.,0.));
#5857 = VECTOR('',#5858,1.);
#5858 = DIRECTION('',(1.,0.));
#5859 = ( GEOMETRIC_REPRESENTATION_CONTEXT(2) 
PARAMETRIC_REPRESENTATION_CONTEXT() REPRESENTATION_CONTEXT('2D SPACE',''
  ) );
#5860 = ORIENTED_EDGE('',*,*,#5185,.T.);
#5861 = ORIENTED_EDGE('',*,*,#5862,.T.);
#5862 = EDGE_CURVE('',#5188,#5863,#5865,.T.);
#5863 = VERTEX_POINT('',#5864);
#5864 = CARTESIAN_POINT('',(-50.,47.,16.097546610296));
#5865 = SURFACE_CURVE('',#5866,(#5870,#5877),.PCURVE_S1.);
#5866 = LINE('',#5867,#5868);
#5867 = CARTESIAN_POINT('',(-50.,47.,3.99));
#5868 = VECTOR('',#5869,1.);
#5869 = DIRECTION('',(0.,0.,1.));
#5870 = PCURVE('',#5202,#5871);
#5871 = DEFINITIONAL_REPRESENTATION('',(#5872),#5876);
#5872 = LINE('',#5873,#5874);
#5873 = CARTESIAN_POINT('',(0.,0.));
#5874 = VECTOR('',#5875,1.);
#5875 = DIRECTION('',(1.,0.));
#5876 = ( GEOMETRIC_REPRESENTATION_CONTEXT(2) 
PARAMETRIC_REPRESENTATION_CONTEXT() REPRESENTATION_CONTEXT('2D SPACE',''
  ) );
#5877 = PCURVE('',#5228,#5878);
#5878 = DEFINITIONAL_REPRESENTATION('',(#5879),#5883);
#5879 = LINE('',#5880,#5881);
#5880 = CARTESIAN_POINT('',(0.,0.));
#5881 = VECTOR('',#5882,1.);
#5882 = DIRECTION('',(1.,0.));
#5883 = ( GEOMETRIC_REPRESENTATION_CONTEXT(2) 
PARAMETRIC_REPRESENTATION_CONTEXT() REPRESENTATION_CONTEXT('2D SPACE',''
  ) );
#5884 = ORIENTED_EDGE('',*,*,#5885,.T.);
#5885 = EDGE_CURVE('',#5863,#5839,#5886,.T.);
#5886 = SURFACE_CURVE('',#5887,(#5891,#5898),.PCURVE_S1.);
#5887 = LINE('',#5888,#5889);
#5888 = CARTESIAN_POINT('',(-50.,47.,16.097546610296));
#5889 = VECTOR('',#5890,1.);
#5890 = DIRECTION('',(1.,0.,0.));
#5891 = PCURVE('',#5202,#5892);
#5892 = DEFINITIONAL_REPRESENTATION('',(#5893),#5897);
#5893 = LINE('',#5894,#5895);
#5894 = CARTESIAN_POINT('',(12.107546610296,0.));
#5895 = VECTOR('',#5896,1.);
#5896 = DIRECTION('',(0.,1.));
#5897 = ( GEOMETRIC_REPRESENTATION_CONTEXT(2) 
PARAMETRIC_REPRESENTATION_CONTEXT() REPRESENTATION_CONTEXT('2D SPACE',''
  ) );
#5898 = PCURVE('',#5899,#5904);
#5899 = PLANE('',#5900);
#5900 = AXIS2_PLACEMENT_3D('',#5901,#5902,#5903);
#5901 = CARTESIAN_POINT('',(-50.,47.,16.097546610296));
#5902 = DIRECTION('',(0.,0.,1.));
#5903 = DIRECTION('',(1.,0.,0.));
#5904 = DEFINITIONAL_REPRESENTATION('',(#5905),#5909);
#5905 = LINE('',#5906,#5907);
#5906 = CARTESIAN_POINT('',(0.,0.));
#5907 = VECTOR('',#5908,1.);
#5908 = DIRECTION('',(1.,0.));
#5909 = ( GEOMETRIC_REPRESENTATION_CONTEXT(2) 
PARAMETRIC_REPRESENTATION_CONTEXT() REPRESENTATION_CONTEXT('2D SPACE',''
  ) );
#5910 = ADVANCED_FACE('',(#5911),#5278,.T.);
#5911 = FACE_BOUND('',#5912,.T.);
#5912 = EDGE_LOOP('',(#5913,#5914,#5915,#5938));
#5913 = ORIENTED_EDGE('',*,*,#5838,.F.);
#5914 = ORIENTED_EDGE('',*,*,#5265,.T.);
#5915 = ORIENTED_EDGE('',*,*,#5916,.T.);
#5916 = EDGE_CURVE('',#5240,#5917,#5919,.T.);
#5917 = VERTEX_POINT('',#5918);
#5918 = CARTESIAN_POINT('',(50.,51.7,16.097546610296));
#5919 = SURFACE_CURVE('',#5920,(#5924,#5931),.PCURVE_S1.);
#5920 = LINE('',#5921,#5922);
#5921 = CARTESIAN_POINT('',(50.,51.7,3.99));
#5922 = VECTOR('',#5923,1.);
#5923 = DIRECTION('',(0.,0.,1.));
#5924 = PCURVE('',#5278,#5925);
#5925 = DEFINITIONAL_REPRESENTATION('',(#5926),#5930);
#5926 = LINE('',#5927,#5928);
#5927 = CARTESIAN_POINT('',(0.,-4.7));
#5928 = VECTOR('',#5929,1.);
#5929 = DIRECTION('',(1.,0.));
#5930 = ( GEOMETRIC_REPRESENTATION_CONTEXT(2) 
PARAMETRIC_REPRESENTATION_CONTEXT() REPRESENTATION_CONTEXT('2D SPACE',''
  ) );
#5931 = PCURVE('',#5254,#5932);
#5932 = DEFINITIONAL_REPRESENTATION('',(#5933),#5937);
#5933 = LINE('',#5934,#5935);
#5934 = CARTESIAN_POINT('',(0.,100.));
#5935 = VECTOR('',#5936,1.);
#5936 = DIRECTION('',(1.,0.));
#5937 = ( GEOMETRIC_REPRESENTATION_CONTEXT(2) 
PARAMETRIC_REPRESENTATION_CONTEXT() REPRESENTATION_CONTEXT('2D SPACE',''
  ) );
#5938 = ORIENTED_EDGE('',*,*,#5939,.F.);
#5939 = EDGE_CURVE('',#5839,#5917,#5940,.T.);
#5940 = SURFACE_CURVE('',#5941,(#5945,#5952),.PCURVE_S1.);
#5941 = LINE('',#5942,#5943);
#5942 = CARTESIAN_POINT('',(50.,47.,16.097546610296));
#5943 = VECTOR('',#5944,1.);
#5944 = DIRECTION('',(0.,1.,0.));
#5945 = PCURVE('',#5278,#5946);
#5946 = DEFINITIONAL_REPRESENTATION('',(#5947),#5951);
#5947 = LINE('',#5948,#5949);
#5948 = CARTESIAN_POINT('',(12.107546610296,0.));
#5949 = VECTOR('',#5950,1.);
#5950 = DIRECTION('',(0.,-1.));
#5951 = ( GEOMETRIC_REPRESENTATION_CONTEXT(2) 
PARAMETRIC_REPRESENTATION_CONTEXT() REPRESENTATION_CONTEXT('2D SPACE',''
  ) );
#5952 = PCURVE('',#5899,#5953);
#5953 = DEFINITIONAL_REPRESENTATION('',(#5954),#5958);
#5954 = LINE('',#5955,#5956);
#5955 = CARTESIAN_POINT('',(100.,0.));
#5956 = VECTOR('',#5957,1.);
#5957 = DIRECTION('',(0.,1.));
#5958 = ( GEOMETRIC_REPRESENTATION_CONTEXT(2) 
PARAMETRIC_REPRESENTATION_CONTEXT() REPRESENTATION_CONTEXT('2D SPACE',''
  ) );
#5959 = ADVANCED_FACE('',(#5960),#5228,.F.);
#5960 = FACE_BOUND('',#5961,.F.);
#5961 = EDGE_LOOP('',(#5962,#5963,#5964,#5987));
#5962 = ORIENTED_EDGE('',*,*,#5862,.F.);
#5963 = ORIENTED_EDGE('',*,*,#5213,.T.);
#5964 = ORIENTED_EDGE('',*,*,#5965,.T.);
#5965 = EDGE_CURVE('',#5214,#5966,#5968,.T.);
#5966 = VERTEX_POINT('',#5967);
#5967 = CARTESIAN_POINT('',(-50.,51.7,16.097546610296));
#5968 = SURFACE_CURVE('',#5969,(#5973,#5980),.PCURVE_S1.);
#5969 = LINE('',#5970,#5971);
#5970 = CARTESIAN_POINT('',(-50.,51.7,3.99));
#5971 = VECTOR('',#5972,1.);
#5972 = DIRECTION('',(0.,0.,1.));
#5973 = PCURVE('',#5228,#5974);
#5974 = DEFINITIONAL_REPRESENTATION('',(#5975),#5979);
#5975 = LINE('',#5976,#5977);
#5976 = CARTESIAN_POINT('',(0.,-4.7));
#5977 = VECTOR('',#5978,1.);
#5978 = DIRECTION('',(1.,0.));
#5979 = ( GEOMETRIC_REPRESENTATION_CONTEXT(2) 
PARAMETRIC_REPRESENTATION_CONTEXT() REPRESENTATION_CONTEXT('2D SPACE',''
  ) );
#5980 = PCURVE('',#5254,#5981);
#5981 = DEFINITIONAL_REPRESENTATION('',(#5982),#5986);
#5982 = LINE('',#5983,#5984);
#5983 = CARTESIAN_POINT('',(0.,0.));
#5984 = VECTOR('',#5985,1.);
#5985 = DIRECTION('',(1.,0.));
#5986 = ( GEOMETRIC_REPRESENTATION_CONTEXT(2) 
PARAMETRIC_REPRESENTATION_CONTEXT() REPRESENTATION_CONTEXT('2D SPACE',''
  ) );
#5987 = ORIENTED_EDGE('',*,*,#5988,.F.);
#5988 = EDGE_CURVE('',#5863,#5966,#5989,.T.);
#5989 = SURFACE_CURVE('',#5990,(#5994,#6001),.PCURVE_S1.);
#5990 = LINE('',#5991,#5992);
#5991 = CARTESIAN_POINT('',(-50.,47.,16.097546610296));
#5992 = VECTOR('',#5993,1.);
#5993 = DIRECTION('',(0.,1.,0.));
#5994 = PCURVE('',#5228,#5995);
#5995 = DEFINITIONAL_REPRESENTATION('',(#5996),#6000);
#5996 = LINE('',#5997,#5998);
#5997 = CARTESIAN_POINT('',(12.107546610296,0.));
#5998 = VECTOR('',#5999,1.);
#5999 = DIRECTION('',(0.,-1.));
#6000 = ( GEOMETRIC_REPRESENTATION_CONTEXT(2) 
PARAMETRIC_REPRESENTATION_CONTEXT() REPRESENTATION_CONTEXT('2D SPACE',''
  ) );
#6001 = PCURVE('',#5899,#6002);
#6002 = DEFINITIONAL_REPRESENTATION('',(#6003),#6007);
#6003 = LINE('',#6004,#6005);
#6004 = CARTESIAN_POINT('',(0.,0.));
#6005 = VECTOR('',#6006,1.);
#6006 = DIRECTION('',(0.,1.));
#6007 = ( GEOMETRIC_REPRESENTATION_CONTEXT(2) 
PARAMETRIC_REPRESENTATION_CONTEXT() REPRESENTATION_CONTEXT('2D SPACE',''
  ) );
#6008 = ADVANCED_FACE('',(#6009),#5254,.T.);
#6009 = FACE_BOUND('',#6010,.T.);
#6010 = EDGE_LOOP('',(#6011,#6012,#6013,#6014));
#6011 = ORIENTED_EDGE('',*,*,#5916,.F.);
#6012 = ORIENTED_EDGE('',*,*,#5239,.T.);
#6013 = ORIENTED_EDGE('',*,*,#5965,.T.);
#6014 = ORIENTED_EDGE('',*,*,#6015,.T.);
#6015 = EDGE_CURVE('',#5966,#5917,#6016,.T.);
#6016 = SURFACE_CURVE('',#6017,(#6021,#6028),.PCURVE_S1.);
#6017 = LINE('',#6018,#6019);
#6018 = CARTESIAN_POINT('',(-50.,51.7,16.097546610296));
#6019 = VECTOR('',#6020,1.);
#6020 = DIRECTION('',(1.,0.,0.));
#6021 = PCURVE('',#5254,#6022);
#6022 = DEFINITIONAL_REPRESENTATION('',(#6023),#6027);
#6023 = LINE('',#6024,#6025);
#6024 = CARTESIAN_POINT('',(12.107546610296,0.));
#6025 = VECTOR('',#6026,1.);
#6026 = DIRECTION('',(0.,1.));
#6027 = ( GEOMETRIC_REPRESENTATION_CONTEXT(2) 
PARAMETRIC_REPRESENTATION_CONTEXT() REPRESENTATION_CONTEXT('2D SPACE',''
  ) );
#6028 = PCURVE('',#5899,#6029);
#6029 = DEFINITIONAL_REPRESENTATION('',(#6030),#6034);
#6030 = LINE('',#6031,#6032);
#6031 = CARTESIAN_POINT('',(0.,4.7));
#6032 = VECTOR('',#6033,1.);
#6033 = DIRECTION('',(1.,0.));
#6034 = ( GEOMETRIC_REPRESENTATION_CONTEXT(2) 
PARAMETRIC_REPRESENTATION_CONTEXT() REPRESENTATION_CONTEXT('2D SPACE',''
  ) );
#6035 = ADVANCED_FACE('',(#6036),#5308,.F.);
#6036 = FACE_BOUND('',#6037,.F.);
#6037 = EDGE_LOOP('',(#6038,#6039,#6062,#6090,#6111,#6112,#6135,#6163));
#6038 = ORIENTED_EDGE('',*,*,#5291,.T.);
#6039 = ORIENTED_EDGE('',*,*,#6040,.T.);
#6040 = EDGE_CURVE('',#5294,#6041,#6043,.T.);
#6041 = VERTEX_POINT('',#6042);
#6042 = CARTESIAN_POINT('',(-45.,86.174663006954,49.546689926231));
#6043 = SURFACE_CURVE('',#6044,(#6048,#6055),.PCURVE_S1.);
#6044 = LINE('',#6045,#6046);
#6045 = CARTESIAN_POINT('',(-45.,70.399642207955,-9.326489186088));
#6046 = VECTOR('',#6047,1.);
#6047 = DIRECTION('',(0.,0.258819045103,0.965925826289));
#6048 = PCURVE('',#5308,#6049);
#6049 = DEFINITIONAL_REPRESENTATION('',(#6050),#6054);
#6050 = LINE('',#6051,#6052);
#6051 = CARTESIAN_POINT('',(0.,0.));
#6052 = VECTOR('',#6053,1.);
#6053 = DIRECTION('',(1.,0.));
#6054 = ( GEOMETRIC_REPRESENTATION_CONTEXT(2) 
PARAMETRIC_REPRESENTATION_CONTEXT() REPRESENTATION_CONTEXT('2D SPACE',''
  ) );
#6055 = PCURVE('',#5334,#6056);
#6056 = DEFINITIONAL_REPRESENTATION('',(#6057),#6061);
#6057 = LINE('',#6058,#6059);
#6058 = CARTESIAN_POINT('',(0.,0.));
#6059 = VECTOR('',#6060,1.);
#6060 = DIRECTION('',(1.,0.));
#6061 = ( GEOMETRIC_REPRESENTATION_CONTEXT(2) 
PARAMETRIC_REPRESENTATION_CONTEXT() REPRESENTATION_CONTEXT('2D SPACE',''
  ) );
#6062 = ORIENTED_EDGE('',*,*,#6063,.T.);
#6063 = EDGE_CURVE('',#6041,#6064,#6066,.T.);
#6064 = VERTEX_POINT('',#6065);
#6065 = CARTESIAN_POINT('',(45.,86.174663006954,49.546689926231));
#6066 = SURFACE_CURVE('',#6067,(#6071,#6078),.PCURVE_S1.);
#6067 = LINE('',#6068,#6069);
#6068 = CARTESIAN_POINT('',(-45.,86.174663006954,49.546689926231));
#6069 = VECTOR('',#6070,1.);
#6070 = DIRECTION('',(1.,0.,0.));
#6071 = PCURVE('',#5308,#6072);
#6072 = DEFINITIONAL_REPRESENTATION('',(#6073),#6077);
#6073 = LINE('',#6074,#6075);
#6074 = CARTESIAN_POINT('',(60.95,0.));
#6075 = VECTOR('',#6076,1.);
#6076 = DIRECTION('',(0.,1.));
#6077 = ( GEOMETRIC_REPRESENTATION_CONTEXT(2) 
PARAMETRIC_REPRESENTATION_CONTEXT() REPRESENTATION_CONTEXT('2D SPACE',''
  ) );
#6078 = PCURVE('',#6079,#6084);
#6079 = PLANE('',#6080);
#6080 = AXIS2_PLACEMENT_3D('',#6081,#6082,#6083);
#6081 = CARTESIAN_POINT('',(-45.,86.174663006954,49.546689926231));
#6082 = DIRECTION('',(0.,0.258819045103,0.965925826289));
#6083 = DIRECTION('',(1.,0.,0.));
#6084 = DEFINITIONAL_REPRESENTATION('',(#6085),#6089);
#6085 = LINE('',#6086,#6087);
#6086 = CARTESIAN_POINT('',(0.,0.));
#6087 = VECTOR('',#6088,1.);
#6088 = DIRECTION('',(1.,0.));
#6089 = ( GEOMETRIC_REPRESENTATION_CONTEXT(2) 
PARAMETRIC_REPRESENTATION_CONTEXT() REPRESENTATION_CONTEXT('2D SPACE',''
  ) );
#6090 = ORIENTED_EDGE('',*,*,#6091,.F.);
#6091 = EDGE_CURVE('',#5398,#6064,#6092,.T.);
#6092 = SURFACE_CURVE('',#6093,(#6097,#6104),.PCURVE_S1.);
#6093 = LINE('',#6094,#6095);
#6094 = CARTESIAN_POINT('',(45.,70.399642207955,-9.326489186088));
#6095 = VECTOR('',#6096,1.);
#6096 = DIRECTION('',(0.,0.258819045103,0.965925826289));
#6097 = PCURVE('',#5308,#6098);
#6098 = DEFINITIONAL_REPRESENTATION('',(#6099),#6103);
#6099 = LINE('',#6100,#6101);
#6100 = CARTESIAN_POINT('',(0.,90.));
#6101 = VECTOR('',#6102,1.);
#6102 = DIRECTION('',(1.,0.));
#6103 = ( GEOMETRIC_REPRESENTATION_CONTEXT(2) 
PARAMETRIC_REPRESENTATION_CONTEXT() REPRESENTATION_CONTEXT('2D SPACE',''
  ) );
#6104 = PCURVE('',#5414,#6105);
#6105 = DEFINITIONAL_REPRESENTATION('',(#6106),#6110);
#6106 = LINE('',#6107,#6108);
#6107 = CARTESIAN_POINT('',(0.,0.));
#6108 = VECTOR('',#6109,1.);
#6109 = DIRECTION('',(1.,0.));
#6110 = ( GEOMETRIC_REPRESENTATION_CONTEXT(2) 
PARAMETRIC_REPRESENTATION_CONTEXT() REPRESENTATION_CONTEXT('2D SPACE',''
  ) );
#6111 = ORIENTED_EDGE('',*,*,#5425,.T.);
#6112 = ORIENTED_EDGE('',*,*,#6113,.F.);
#6113 = EDGE_CURVE('',#6114,#5426,#6116,.T.);
#6114 = VERTEX_POINT('',#6115);
#6115 = CARTESIAN_POINT('',(15.,77.646575470826,17.719433950006));
#6116 = SURFACE_CURVE('',#6117,(#6121,#6128),.PCURVE_S1.);
#6117 = LINE('',#6118,#6119);
#6118 = CARTESIAN_POINT('',(15.,69.623185072648,-12.22426666495));
#6119 = VECTOR('',#6120,1.);
#6120 = DIRECTION('',(0.,-0.258819045103,-0.965925826289));
#6121 = PCURVE('',#5308,#6122);
#6122 = DEFINITIONAL_REPRESENTATION('',(#6123),#6127);
#6123 = LINE('',#6124,#6125);
#6124 = CARTESIAN_POINT('',(-3.,60.));
#6125 = VECTOR('',#6126,1.);
#6126 = DIRECTION('',(-1.,0.));
#6127 = ( GEOMETRIC_REPRESENTATION_CONTEXT(2) 
PARAMETRIC_REPRESENTATION_CONTEXT() REPRESENTATION_CONTEXT('2D SPACE',''
  ) );
#6128 = PCURVE('',#5461,#6129);
#6129 = DEFINITIONAL_REPRESENTATION('',(#6130),#6134);
#6130 = LINE('',#6131,#6132);
#6131 = CARTESIAN_POINT('',(3.,-0.4));
#6132 = VECTOR('',#6133,1.);
#6133 = DIRECTION('',(-1.,0.));
#6134 = ( GEOMETRIC_REPRESENTATION_CONTEXT(2) 
PARAMETRIC_REPRESENTATION_CONTEXT() REPRESENTATION_CONTEXT('2D SPACE',''
  ) );
#6135 = ORIENTED_EDGE('',*,*,#6136,.F.);
#6136 = EDGE_CURVE('',#6137,#6114,#6139,.T.);
#6137 = VERTEX_POINT('',#6138);
#6138 = CARTESIAN_POINT('',(-15.,77.646575470826,17.719433950006));
#6139 = SURFACE_CURVE('',#6140,(#6144,#6151),.PCURVE_S1.);
#6140 = LINE('',#6141,#6142);
#6141 = CARTESIAN_POINT('',(-30.,77.646575470826,17.719433950006));
#6142 = VECTOR('',#6143,1.);
#6143 = DIRECTION('',(1.,0.,0.));
#6144 = PCURVE('',#5308,#6145);
#6145 = DEFINITIONAL_REPRESENTATION('',(#6146),#6150);
#6146 = LINE('',#6147,#6148);
#6147 = CARTESIAN_POINT('',(28.,15.));
#6148 = VECTOR('',#6149,1.);
#6149 = DIRECTION('',(0.,1.));
#6150 = ( GEOMETRIC_REPRESENTATION_CONTEXT(2) 
PARAMETRIC_REPRESENTATION_CONTEXT() REPRESENTATION_CONTEXT('2D SPACE',''
  ) );
#6151 = PCURVE('',#6152,#6157);
#6152 = PLANE('',#6153);
#6153 = AXIS2_PLACEMENT_3D('',#6154,#6155,#6156);
#6154 = CARTESIAN_POINT('',(-15.,77.26020514031,17.822961568047));
#6155 = DIRECTION('',(0.,0.258819045103,0.965925826289));
#6156 = DIRECTION('',(1.,0.,0.));
#6157 = DEFINITIONAL_REPRESENTATION('',(#6158),#6162);
#6158 = LINE('',#6159,#6160);
#6159 = CARTESIAN_POINT('',(-15.,0.4));
#6160 = VECTOR('',#6161,1.);
#6161 = DIRECTION('',(1.,0.));
#6162 = ( GEOMETRIC_REPRESENTATION_CONTEXT(2) 
PARAMETRIC_REPRESENTATION_CONTEXT() REPRESENTATION_CONTEXT('2D SPACE',''
  ) );
#6163 = ORIENTED_EDGE('',*,*,#6164,.T.);
#6164 = EDGE_CURVE('',#6137,#5292,#6165,.T.);
#6165 = SURFACE_CURVE('',#6166,(#6170,#6177),.PCURVE_S1.);
#6166 = LINE('',#6167,#6168);
#6167 = CARTESIAN_POINT('',(-15.,69.623185072648,-12.22426666495));
#6168 = VECTOR('',#6169,1.);
#6169 = DIRECTION('',(0.,-0.258819045103,-0.965925826289));
#6170 = PCURVE('',#5308,#6171);
#6171 = DEFINITIONAL_REPRESENTATION('',(#6172),#6176);
#6172 = LINE('',#6173,#6174);
#6173 = CARTESIAN_POINT('',(-3.,30.));
#6174 = VECTOR('',#6175,1.);
#6175 = DIRECTION('',(-1.,0.));
#6176 = ( GEOMETRIC_REPRESENTATION_CONTEXT(2) 
PARAMETRIC_REPRESENTATION_CONTEXT() REPRESENTATION_CONTEXT('2D SPACE',''
  ) );
#6177 = PCURVE('',#5384,#6178);
#6178 = DEFINITIONAL_REPRESENTATION('',(#6179),#6183);
#6179 = LINE('',#6180,#6181);
#6180 = CARTESIAN_POINT('',(3.,-0.4));
#6181 = VECTOR('',#6182,1.);
#6182 = DIRECTION('',(-1.,0.));
#6183 = ( GEOMETRIC_REPRESENTATION_CONTEXT(2) 
PARAMETRIC_REPRESENTATION_CONTEXT() REPRESENTATION_CONTEXT('2D SPACE',''
  ) );
#6184 = ADVANCED_FACE('',(#6185),#5384,.T.);
#6185 = FACE_BOUND('',#6186,.T.);
#6186 = EDGE_LOOP('',(#6187,#6210,#6211,#6212));
#6187 = ORIENTED_EDGE('',*,*,#6188,.F.);
#6188 = EDGE_CURVE('',#6137,#6189,#6191,.T.);
#6189 = VERTEX_POINT('',#6190);
#6190 = CARTESIAN_POINT('',(-15.,81.510278775982,16.684157769596));
#6191 = SURFACE_CURVE('',#6192,(#6196,#6203),.PCURVE_S1.);
#6192 = LINE('',#6193,#6194);
#6193 = CARTESIAN_POINT('',(-15.,77.26020514031,17.822961568047));
#6194 = VECTOR('',#6195,1.);
#6195 = DIRECTION('',(0.,0.965925826289,-0.258819045103));
#6196 = PCURVE('',#5384,#6197);
#6197 = DEFINITIONAL_REPRESENTATION('',(#6198),#6202);
#6198 = LINE('',#6199,#6200);
#6199 = CARTESIAN_POINT('',(34.,1.7763568394E-15));
#6200 = VECTOR('',#6201,1.);
#6201 = DIRECTION('',(0.,-1.));
#6202 = ( GEOMETRIC_REPRESENTATION_CONTEXT(2) 
PARAMETRIC_REPRESENTATION_CONTEXT() REPRESENTATION_CONTEXT('2D SPACE',''
  ) );
#6203 = PCURVE('',#6152,#6204);
#6204 = DEFINITIONAL_REPRESENTATION('',(#6205),#6209);
#6205 = LINE('',#6206,#6207);
#6206 = CARTESIAN_POINT('',(0.,0.));
#6207 = VECTOR('',#6208,1.);
#6208 = DIRECTION('',(0.,1.));
#6209 = ( GEOMETRIC_REPRESENTATION_CONTEXT(2) 
PARAMETRIC_REPRESENTATION_CONTEXT() REPRESENTATION_CONTEXT('2D SPACE',''
  ) );
#6210 = ORIENTED_EDGE('',*,*,#6164,.T.);
#6211 = ORIENTED_EDGE('',*,*,#5371,.T.);
#6212 = ORIENTED_EDGE('',*,*,#6213,.F.);
#6213 = EDGE_CURVE('',#6189,#5346,#6214,.T.);
#6214 = SURFACE_CURVE('',#6215,(#6219,#6226),.PCURVE_S1.);
#6215 = LINE('',#6216,#6217);
#6216 = CARTESIAN_POINT('',(-15.,73.486888377804,-13.25954284536));
#6217 = VECTOR('',#6218,1.);
#6218 = DIRECTION('',(0.,-0.258819045103,-0.965925826289));
#6219 = PCURVE('',#5384,#6220);
#6220 = DEFINITIONAL_REPRESENTATION('',(#6221),#6225);
#6221 = LINE('',#6222,#6223);
#6222 = CARTESIAN_POINT('',(3.,-4.4));
#6223 = VECTOR('',#6224,1.);
#6224 = DIRECTION('',(-1.,0.));
#6225 = ( GEOMETRIC_REPRESENTATION_CONTEXT(2) 
PARAMETRIC_REPRESENTATION_CONTEXT() REPRESENTATION_CONTEXT('2D SPACE',''
  ) );
#6226 = PCURVE('',#5360,#6227);
#6227 = DEFINITIONAL_REPRESENTATION('',(#6228),#6232);
#6228 = LINE('',#6229,#6230);
#6229 = CARTESIAN_POINT('',(-3.,30.));
#6230 = VECTOR('',#6231,1.);
#6231 = DIRECTION('',(-1.,0.));
#6232 = ( GEOMETRIC_REPRESENTATION_CONTEXT(2) 
PARAMETRIC_REPRESENTATION_CONTEXT() REPRESENTATION_CONTEXT('2D SPACE',''
  ) );
#6233 = ADVANCED_FACE('',(#6234),#5360,.T.);
#6234 = FACE_BOUND('',#6235,.T.);
#6235 = EDGE_LOOP('',(#6236,#6237,#6260,#6283,#6304,#6305,#6328,#6349));
#6236 = ORIENTED_EDGE('',*,*,#5345,.T.);
#6237 = ORIENTED_EDGE('',*,*,#6238,.T.);
#6238 = EDGE_CURVE('',#5320,#6239,#6241,.T.);
#6239 = VERTEX_POINT('',#6240);
#6240 = CARTESIAN_POINT('',(-45.,90.03836631211,48.511413745821));
#6241 = SURFACE_CURVE('',#6242,(#6246,#6253),.PCURVE_S1.);
#6242 = LINE('',#6243,#6244);
#6243 = CARTESIAN_POINT('',(-45.,74.263345513112,-10.36176536649));
#6244 = VECTOR('',#6245,1.);
#6245 = DIRECTION('',(0.,0.258819045103,0.965925826289));
#6246 = PCURVE('',#5360,#6247);
#6247 = DEFINITIONAL_REPRESENTATION('',(#6248),#6252);
#6248 = LINE('',#6249,#6250);
#6249 = CARTESIAN_POINT('',(0.,0.));
#6250 = VECTOR('',#6251,1.);
#6251 = DIRECTION('',(1.,0.));
#6252 = ( GEOMETRIC_REPRESENTATION_CONTEXT(2) 
PARAMETRIC_REPRESENTATION_CONTEXT() REPRESENTATION_CONTEXT('2D SPACE',''
  ) );
#6253 = PCURVE('',#5334,#6254);
#6254 = DEFINITIONAL_REPRESENTATION('',(#6255),#6259);
#6255 = LINE('',#6256,#6257);
#6256 = CARTESIAN_POINT('',(1.221245327088E-15,-4.));
#6257 = VECTOR('',#6258,1.);
#6258 = DIRECTION('',(1.,0.));
#6259 = ( GEOMETRIC_REPRESENTATION_CONTEXT(2) 
PARAMETRIC_REPRESENTATION_CONTEXT() REPRESENTATION_CONTEXT('2D SPACE',''
  ) );
#6260 = ORIENTED_EDGE('',*,*,#6261,.T.);
#6261 = EDGE_CURVE('',#6239,#6262,#6264,.T.);
#6262 = VERTEX_POINT('',#6263);
#6263 = CARTESIAN_POINT('',(45.,90.03836631211,48.511413745821));
#6264 = SURFACE_CURVE('',#6265,(#6269,#6276),.PCURVE_S1.);
#6265 = LINE('',#6266,#6267);
#6266 = CARTESIAN_POINT('',(-45.,90.03836631211,48.511413745821));
#6267 = VECTOR('',#6268,1.);
#6268 = DIRECTION('',(1.,0.,0.));
#6269 = PCURVE('',#5360,#6270);
#6270 = DEFINITIONAL_REPRESENTATION('',(#6271),#6275);
#6271 = LINE('',#6272,#6273);
#6272 = CARTESIAN_POINT('',(60.95,0.));
#6273 = VECTOR('',#6274,1.);
#6274 = DIRECTION('',(0.,1.));
#6275 = ( GEOMETRIC_REPRESENTATION_CONTEXT(2) 
PARAMETRIC_REPRESENTATION_CONTEXT() REPRESENTATION_CONTEXT('2D SPACE',''
  ) );
#6276 = PCURVE('',#6079,#6277);
#6277 = DEFINITIONAL_REPRESENTATION('',(#6278),#6282);
#6278 = LINE('',#6279,#6280);
#6279 = CARTESIAN_POINT('',(0.,4.));
#6280 = VECTOR('',#6281,1.);
#6281 = DIRECTION('',(1.,0.));
#6282 = ( GEOMETRIC_REPRESENTATION_CONTEXT(2) 
PARAMETRIC_REPRESENTATION_CONTEXT() REPRESENTATION_CONTEXT('2D SPACE',''
  ) );
#6283 = ORIENTED_EDGE('',*,*,#6284,.F.);
#6284 = EDGE_CURVE('',#5400,#6262,#6285,.T.);
#6285 = SURFACE_CURVE('',#6286,(#6290,#6297),.PCURVE_S1.);
#6286 = LINE('',#6287,#6288);
#6287 = CARTESIAN_POINT('',(45.,74.263345513112,-10.36176536649));
#6288 = VECTOR('',#6289,1.);
#6289 = DIRECTION('',(0.,0.258819045103,0.965925826289));
#6290 = PCURVE('',#5360,#6291);
#6291 = DEFINITIONAL_REPRESENTATION('',(#6292),#6296);
#6292 = LINE('',#6293,#6294);
#6293 = CARTESIAN_POINT('',(0.,90.));
#6294 = VECTOR('',#6295,1.);
#6295 = DIRECTION('',(1.,0.));
#6296 = ( GEOMETRIC_REPRESENTATION_CONTEXT(2) 
PARAMETRIC_REPRESENTATION_CONTEXT() REPRESENTATION_CONTEXT('2D SPACE',''
  ) );
#6297 = PCURVE('',#5414,#6298);
#6298 = DEFINITIONAL_REPRESENTATION('',(#6299),#6303);
#6299 = LINE('',#6300,#6301);
#6300 = CARTESIAN_POINT('',(1.221245327088E-15,-4.));
#6301 = VECTOR('',#6302,1.);
#6302 = DIRECTION('',(1.,0.));
#6303 = ( GEOMETRIC_REPRESENTATION_CONTEXT(2) 
PARAMETRIC_REPRESENTATION_CONTEXT() REPRESENTATION_CONTEXT('2D SPACE',''
  ) );
#6304 = ORIENTED_EDGE('',*,*,#5472,.T.);
#6305 = ORIENTED_EDGE('',*,*,#6306,.F.);
#6306 = EDGE_CURVE('',#6307,#5447,#6309,.T.);
#6307 = VERTEX_POINT('',#6308);
#6308 = CARTESIAN_POINT('',(15.,81.510278775982,16.684157769596));
#6309 = SURFACE_CURVE('',#6310,(#6314,#6321),.PCURVE_S1.);
#6310 = LINE('',#6311,#6312);
#6311 = CARTESIAN_POINT('',(15.,73.486888377804,-13.25954284536));
#6312 = VECTOR('',#6313,1.);
#6313 = DIRECTION('',(0.,-0.258819045103,-0.965925826289));
#6314 = PCURVE('',#5360,#6315);
#6315 = DEFINITIONAL_REPRESENTATION('',(#6316),#6320);
#6316 = LINE('',#6317,#6318);
#6317 = CARTESIAN_POINT('',(-3.,60.));
#6318 = VECTOR('',#6319,1.);
#6319 = DIRECTION('',(-1.,0.));
#6320 = ( GEOMETRIC_REPRESENTATION_CONTEXT(2) 
PARAMETRIC_REPRESENTATION_CONTEXT() REPRESENTATION_CONTEXT('2D SPACE',''
  ) );
#6321 = PCURVE('',#5461,#6322);
#6322 = DEFINITIONAL_REPRESENTATION('',(#6323),#6327);
#6323 = LINE('',#6324,#6325);
#6324 = CARTESIAN_POINT('',(3.,-4.4));
#6325 = VECTOR('',#6326,1.);
#6326 = DIRECTION('',(-1.,0.));
#6327 = ( GEOMETRIC_REPRESENTATION_CONTEXT(2) 
PARAMETRIC_REPRESENTATION_CONTEXT() REPRESENTATION_CONTEXT('2D SPACE',''
  ) );
#6328 = ORIENTED_EDGE('',*,*,#6329,.F.);
#6329 = EDGE_CURVE('',#6189,#6307,#6330,.T.);
#6330 = SURFACE_CURVE('',#6331,(#6335,#6342),.PCURVE_S1.);
#6331 = LINE('',#6332,#6333);
#6332 = CARTESIAN_POINT('',(-30.,81.510278775982,16.684157769596));
#6333 = VECTOR('',#6334,1.);
#6334 = DIRECTION('',(1.,0.,0.));
#6335 = PCURVE('',#5360,#6336);
#6336 = DEFINITIONAL_REPRESENTATION('',(#6337),#6341);
#6337 = LINE('',#6338,#6339);
#6338 = CARTESIAN_POINT('',(28.,15.));
#6339 = VECTOR('',#6340,1.);
#6340 = DIRECTION('',(0.,1.));
#6341 = ( GEOMETRIC_REPRESENTATION_CONTEXT(2) 
PARAMETRIC_REPRESENTATION_CONTEXT() REPRESENTATION_CONTEXT('2D SPACE',''
  ) );
#6342 = PCURVE('',#6152,#6343);
#6343 = DEFINITIONAL_REPRESENTATION('',(#6344),#6348);
#6344 = LINE('',#6345,#6346);
#6345 = CARTESIAN_POINT('',(-15.,4.4));
#6346 = VECTOR('',#6347,1.);
#6347 = DIRECTION('',(1.,0.));
#6348 = ( GEOMETRIC_REPRESENTATION_CONTEXT(2) 
PARAMETRIC_REPRESENTATION_CONTEXT() REPRESENTATION_CONTEXT('2D SPACE',''
  ) );
#6349 = ORIENTED_EDGE('',*,*,#6213,.T.);
#6350 = ADVANCED_FACE('',(#6351),#5334,.F.);
#6351 = FACE_BOUND('',#6352,.F.);
#6352 = EDGE_LOOP('',(#6353,#6354,#6355,#6356));
#6353 = ORIENTED_EDGE('',*,*,#6040,.F.);
#6354 = ORIENTED_EDGE('',*,*,#5319,.T.);
#6355 = ORIENTED_EDGE('',*,*,#6238,.T.);
#6356 = ORIENTED_EDGE('',*,*,#6357,.F.);
#6357 = EDGE_CURVE('',#6041,#6239,#6358,.T.);
#6358 = SURFACE_CURVE('',#6359,(#6363,#6370),.PCURVE_S1.);
#6359 = LINE('',#6360,#6361);
#6360 = CARTESIAN_POINT('',(-45.,86.174663006954,49.546689926231));
#6361 = VECTOR('',#6362,1.);
#6362 = DIRECTION('',(0.,0.965925826289,-0.258819045103));
#6363 = PCURVE('',#5334,#6364);
#6364 = DEFINITIONAL_REPRESENTATION('',(#6365),#6369);
#6365 = LINE('',#6366,#6367);
#6366 = CARTESIAN_POINT('',(60.95,0.));
#6367 = VECTOR('',#6368,1.);
#6368 = DIRECTION('',(0.,-1.));
#6369 = ( GEOMETRIC_REPRESENTATION_CONTEXT(2) 
PARAMETRIC_REPRESENTATION_CONTEXT() REPRESENTATION_CONTEXT('2D SPACE',''
  ) );
#6370 = PCURVE('',#6079,#6371);
#6371 = DEFINITIONAL_REPRESENTATION('',(#6372),#6376);
#6372 = LINE('',#6373,#6374);
#6373 = CARTESIAN_POINT('',(0.,0.));
#6374 = VECTOR('',#6375,1.);
#6375 = DIRECTION('',(0.,1.));
#6376 = ( GEOMETRIC_REPRESENTATION_CONTEXT(2) 
PARAMETRIC_REPRESENTATION_CONTEXT() REPRESENTATION_CONTEXT('2D SPACE',''
  ) );
#6377 = ADVANCED_FACE('',(#6378),#5414,.T.);
#6378 = FACE_BOUND('',#6379,.T.);
#6379 = EDGE_LOOP('',(#6380,#6381,#6382,#6383));
#6380 = ORIENTED_EDGE('',*,*,#6091,.F.);
#6381 = ORIENTED_EDGE('',*,*,#5397,.T.);
#6382 = ORIENTED_EDGE('',*,*,#6284,.T.);
#6383 = ORIENTED_EDGE('',*,*,#6384,.F.);
#6384 = EDGE_CURVE('',#6064,#6262,#6385,.T.);
#6385 = SURFACE_CURVE('',#6386,(#6390,#6397),.PCURVE_S1.);
#6386 = LINE('',#6387,#6388);
#6387 = CARTESIAN_POINT('',(45.,86.174663006954,49.546689926231));
#6388 = VECTOR('',#6389,1.);
#6389 = DIRECTION('',(0.,0.965925826289,-0.258819045103));
#6390 = PCURVE('',#5414,#6391);
#6391 = DEFINITIONAL_REPRESENTATION('',(#6392),#6396);
#6392 = LINE('',#6393,#6394);
#6393 = CARTESIAN_POINT('',(60.95,0.));
#6394 = VECTOR('',#6395,1.);
#6395 = DIRECTION('',(0.,-1.));
#6396 = ( GEOMETRIC_REPRESENTATION_CONTEXT(2) 
PARAMETRIC_REPRESENTATION_CONTEXT() REPRESENTATION_CONTEXT('2D SPACE',''
  ) );
#6397 = PCURVE('',#6079,#6398);
#6398 = DEFINITIONAL_REPRESENTATION('',(#6399),#6403);
#6399 = LINE('',#6400,#6401);
#6400 = CARTESIAN_POINT('',(90.,0.));
#6401 = VECTOR('',#6402,1.);
#6402 = DIRECTION('',(0.,1.));
#6403 = ( GEOMETRIC_REPRESENTATION_CONTEXT(2) 
PARAMETRIC_REPRESENTATION_CONTEXT() REPRESENTATION_CONTEXT('2D SPACE',''
  ) );
#6404 = ADVANCED_FACE('',(#6405),#5461,.F.);
#6405 = FACE_BOUND('',#6406,.F.);
#6406 = EDGE_LOOP('',(#6407,#6428,#6429,#6430));
#6407 = ORIENTED_EDGE('',*,*,#6408,.F.);
#6408 = EDGE_CURVE('',#6114,#6307,#6409,.T.);
#6409 = SURFACE_CURVE('',#6410,(#6414,#6421),.PCURVE_S1.);
#6410 = LINE('',#6411,#6412);
#6411 = CARTESIAN_POINT('',(15.,77.26020514031,17.822961568047));
#6412 = VECTOR('',#6413,1.);
#6413 = DIRECTION('',(0.,0.965925826289,-0.258819045103));
#6414 = PCURVE('',#5461,#6415);
#6415 = DEFINITIONAL_REPRESENTATION('',(#6416),#6420);
#6416 = LINE('',#6417,#6418);
#6417 = CARTESIAN_POINT('',(34.,1.7763568394E-15));
#6418 = VECTOR('',#6419,1.);
#6419 = DIRECTION('',(0.,-1.));
#6420 = ( GEOMETRIC_REPRESENTATION_CONTEXT(2) 
PARAMETRIC_REPRESENTATION_CONTEXT() REPRESENTATION_CONTEXT('2D SPACE',''
  ) );
#6421 = PCURVE('',#6152,#6422);
#6422 = DEFINITIONAL_REPRESENTATION('',(#6423),#6427);
#6423 = LINE('',#6424,#6425);
#6424 = CARTESIAN_POINT('',(30.,0.));
#6425 = VECTOR('',#6426,1.);
#6426 = DIRECTION('',(0.,1.));
#6427 = ( GEOMETRIC_REPRESENTATION_CONTEXT(2) 
PARAMETRIC_REPRESENTATION_CONTEXT() REPRESENTATION_CONTEXT('2D SPACE',''
  ) );
#6428 = ORIENTED_EDGE('',*,*,#6113,.T.);
#6429 = ORIENTED_EDGE('',*,*,#5446,.T.);
#6430 = ORIENTED_EDGE('',*,*,#6306,.F.);
#6431 = ADVANCED_FACE('',(#6432),#5899,.T.);
#6432 = FACE_BOUND('',#6433,.T.);
#6433 = EDGE_LOOP('',(#6434,#6435,#6436,#6437));
#6434 = ORIENTED_EDGE('',*,*,#5988,.F.);
#6435 = ORIENTED_EDGE('',*,*,#5885,.T.);
#6436 = ORIENTED_EDGE('',*,*,#5939,.T.);
#6437 = ORIENTED_EDGE('',*,*,#6015,.F.);
#6438 = ADVANCED_FACE('',(#6439),#6152,.F.);
#6439 = FACE_BOUND('',#6440,.F.);
#6440 = EDGE_LOOP('',(#6441,#6442,#6443,#6444));
#6441 = ORIENTED_EDGE('',*,*,#6188,.F.);
#6442 = ORIENTED_EDGE('',*,*,#6136,.T.);
#6443 = ORIENTED_EDGE('',*,*,#6408,.T.);
#6444 = ORIENTED_EDGE('',*,*,#6329,.F.);
#6445 = ADVANCED_FACE('',(#6446),#6079,.T.);
#6446 = FACE_BOUND('',#6447,.T.);
#6447 = EDGE_LOOP('',(#6448,#6449,#6450,#6451));
#6448 = ORIENTED_EDGE('',*,*,#6357,.F.);
#6449 = ORIENTED_EDGE('',*,*,#6063,.T.);
#6450 = ORIENTED_EDGE('',*,*,#6384,.T.);
#6451 = ORIENTED_EDGE('',*,*,#6261,.F.);
#6452 = ( GEOMETRIC_REPRESENTATION_CONTEXT(3) 
GLOBAL_UNCERTAINTY_ASSIGNED_CONTEXT((#6456)) 
GLOBAL_UNIT_ASSIGNED_CONTEXT((#6453,#6454,#6455)) REPRESENTATION_CONTEXT
('Context #1','3D Context with UNIT and UNCERTAINTY') );
#6453 = ( LENGTH_UNIT() NAMED_UNIT(*) SI_UNIT(.MILLI.,.METRE.) );
#6454 = ( NAMED_UNIT(*) PLANE_ANGLE_UNIT() SI_UNIT($,.RADIAN.) );
#6455 = ( NAMED_UNIT(*) SI_UNIT($,.STERADIAN.) SOLID_ANGLE_UNIT() );
#6456 = UNCERTAINTY_MEASURE_WITH_UNIT(LENGTH_MEASURE(1.E-07),#6453,
  'distance_accuracy_value','confusion accuracy');
#6457 = CONTEXT_DEPENDENT_SHAPE_REPRESENTATION(#6458,#6460);
#6458 = ( REPRESENTATION_RELATIONSHIP('','',#4859,#10) 
REPRESENTATION_RELATIONSHIP_WITH_TRANSFORMATION(#6459) 
SHAPE_REPRESENTATION_RELATIONSHIP() );
#6459 = ITEM_DEFINED_TRANSFORMATION('','',#11,#51);
#6460 = PRODUCT_DEFINITION_SHAPE('Placement','Placement of an item',
  #6461);
#6461 = NEXT_ASSEMBLY_USAGE_OCCURRENCE('12','display_stand','',#5,#4854,
  $);
#6462 = PRODUCT_RELATED_PRODUCT_CATEGORY('part',$,(#4856));
#6463 = SHAPE_DEFINITION_REPRESENTATION(#6464,#6470);
#6464 = PRODUCT_DEFINITION_SHAPE('','',#6465);
#6465 = PRODUCT_DEFINITION('design','',#6466,#6469);
#6466 = PRODUCT_DEFINITION_FORMATION('','',#6467);
#6467 = PRODUCT('spk_box','spk_box','',(#6468));
#6468 = PRODUCT_CONTEXT('',#2,'mechanical');
#6469 = PRODUCT_DEFINITION_CONTEXT('part definition',#2,'design');
#6470 = ADVANCED_BREP_SHAPE_REPRESENTATION('',(#11,#6471),#9208);
#6471 = MANIFOLD_SOLID_BREP('',#6472);
#6472 = CLOSED_SHELL('',(#6473,#6593,#6968,#7022,#7072,#7671,#7698,#7725
    ,#7787,#7814,#7821,#7876,#7931,#7986,#8041,#8096,#8151,#8206,#8261,
    #8337,#8384,#8431,#8478,#8525,#8574,#8674,#8721,#8837,#8884,#8931,
    #8958,#9013,#9064,#9068,#9072,#9076,#9111,#9115,#9119,#9123,#9127,
    #9172,#9177,#9181));
#6473 = ADVANCED_FACE('',(#6474),#6488,.F.);
#6474 = FACE_BOUND('',#6475,.F.);
#6475 = EDGE_LOOP('',(#6476,#6511,#6539,#6567));
#6476 = ORIENTED_EDGE('',*,*,#6477,.F.);
#6477 = EDGE_CURVE('',#6478,#6480,#6482,.T.);
#6478 = VERTEX_POINT('',#6479);
#6479 = CARTESIAN_POINT('',(132.,-11.,3.));
#6480 = VERTEX_POINT('',#6481);
#6481 = CARTESIAN_POINT('',(132.,-11.,63.));
#6482 = SURFACE_CURVE('',#6483,(#6487,#6499),.PCURVE_S1.);
#6483 = LINE('',#6484,#6485);
#6484 = CARTESIAN_POINT('',(132.,-11.,0.));
#6485 = VECTOR('',#6486,1.);
#6486 = DIRECTION('',(0.,0.,1.));
#6487 = PCURVE('',#6488,#6493);
#6488 = PLANE('',#6489);
#6489 = AXIS2_PLACEMENT_3D('',#6490,#6491,#6492);
#6490 = CARTESIAN_POINT('',(132.,-11.,0.));
#6491 = DIRECTION('',(1.,0.,0.));
#6492 = DIRECTION('',(0.,0.,1.));
#6493 = DEFINITIONAL_REPRESENTATION('',(#6494),#6498);
#6494 = LINE('',#6495,#6496);
#6495 = CARTESIAN_POINT('',(0.,0.));
#6496 = VECTOR('',#6497,1.);
#6497 = DIRECTION('',(1.,0.));
#6498 = ( GEOMETRIC_REPRESENTATION_CONTEXT(2) 
PARAMETRIC_REPRESENTATION_CONTEXT() REPRESENTATION_CONTEXT('2D SPACE',''
  ) );
#6499 = PCURVE('',#6500,#6505);
#6500 = PLANE('',#6501);
#6501 = AXIS2_PLACEMENT_3D('',#6502,#6503,#6504);
#6502 = CARTESIAN_POINT('',(132.,-11.,0.));
#6503 = DIRECTION('',(0.,1.,0.));
#6504 = DIRECTION('',(0.,0.,1.));
#6505 = DEFINITIONAL_REPRESENTATION('',(#6506),#6510);
#6506 = LINE('',#6507,#6508);
#6507 = CARTESIAN_POINT('',(0.,0.));
#6508 = VECTOR('',#6509,1.);
#6509 = DIRECTION('',(1.,0.));
#6510 = ( GEOMETRIC_REPRESENTATION_CONTEXT(2) 
PARAMETRIC_REPRESENTATION_CONTEXT() REPRESENTATION_CONTEXT('2D SPACE',''
  ) );
#6511 = ORIENTED_EDGE('',*,*,#6512,.T.);
#6512 = EDGE_CURVE('',#6478,#6513,#6515,.T.);
#6513 = VERTEX_POINT('',#6514);
#6514 = CARTESIAN_POINT('',(132.,46.,3.));
#6515 = SURFACE_CURVE('',#6516,(#6520,#6527),.PCURVE_S1.);
#6516 = LINE('',#6517,#6518);
#6517 = CARTESIAN_POINT('',(132.,-11.,3.));
#6518 = VECTOR('',#6519,1.);
#6519 = DIRECTION('',(0.,1.,0.));
#6520 = PCURVE('',#6488,#6521);
#6521 = DEFINITIONAL_REPRESENTATION('',(#6522),#6526);
#6522 = LINE('',#6523,#6524);
#6523 = CARTESIAN_POINT('',(3.,0.));
#6524 = VECTOR('',#6525,1.);
#6525 = DIRECTION('',(0.,-1.));
#6526 = ( GEOMETRIC_REPRESENTATION_CONTEXT(2) 
PARAMETRIC_REPRESENTATION_CONTEXT() REPRESENTATION_CONTEXT('2D SPACE',''
  ) );
#6527 = PCURVE('',#6528,#6533);
#6528 = CYLINDRICAL_SURFACE('',#6529,3.);
#6529 = AXIS2_PLACEMENT_3D('',#6530,#6531,#6532);
#6530 = CARTESIAN_POINT('',(135.,-11.,3.));
#6531 = DIRECTION('',(0.,1.,0.));
#6532 = DIRECTION('',(-1.,0.,0.));
#6533 = DEFINITIONAL_REPRESENTATION('',(#6534),#6538);
#6534 = LINE('',#6535,#6536);
#6535 = CARTESIAN_POINT('',(-0.,0.));
#6536 = VECTOR('',#6537,1.);
#6537 = DIRECTION('',(-0.,1.));
#6538 = ( GEOMETRIC_REPRESENTATION_CONTEXT(2) 
PARAMETRIC_REPRESENTATION_CONTEXT() REPRESENTATION_CONTEXT('2D SPACE',''
  ) );
#6539 = ORIENTED_EDGE('',*,*,#6540,.T.);
#6540 = EDGE_CURVE('',#6513,#6541,#6543,.T.);
#6541 = VERTEX_POINT('',#6542);
#6542 = CARTESIAN_POINT('',(132.,46.,63.));
#6543 = SURFACE_CURVE('',#6544,(#6548,#6555),.PCURVE_S1.);
#6544 = LINE('',#6545,#6546);
#6545 = CARTESIAN_POINT('',(132.,46.,0.));
#6546 = VECTOR('',#6547,1.);
#6547 = DIRECTION('',(0.,0.,1.));
#6548 = PCURVE('',#6488,#6549);
#6549 = DEFINITIONAL_REPRESENTATION('',(#6550),#6554);
#6550 = LINE('',#6551,#6552);
#6551 = CARTESIAN_POINT('',(0.,-57.));
#6552 = VECTOR('',#6553,1.);
#6553 = DIRECTION('',(1.,0.));
#6554 = ( GEOMETRIC_REPRESENTATION_CONTEXT(2) 
PARAMETRIC_REPRESENTATION_CONTEXT() REPRESENTATION_CONTEXT('2D SPACE',''
  ) );
#6555 = PCURVE('',#6556,#6561);
#6556 = PLANE('',#6557);
#6557 = AXIS2_PLACEMENT_3D('',#6558,#6559,#6560);
#6558 = CARTESIAN_POINT('',(132.,46.,0.));
#6559 = DIRECTION('',(0.,1.,0.));
#6560 = DIRECTION('',(0.,0.,1.));
#6561 = DEFINITIONAL_REPRESENTATION('',(#6562),#6566);
#6562 = LINE('',#6563,#6564);
#6563 = CARTESIAN_POINT('',(0.,0.));
#6564 = VECTOR('',#6565,1.);
#6565 = DIRECTION('',(1.,0.));
#6566 = ( GEOMETRIC_REPRESENTATION_CONTEXT(2) 
PARAMETRIC_REPRESENTATION_CONTEXT() REPRESENTATION_CONTEXT('2D SPACE',''
  ) );
#6567 = ORIENTED_EDGE('',*,*,#6568,.F.);
#6568 = EDGE_CURVE('',#6480,#6541,#6569,.T.);
#6569 = SURFACE_CURVE('',#6570,(#6574,#6581),.PCURVE_S1.);
#6570 = LINE('',#6571,#6572);
#6571 = CARTESIAN_POINT('',(132.,-11.,63.));
#6572 = VECTOR('',#6573,1.);
#6573 = DIRECTION('',(0.,1.,0.));
#6574 = PCURVE('',#6488,#6575);
#6575 = DEFINITIONAL_REPRESENTATION('',(#6576),#6580);
#6576 = LINE('',#6577,#6578);
#6577 = CARTESIAN_POINT('',(63.,0.));
#6578 = VECTOR('',#6579,1.);
#6579 = DIRECTION('',(0.,-1.));
#6580 = ( GEOMETRIC_REPRESENTATION_CONTEXT(2) 
PARAMETRIC_REPRESENTATION_CONTEXT() REPRESENTATION_CONTEXT('2D SPACE',''
  ) );
#6581 = PCURVE('',#6582,#6587);
#6582 = CYLINDRICAL_SURFACE('',#6583,3.);
#6583 = AXIS2_PLACEMENT_3D('',#6584,#6585,#6586);
#6584 = CARTESIAN_POINT('',(135.,-11.,63.));
#6585 = DIRECTION('',(0.,1.,0.));
#6586 = DIRECTION('',(-1.,0.,0.));
#6587 = DEFINITIONAL_REPRESENTATION('',(#6588),#6592);
#6588 = LINE('',#6589,#6590);
#6589 = CARTESIAN_POINT('',(0.,0.));
#6590 = VECTOR('',#6591,1.);
#6591 = DIRECTION('',(0.,1.));
#6592 = ( GEOMETRIC_REPRESENTATION_CONTEXT(2) 
PARAMETRIC_REPRESENTATION_CONTEXT() REPRESENTATION_CONTEXT('2D SPACE',''
  ) );
#6593 = ADVANCED_FACE('',(#6594,#6793,#6828,#6863,#6898,#6933),#6500,.F.
  );
#6594 = FACE_BOUND('',#6595,.F.);
#6595 = EDGE_LOOP('',(#6596,#6626,#6652,#6653,#6677,#6705,#6738,#6766));
#6596 = ORIENTED_EDGE('',*,*,#6597,.F.);
#6597 = EDGE_CURVE('',#6598,#6600,#6602,.T.);
#6598 = VERTEX_POINT('',#6599);
#6599 = CARTESIAN_POINT('',(135.,-11.,-4.440892098501E-16));
#6600 = VERTEX_POINT('',#6601);
#6601 = CARTESIAN_POINT('',(205.,-11.,-4.440892098501E-16));
#6602 = SURFACE_CURVE('',#6603,(#6607,#6614),.PCURVE_S1.);
#6603 = LINE('',#6604,#6605);
#6604 = CARTESIAN_POINT('',(132.,-11.,0.));
#6605 = VECTOR('',#6606,1.);
#6606 = DIRECTION('',(1.,0.,0.));
#6607 = PCURVE('',#6500,#6608);
#6608 = DEFINITIONAL_REPRESENTATION('',(#6609),#6613);
#6609 = LINE('',#6610,#6611);
#6610 = CARTESIAN_POINT('',(0.,0.));
#6611 = VECTOR('',#6612,1.);
#6612 = DIRECTION('',(0.,1.));
#6613 = ( GEOMETRIC_REPRESENTATION_CONTEXT(2) 
PARAMETRIC_REPRESENTATION_CONTEXT() REPRESENTATION_CONTEXT('2D SPACE',''
  ) );
#6614 = PCURVE('',#6615,#6620);
#6615 = PLANE('',#6616);
#6616 = AXIS2_PLACEMENT_3D('',#6617,#6618,#6619);
#6617 = CARTESIAN_POINT('',(132.,-11.,0.));
#6618 = DIRECTION('',(0.,0.,1.));
#6619 = DIRECTION('',(1.,0.,0.));
#6620 = DEFINITIONAL_REPRESENTATION('',(#6621),#6625);
#6621 = LINE('',#6622,#6623);
#6622 = CARTESIAN_POINT('',(0.,0.));
#6623 = VECTOR('',#6624,1.);
#6624 = DIRECTION('',(1.,0.));
#6625 = ( GEOMETRIC_REPRESENTATION_CONTEXT(2) 
PARAMETRIC_REPRESENTATION_CONTEXT() REPRESENTATION_CONTEXT('2D SPACE',''
  ) );
#6626 = ORIENTED_EDGE('',*,*,#6627,.F.);
#6627 = EDGE_CURVE('',#6478,#6598,#6628,.T.);
#6628 = SURFACE_CURVE('',#6629,(#6634,#6645),.PCURVE_S1.);
#6629 = CIRCLE('',#6630,3.);
#6630 = AXIS2_PLACEMENT_3D('',#6631,#6632,#6633);
#6631 = CARTESIAN_POINT('',(135.,-11.,3.));
#6632 = DIRECTION('',(-0.,-1.,0.));
#6633 = DIRECTION('',(0.,-0.,1.));
#6634 = PCURVE('',#6500,#6635);
#6635 = DEFINITIONAL_REPRESENTATION('',(#6636),#6644);
#6636 = ( BOUNDED_CURVE() B_SPLINE_CURVE(2,(#6637,#6638,#6639,#6640,
#6641,#6642,#6643),.UNSPECIFIED.,.T.,.F.) B_SPLINE_CURVE_WITH_KNOTS((1,2
    ,2,2,2,1),(-2.094395102393,0.,2.094395102393,4.188790204786,
6.28318530718,8.377580409573),.UNSPECIFIED.) CURVE() 
GEOMETRIC_REPRESENTATION_ITEM() RATIONAL_B_SPLINE_CURVE((1.,0.5,1.,0.5,
1.,0.5,1.)) REPRESENTATION_ITEM('') );
#6637 = CARTESIAN_POINT('',(6.,3.));
#6638 = CARTESIAN_POINT('',(6.,-2.196152422707));
#6639 = CARTESIAN_POINT('',(1.5,0.401923788647));
#6640 = CARTESIAN_POINT('',(-3.,3.));
#6641 = CARTESIAN_POINT('',(1.5,5.598076211353));
#6642 = CARTESIAN_POINT('',(6.,8.196152422707));
#6643 = CARTESIAN_POINT('',(6.,3.));
#6644 = ( GEOMETRIC_REPRESENTATION_CONTEXT(2) 
PARAMETRIC_REPRESENTATION_CONTEXT() REPRESENTATION_CONTEXT('2D SPACE',''
  ) );
#6645 = PCURVE('',#6528,#6646);
#6646 = DEFINITIONAL_REPRESENTATION('',(#6647),#6651);
#6647 = LINE('',#6648,#6649);
#6648 = CARTESIAN_POINT('',(1.570796326795,-0.));
#6649 = VECTOR('',#6650,1.);
#6650 = DIRECTION('',(-1.,0.));
#6651 = ( GEOMETRIC_REPRESENTATION_CONTEXT(2) 
PARAMETRIC_REPRESENTATION_CONTEXT() REPRESENTATION_CONTEXT('2D SPACE',''
  ) );
#6652 = ORIENTED_EDGE('',*,*,#6477,.T.);
#6653 = ORIENTED_EDGE('',*,*,#6654,.T.);
#6654 = EDGE_CURVE('',#6480,#6655,#6657,.T.);
#6655 = VERTEX_POINT('',#6656);
#6656 = CARTESIAN_POINT('',(135.,-11.,66.));
#6657 = SURFACE_CURVE('',#6658,(#6663,#6670),.PCURVE_S1.);
#6658 = CIRCLE('',#6659,3.);
#6659 = AXIS2_PLACEMENT_3D('',#6660,#6661,#6662);
#6660 = CARTESIAN_POINT('',(135.,-11.,63.));
#6661 = DIRECTION('',(0.,1.,0.));
#6662 = DIRECTION('',(0.,-0.,1.));
#6663 = PCURVE('',#6500,#6664);
#6664 = DEFINITIONAL_REPRESENTATION('',(#6665),#6669);
#6665 = CIRCLE('',#6666,3.);
#6666 = AXIS2_PLACEMENT_2D('',#6667,#6668);
#6667 = CARTESIAN_POINT('',(63.,3.));
#6668 = DIRECTION('',(1.,0.));
#6669 = ( GEOMETRIC_REPRESENTATION_CONTEXT(2) 
PARAMETRIC_REPRESENTATION_CONTEXT() REPRESENTATION_CONTEXT('2D SPACE',''
  ) );
#6670 = PCURVE('',#6582,#6671);
#6671 = DEFINITIONAL_REPRESENTATION('',(#6672),#6676);
#6672 = LINE('',#6673,#6674);
#6673 = CARTESIAN_POINT('',(-4.712388980385,0.));
#6674 = VECTOR('',#6675,1.);
#6675 = DIRECTION('',(1.,0.));
#6676 = ( GEOMETRIC_REPRESENTATION_CONTEXT(2) 
PARAMETRIC_REPRESENTATION_CONTEXT() REPRESENTATION_CONTEXT('2D SPACE',''
  ) );
#6677 = ORIENTED_EDGE('',*,*,#6678,.T.);
#6678 = EDGE_CURVE('',#6655,#6679,#6681,.T.);
#6679 = VERTEX_POINT('',#6680);
#6680 = CARTESIAN_POINT('',(205.,-11.,66.));
#6681 = SURFACE_CURVE('',#6682,(#6686,#6693),.PCURVE_S1.);
#6682 = LINE('',#6683,#6684);
#6683 = CARTESIAN_POINT('',(132.,-11.,66.));
#6684 = VECTOR('',#6685,1.);
#6685 = DIRECTION('',(1.,0.,0.));
#6686 = PCURVE('',#6500,#6687);
#6687 = DEFINITIONAL_REPRESENTATION('',(#6688),#6692);
#6688 = LINE('',#6689,#6690);
#6689 = CARTESIAN_POINT('',(66.,0.));
#6690 = VECTOR('',#6691,1.);
#6691 = DIRECTION('',(0.,1.));
#6692 = ( GEOMETRIC_REPRESENTATION_CONTEXT(2) 
PARAMETRIC_REPRESENTATION_CONTEXT() REPRESENTATION_CONTEXT('2D SPACE',''
  ) );
#6693 = PCURVE('',#6694,#6699);
#6694 = PLANE('',#6695);
#6695 = AXIS2_PLACEMENT_3D('',#6696,#6697,#6698);
#6696 = CARTESIAN_POINT('',(132.,-11.,66.));
#6697 = DIRECTION('',(0.,0.,1.));
#6698 = DIRECTION('',(1.,0.,0.));
#6699 = DEFINITIONAL_REPRESENTATION('',(#6700),#6704);
#6700 = LINE('',#6701,#6702);
#6701 = CARTESIAN_POINT('',(0.,0.));
#6702 = VECTOR('',#6703,1.);
#6703 = DIRECTION('',(1.,0.));
#6704 = ( GEOMETRIC_REPRESENTATION_CONTEXT(2) 
PARAMETRIC_REPRESENTATION_CONTEXT() REPRESENTATION_CONTEXT('2D SPACE',''
  ) );
#6705 = ORIENTED_EDGE('',*,*,#6706,.F.);
#6706 = EDGE_CURVE('',#6707,#6679,#6709,.T.);
#6707 = VERTEX_POINT('',#6708);
#6708 = CARTESIAN_POINT('',(208.,-11.,63.));
#6709 = SURFACE_CURVE('',#6710,(#6715,#6726),.PCURVE_S1.);
#6710 = CIRCLE('',#6711,3.);
#6711 = AXIS2_PLACEMENT_3D('',#6712,#6713,#6714);
#6712 = CARTESIAN_POINT('',(205.,-11.,63.));
#6713 = DIRECTION('',(-0.,-1.,0.));
#6714 = DIRECTION('',(0.,-0.,1.));
#6715 = PCURVE('',#6500,#6716);
#6716 = DEFINITIONAL_REPRESENTATION('',(#6717),#6725);
#6717 = ( BOUNDED_CURVE() B_SPLINE_CURVE(2,(#6718,#6719,#6720,#6721,
#6722,#6723,#6724),.UNSPECIFIED.,.T.,.F.) B_SPLINE_CURVE_WITH_KNOTS((1,2
    ,2,2,2,1),(-2.094395102393,0.,2.094395102393,4.188790204786,
6.28318530718,8.377580409573),.UNSPECIFIED.) CURVE() 
GEOMETRIC_REPRESENTATION_ITEM() RATIONAL_B_SPLINE_CURVE((1.,0.5,1.,0.5,
1.,0.5,1.)) REPRESENTATION_ITEM('') );
#6718 = CARTESIAN_POINT('',(66.,73.));
#6719 = CARTESIAN_POINT('',(66.,67.803847577293));
#6720 = CARTESIAN_POINT('',(61.5,70.401923788647));
#6721 = CARTESIAN_POINT('',(57.,73.));
#6722 = CARTESIAN_POINT('',(61.5,75.598076211353));
#6723 = CARTESIAN_POINT('',(66.,78.196152422707));
#6724 = CARTESIAN_POINT('',(66.,73.));
#6725 = ( GEOMETRIC_REPRESENTATION_CONTEXT(2) 
PARAMETRIC_REPRESENTATION_CONTEXT() REPRESENTATION_CONTEXT('2D SPACE',''
  ) );
#6726 = PCURVE('',#6727,#6732);
#6727 = CYLINDRICAL_SURFACE('',#6728,3.);
#6728 = AXIS2_PLACEMENT_3D('',#6729,#6730,#6731);
#6729 = CARTESIAN_POINT('',(205.,-11.,63.));
#6730 = DIRECTION('',(0.,1.,0.));
#6731 = DIRECTION('',(1.,0.,-0.));
#6732 = DEFINITIONAL_REPRESENTATION('',(#6733),#6737);
#6733 = LINE('',#6734,#6735);
#6734 = CARTESIAN_POINT('',(4.712388980385,-0.));
#6735 = VECTOR('',#6736,1.);
#6736 = DIRECTION('',(-1.,0.));
#6737 = ( GEOMETRIC_REPRESENTATION_CONTEXT(2) 
PARAMETRIC_REPRESENTATION_CONTEXT() REPRESENTATION_CONTEXT('2D SPACE',''
  ) );
#6738 = ORIENTED_EDGE('',*,*,#6739,.F.);
#6739 = EDGE_CURVE('',#6740,#6707,#6742,.T.);
#6740 = VERTEX_POINT('',#6741);
#6741 = CARTESIAN_POINT('',(208.,-11.,3.));
#6742 = SURFACE_CURVE('',#6743,(#6747,#6754),.PCURVE_S1.);
#6743 = LINE('',#6744,#6745);
#6744 = CARTESIAN_POINT('',(208.,-11.,0.));
#6745 = VECTOR('',#6746,1.);
#6746 = DIRECTION('',(0.,0.,1.));
#6747 = PCURVE('',#6500,#6748);
#6748 = DEFINITIONAL_REPRESENTATION('',(#6749),#6753);
#6749 = LINE('',#6750,#6751);
#6750 = CARTESIAN_POINT('',(0.,76.));
#6751 = VECTOR('',#6752,1.);
#6752 = DIRECTION('',(1.,0.));
#6753 = ( GEOMETRIC_REPRESENTATION_CONTEXT(2) 
PARAMETRIC_REPRESENTATION_CONTEXT() REPRESENTATION_CONTEXT('2D SPACE',''
  ) );
#6754 = PCURVE('',#6755,#6760);
#6755 = PLANE('',#6756);
#6756 = AXIS2_PLACEMENT_3D('',#6757,#6758,#6759);
#6757 = CARTESIAN_POINT('',(208.,-11.,0.));
#6758 = DIRECTION('',(1.,0.,0.));
#6759 = DIRECTION('',(0.,0.,1.));
#6760 = DEFINITIONAL_REPRESENTATION('',(#6761),#6765);
#6761 = LINE('',#6762,#6763);
#6762 = CARTESIAN_POINT('',(0.,0.));
#6763 = VECTOR('',#6764,1.);
#6764 = DIRECTION('',(1.,0.));
#6765 = ( GEOMETRIC_REPRESENTATION_CONTEXT(2) 
PARAMETRIC_REPRESENTATION_CONTEXT() REPRESENTATION_CONTEXT('2D SPACE',''
  ) );
#6766 = ORIENTED_EDGE('',*,*,#6767,.T.);
#6767 = EDGE_CURVE('',#6740,#6600,#6768,.T.);
#6768 = SURFACE_CURVE('',#6769,(#6774,#6781),.PCURVE_S1.);
#6769 = CIRCLE('',#6770,3.);
#6770 = AXIS2_PLACEMENT_3D('',#6771,#6772,#6773);
#6771 = CARTESIAN_POINT('',(205.,-11.,3.));
#6772 = DIRECTION('',(0.,1.,0.));
#6773 = DIRECTION('',(0.,-0.,1.));
#6774 = PCURVE('',#6500,#6775);
#6775 = DEFINITIONAL_REPRESENTATION('',(#6776),#6780);
#6776 = CIRCLE('',#6777,3.);
#6777 = AXIS2_PLACEMENT_2D('',#6778,#6779);
#6778 = CARTESIAN_POINT('',(3.,73.));
#6779 = DIRECTION('',(1.,0.));
#6780 = ( GEOMETRIC_REPRESENTATION_CONTEXT(2) 
PARAMETRIC_REPRESENTATION_CONTEXT() REPRESENTATION_CONTEXT('2D SPACE',''
  ) );
#6781 = PCURVE('',#6782,#6787);
#6782 = CYLINDRICAL_SURFACE('',#6783,3.);
#6783 = AXIS2_PLACEMENT_3D('',#6784,#6785,#6786);
#6784 = CARTESIAN_POINT('',(205.,-11.,3.));
#6785 = DIRECTION('',(0.,1.,0.));
#6786 = DIRECTION('',(1.,0.,-0.));
#6787 = DEFINITIONAL_REPRESENTATION('',(#6788),#6792);
#6788 = LINE('',#6789,#6790);
#6789 = CARTESIAN_POINT('',(-1.570796326795,0.));
#6790 = VECTOR('',#6791,1.);
#6791 = DIRECTION('',(1.,0.));
#6792 = ( GEOMETRIC_REPRESENTATION_CONTEXT(2) 
PARAMETRIC_REPRESENTATION_CONTEXT() REPRESENTATION_CONTEXT('2D SPACE',''
  ) );
#6793 = FACE_BOUND('',#6794,.F.);
#6794 = EDGE_LOOP('',(#6795));
#6795 = ORIENTED_EDGE('',*,*,#6796,.T.);
#6796 = EDGE_CURVE('',#6797,#6797,#6799,.T.);
#6797 = VERTEX_POINT('',#6798);
#6798 = CARTESIAN_POINT('',(150.74390334559,-11.,12.49390334559));
#6799 = SURFACE_CURVE('',#6800,(#6805,#6816),.PCURVE_S1.);
#6800 = CIRCLE('',#6801,1.25);
#6801 = AXIS2_PLACEMENT_3D('',#6802,#6803,#6804);
#6802 = CARTESIAN_POINT('',(149.49390334559,-11.,12.49390334559));
#6803 = DIRECTION('',(0.,-1.,0.));
#6804 = DIRECTION('',(1.,0.,0.));
#6805 = PCURVE('',#6500,#6806);
#6806 = DEFINITIONAL_REPRESENTATION('',(#6807),#6815);
#6807 = ( BOUNDED_CURVE() B_SPLINE_CURVE(2,(#6808,#6809,#6810,#6811,
#6812,#6813,#6814),.UNSPECIFIED.,.T.,.F.) B_SPLINE_CURVE_WITH_KNOTS((1,2
    ,2,2,2,1),(-2.094395102393,0.,2.094395102393,4.188790204786,
6.28318530718,8.377580409573),.UNSPECIFIED.) CURVE() 
GEOMETRIC_REPRESENTATION_ITEM() RATIONAL_B_SPLINE_CURVE((1.,0.5,1.,0.5,
1.,0.5,1.)) REPRESENTATION_ITEM('') );
#6808 = CARTESIAN_POINT('',(12.49390334559,18.74390334559));
#6809 = CARTESIAN_POINT('',(14.658966855051,18.74390334559));
#6810 = CARTESIAN_POINT('',(13.576435100321,16.86890334559));
#6811 = CARTESIAN_POINT('',(12.49390334559,14.99390334559));
#6812 = CARTESIAN_POINT('',(11.41137159086,16.86890334559));
#6813 = CARTESIAN_POINT('',(10.328839836129,18.74390334559));
#6814 = CARTESIAN_POINT('',(12.49390334559,18.74390334559));
#6815 = ( GEOMETRIC_REPRESENTATION_CONTEXT(2) 
PARAMETRIC_REPRESENTATION_CONTEXT() REPRESENTATION_CONTEXT('2D SPACE',''
  ) );
#6816 = PCURVE('',#6817,#6822);
#6817 = CYLINDRICAL_SURFACE('',#6818,1.25);
#6818 = AXIS2_PLACEMENT_3D('',#6819,#6820,#6821);
#6819 = CARTESIAN_POINT('',(149.49390334559,-12.,12.49390334559));
#6820 = DIRECTION('',(0.,-1.,0.));
#6821 = DIRECTION('',(1.,0.,0.));
#6822 = DEFINITIONAL_REPRESENTATION('',(#6823),#6827);
#6823 = LINE('',#6824,#6825);
#6824 = CARTESIAN_POINT('',(0.,-1.));
#6825 = VECTOR('',#6826,1.);
#6826 = DIRECTION('',(1.,0.));
#6827 = ( GEOMETRIC_REPRESENTATION_CONTEXT(2) 
PARAMETRIC_REPRESENTATION_CONTEXT() REPRESENTATION_CONTEXT('2D SPACE',''
  ) );
#6828 = FACE_BOUND('',#6829,.F.);
#6829 = EDGE_LOOP('',(#6830));
#6830 = ORIENTED_EDGE('',*,*,#6831,.T.);
#6831 = EDGE_CURVE('',#6832,#6832,#6834,.T.);
#6832 = VERTEX_POINT('',#6833);
#6833 = CARTESIAN_POINT('',(150.74390334559,-11.,53.50609665441));
#6834 = SURFACE_CURVE('',#6835,(#6840,#6851),.PCURVE_S1.);
#6835 = CIRCLE('',#6836,1.25);
#6836 = AXIS2_PLACEMENT_3D('',#6837,#6838,#6839);
#6837 = CARTESIAN_POINT('',(149.49390334559,-11.,53.50609665441));
#6838 = DIRECTION('',(0.,-1.,0.));
#6839 = DIRECTION('',(1.,0.,0.));
#6840 = PCURVE('',#6500,#6841);
#6841 = DEFINITIONAL_REPRESENTATION('',(#6842),#6850);
#6842 = ( BOUNDED_CURVE() B_SPLINE_CURVE(2,(#6843,#6844,#6845,#6846,
#6847,#6848,#6849),.UNSPECIFIED.,.T.,.F.) B_SPLINE_CURVE_WITH_KNOTS((1,2
    ,2,2,2,1),(-2.094395102393,0.,2.094395102393,4.188790204786,
6.28318530718,8.377580409573),.UNSPECIFIED.) CURVE() 
GEOMETRIC_REPRESENTATION_ITEM() RATIONAL_B_SPLINE_CURVE((1.,0.5,1.,0.5,
1.,0.5,1.)) REPRESENTATION_ITEM('') );
#6843 = CARTESIAN_POINT('',(53.50609665441,18.74390334559));
#6844 = CARTESIAN_POINT('',(55.671160163871,18.74390334559));
#6845 = CARTESIAN_POINT('',(54.58862840914,16.86890334559));
#6846 = CARTESIAN_POINT('',(53.50609665441,14.99390334559));
#6847 = CARTESIAN_POINT('',(52.423564899679,16.86890334559));
#6848 = CARTESIAN_POINT('',(51.341033144949,18.74390334559));
#6849 = CARTESIAN_POINT('',(53.50609665441,18.74390334559));
#6850 = ( GEOMETRIC_REPRESENTATION_CONTEXT(2) 
PARAMETRIC_REPRESENTATION_CONTEXT() REPRESENTATION_CONTEXT('2D SPACE',''
  ) );
#6851 = PCURVE('',#6852,#6857);
#6852 = CYLINDRICAL_SURFACE('',#6853,1.25);
#6853 = AXIS2_PLACEMENT_3D('',#6854,#6855,#6856);
#6854 = CARTESIAN_POINT('',(149.49390334559,-12.,53.50609665441));
#6855 = DIRECTION('',(0.,-1.,0.));
#6856 = DIRECTION('',(1.,0.,0.));
#6857 = DEFINITIONAL_REPRESENTATION('',(#6858),#6862);
#6858 = LINE('',#6859,#6860);
#6859 = CARTESIAN_POINT('',(0.,-1.));
#6860 = VECTOR('',#6861,1.);
#6861 = DIRECTION('',(1.,0.));
#6862 = ( GEOMETRIC_REPRESENTATION_CONTEXT(2) 
PARAMETRIC_REPRESENTATION_CONTEXT() REPRESENTATION_CONTEXT('2D SPACE',''
  ) );
#6863 = FACE_BOUND('',#6864,.F.);
#6864 = EDGE_LOOP('',(#6865));
#6865 = ORIENTED_EDGE('',*,*,#6866,.T.);
#6866 = EDGE_CURVE('',#6867,#6867,#6869,.T.);
#6867 = VERTEX_POINT('',#6868);
#6868 = CARTESIAN_POINT('',(191.75609665441,-11.,12.49390334559));
#6869 = SURFACE_CURVE('',#6870,(#6875,#6886),.PCURVE_S1.);
#6870 = CIRCLE('',#6871,1.25);
#6871 = AXIS2_PLACEMENT_3D('',#6872,#6873,#6874);
#6872 = CARTESIAN_POINT('',(190.50609665441,-11.,12.49390334559));
#6873 = DIRECTION('',(0.,-1.,0.));
#6874 = DIRECTION('',(1.,0.,0.));
#6875 = PCURVE('',#6500,#6876);
#6876 = DEFINITIONAL_REPRESENTATION('',(#6877),#6885);
#6877 = ( BOUNDED_CURVE() B_SPLINE_CURVE(2,(#6878,#6879,#6880,#6881,
#6882,#6883,#6884),.UNSPECIFIED.,.T.,.F.) B_SPLINE_CURVE_WITH_KNOTS((1,2
    ,2,2,2,1),(-2.094395102393,0.,2.094395102393,4.188790204786,
6.28318530718,8.377580409573),.UNSPECIFIED.) CURVE() 
GEOMETRIC_REPRESENTATION_ITEM() RATIONAL_B_SPLINE_CURVE((1.,0.5,1.,0.5,
1.,0.5,1.)) REPRESENTATION_ITEM('') );
#6878 = CARTESIAN_POINT('',(12.49390334559,59.75609665441));
#6879 = CARTESIAN_POINT('',(14.658966855051,59.75609665441));
#6880 = CARTESIAN_POINT('',(13.576435100321,57.88109665441));
#6881 = CARTESIAN_POINT('',(12.49390334559,56.00609665441));
#6882 = CARTESIAN_POINT('',(11.41137159086,57.88109665441));
#6883 = CARTESIAN_POINT('',(10.328839836129,59.75609665441));
#6884 = CARTESIAN_POINT('',(12.49390334559,59.75609665441));
#6885 = ( GEOMETRIC_REPRESENTATION_CONTEXT(2) 
PARAMETRIC_REPRESENTATION_CONTEXT() REPRESENTATION_CONTEXT('2D SPACE',''
  ) );
#6886 = PCURVE('',#6887,#6892);
#6887 = CYLINDRICAL_SURFACE('',#6888,1.25);
#6888 = AXIS2_PLACEMENT_3D('',#6889,#6890,#6891);
#6889 = CARTESIAN_POINT('',(190.50609665441,-12.,12.49390334559));
#6890 = DIRECTION('',(0.,-1.,0.));
#6891 = DIRECTION('',(1.,0.,0.));
#6892 = DEFINITIONAL_REPRESENTATION('',(#6893),#6897);
#6893 = LINE('',#6894,#6895);
#6894 = CARTESIAN_POINT('',(0.,-1.));
#6895 = VECTOR('',#6896,1.);
#6896 = DIRECTION('',(1.,0.));
#6897 = ( GEOMETRIC_REPRESENTATION_CONTEXT(2) 
PARAMETRIC_REPRESENTATION_CONTEXT() REPRESENTATION_CONTEXT('2D SPACE',''
  ) );
#6898 = FACE_BOUND('',#6899,.F.);
#6899 = EDGE_LOOP('',(#6900));
#6900 = ORIENTED_EDGE('',*,*,#6901,.T.);
#6901 = EDGE_CURVE('',#6902,#6902,#6904,.T.);
#6902 = VERTEX_POINT('',#6903);
#6903 = CARTESIAN_POINT('',(196.3,-11.,33.));
#6904 = SURFACE_CURVE('',#6905,(#6910,#6921),.PCURVE_S1.);
#6905 = CIRCLE('',#6906,26.3);
#6906 = AXIS2_PLACEMENT_3D('',#6907,#6908,#6909);
#6907 = CARTESIAN_POINT('',(170.,-11.,33.));
#6908 = DIRECTION('',(0.,-1.,0.));
#6909 = DIRECTION('',(1.,0.,0.));
#6910 = PCURVE('',#6500,#6911);
#6911 = DEFINITIONAL_REPRESENTATION('',(#6912),#6920);
#6912 = ( BOUNDED_CURVE() B_SPLINE_CURVE(2,(#6913,#6914,#6915,#6916,
#6917,#6918,#6919),.UNSPECIFIED.,.T.,.F.) B_SPLINE_CURVE_WITH_KNOTS((1,2
    ,2,2,2,1),(-2.094395102393,0.,2.094395102393,4.188790204786,
6.28318530718,8.377580409573),.UNSPECIFIED.) CURVE() 
GEOMETRIC_REPRESENTATION_ITEM() RATIONAL_B_SPLINE_CURVE((1.,0.5,1.,0.5,
1.,0.5,1.)) REPRESENTATION_ITEM('') );
#6913 = CARTESIAN_POINT('',(33.,64.3));
#6914 = CARTESIAN_POINT('',(78.552936239061,64.3));
#6915 = CARTESIAN_POINT('',(55.776468119531,24.85));
#6916 = CARTESIAN_POINT('',(33.,-14.6));
#6917 = CARTESIAN_POINT('',(10.223531880469,24.85));
#6918 = CARTESIAN_POINT('',(-12.55293623906,64.3));
#6919 = CARTESIAN_POINT('',(33.,64.3));
#6920 = ( GEOMETRIC_REPRESENTATION_CONTEXT(2) 
PARAMETRIC_REPRESENTATION_CONTEXT() REPRESENTATION_CONTEXT('2D SPACE',''
  ) );
#6921 = PCURVE('',#6922,#6927);
#6922 = CYLINDRICAL_SURFACE('',#6923,26.3);
#6923 = AXIS2_PLACEMENT_3D('',#6924,#6925,#6926);
#6924 = CARTESIAN_POINT('',(170.,-12.,33.));
#6925 = DIRECTION('',(0.,-1.,0.));
#6926 = DIRECTION('',(1.,0.,0.));
#6927 = DEFINITIONAL_REPRESENTATION('',(#6928),#6932);
#6928 = LINE('',#6929,#6930);
#6929 = CARTESIAN_POINT('',(0.,-1.));
#6930 = VECTOR('',#6931,1.);
#6931 = DIRECTION('',(1.,0.));
#6932 = ( GEOMETRIC_REPRESENTATION_CONTEXT(2) 
PARAMETRIC_REPRESENTATION_CONTEXT() REPRESENTATION_CONTEXT('2D SPACE',''
  ) );
#6933 = FACE_BOUND('',#6934,.F.);
#6934 = EDGE_LOOP('',(#6935));
#6935 = ORIENTED_EDGE('',*,*,#6936,.T.);
#6936 = EDGE_CURVE('',#6937,#6937,#6939,.T.);
#6937 = VERTEX_POINT('',#6938);
#6938 = CARTESIAN_POINT('',(191.75609665441,-11.,53.50609665441));
#6939 = SURFACE_CURVE('',#6940,(#6945,#6956),.PCURVE_S1.);
#6940 = CIRCLE('',#6941,1.25);
#6941 = AXIS2_PLACEMENT_3D('',#6942,#6943,#6944);
#6942 = CARTESIAN_POINT('',(190.50609665441,-11.,53.50609665441));
#6943 = DIRECTION('',(0.,-1.,0.));
#6944 = DIRECTION('',(1.,0.,0.));
#6945 = PCURVE('',#6500,#6946);
#6946 = DEFINITIONAL_REPRESENTATION('',(#6947),#6955);
#6947 = ( BOUNDED_CURVE() B_SPLINE_CURVE(2,(#6948,#6949,#6950,#6951,
#6952,#6953,#6954),.UNSPECIFIED.,.T.,.F.) B_SPLINE_CURVE_WITH_KNOTS((1,2
    ,2,2,2,1),(-2.094395102393,0.,2.094395102393,4.188790204786,
6.28318530718,8.377580409573),.UNSPECIFIED.) CURVE() 
GEOMETRIC_REPRESENTATION_ITEM() RATIONAL_B_SPLINE_CURVE((1.,0.5,1.,0.5,
1.,0.5,1.)) REPRESENTATION_ITEM('') );
#6948 = CARTESIAN_POINT('',(53.50609665441,59.75609665441));
#6949 = CARTESIAN_POINT('',(55.671160163871,59.75609665441));
#6950 = CARTESIAN_POINT('',(54.58862840914,57.88109665441));
#6951 = CARTESIAN_POINT('',(53.50609665441,56.00609665441));
#6952 = CARTESIAN_POINT('',(52.423564899679,57.88109665441));
#6953 = CARTESIAN_POINT('',(51.341033144949,59.75609665441));
#6954 = CARTESIAN_POINT('',(53.50609665441,59.75609665441));
#6955 = ( GEOMETRIC_REPRESENTATION_CONTEXT(2) 
PARAMETRIC_REPRESENTATION_CONTEXT() REPRESENTATION_CONTEXT('2D SPACE',''
  ) );
#6956 = PCURVE('',#6957,#6962);
#6957 = CYLINDRICAL_SURFACE('',#6958,1.25);
#6958 = AXIS2_PLACEMENT_3D('',#6959,#6960,#6961);
#6959 = CARTESIAN_POINT('',(190.50609665441,-12.,53.50609665441));
#6960 = DIRECTION('',(0.,-1.,0.));
#6961 = DIRECTION('',(1.,0.,0.));
#6962 = DEFINITIONAL_REPRESENTATION('',(#6963),#6967);
#6963 = LINE('',#6964,#6965);
#6964 = CARTESIAN_POINT('',(0.,-1.));
#6965 = VECTOR('',#6966,1.);
#6966 = DIRECTION('',(1.,0.));
#6967 = ( GEOMETRIC_REPRESENTATION_CONTEXT(2) 
PARAMETRIC_REPRESENTATION_CONTEXT() REPRESENTATION_CONTEXT('2D SPACE',''
  ) );
#6968 = ADVANCED_FACE('',(#6969),#6528,.T.);
#6969 = FACE_BOUND('',#6970,.F.);
#6970 = EDGE_LOOP('',(#6971,#6972,#6995,#7021));
#6971 = ORIENTED_EDGE('',*,*,#6627,.T.);
#6972 = ORIENTED_EDGE('',*,*,#6973,.T.);
#6973 = EDGE_CURVE('',#6598,#6974,#6976,.T.);
#6974 = VERTEX_POINT('',#6975);
#6975 = CARTESIAN_POINT('',(135.,46.,-4.440892098501E-16));
#6976 = SURFACE_CURVE('',#6977,(#6981,#6988),.PCURVE_S1.);
#6977 = LINE('',#6978,#6979);
#6978 = CARTESIAN_POINT('',(135.,-11.,-4.440892098501E-16));
#6979 = VECTOR('',#6980,1.);
#6980 = DIRECTION('',(0.,1.,0.));
#6981 = PCURVE('',#6528,#6982);
#6982 = DEFINITIONAL_REPRESENTATION('',(#6983),#6987);
#6983 = LINE('',#6984,#6985);
#6984 = CARTESIAN_POINT('',(-1.570796326795,0.));
#6985 = VECTOR('',#6986,1.);
#6986 = DIRECTION('',(-0.,1.));
#6987 = ( GEOMETRIC_REPRESENTATION_CONTEXT(2) 
PARAMETRIC_REPRESENTATION_CONTEXT() REPRESENTATION_CONTEXT('2D SPACE',''
  ) );
#6988 = PCURVE('',#6615,#6989);
#6989 = DEFINITIONAL_REPRESENTATION('',(#6990),#6994);
#6990 = LINE('',#6991,#6992);
#6991 = CARTESIAN_POINT('',(3.,0.));
#6992 = VECTOR('',#6993,1.);
#6993 = DIRECTION('',(0.,1.));
#6994 = ( GEOMETRIC_REPRESENTATION_CONTEXT(2) 
PARAMETRIC_REPRESENTATION_CONTEXT() REPRESENTATION_CONTEXT('2D SPACE',''
  ) );
#6995 = ORIENTED_EDGE('',*,*,#6996,.F.);
#6996 = EDGE_CURVE('',#6513,#6974,#6997,.T.);
#6997 = SURFACE_CURVE('',#6998,(#7003,#7010),.PCURVE_S1.);
#6998 = CIRCLE('',#6999,3.);
#6999 = AXIS2_PLACEMENT_3D('',#7000,#7001,#7002);
#7000 = CARTESIAN_POINT('',(135.,46.,3.));
#7001 = DIRECTION('',(-0.,-1.,0.));
#7002 = DIRECTION('',(0.,-0.,1.));
#7003 = PCURVE('',#6528,#7004);
#7004 = DEFINITIONAL_REPRESENTATION('',(#7005),#7009);
#7005 = LINE('',#7006,#7007);
#7006 = CARTESIAN_POINT('',(1.570796326795,57.));
#7007 = VECTOR('',#7008,1.);
#7008 = DIRECTION('',(-1.,0.));
#7009 = ( GEOMETRIC_REPRESENTATION_CONTEXT(2) 
PARAMETRIC_REPRESENTATION_CONTEXT() REPRESENTATION_CONTEXT('2D SPACE',''
  ) );
#7010 = PCURVE('',#6556,#7011);
#7011 = DEFINITIONAL_REPRESENTATION('',(#7012),#7020);
#7012 = ( BOUNDED_CURVE() B_SPLINE_CURVE(2,(#7013,#7014,#7015,#7016,
#7017,#7018,#7019),.UNSPECIFIED.,.T.,.F.) B_SPLINE_CURVE_WITH_KNOTS((1,2
    ,2,2,2,1),(-2.094395102393,0.,2.094395102393,4.188790204786,
6.28318530718,8.377580409573),.UNSPECIFIED.) CURVE() 
GEOMETRIC_REPRESENTATION_ITEM() RATIONAL_B_SPLINE_CURVE((1.,0.5,1.,0.5,
1.,0.5,1.)) REPRESENTATION_ITEM('') );
#7013 = CARTESIAN_POINT('',(6.,3.));
#7014 = CARTESIAN_POINT('',(6.,-2.196152422707));
#7015 = CARTESIAN_POINT('',(1.5,0.401923788647));
#7016 = CARTESIAN_POINT('',(-3.,3.));
#7017 = CARTESIAN_POINT('',(1.5,5.598076211353));
#7018 = CARTESIAN_POINT('',(6.,8.196152422707));
#7019 = CARTESIAN_POINT('',(6.,3.));
#7020 = ( GEOMETRIC_REPRESENTATION_CONTEXT(2) 
PARAMETRIC_REPRESENTATION_CONTEXT() REPRESENTATION_CONTEXT('2D SPACE',''
  ) );
#7021 = ORIENTED_EDGE('',*,*,#6512,.F.);
#7022 = ADVANCED_FACE('',(#7023),#6582,.T.);
#7023 = FACE_BOUND('',#7024,.T.);
#7024 = EDGE_LOOP('',(#7025,#7026,#7049,#7071));
#7025 = ORIENTED_EDGE('',*,*,#6654,.T.);
#7026 = ORIENTED_EDGE('',*,*,#7027,.T.);
#7027 = EDGE_CURVE('',#6655,#7028,#7030,.T.);
#7028 = VERTEX_POINT('',#7029);
#7029 = CARTESIAN_POINT('',(135.,46.,66.));
#7030 = SURFACE_CURVE('',#7031,(#7035,#7042),.PCURVE_S1.);
#7031 = LINE('',#7032,#7033);
#7032 = CARTESIAN_POINT('',(135.,-11.,66.));
#7033 = VECTOR('',#7034,1.);
#7034 = DIRECTION('',(0.,1.,0.));
#7035 = PCURVE('',#6582,#7036);
#7036 = DEFINITIONAL_REPRESENTATION('',(#7037),#7041);
#7037 = LINE('',#7038,#7039);
#7038 = CARTESIAN_POINT('',(1.570796326795,0.));
#7039 = VECTOR('',#7040,1.);
#7040 = DIRECTION('',(0.,1.));
#7041 = ( GEOMETRIC_REPRESENTATION_CONTEXT(2) 
PARAMETRIC_REPRESENTATION_CONTEXT() REPRESENTATION_CONTEXT('2D SPACE',''
  ) );
#7042 = PCURVE('',#6694,#7043);
#7043 = DEFINITIONAL_REPRESENTATION('',(#7044),#7048);
#7044 = LINE('',#7045,#7046);
#7045 = CARTESIAN_POINT('',(3.,0.));
#7046 = VECTOR('',#7047,1.);
#7047 = DIRECTION('',(0.,1.));
#7048 = ( GEOMETRIC_REPRESENTATION_CONTEXT(2) 
PARAMETRIC_REPRESENTATION_CONTEXT() REPRESENTATION_CONTEXT('2D SPACE',''
  ) );
#7049 = ORIENTED_EDGE('',*,*,#7050,.F.);
#7050 = EDGE_CURVE('',#6541,#7028,#7051,.T.);
#7051 = SURFACE_CURVE('',#7052,(#7057,#7064),.PCURVE_S1.);
#7052 = CIRCLE('',#7053,3.);
#7053 = AXIS2_PLACEMENT_3D('',#7054,#7055,#7056);
#7054 = CARTESIAN_POINT('',(135.,46.,63.));
#7055 = DIRECTION('',(0.,1.,0.));
#7056 = DIRECTION('',(0.,-0.,1.));
#7057 = PCURVE('',#6582,#7058);
#7058 = DEFINITIONAL_REPRESENTATION('',(#7059),#7063);
#7059 = LINE('',#7060,#7061);
#7060 = CARTESIAN_POINT('',(-4.712388980385,57.));
#7061 = VECTOR('',#7062,1.);
#7062 = DIRECTION('',(1.,0.));
#7063 = ( GEOMETRIC_REPRESENTATION_CONTEXT(2) 
PARAMETRIC_REPRESENTATION_CONTEXT() REPRESENTATION_CONTEXT('2D SPACE',''
  ) );
#7064 = PCURVE('',#6556,#7065);
#7065 = DEFINITIONAL_REPRESENTATION('',(#7066),#7070);
#7066 = CIRCLE('',#7067,3.);
#7067 = AXIS2_PLACEMENT_2D('',#7068,#7069);
#7068 = CARTESIAN_POINT('',(63.,3.));
#7069 = DIRECTION('',(1.,0.));
#7070 = ( GEOMETRIC_REPRESENTATION_CONTEXT(2) 
PARAMETRIC_REPRESENTATION_CONTEXT() REPRESENTATION_CONTEXT('2D SPACE',''
  ) );
#7071 = ORIENTED_EDGE('',*,*,#6568,.F.);
#7072 = ADVANCED_FACE('',(#7073,#7197,#7232,#7267,#7302,#7636),#6556,.T.
  );
#7073 = FACE_BOUND('',#7074,.T.);
#7074 = EDGE_LOOP('',(#7075,#7098,#7099,#7100,#7101,#7124,#7152,#7175));
#7075 = ORIENTED_EDGE('',*,*,#7076,.F.);
#7076 = EDGE_CURVE('',#6974,#7077,#7079,.T.);
#7077 = VERTEX_POINT('',#7078);
#7078 = CARTESIAN_POINT('',(205.,46.,-4.440892098501E-16));
#7079 = SURFACE_CURVE('',#7080,(#7084,#7091),.PCURVE_S1.);
#7080 = LINE('',#7081,#7082);
#7081 = CARTESIAN_POINT('',(132.,46.,0.));
#7082 = VECTOR('',#7083,1.);
#7083 = DIRECTION('',(1.,0.,0.));
#7084 = PCURVE('',#6556,#7085);
#7085 = DEFINITIONAL_REPRESENTATION('',(#7086),#7090);
#7086 = LINE('',#7087,#7088);
#7087 = CARTESIAN_POINT('',(0.,0.));
#7088 = VECTOR('',#7089,1.);
#7089 = DIRECTION('',(0.,1.));
#7090 = ( GEOMETRIC_REPRESENTATION_CONTEXT(2) 
PARAMETRIC_REPRESENTATION_CONTEXT() REPRESENTATION_CONTEXT('2D SPACE',''
  ) );
#7091 = PCURVE('',#6615,#7092);
#7092 = DEFINITIONAL_REPRESENTATION('',(#7093),#7097);
#7093 = LINE('',#7094,#7095);
#7094 = CARTESIAN_POINT('',(0.,57.));
#7095 = VECTOR('',#7096,1.);
#7096 = DIRECTION('',(1.,0.));
#7097 = ( GEOMETRIC_REPRESENTATION_CONTEXT(2) 
PARAMETRIC_REPRESENTATION_CONTEXT() REPRESENTATION_CONTEXT('2D SPACE',''
  ) );
#7098 = ORIENTED_EDGE('',*,*,#6996,.F.);
#7099 = ORIENTED_EDGE('',*,*,#6540,.T.);
#7100 = ORIENTED_EDGE('',*,*,#7050,.T.);
#7101 = ORIENTED_EDGE('',*,*,#7102,.T.);
#7102 = EDGE_CURVE('',#7028,#7103,#7105,.T.);
#7103 = VERTEX_POINT('',#7104);
#7104 = CARTESIAN_POINT('',(205.,46.,66.));
#7105 = SURFACE_CURVE('',#7106,(#7110,#7117),.PCURVE_S1.);
#7106 = LINE('',#7107,#7108);
#7107 = CARTESIAN_POINT('',(132.,46.,66.));
#7108 = VECTOR('',#7109,1.);
#7109 = DIRECTION('',(1.,0.,0.));
#7110 = PCURVE('',#6556,#7111);
#7111 = DEFINITIONAL_REPRESENTATION('',(#7112),#7116);
#7112 = LINE('',#7113,#7114);
#7113 = CARTESIAN_POINT('',(66.,0.));
#7114 = VECTOR('',#7115,1.);
#7115 = DIRECTION('',(0.,1.));
#7116 = ( GEOMETRIC_REPRESENTATION_CONTEXT(2) 
PARAMETRIC_REPRESENTATION_CONTEXT() REPRESENTATION_CONTEXT('2D SPACE',''
  ) );
#7117 = PCURVE('',#6694,#7118);
#7118 = DEFINITIONAL_REPRESENTATION('',(#7119),#7123);
#7119 = LINE('',#7120,#7121);
#7120 = CARTESIAN_POINT('',(0.,57.));
#7121 = VECTOR('',#7122,1.);
#7122 = DIRECTION('',(1.,0.));
#7123 = ( GEOMETRIC_REPRESENTATION_CONTEXT(2) 
PARAMETRIC_REPRESENTATION_CONTEXT() REPRESENTATION_CONTEXT('2D SPACE',''
  ) );
#7124 = ORIENTED_EDGE('',*,*,#7125,.F.);
#7125 = EDGE_CURVE('',#7126,#7103,#7128,.T.);
#7126 = VERTEX_POINT('',#7127);
#7127 = CARTESIAN_POINT('',(208.,46.,63.));
#7128 = SURFACE_CURVE('',#7129,(#7134,#7145),.PCURVE_S1.);
#7129 = CIRCLE('',#7130,3.);
#7130 = AXIS2_PLACEMENT_3D('',#7131,#7132,#7133);
#7131 = CARTESIAN_POINT('',(205.,46.,63.));
#7132 = DIRECTION('',(-0.,-1.,0.));
#7133 = DIRECTION('',(0.,-0.,1.));
#7134 = PCURVE('',#6556,#7135);
#7135 = DEFINITIONAL_REPRESENTATION('',(#7136),#7144);
#7136 = ( BOUNDED_CURVE() B_SPLINE_CURVE(2,(#7137,#7138,#7139,#7140,
#7141,#7142,#7143),.UNSPECIFIED.,.T.,.F.) B_SPLINE_CURVE_WITH_KNOTS((1,2
    ,2,2,2,1),(-2.094395102393,0.,2.094395102393,4.188790204786,
6.28318530718,8.377580409573),.UNSPECIFIED.) CURVE() 
GEOMETRIC_REPRESENTATION_ITEM() RATIONAL_B_SPLINE_CURVE((1.,0.5,1.,0.5,
1.,0.5,1.)) REPRESENTATION_ITEM('') );
#7137 = CARTESIAN_POINT('',(66.,73.));
#7138 = CARTESIAN_POINT('',(66.,67.803847577293));
#7139 = CARTESIAN_POINT('',(61.5,70.401923788647));
#7140 = CARTESIAN_POINT('',(57.,73.));
#7141 = CARTESIAN_POINT('',(61.5,75.598076211353));
#7142 = CARTESIAN_POINT('',(66.,78.196152422707));
#7143 = CARTESIAN_POINT('',(66.,73.));
#7144 = ( GEOMETRIC_REPRESENTATION_CONTEXT(2) 
PARAMETRIC_REPRESENTATION_CONTEXT() REPRESENTATION_CONTEXT('2D SPACE',''
  ) );
#7145 = PCURVE('',#6727,#7146);
#7146 = DEFINITIONAL_REPRESENTATION('',(#7147),#7151);
#7147 = LINE('',#7148,#7149);
#7148 = CARTESIAN_POINT('',(4.712388980385,57.));
#7149 = VECTOR('',#7150,1.);
#7150 = DIRECTION('',(-1.,0.));
#7151 = ( GEOMETRIC_REPRESENTATION_CONTEXT(2) 
PARAMETRIC_REPRESENTATION_CONTEXT() REPRESENTATION_CONTEXT('2D SPACE',''
  ) );
#7152 = ORIENTED_EDGE('',*,*,#7153,.F.);
#7153 = EDGE_CURVE('',#7154,#7126,#7156,.T.);
#7154 = VERTEX_POINT('',#7155);
#7155 = CARTESIAN_POINT('',(208.,46.,3.));
#7156 = SURFACE_CURVE('',#7157,(#7161,#7168),.PCURVE_S1.);
#7157 = LINE('',#7158,#7159);
#7158 = CARTESIAN_POINT('',(208.,46.,0.));
#7159 = VECTOR('',#7160,1.);
#7160 = DIRECTION('',(0.,0.,1.));
#7161 = PCURVE('',#6556,#7162);
#7162 = DEFINITIONAL_REPRESENTATION('',(#7163),#7167);
#7163 = LINE('',#7164,#7165);
#7164 = CARTESIAN_POINT('',(0.,76.));
#7165 = VECTOR('',#7166,1.);
#7166 = DIRECTION('',(1.,0.));
#7167 = ( GEOMETRIC_REPRESENTATION_CONTEXT(2) 
PARAMETRIC_REPRESENTATION_CONTEXT() REPRESENTATION_CONTEXT('2D SPACE',''
  ) );
#7168 = PCURVE('',#6755,#7169);
#7169 = DEFINITIONAL_REPRESENTATION('',(#7170),#7174);
#7170 = LINE('',#7171,#7172);
#7171 = CARTESIAN_POINT('',(0.,-57.));
#7172 = VECTOR('',#7173,1.);
#7173 = DIRECTION('',(1.,0.));
#7174 = ( GEOMETRIC_REPRESENTATION_CONTEXT(2) 
PARAMETRIC_REPRESENTATION_CONTEXT() REPRESENTATION_CONTEXT('2D SPACE',''
  ) );
#7175 = ORIENTED_EDGE('',*,*,#7176,.T.);
#7176 = EDGE_CURVE('',#7154,#7077,#7177,.T.);
#7177 = SURFACE_CURVE('',#7178,(#7183,#7190),.PCURVE_S1.);
#7178 = CIRCLE('',#7179,3.);
#7179 = AXIS2_PLACEMENT_3D('',#7180,#7181,#7182);
#7180 = CARTESIAN_POINT('',(205.,46.,3.));
#7181 = DIRECTION('',(0.,1.,0.));
#7182 = DIRECTION('',(0.,-0.,1.));
#7183 = PCURVE('',#6556,#7184);
#7184 = DEFINITIONAL_REPRESENTATION('',(#7185),#7189);
#7185 = CIRCLE('',#7186,3.);
#7186 = AXIS2_PLACEMENT_2D('',#7187,#7188);
#7187 = CARTESIAN_POINT('',(3.,73.));
#7188 = DIRECTION('',(1.,0.));
#7189 = ( GEOMETRIC_REPRESENTATION_CONTEXT(2) 
PARAMETRIC_REPRESENTATION_CONTEXT() REPRESENTATION_CONTEXT('2D SPACE',''
  ) );
#7190 = PCURVE('',#6782,#7191);
#7191 = DEFINITIONAL_REPRESENTATION('',(#7192),#7196);
#7192 = LINE('',#7193,#7194);
#7193 = CARTESIAN_POINT('',(-1.570796326795,57.));
#7194 = VECTOR('',#7195,1.);
#7195 = DIRECTION('',(1.,0.));
#7196 = ( GEOMETRIC_REPRESENTATION_CONTEXT(2) 
PARAMETRIC_REPRESENTATION_CONTEXT() REPRESENTATION_CONTEXT('2D SPACE',''
  ) );
#7197 = FACE_BOUND('',#7198,.T.);
#7198 = EDGE_LOOP('',(#7199));
#7199 = ORIENTED_EDGE('',*,*,#7200,.T.);
#7200 = EDGE_CURVE('',#7201,#7201,#7203,.T.);
#7201 = VERTEX_POINT('',#7202);
#7202 = CARTESIAN_POINT('',(139.75,46.,6.5));
#7203 = SURFACE_CURVE('',#7204,(#7209,#7220),.PCURVE_S1.);
#7204 = CIRCLE('',#7205,1.25);
#7205 = AXIS2_PLACEMENT_3D('',#7206,#7207,#7208);
#7206 = CARTESIAN_POINT('',(138.5,46.,6.5));
#7207 = DIRECTION('',(0.,-1.,0.));
#7208 = DIRECTION('',(1.,0.,0.));
#7209 = PCURVE('',#6556,#7210);
#7210 = DEFINITIONAL_REPRESENTATION('',(#7211),#7219);
#7211 = ( BOUNDED_CURVE() B_SPLINE_CURVE(2,(#7212,#7213,#7214,#7215,
#7216,#7217,#7218),.UNSPECIFIED.,.T.,.F.) B_SPLINE_CURVE_WITH_KNOTS((1,2
    ,2,2,2,1),(-2.094395102393,0.,2.094395102393,4.188790204786,
6.28318530718,8.377580409573),.UNSPECIFIED.) CURVE() 
GEOMETRIC_REPRESENTATION_ITEM() RATIONAL_B_SPLINE_CURVE((1.,0.5,1.,0.5,
1.,0.5,1.)) REPRESENTATION_ITEM('') );
#7212 = CARTESIAN_POINT('',(6.5,7.75));
#7213 = CARTESIAN_POINT('',(8.665063509461,7.75));
#7214 = CARTESIAN_POINT('',(7.582531754731,5.875));
#7215 = CARTESIAN_POINT('',(6.5,4.));
#7216 = CARTESIAN_POINT('',(5.417468245269,5.875));
#7217 = CARTESIAN_POINT('',(4.334936490539,7.75));
#7218 = CARTESIAN_POINT('',(6.5,7.75));
#7219 = ( GEOMETRIC_REPRESENTATION_CONTEXT(2) 
PARAMETRIC_REPRESENTATION_CONTEXT() REPRESENTATION_CONTEXT('2D SPACE',''
  ) );
#7220 = PCURVE('',#7221,#7226);
#7221 = CYLINDRICAL_SURFACE('',#7222,1.25);
#7222 = AXIS2_PLACEMENT_3D('',#7223,#7224,#7225);
#7223 = CARTESIAN_POINT('',(138.5,34.,6.5));
#7224 = DIRECTION('',(0.,-1.,0.));
#7225 = DIRECTION('',(1.,0.,0.));
#7226 = DEFINITIONAL_REPRESENTATION('',(#7227),#7231);
#7227 = LINE('',#7228,#7229);
#7228 = CARTESIAN_POINT('',(0.,-12.));
#7229 = VECTOR('',#7230,1.);
#7230 = DIRECTION('',(1.,0.));
#7231 = ( GEOMETRIC_REPRESENTATION_CONTEXT(2) 
PARAMETRIC_REPRESENTATION_CONTEXT() REPRESENTATION_CONTEXT('2D SPACE',''
  ) );
#7232 = FACE_BOUND('',#7233,.T.);
#7233 = EDGE_LOOP('',(#7234));
#7234 = ORIENTED_EDGE('',*,*,#7235,.T.);
#7235 = EDGE_CURVE('',#7236,#7236,#7238,.T.);
#7236 = VERTEX_POINT('',#7237);
#7237 = CARTESIAN_POINT('',(139.75,46.,59.5));
#7238 = SURFACE_CURVE('',#7239,(#7244,#7255),.PCURVE_S1.);
#7239 = CIRCLE('',#7240,1.25);
#7240 = AXIS2_PLACEMENT_3D('',#7241,#7242,#7243);
#7241 = CARTESIAN_POINT('',(138.5,46.,59.5));
#7242 = DIRECTION('',(0.,-1.,0.));
#7243 = DIRECTION('',(1.,0.,0.));
#7244 = PCURVE('',#6556,#7245);
#7245 = DEFINITIONAL_REPRESENTATION('',(#7246),#7254);
#7246 = ( BOUNDED_CURVE() B_SPLINE_CURVE(2,(#7247,#7248,#7249,#7250,
#7251,#7252,#7253),.UNSPECIFIED.,.T.,.F.) B_SPLINE_CURVE_WITH_KNOTS((1,2
    ,2,2,2,1),(-2.094395102393,0.,2.094395102393,4.188790204786,
6.28318530718,8.377580409573),.UNSPECIFIED.) CURVE() 
GEOMETRIC_REPRESENTATION_ITEM() RATIONAL_B_SPLINE_CURVE((1.,0.5,1.,0.5,
1.,0.5,1.)) REPRESENTATION_ITEM('') );
#7247 = CARTESIAN_POINT('',(59.5,7.75));
#7248 = CARTESIAN_POINT('',(61.665063509461,7.75));
#7249 = CARTESIAN_POINT('',(60.582531754731,5.875));
#7250 = CARTESIAN_POINT('',(59.5,4.));
#7251 = CARTESIAN_POINT('',(58.417468245269,5.875));
#7252 = CARTESIAN_POINT('',(57.334936490539,7.75));
#7253 = CARTESIAN_POINT('',(59.5,7.75));
#7254 = ( GEOMETRIC_REPRESENTATION_CONTEXT(2) 
PARAMETRIC_REPRESENTATION_CONTEXT() REPRESENTATION_CONTEXT('2D SPACE',''
  ) );
#7255 = PCURVE('',#7256,#7261);
#7256 = CYLINDRICAL_SURFACE('',#7257,1.25);
#7257 = AXIS2_PLACEMENT_3D('',#7258,#7259,#7260);
#7258 = CARTESIAN_POINT('',(138.5,34.,59.5));
#7259 = DIRECTION('',(0.,-1.,0.));
#7260 = DIRECTION('',(1.,0.,0.));
#7261 = DEFINITIONAL_REPRESENTATION('',(#7262),#7266);
#7262 = LINE('',#7263,#7264);
#7263 = CARTESIAN_POINT('',(0.,-12.));
#7264 = VECTOR('',#7265,1.);
#7265 = DIRECTION('',(1.,0.));
#7266 = ( GEOMETRIC_REPRESENTATION_CONTEXT(2) 
PARAMETRIC_REPRESENTATION_CONTEXT() REPRESENTATION_CONTEXT('2D SPACE',''
  ) );
#7267 = FACE_BOUND('',#7268,.T.);
#7268 = EDGE_LOOP('',(#7269));
#7269 = ORIENTED_EDGE('',*,*,#7270,.T.);
#7270 = EDGE_CURVE('',#7271,#7271,#7273,.T.);
#7271 = VERTEX_POINT('',#7272);
#7272 = CARTESIAN_POINT('',(202.75,46.,6.5));
#7273 = SURFACE_CURVE('',#7274,(#7279,#7290),.PCURVE_S1.);
#7274 = CIRCLE('',#7275,1.25);
#7275 = AXIS2_PLACEMENT_3D('',#7276,#7277,#7278);
#7276 = CARTESIAN_POINT('',(201.5,46.,6.5));
#7277 = DIRECTION('',(0.,-1.,0.));
#7278 = DIRECTION('',(1.,0.,0.));
#7279 = PCURVE('',#6556,#7280);
#7280 = DEFINITIONAL_REPRESENTATION('',(#7281),#7289);
#7281 = ( BOUNDED_CURVE() B_SPLINE_CURVE(2,(#7282,#7283,#7284,#7285,
#7286,#7287,#7288),.UNSPECIFIED.,.T.,.F.) B_SPLINE_CURVE_WITH_KNOTS((1,2
    ,2,2,2,1),(-2.094395102393,0.,2.094395102393,4.188790204786,
6.28318530718,8.377580409573),.UNSPECIFIED.) CURVE() 
GEOMETRIC_REPRESENTATION_ITEM() RATIONAL_B_SPLINE_CURVE((1.,0.5,1.,0.5,
1.,0.5,1.)) REPRESENTATION_ITEM('') );
#7282 = CARTESIAN_POINT('',(6.5,70.75));
#7283 = CARTESIAN_POINT('',(8.665063509461,70.75));
#7284 = CARTESIAN_POINT('',(7.582531754731,68.875));
#7285 = CARTESIAN_POINT('',(6.5,67.));
#7286 = CARTESIAN_POINT('',(5.417468245269,68.875));
#7287 = CARTESIAN_POINT('',(4.334936490539,70.75));
#7288 = CARTESIAN_POINT('',(6.5,70.75));
#7289 = ( GEOMETRIC_REPRESENTATION_CONTEXT(2) 
PARAMETRIC_REPRESENTATION_CONTEXT() REPRESENTATION_CONTEXT('2D SPACE',''
  ) );
#7290 = PCURVE('',#7291,#7296);
#7291 = CYLINDRICAL_SURFACE('',#7292,1.25);
#7292 = AXIS2_PLACEMENT_3D('',#7293,#7294,#7295);
#7293 = CARTESIAN_POINT('',(201.5,34.,6.5));
#7294 = DIRECTION('',(0.,-1.,0.));
#7295 = DIRECTION('',(1.,0.,0.));
#7296 = DEFINITIONAL_REPRESENTATION('',(#7297),#7301);
#7297 = LINE('',#7298,#7299);
#7298 = CARTESIAN_POINT('',(0.,-12.));
#7299 = VECTOR('',#7300,1.);
#7300 = DIRECTION('',(1.,0.));
#7301 = ( GEOMETRIC_REPRESENTATION_CONTEXT(2) 
PARAMETRIC_REPRESENTATION_CONTEXT() REPRESENTATION_CONTEXT('2D SPACE',''
  ) );
#7302 = FACE_BOUND('',#7303,.T.);
#7303 = EDGE_LOOP('',(#7304,#7333,#7361,#7389,#7416,#7444,#7472,#7499,
    #7527,#7555,#7582,#7610));
#7304 = ORIENTED_EDGE('',*,*,#7305,.F.);
#7305 = EDGE_CURVE('',#7306,#7308,#7310,.T.);
#7306 = VERTEX_POINT('',#7307);
#7307 = CARTESIAN_POINT('',(142.,46.,63.));
#7308 = VERTEX_POINT('',#7309);
#7309 = CARTESIAN_POINT('',(198.,46.,63.));
#7310 = SURFACE_CURVE('',#7311,(#7315,#7322),.PCURVE_S1.);
#7311 = LINE('',#7312,#7313);
#7312 = CARTESIAN_POINT('',(133.5,46.,63.));
#7313 = VECTOR('',#7314,1.);
#7314 = DIRECTION('',(1.,0.,0.));
#7315 = PCURVE('',#6556,#7316);
#7316 = DEFINITIONAL_REPRESENTATION('',(#7317),#7321);
#7317 = LINE('',#7318,#7319);
#7318 = CARTESIAN_POINT('',(63.,1.5));
#7319 = VECTOR('',#7320,1.);
#7320 = DIRECTION('',(0.,1.));
#7321 = ( GEOMETRIC_REPRESENTATION_CONTEXT(2) 
PARAMETRIC_REPRESENTATION_CONTEXT() REPRESENTATION_CONTEXT('2D SPACE',''
  ) );
#7322 = PCURVE('',#7323,#7328);
#7323 = PLANE('',#7324);
#7324 = AXIS2_PLACEMENT_3D('',#7325,#7326,#7327);
#7325 = CARTESIAN_POINT('',(135.,-6.,63.));
#7326 = DIRECTION('',(0.,0.,1.));
#7327 = DIRECTION('',(1.,0.,0.));
#7328 = DEFINITIONAL_REPRESENTATION('',(#7329),#7332);
#7329 = B_SPLINE_CURVE_WITH_KNOTS('',1,(#7330,#7331),.UNSPECIFIED.,.F.,
  .F.,(2,2),(1.5,71.5),.PIECEWISE_BEZIER_KNOTS.);
#7330 = CARTESIAN_POINT('',(0.,52.));
#7331 = CARTESIAN_POINT('',(70.,52.));
#7332 = ( GEOMETRIC_REPRESENTATION_CONTEXT(2) 
PARAMETRIC_REPRESENTATION_CONTEXT() REPRESENTATION_CONTEXT('2D SPACE',''
  ) );
#7333 = ORIENTED_EDGE('',*,*,#7334,.F.);
#7334 = EDGE_CURVE('',#7335,#7306,#7337,.T.);
#7335 = VERTEX_POINT('',#7336);
#7336 = CARTESIAN_POINT('',(142.,46.,56.));
#7337 = SURFACE_CURVE('',#7338,(#7342,#7349),.PCURVE_S1.);
#7338 = LINE('',#7339,#7340);
#7339 = CARTESIAN_POINT('',(142.,46.,56.));
#7340 = VECTOR('',#7341,1.);
#7341 = DIRECTION('',(0.,0.,1.));
#7342 = PCURVE('',#6556,#7343);
#7343 = DEFINITIONAL_REPRESENTATION('',(#7344),#7348);
#7344 = LINE('',#7345,#7346);
#7345 = CARTESIAN_POINT('',(56.,10.));
#7346 = VECTOR('',#7347,1.);
#7347 = DIRECTION('',(1.,0.));
#7348 = ( GEOMETRIC_REPRESENTATION_CONTEXT(2) 
PARAMETRIC_REPRESENTATION_CONTEXT() REPRESENTATION_CONTEXT('2D SPACE',''
  ) );
#7349 = PCURVE('',#7350,#7355);
#7350 = PLANE('',#7351);
#7351 = AXIS2_PLACEMENT_3D('',#7352,#7353,#7354);
#7352 = CARTESIAN_POINT('',(142.,-6.01,56.));
#7353 = DIRECTION('',(1.,0.,0.));
#7354 = DIRECTION('',(0.,0.,1.));
#7355 = DEFINITIONAL_REPRESENTATION('',(#7356),#7360);
#7356 = LINE('',#7357,#7358);
#7357 = CARTESIAN_POINT('',(0.,-52.01));
#7358 = VECTOR('',#7359,1.);
#7359 = DIRECTION('',(1.,0.));
#7360 = ( GEOMETRIC_REPRESENTATION_CONTEXT(2) 
PARAMETRIC_REPRESENTATION_CONTEXT() REPRESENTATION_CONTEXT('2D SPACE',''
  ) );
#7361 = ORIENTED_EDGE('',*,*,#7362,.F.);
#7362 = EDGE_CURVE('',#7363,#7335,#7365,.T.);
#7363 = VERTEX_POINT('',#7364);
#7364 = CARTESIAN_POINT('',(135.,46.,56.));
#7365 = SURFACE_CURVE('',#7366,(#7370,#7377),.PCURVE_S1.);
#7366 = LINE('',#7367,#7368);
#7367 = CARTESIAN_POINT('',(135.,46.,56.));
#7368 = VECTOR('',#7369,1.);
#7369 = DIRECTION('',(1.,0.,0.));
#7370 = PCURVE('',#6556,#7371);
#7371 = DEFINITIONAL_REPRESENTATION('',(#7372),#7376);
#7372 = LINE('',#7373,#7374);
#7373 = CARTESIAN_POINT('',(56.,3.));
#7374 = VECTOR('',#7375,1.);
#7375 = DIRECTION('',(0.,1.));
#7376 = ( GEOMETRIC_REPRESENTATION_CONTEXT(2) 
PARAMETRIC_REPRESENTATION_CONTEXT() REPRESENTATION_CONTEXT('2D SPACE',''
  ) );
#7377 = PCURVE('',#7378,#7383);
#7378 = PLANE('',#7379);
#7379 = AXIS2_PLACEMENT_3D('',#7380,#7381,#7382);
#7380 = CARTESIAN_POINT('',(135.,-6.01,56.));
#7381 = DIRECTION('',(0.,0.,1.));
#7382 = DIRECTION('',(1.,0.,0.));
#7383 = DEFINITIONAL_REPRESENTATION('',(#7384),#7388);
#7384 = LINE('',#7385,#7386);
#7385 = CARTESIAN_POINT('',(0.,52.01));
#7386 = VECTOR('',#7387,1.);
#7387 = DIRECTION('',(1.,0.));
#7388 = ( GEOMETRIC_REPRESENTATION_CONTEXT(2) 
PARAMETRIC_REPRESENTATION_CONTEXT() REPRESENTATION_CONTEXT('2D SPACE',''
  ) );
#7389 = ORIENTED_EDGE('',*,*,#7390,.T.);
#7390 = EDGE_CURVE('',#7363,#7391,#7393,.T.);
#7391 = VERTEX_POINT('',#7392);
#7392 = CARTESIAN_POINT('',(135.,46.,10.));
#7393 = SURFACE_CURVE('',#7394,(#7398,#7405),.PCURVE_S1.);
#7394 = LINE('',#7395,#7396);
#7395 = CARTESIAN_POINT('',(135.,46.,1.5));
#7396 = VECTOR('',#7397,1.);
#7397 = DIRECTION('',(0.,0.,-1.));
#7398 = PCURVE('',#6556,#7399);
#7399 = DEFINITIONAL_REPRESENTATION('',(#7400),#7404);
#7400 = LINE('',#7401,#7402);
#7401 = CARTESIAN_POINT('',(1.5,3.));
#7402 = VECTOR('',#7403,1.);
#7403 = DIRECTION('',(-1.,0.));
#7404 = ( GEOMETRIC_REPRESENTATION_CONTEXT(2) 
PARAMETRIC_REPRESENTATION_CONTEXT() REPRESENTATION_CONTEXT('2D SPACE',''
  ) );
#7405 = PCURVE('',#7406,#7411);
#7406 = PLANE('',#7407);
#7407 = AXIS2_PLACEMENT_3D('',#7408,#7409,#7410);
#7408 = CARTESIAN_POINT('',(135.,-6.,3.));
#7409 = DIRECTION('',(1.,0.,0.));
#7410 = DIRECTION('',(0.,0.,1.));
#7411 = DEFINITIONAL_REPRESENTATION('',(#7412),#7415);
#7412 = B_SPLINE_CURVE_WITH_KNOTS('',1,(#7413,#7414),.UNSPECIFIED.,.F.,
  .F.,(2,2),(-61.5,-1.5),.PIECEWISE_BEZIER_KNOTS.);
#7413 = CARTESIAN_POINT('',(60.,-52.));
#7414 = CARTESIAN_POINT('',(0.,-52.));
#7415 = ( GEOMETRIC_REPRESENTATION_CONTEXT(2) 
PARAMETRIC_REPRESENTATION_CONTEXT() REPRESENTATION_CONTEXT('2D SPACE',''
  ) );
#7416 = ORIENTED_EDGE('',*,*,#7417,.T.);
#7417 = EDGE_CURVE('',#7391,#7418,#7420,.T.);
#7418 = VERTEX_POINT('',#7419);
#7419 = CARTESIAN_POINT('',(142.,46.,10.));
#7420 = SURFACE_CURVE('',#7421,(#7425,#7432),.PCURVE_S1.);
#7421 = LINE('',#7422,#7423);
#7422 = CARTESIAN_POINT('',(135.,46.,10.));
#7423 = VECTOR('',#7424,1.);
#7424 = DIRECTION('',(1.,0.,0.));
#7425 = PCURVE('',#6556,#7426);
#7426 = DEFINITIONAL_REPRESENTATION('',(#7427),#7431);
#7427 = LINE('',#7428,#7429);
#7428 = CARTESIAN_POINT('',(10.,3.));
#7429 = VECTOR('',#7430,1.);
#7430 = DIRECTION('',(0.,1.));
#7431 = ( GEOMETRIC_REPRESENTATION_CONTEXT(2) 
PARAMETRIC_REPRESENTATION_CONTEXT() REPRESENTATION_CONTEXT('2D SPACE',''
  ) );
#7432 = PCURVE('',#7433,#7438);
#7433 = PLANE('',#7434);
#7434 = AXIS2_PLACEMENT_3D('',#7435,#7436,#7437);
#7435 = CARTESIAN_POINT('',(135.,-6.01,10.));
#7436 = DIRECTION('',(0.,0.,1.));
#7437 = DIRECTION('',(1.,0.,0.));
#7438 = DEFINITIONAL_REPRESENTATION('',(#7439),#7443);
#7439 = LINE('',#7440,#7441);
#7440 = CARTESIAN_POINT('',(0.,52.01));
#7441 = VECTOR('',#7442,1.);
#7442 = DIRECTION('',(1.,0.));
#7443 = ( GEOMETRIC_REPRESENTATION_CONTEXT(2) 
PARAMETRIC_REPRESENTATION_CONTEXT() REPRESENTATION_CONTEXT('2D SPACE',''
  ) );
#7444 = ORIENTED_EDGE('',*,*,#7445,.F.);
#7445 = EDGE_CURVE('',#7446,#7418,#7448,.T.);
#7446 = VERTEX_POINT('',#7447);
#7447 = CARTESIAN_POINT('',(142.,46.,3.));
#7448 = SURFACE_CURVE('',#7449,(#7453,#7460),.PCURVE_S1.);
#7449 = LINE('',#7450,#7451);
#7450 = CARTESIAN_POINT('',(142.,46.,3.));
#7451 = VECTOR('',#7452,1.);
#7452 = DIRECTION('',(0.,0.,1.));
#7453 = PCURVE('',#6556,#7454);
#7454 = DEFINITIONAL_REPRESENTATION('',(#7455),#7459);
#7455 = LINE('',#7456,#7457);
#7456 = CARTESIAN_POINT('',(3.,10.));
#7457 = VECTOR('',#7458,1.);
#7458 = DIRECTION('',(1.,0.));
#7459 = ( GEOMETRIC_REPRESENTATION_CONTEXT(2) 
PARAMETRIC_REPRESENTATION_CONTEXT() REPRESENTATION_CONTEXT('2D SPACE',''
  ) );
#7460 = PCURVE('',#7461,#7466);
#7461 = PLANE('',#7462);
#7462 = AXIS2_PLACEMENT_3D('',#7463,#7464,#7465);
#7463 = CARTESIAN_POINT('',(142.,-6.01,3.));
#7464 = DIRECTION('',(1.,0.,0.));
#7465 = DIRECTION('',(0.,0.,1.));
#7466 = DEFINITIONAL_REPRESENTATION('',(#7467),#7471);
#7467 = LINE('',#7468,#7469);
#7468 = CARTESIAN_POINT('',(0.,-52.01));
#7469 = VECTOR('',#7470,1.);
#7470 = DIRECTION('',(1.,0.));
#7471 = ( GEOMETRIC_REPRESENTATION_CONTEXT(2) 
PARAMETRIC_REPRESENTATION_CONTEXT() REPRESENTATION_CONTEXT('2D SPACE',''
  ) );
#7472 = ORIENTED_EDGE('',*,*,#7473,.T.);
#7473 = EDGE_CURVE('',#7446,#7474,#7476,.T.);
#7474 = VERTEX_POINT('',#7475);
#7475 = CARTESIAN_POINT('',(198.,46.,3.));
#7476 = SURFACE_CURVE('',#7477,(#7481,#7488),.PCURVE_S1.);
#7477 = LINE('',#7478,#7479);
#7478 = CARTESIAN_POINT('',(133.5,46.,3.));
#7479 = VECTOR('',#7480,1.);
#7480 = DIRECTION('',(1.,0.,0.));
#7481 = PCURVE('',#6556,#7482);
#7482 = DEFINITIONAL_REPRESENTATION('',(#7483),#7487);
#7483 = LINE('',#7484,#7485);
#7484 = CARTESIAN_POINT('',(3.,1.5));
#7485 = VECTOR('',#7486,1.);
#7486 = DIRECTION('',(0.,1.));
#7487 = ( GEOMETRIC_REPRESENTATION_CONTEXT(2) 
PARAMETRIC_REPRESENTATION_CONTEXT() REPRESENTATION_CONTEXT('2D SPACE',''
  ) );
#7488 = PCURVE('',#7489,#7494);
#7489 = PLANE('',#7490);
#7490 = AXIS2_PLACEMENT_3D('',#7491,#7492,#7493);
#7491 = CARTESIAN_POINT('',(135.,-6.,3.));
#7492 = DIRECTION('',(0.,0.,1.));
#7493 = DIRECTION('',(1.,0.,0.));
#7494 = DEFINITIONAL_REPRESENTATION('',(#7495),#7498);
#7495 = B_SPLINE_CURVE_WITH_KNOTS('',1,(#7496,#7497),.UNSPECIFIED.,.F.,
  .F.,(2,2),(1.5,71.5),.PIECEWISE_BEZIER_KNOTS.);
#7496 = CARTESIAN_POINT('',(0.,52.));
#7497 = CARTESIAN_POINT('',(70.,52.));
#7498 = ( GEOMETRIC_REPRESENTATION_CONTEXT(2) 
PARAMETRIC_REPRESENTATION_CONTEXT() REPRESENTATION_CONTEXT('2D SPACE',''
  ) );
#7499 = ORIENTED_EDGE('',*,*,#7500,.T.);
#7500 = EDGE_CURVE('',#7474,#7501,#7503,.T.);
#7501 = VERTEX_POINT('',#7502);
#7502 = CARTESIAN_POINT('',(198.,46.,10.));
#7503 = SURFACE_CURVE('',#7504,(#7508,#7515),.PCURVE_S1.);
#7504 = LINE('',#7505,#7506);
#7505 = CARTESIAN_POINT('',(198.,46.,3.));
#7506 = VECTOR('',#7507,1.);
#7507 = DIRECTION('',(0.,0.,1.));
#7508 = PCURVE('',#6556,#7509);
#7509 = DEFINITIONAL_REPRESENTATION('',(#7510),#7514);
#7510 = LINE('',#7511,#7512);
#7511 = CARTESIAN_POINT('',(3.,66.));
#7512 = VECTOR('',#7513,1.);
#7513 = DIRECTION('',(1.,0.));
#7514 = ( GEOMETRIC_REPRESENTATION_CONTEXT(2) 
PARAMETRIC_REPRESENTATION_CONTEXT() REPRESENTATION_CONTEXT('2D SPACE',''
  ) );
#7515 = PCURVE('',#7516,#7521);
#7516 = PLANE('',#7517);
#7517 = AXIS2_PLACEMENT_3D('',#7518,#7519,#7520);
#7518 = CARTESIAN_POINT('',(198.,-6.01,3.));
#7519 = DIRECTION('',(1.,0.,0.));
#7520 = DIRECTION('',(0.,0.,1.));
#7521 = DEFINITIONAL_REPRESENTATION('',(#7522),#7526);
#7522 = LINE('',#7523,#7524);
#7523 = CARTESIAN_POINT('',(0.,-52.01));
#7524 = VECTOR('',#7525,1.);
#7525 = DIRECTION('',(1.,0.));
#7526 = ( GEOMETRIC_REPRESENTATION_CONTEXT(2) 
PARAMETRIC_REPRESENTATION_CONTEXT() REPRESENTATION_CONTEXT('2D SPACE',''
  ) );
#7527 = ORIENTED_EDGE('',*,*,#7528,.T.);
#7528 = EDGE_CURVE('',#7501,#7529,#7531,.T.);
#7529 = VERTEX_POINT('',#7530);
#7530 = CARTESIAN_POINT('',(205.,46.,10.));
#7531 = SURFACE_CURVE('',#7532,(#7536,#7543),.PCURVE_S1.);
#7532 = LINE('',#7533,#7534);
#7533 = CARTESIAN_POINT('',(198.,46.,10.));
#7534 = VECTOR('',#7535,1.);
#7535 = DIRECTION('',(1.,0.,0.));
#7536 = PCURVE('',#6556,#7537);
#7537 = DEFINITIONAL_REPRESENTATION('',(#7538),#7542);
#7538 = LINE('',#7539,#7540);
#7539 = CARTESIAN_POINT('',(10.,66.));
#7540 = VECTOR('',#7541,1.);
#7541 = DIRECTION('',(0.,1.));
#7542 = ( GEOMETRIC_REPRESENTATION_CONTEXT(2) 
PARAMETRIC_REPRESENTATION_CONTEXT() REPRESENTATION_CONTEXT('2D SPACE',''
  ) );
#7543 = PCURVE('',#7544,#7549);
#7544 = PLANE('',#7545);
#7545 = AXIS2_PLACEMENT_3D('',#7546,#7547,#7548);
#7546 = CARTESIAN_POINT('',(198.,-6.01,10.));
#7547 = DIRECTION('',(0.,0.,1.));
#7548 = DIRECTION('',(1.,0.,0.));
#7549 = DEFINITIONAL_REPRESENTATION('',(#7550),#7554);
#7550 = LINE('',#7551,#7552);
#7551 = CARTESIAN_POINT('',(0.,52.01));
#7552 = VECTOR('',#7553,1.);
#7553 = DIRECTION('',(1.,0.));
#7554 = ( GEOMETRIC_REPRESENTATION_CONTEXT(2) 
PARAMETRIC_REPRESENTATION_CONTEXT() REPRESENTATION_CONTEXT('2D SPACE',''
  ) );
#7555 = ORIENTED_EDGE('',*,*,#7556,.F.);
#7556 = EDGE_CURVE('',#7557,#7529,#7559,.T.);
#7557 = VERTEX_POINT('',#7558);
#7558 = CARTESIAN_POINT('',(205.,46.,56.));
#7559 = SURFACE_CURVE('',#7560,(#7564,#7571),.PCURVE_S1.);
#7560 = LINE('',#7561,#7562);
#7561 = CARTESIAN_POINT('',(205.,46.,1.5));
#7562 = VECTOR('',#7563,1.);
#7563 = DIRECTION('',(0.,0.,-1.));
#7564 = PCURVE('',#6556,#7565);
#7565 = DEFINITIONAL_REPRESENTATION('',(#7566),#7570);
#7566 = LINE('',#7567,#7568);
#7567 = CARTESIAN_POINT('',(1.5,73.));
#7568 = VECTOR('',#7569,1.);
#7569 = DIRECTION('',(-1.,0.));
#7570 = ( GEOMETRIC_REPRESENTATION_CONTEXT(2) 
PARAMETRIC_REPRESENTATION_CONTEXT() REPRESENTATION_CONTEXT('2D SPACE',''
  ) );
#7571 = PCURVE('',#7572,#7577);
#7572 = PLANE('',#7573);
#7573 = AXIS2_PLACEMENT_3D('',#7574,#7575,#7576);
#7574 = CARTESIAN_POINT('',(205.,-6.,3.));
#7575 = DIRECTION('',(1.,0.,0.));
#7576 = DIRECTION('',(0.,0.,1.));
#7577 = DEFINITIONAL_REPRESENTATION('',(#7578),#7581);
#7578 = B_SPLINE_CURVE_WITH_KNOTS('',1,(#7579,#7580),.UNSPECIFIED.,.F.,
  .F.,(2,2),(-61.5,-1.5),.PIECEWISE_BEZIER_KNOTS.);
#7579 = CARTESIAN_POINT('',(60.,-52.));
#7580 = CARTESIAN_POINT('',(0.,-52.));
#7581 = ( GEOMETRIC_REPRESENTATION_CONTEXT(2) 
PARAMETRIC_REPRESENTATION_CONTEXT() REPRESENTATION_CONTEXT('2D SPACE',''
  ) );
#7582 = ORIENTED_EDGE('',*,*,#7583,.F.);
#7583 = EDGE_CURVE('',#7584,#7557,#7586,.T.);
#7584 = VERTEX_POINT('',#7585);
#7585 = CARTESIAN_POINT('',(198.,46.,56.));
#7586 = SURFACE_CURVE('',#7587,(#7591,#7598),.PCURVE_S1.);
#7587 = LINE('',#7588,#7589);
#7588 = CARTESIAN_POINT('',(198.,46.,56.));
#7589 = VECTOR('',#7590,1.);
#7590 = DIRECTION('',(1.,0.,0.));
#7591 = PCURVE('',#6556,#7592);
#7592 = DEFINITIONAL_REPRESENTATION('',(#7593),#7597);
#7593 = LINE('',#7594,#7595);
#7594 = CARTESIAN_POINT('',(56.,66.));
#7595 = VECTOR('',#7596,1.);
#7596 = DIRECTION('',(0.,1.));
#7597 = ( GEOMETRIC_REPRESENTATION_CONTEXT(2) 
PARAMETRIC_REPRESENTATION_CONTEXT() REPRESENTATION_CONTEXT('2D SPACE',''
  ) );
#7598 = PCURVE('',#7599,#7604);
#7599 = PLANE('',#7600);
#7600 = AXIS2_PLACEMENT_3D('',#7601,#7602,#7603);
#7601 = CARTESIAN_POINT('',(198.,-6.01,56.));
#7602 = DIRECTION('',(0.,0.,1.));
#7603 = DIRECTION('',(1.,0.,0.));
#7604 = DEFINITIONAL_REPRESENTATION('',(#7605),#7609);
#7605 = LINE('',#7606,#7607);
#7606 = CARTESIAN_POINT('',(0.,52.01));
#7607 = VECTOR('',#7608,1.);
#7608 = DIRECTION('',(1.,0.));
#7609 = ( GEOMETRIC_REPRESENTATION_CONTEXT(2) 
PARAMETRIC_REPRESENTATION_CONTEXT() REPRESENTATION_CONTEXT('2D SPACE',''
  ) );
#7610 = ORIENTED_EDGE('',*,*,#7611,.T.);
#7611 = EDGE_CURVE('',#7584,#7308,#7612,.T.);
#7612 = SURFACE_CURVE('',#7613,(#7617,#7624),.PCURVE_S1.);
#7613 = LINE('',#7614,#7615);
#7614 = CARTESIAN_POINT('',(198.,46.,56.));
#7615 = VECTOR('',#7616,1.);
#7616 = DIRECTION('',(0.,0.,1.));
#7617 = PCURVE('',#6556,#7618);
#7618 = DEFINITIONAL_REPRESENTATION('',(#7619),#7623);
#7619 = LINE('',#7620,#7621);
#7620 = CARTESIAN_POINT('',(56.,66.));
#7621 = VECTOR('',#7622,1.);
#7622 = DIRECTION('',(1.,0.));
#7623 = ( GEOMETRIC_REPRESENTATION_CONTEXT(2) 
PARAMETRIC_REPRESENTATION_CONTEXT() REPRESENTATION_CONTEXT('2D SPACE',''
  ) );
#7624 = PCURVE('',#7625,#7630);
#7625 = PLANE('',#7626);
#7626 = AXIS2_PLACEMENT_3D('',#7627,#7628,#7629);
#7627 = CARTESIAN_POINT('',(198.,-6.01,56.));
#7628 = DIRECTION('',(1.,0.,0.));
#7629 = DIRECTION('',(0.,0.,1.));
#7630 = DEFINITIONAL_REPRESENTATION('',(#7631),#7635);
#7631 = LINE('',#7632,#7633);
#7632 = CARTESIAN_POINT('',(0.,-52.01));
#7633 = VECTOR('',#7634,1.);
#7634 = DIRECTION('',(1.,0.));
#7635 = ( GEOMETRIC_REPRESENTATION_CONTEXT(2) 
PARAMETRIC_REPRESENTATION_CONTEXT() REPRESENTATION_CONTEXT('2D SPACE',''
  ) );
#7636 = FACE_BOUND('',#7637,.T.);
#7637 = EDGE_LOOP('',(#7638));
#7638 = ORIENTED_EDGE('',*,*,#7639,.T.);
#7639 = EDGE_CURVE('',#7640,#7640,#7642,.T.);
#7640 = VERTEX_POINT('',#7641);
#7641 = CARTESIAN_POINT('',(202.75,46.,59.5));
#7642 = SURFACE_CURVE('',#7643,(#7648,#7659),.PCURVE_S1.);
#7643 = CIRCLE('',#7644,1.25);
#7644 = AXIS2_PLACEMENT_3D('',#7645,#7646,#7647);
#7645 = CARTESIAN_POINT('',(201.5,46.,59.5));
#7646 = DIRECTION('',(0.,-1.,0.));
#7647 = DIRECTION('',(1.,0.,0.));
#7648 = PCURVE('',#6556,#7649);
#7649 = DEFINITIONAL_REPRESENTATION('',(#7650),#7658);
#7650 = ( BOUNDED_CURVE() B_SPLINE_CURVE(2,(#7651,#7652,#7653,#7654,
#7655,#7656,#7657),.UNSPECIFIED.,.T.,.F.) B_SPLINE_CURVE_WITH_KNOTS((1,2
    ,2,2,2,1),(-2.094395102393,0.,2.094395102393,4.188790204786,
6.28318530718,8.377580409573),.UNSPECIFIED.) CURVE() 
GEOMETRIC_REPRESENTATION_ITEM() RATIONAL_B_SPLINE_CURVE((1.,0.5,1.,0.5,
1.,0.5,1.)) REPRESENTATION_ITEM('') );
#7651 = CARTESIAN_POINT('',(59.5,70.75));
#7652 = CARTESIAN_POINT('',(61.665063509461,70.75));
#7653 = CARTESIAN_POINT('',(60.582531754731,68.875));
#7654 = CARTESIAN_POINT('',(59.5,67.));
#7655 = CARTESIAN_POINT('',(58.417468245269,68.875));
#7656 = CARTESIAN_POINT('',(57.334936490539,70.75));
#7657 = CARTESIAN_POINT('',(59.5,70.75));
#7658 = ( GEOMETRIC_REPRESENTATION_CONTEXT(2) 
PARAMETRIC_REPRESENTATION_CONTEXT() REPRESENTATION_CONTEXT('2D SPACE',''
  ) );
#7659 = PCURVE('',#7660,#7665);
#7660 = CYLINDRICAL_SURFACE('',#7661,1.25);
#7661 = AXIS2_PLACEMENT_3D('',#7662,#7663,#7664);
#7662 = CARTESIAN_POINT('',(201.5,34.,59.5));
#7663 = DIRECTION('',(0.,-1.,0.));
#7664 = DIRECTION('',(1.,0.,0.));
#7665 = DEFINITIONAL_REPRESENTATION('',(#7666),#7670);
#7666 = LINE('',#7667,#7668);
#7667 = CARTESIAN_POINT('',(0.,-12.));
#7668 = VECTOR('',#7669,1.);
#7669 = DIRECTION('',(1.,0.));
#7670 = ( GEOMETRIC_REPRESENTATION_CONTEXT(2) 
PARAMETRIC_REPRESENTATION_CONTEXT() REPRESENTATION_CONTEXT('2D SPACE',''
  ) );
#7671 = ADVANCED_FACE('',(#7672),#6615,.F.);
#7672 = FACE_BOUND('',#7673,.F.);
#7673 = EDGE_LOOP('',(#7674,#7675,#7676,#7677));
#7674 = ORIENTED_EDGE('',*,*,#7076,.F.);
#7675 = ORIENTED_EDGE('',*,*,#6973,.F.);
#7676 = ORIENTED_EDGE('',*,*,#6597,.T.);
#7677 = ORIENTED_EDGE('',*,*,#7678,.T.);
#7678 = EDGE_CURVE('',#6600,#7077,#7679,.T.);
#7679 = SURFACE_CURVE('',#7680,(#7684,#7691),.PCURVE_S1.);
#7680 = LINE('',#7681,#7682);
#7681 = CARTESIAN_POINT('',(205.,-11.,-4.440892098501E-16));
#7682 = VECTOR('',#7683,1.);
#7683 = DIRECTION('',(0.,1.,0.));
#7684 = PCURVE('',#6615,#7685);
#7685 = DEFINITIONAL_REPRESENTATION('',(#7686),#7690);
#7686 = LINE('',#7687,#7688);
#7687 = CARTESIAN_POINT('',(73.,0.));
#7688 = VECTOR('',#7689,1.);
#7689 = DIRECTION('',(0.,1.));
#7690 = ( GEOMETRIC_REPRESENTATION_CONTEXT(2) 
PARAMETRIC_REPRESENTATION_CONTEXT() REPRESENTATION_CONTEXT('2D SPACE',''
  ) );
#7691 = PCURVE('',#6782,#7692);
#7692 = DEFINITIONAL_REPRESENTATION('',(#7693),#7697);
#7693 = LINE('',#7694,#7695);
#7694 = CARTESIAN_POINT('',(1.570796326795,0.));
#7695 = VECTOR('',#7696,1.);
#7696 = DIRECTION('',(0.,1.));
#7697 = ( GEOMETRIC_REPRESENTATION_CONTEXT(2) 
PARAMETRIC_REPRESENTATION_CONTEXT() REPRESENTATION_CONTEXT('2D SPACE',''
  ) );
#7698 = ADVANCED_FACE('',(#7699),#6782,.T.);
#7699 = FACE_BOUND('',#7700,.T.);
#7700 = EDGE_LOOP('',(#7701,#7702,#7703,#7704));
#7701 = ORIENTED_EDGE('',*,*,#6767,.T.);
#7702 = ORIENTED_EDGE('',*,*,#7678,.T.);
#7703 = ORIENTED_EDGE('',*,*,#7176,.F.);
#7704 = ORIENTED_EDGE('',*,*,#7705,.F.);
#7705 = EDGE_CURVE('',#6740,#7154,#7706,.T.);
#7706 = SURFACE_CURVE('',#7707,(#7711,#7718),.PCURVE_S1.);
#7707 = LINE('',#7708,#7709);
#7708 = CARTESIAN_POINT('',(208.,-11.,3.));
#7709 = VECTOR('',#7710,1.);
#7710 = DIRECTION('',(0.,1.,0.));
#7711 = PCURVE('',#6782,#7712);
#7712 = DEFINITIONAL_REPRESENTATION('',(#7713),#7717);
#7713 = LINE('',#7714,#7715);
#7714 = CARTESIAN_POINT('',(0.,0.));
#7715 = VECTOR('',#7716,1.);
#7716 = DIRECTION('',(0.,1.));
#7717 = ( GEOMETRIC_REPRESENTATION_CONTEXT(2) 
PARAMETRIC_REPRESENTATION_CONTEXT() REPRESENTATION_CONTEXT('2D SPACE',''
  ) );
#7718 = PCURVE('',#6755,#7719);
#7719 = DEFINITIONAL_REPRESENTATION('',(#7720),#7724);
#7720 = LINE('',#7721,#7722);
#7721 = CARTESIAN_POINT('',(3.,0.));
#7722 = VECTOR('',#7723,1.);
#7723 = DIRECTION('',(0.,-1.));
#7724 = ( GEOMETRIC_REPRESENTATION_CONTEXT(2) 
PARAMETRIC_REPRESENTATION_CONTEXT() REPRESENTATION_CONTEXT('2D SPACE',''
  ) );
#7725 = ADVANCED_FACE('',(#7726,#7752),#6755,.T.);
#7726 = FACE_BOUND('',#7727,.T.);
#7727 = EDGE_LOOP('',(#7728,#7729,#7730,#7731));
#7728 = ORIENTED_EDGE('',*,*,#6739,.F.);
#7729 = ORIENTED_EDGE('',*,*,#7705,.T.);
#7730 = ORIENTED_EDGE('',*,*,#7153,.T.);
#7731 = ORIENTED_EDGE('',*,*,#7732,.F.);
#7732 = EDGE_CURVE('',#6707,#7126,#7733,.T.);
#7733 = SURFACE_CURVE('',#7734,(#7738,#7745),.PCURVE_S1.);
#7734 = LINE('',#7735,#7736);
#7735 = CARTESIAN_POINT('',(208.,-11.,63.));
#7736 = VECTOR('',#7737,1.);
#7737 = DIRECTION('',(0.,1.,0.));
#7738 = PCURVE('',#6755,#7739);
#7739 = DEFINITIONAL_REPRESENTATION('',(#7740),#7744);
#7740 = LINE('',#7741,#7742);
#7741 = CARTESIAN_POINT('',(63.,0.));
#7742 = VECTOR('',#7743,1.);
#7743 = DIRECTION('',(0.,-1.));
#7744 = ( GEOMETRIC_REPRESENTATION_CONTEXT(2) 
PARAMETRIC_REPRESENTATION_CONTEXT() REPRESENTATION_CONTEXT('2D SPACE',''
  ) );
#7745 = PCURVE('',#6727,#7746);
#7746 = DEFINITIONAL_REPRESENTATION('',(#7747),#7751);
#7747 = LINE('',#7748,#7749);
#7748 = CARTESIAN_POINT('',(-0.,0.));
#7749 = VECTOR('',#7750,1.);
#7750 = DIRECTION('',(-0.,1.));
#7751 = ( GEOMETRIC_REPRESENTATION_CONTEXT(2) 
PARAMETRIC_REPRESENTATION_CONTEXT() REPRESENTATION_CONTEXT('2D SPACE',''
  ) );
#7752 = FACE_BOUND('',#7753,.T.);
#7753 = EDGE_LOOP('',(#7754));
#7754 = ORIENTED_EDGE('',*,*,#7755,.T.);
#7755 = EDGE_CURVE('',#7756,#7756,#7758,.T.);
#7756 = VERTEX_POINT('',#7757);
#7757 = CARTESIAN_POINT('',(208.,6.,10.));
#7758 = SURFACE_CURVE('',#7759,(#7764,#7775),.PCURVE_S1.);
#7759 = CIRCLE('',#7760,2.);
#7760 = AXIS2_PLACEMENT_3D('',#7761,#7762,#7763);
#7761 = CARTESIAN_POINT('',(208.,4.,10.));
#7762 = DIRECTION('',(-1.,0.,0.));
#7763 = DIRECTION('',(0.,1.,0.));
#7764 = PCURVE('',#6755,#7765);
#7765 = DEFINITIONAL_REPRESENTATION('',(#7766),#7774);
#7766 = ( BOUNDED_CURVE() B_SPLINE_CURVE(2,(#7767,#7768,#7769,#7770,
#7771,#7772,#7773),.UNSPECIFIED.,.T.,.F.) B_SPLINE_CURVE_WITH_KNOTS((1,2
    ,2,2,2,1),(-2.094395102393,0.,2.094395102393,4.188790204786,
6.28318530718,8.377580409573),.UNSPECIFIED.) CURVE() 
GEOMETRIC_REPRESENTATION_ITEM() RATIONAL_B_SPLINE_CURVE((1.,0.5,1.,0.5,
1.,0.5,1.)) REPRESENTATION_ITEM('') );
#7767 = CARTESIAN_POINT('',(10.,-17.));
#7768 = CARTESIAN_POINT('',(6.535898384862,-17.));
#7769 = CARTESIAN_POINT('',(8.267949192431,-14.));
#7770 = CARTESIAN_POINT('',(10.,-11.));
#7771 = CARTESIAN_POINT('',(11.732050807569,-14.));
#7772 = CARTESIAN_POINT('',(13.464101615138,-17.));
#7773 = CARTESIAN_POINT('',(10.,-17.));
#7774 = ( GEOMETRIC_REPRESENTATION_CONTEXT(2) 
PARAMETRIC_REPRESENTATION_CONTEXT() REPRESENTATION_CONTEXT('2D SPACE',''
  ) );
#7775 = PCURVE('',#7776,#7781);
#7776 = CYLINDRICAL_SURFACE('',#7777,2.);
#7777 = AXIS2_PLACEMENT_3D('',#7778,#7779,#7780);
#7778 = CARTESIAN_POINT('',(204.,4.,10.));
#7779 = DIRECTION('',(-1.,-0.,-0.));
#7780 = DIRECTION('',(0.,1.,0.));
#7781 = DEFINITIONAL_REPRESENTATION('',(#7782),#7786);
#7782 = LINE('',#7783,#7784);
#7783 = CARTESIAN_POINT('',(-6.28318530718,-4.));
#7784 = VECTOR('',#7785,1.);
#7785 = DIRECTION('',(1.,-0.));
#7786 = ( GEOMETRIC_REPRESENTATION_CONTEXT(2) 
PARAMETRIC_REPRESENTATION_CONTEXT() REPRESENTATION_CONTEXT('2D SPACE',''
  ) );
#7787 = ADVANCED_FACE('',(#7788),#6727,.T.);
#7788 = FACE_BOUND('',#7789,.F.);
#7789 = EDGE_LOOP('',(#7790,#7791,#7812,#7813));
#7790 = ORIENTED_EDGE('',*,*,#6706,.T.);
#7791 = ORIENTED_EDGE('',*,*,#7792,.T.);
#7792 = EDGE_CURVE('',#6679,#7103,#7793,.T.);
#7793 = SURFACE_CURVE('',#7794,(#7798,#7805),.PCURVE_S1.);
#7794 = LINE('',#7795,#7796);
#7795 = CARTESIAN_POINT('',(205.,-11.,66.));
#7796 = VECTOR('',#7797,1.);
#7797 = DIRECTION('',(0.,1.,0.));
#7798 = PCURVE('',#6727,#7799);
#7799 = DEFINITIONAL_REPRESENTATION('',(#7800),#7804);
#7800 = LINE('',#7801,#7802);
#7801 = CARTESIAN_POINT('',(-1.570796326795,0.));
#7802 = VECTOR('',#7803,1.);
#7803 = DIRECTION('',(-0.,1.));
#7804 = ( GEOMETRIC_REPRESENTATION_CONTEXT(2) 
PARAMETRIC_REPRESENTATION_CONTEXT() REPRESENTATION_CONTEXT('2D SPACE',''
  ) );
#7805 = PCURVE('',#6694,#7806);
#7806 = DEFINITIONAL_REPRESENTATION('',(#7807),#7811);
#7807 = LINE('',#7808,#7809);
#7808 = CARTESIAN_POINT('',(73.,0.));
#7809 = VECTOR('',#7810,1.);
#7810 = DIRECTION('',(0.,1.));
#7811 = ( GEOMETRIC_REPRESENTATION_CONTEXT(2) 
PARAMETRIC_REPRESENTATION_CONTEXT() REPRESENTATION_CONTEXT('2D SPACE',''
  ) );
#7812 = ORIENTED_EDGE('',*,*,#7125,.F.);
#7813 = ORIENTED_EDGE('',*,*,#7732,.F.);
#7814 = ADVANCED_FACE('',(#7815),#6694,.T.);
#7815 = FACE_BOUND('',#7816,.T.);
#7816 = EDGE_LOOP('',(#7817,#7818,#7819,#7820));
#7817 = ORIENTED_EDGE('',*,*,#7102,.F.);
#7818 = ORIENTED_EDGE('',*,*,#7027,.F.);
#7819 = ORIENTED_EDGE('',*,*,#6678,.T.);
#7820 = ORIENTED_EDGE('',*,*,#7792,.T.);
#7821 = ADVANCED_FACE('',(#7822),#6817,.F.);
#7822 = FACE_BOUND('',#7823,.F.);
#7823 = EDGE_LOOP('',(#7824,#7825,#7848,#7875));
#7824 = ORIENTED_EDGE('',*,*,#6796,.F.);
#7825 = ORIENTED_EDGE('',*,*,#7826,.T.);
#7826 = EDGE_CURVE('',#6797,#7827,#7829,.T.);
#7827 = VERTEX_POINT('',#7828);
#7828 = CARTESIAN_POINT('',(150.74390334559,-7.,12.49390334559));
#7829 = SEAM_CURVE('',#7830,(#7834,#7841),.PCURVE_S1.);
#7830 = LINE('',#7831,#7832);
#7831 = CARTESIAN_POINT('',(150.74390334559,-12.,12.49390334559));
#7832 = VECTOR('',#7833,1.);
#7833 = DIRECTION('',(-0.,1.,-0.));
#7834 = PCURVE('',#6817,#7835);
#7835 = DEFINITIONAL_REPRESENTATION('',(#7836),#7840);
#7836 = LINE('',#7837,#7838);
#7837 = CARTESIAN_POINT('',(6.28318530718,0.));
#7838 = VECTOR('',#7839,1.);
#7839 = DIRECTION('',(0.,-1.));
#7840 = ( GEOMETRIC_REPRESENTATION_CONTEXT(2) 
PARAMETRIC_REPRESENTATION_CONTEXT() REPRESENTATION_CONTEXT('2D SPACE',''
  ) );
#7841 = PCURVE('',#6817,#7842);
#7842 = DEFINITIONAL_REPRESENTATION('',(#7843),#7847);
#7843 = LINE('',#7844,#7845);
#7844 = CARTESIAN_POINT('',(0.,0.));
#7845 = VECTOR('',#7846,1.);
#7846 = DIRECTION('',(0.,-1.));
#7847 = ( GEOMETRIC_REPRESENTATION_CONTEXT(2) 
PARAMETRIC_REPRESENTATION_CONTEXT() REPRESENTATION_CONTEXT('2D SPACE',''
  ) );
#7848 = ORIENTED_EDGE('',*,*,#7849,.T.);
#7849 = EDGE_CURVE('',#7827,#7827,#7850,.T.);
#7850 = SURFACE_CURVE('',#7851,(#7856,#7863),.PCURVE_S1.);
#7851 = CIRCLE('',#7852,1.25);
#7852 = AXIS2_PLACEMENT_3D('',#7853,#7854,#7855);
#7853 = CARTESIAN_POINT('',(149.49390334559,-7.,12.49390334559));
#7854 = DIRECTION('',(0.,-1.,0.));
#7855 = DIRECTION('',(1.,0.,0.));
#7856 = PCURVE('',#6817,#7857);
#7857 = DEFINITIONAL_REPRESENTATION('',(#7858),#7862);
#7858 = LINE('',#7859,#7860);
#7859 = CARTESIAN_POINT('',(0.,-5.));
#7860 = VECTOR('',#7861,1.);
#7861 = DIRECTION('',(1.,0.));
#7862 = ( GEOMETRIC_REPRESENTATION_CONTEXT(2) 
PARAMETRIC_REPRESENTATION_CONTEXT() REPRESENTATION_CONTEXT('2D SPACE',''
  ) );
#7863 = PCURVE('',#7864,#7869);
#7864 = PLANE('',#7865);
#7865 = AXIS2_PLACEMENT_3D('',#7866,#7867,#7868);
#7866 = CARTESIAN_POINT('',(149.49390334559,-7.,12.49390334559));
#7867 = DIRECTION('',(-0.,-1.,-0.));
#7868 = DIRECTION('',(0.,0.,-1.));
#7869 = DEFINITIONAL_REPRESENTATION('',(#7870),#7874);
#7870 = CIRCLE('',#7871,1.25);
#7871 = AXIS2_PLACEMENT_2D('',#7872,#7873);
#7872 = CARTESIAN_POINT('',(0.,0.));
#7873 = DIRECTION('',(0.,1.));
#7874 = ( GEOMETRIC_REPRESENTATION_CONTEXT(2) 
PARAMETRIC_REPRESENTATION_CONTEXT() REPRESENTATION_CONTEXT('2D SPACE',''
  ) );
#7875 = ORIENTED_EDGE('',*,*,#7826,.F.);
#7876 = ADVANCED_FACE('',(#7877),#6852,.F.);
#7877 = FACE_BOUND('',#7878,.F.);
#7878 = EDGE_LOOP('',(#7879,#7880,#7903,#7930));
#7879 = ORIENTED_EDGE('',*,*,#6831,.F.);
#7880 = ORIENTED_EDGE('',*,*,#7881,.T.);
#7881 = EDGE_CURVE('',#6832,#7882,#7884,.T.);
#7882 = VERTEX_POINT('',#7883);
#7883 = CARTESIAN_POINT('',(150.74390334559,-7.,53.50609665441));
#7884 = SEAM_CURVE('',#7885,(#7889,#7896),.PCURVE_S1.);
#7885 = LINE('',#7886,#7887);
#7886 = CARTESIAN_POINT('',(150.74390334559,-12.,53.50609665441));
#7887 = VECTOR('',#7888,1.);
#7888 = DIRECTION('',(-0.,1.,-0.));
#7889 = PCURVE('',#6852,#7890);
#7890 = DEFINITIONAL_REPRESENTATION('',(#7891),#7895);
#7891 = LINE('',#7892,#7893);
#7892 = CARTESIAN_POINT('',(6.28318530718,0.));
#7893 = VECTOR('',#7894,1.);
#7894 = DIRECTION('',(0.,-1.));
#7895 = ( GEOMETRIC_REPRESENTATION_CONTEXT(2) 
PARAMETRIC_REPRESENTATION_CONTEXT() REPRESENTATION_CONTEXT('2D SPACE',''
  ) );
#7896 = PCURVE('',#6852,#7897);
#7897 = DEFINITIONAL_REPRESENTATION('',(#7898),#7902);
#7898 = LINE('',#7899,#7900);
#7899 = CARTESIAN_POINT('',(0.,0.));
#7900 = VECTOR('',#7901,1.);
#7901 = DIRECTION('',(0.,-1.));
#7902 = ( GEOMETRIC_REPRESENTATION_CONTEXT(2) 
PARAMETRIC_REPRESENTATION_CONTEXT() REPRESENTATION_CONTEXT('2D SPACE',''
  ) );
#7903 = ORIENTED_EDGE('',*,*,#7904,.T.);
#7904 = EDGE_CURVE('',#7882,#7882,#7905,.T.);
#7905 = SURFACE_CURVE('',#7906,(#7911,#7918),.PCURVE_S1.);
#7906 = CIRCLE('',#7907,1.25);
#7907 = AXIS2_PLACEMENT_3D('',#7908,#7909,#7910);
#7908 = CARTESIAN_POINT('',(149.49390334559,-7.,53.50609665441));
#7909 = DIRECTION('',(0.,-1.,0.));
#7910 = DIRECTION('',(1.,0.,0.));
#7911 = PCURVE('',#6852,#7912);
#7912 = DEFINITIONAL_REPRESENTATION('',(#7913),#7917);
#7913 = LINE('',#7914,#7915);
#7914 = CARTESIAN_POINT('',(0.,-5.));
#7915 = VECTOR('',#7916,1.);
#7916 = DIRECTION('',(1.,0.));
#7917 = ( GEOMETRIC_REPRESENTATION_CONTEXT(2) 
PARAMETRIC_REPRESENTATION_CONTEXT() REPRESENTATION_CONTEXT('2D SPACE',''
  ) );
#7918 = PCURVE('',#7919,#7924);
#7919 = PLANE('',#7920);
#7920 = AXIS2_PLACEMENT_3D('',#7921,#7922,#7923);
#7921 = CARTESIAN_POINT('',(149.49390334559,-7.,53.50609665441));
#7922 = DIRECTION('',(-0.,-1.,-0.));
#7923 = DIRECTION('',(0.,0.,-1.));
#7924 = DEFINITIONAL_REPRESENTATION('',(#7925),#7929);
#7925 = CIRCLE('',#7926,1.25);
#7926 = AXIS2_PLACEMENT_2D('',#7927,#7928);
#7927 = CARTESIAN_POINT('',(0.,0.));
#7928 = DIRECTION('',(0.,1.));
#7929 = ( GEOMETRIC_REPRESENTATION_CONTEXT(2) 
PARAMETRIC_REPRESENTATION_CONTEXT() REPRESENTATION_CONTEXT('2D SPACE',''
  ) );
#7930 = ORIENTED_EDGE('',*,*,#7881,.F.);
#7931 = ADVANCED_FACE('',(#7932),#6887,.F.);
#7932 = FACE_BOUND('',#7933,.F.);
#7933 = EDGE_LOOP('',(#7934,#7935,#7958,#7985));
#7934 = ORIENTED_EDGE('',*,*,#6866,.F.);
#7935 = ORIENTED_EDGE('',*,*,#7936,.T.);
#7936 = EDGE_CURVE('',#6867,#7937,#7939,.T.);
#7937 = VERTEX_POINT('',#7938);
#7938 = CARTESIAN_POINT('',(191.75609665441,-7.,12.49390334559));
#7939 = SEAM_CURVE('',#7940,(#7944,#7951),.PCURVE_S1.);
#7940 = LINE('',#7941,#7942);
#7941 = CARTESIAN_POINT('',(191.75609665441,-12.,12.49390334559));
#7942 = VECTOR('',#7943,1.);
#7943 = DIRECTION('',(-0.,1.,-0.));
#7944 = PCURVE('',#6887,#7945);
#7945 = DEFINITIONAL_REPRESENTATION('',(#7946),#7950);
#7946 = LINE('',#7947,#7948);
#7947 = CARTESIAN_POINT('',(6.28318530718,0.));
#7948 = VECTOR('',#7949,1.);
#7949 = DIRECTION('',(0.,-1.));
#7950 = ( GEOMETRIC_REPRESENTATION_CONTEXT(2) 
PARAMETRIC_REPRESENTATION_CONTEXT() REPRESENTATION_CONTEXT('2D SPACE',''
  ) );
#7951 = PCURVE('',#6887,#7952);
#7952 = DEFINITIONAL_REPRESENTATION('',(#7953),#7957);
#7953 = LINE('',#7954,#7955);
#7954 = CARTESIAN_POINT('',(0.,0.));
#7955 = VECTOR('',#7956,1.);
#7956 = DIRECTION('',(0.,-1.));
#7957 = ( GEOMETRIC_REPRESENTATION_CONTEXT(2) 
PARAMETRIC_REPRESENTATION_CONTEXT() REPRESENTATION_CONTEXT('2D SPACE',''
  ) );
#7958 = ORIENTED_EDGE('',*,*,#7959,.T.);
#7959 = EDGE_CURVE('',#7937,#7937,#7960,.T.);
#7960 = SURFACE_CURVE('',#7961,(#7966,#7973),.PCURVE_S1.);
#7961 = CIRCLE('',#7962,1.25);
#7962 = AXIS2_PLACEMENT_3D('',#7963,#7964,#7965);
#7963 = CARTESIAN_POINT('',(190.50609665441,-7.,12.49390334559));
#7964 = DIRECTION('',(0.,-1.,0.));
#7965 = DIRECTION('',(1.,0.,0.));
#7966 = PCURVE('',#6887,#7967);
#7967 = DEFINITIONAL_REPRESENTATION('',(#7968),#7972);
#7968 = LINE('',#7969,#7970);
#7969 = CARTESIAN_POINT('',(0.,-5.));
#7970 = VECTOR('',#7971,1.);
#7971 = DIRECTION('',(1.,0.));
#7972 = ( GEOMETRIC_REPRESENTATION_CONTEXT(2) 
PARAMETRIC_REPRESENTATION_CONTEXT() REPRESENTATION_CONTEXT('2D SPACE',''
  ) );
#7973 = PCURVE('',#7974,#7979);
#7974 = PLANE('',#7975);
#7975 = AXIS2_PLACEMENT_3D('',#7976,#7977,#7978);
#7976 = CARTESIAN_POINT('',(190.50609665441,-7.,12.49390334559));
#7977 = DIRECTION('',(-0.,-1.,-0.));
#7978 = DIRECTION('',(0.,0.,-1.));
#7979 = DEFINITIONAL_REPRESENTATION('',(#7980),#7984);
#7980 = CIRCLE('',#7981,1.25);
#7981 = AXIS2_PLACEMENT_2D('',#7982,#7983);
#7982 = CARTESIAN_POINT('',(0.,0.));
#7983 = DIRECTION('',(0.,1.));
#7984 = ( GEOMETRIC_REPRESENTATION_CONTEXT(2) 
PARAMETRIC_REPRESENTATION_CONTEXT() REPRESENTATION_CONTEXT('2D SPACE',''
  ) );
#7985 = ORIENTED_EDGE('',*,*,#7936,.F.);
#7986 = ADVANCED_FACE('',(#7987),#6922,.F.);
#7987 = FACE_BOUND('',#7988,.F.);
#7988 = EDGE_LOOP('',(#7989,#7990,#8013,#8040));
#7989 = ORIENTED_EDGE('',*,*,#6901,.F.);
#7990 = ORIENTED_EDGE('',*,*,#7991,.T.);
#7991 = EDGE_CURVE('',#6902,#7992,#7994,.T.);
#7992 = VERTEX_POINT('',#7993);
#7993 = CARTESIAN_POINT('',(196.3,-8.5,33.));
#7994 = SEAM_CURVE('',#7995,(#7999,#8006),.PCURVE_S1.);
#7995 = LINE('',#7996,#7997);
#7996 = CARTESIAN_POINT('',(196.3,-12.,33.));
#7997 = VECTOR('',#7998,1.);
#7998 = DIRECTION('',(-0.,1.,-0.));
#7999 = PCURVE('',#6922,#8000);
#8000 = DEFINITIONAL_REPRESENTATION('',(#8001),#8005);
#8001 = LINE('',#8002,#8003);
#8002 = CARTESIAN_POINT('',(6.28318530718,0.));
#8003 = VECTOR('',#8004,1.);
#8004 = DIRECTION('',(0.,-1.));
#8005 = ( GEOMETRIC_REPRESENTATION_CONTEXT(2) 
PARAMETRIC_REPRESENTATION_CONTEXT() REPRESENTATION_CONTEXT('2D SPACE',''
  ) );
#8006 = PCURVE('',#6922,#8007);
#8007 = DEFINITIONAL_REPRESENTATION('',(#8008),#8012);
#8008 = LINE('',#8009,#8010);
#8009 = CARTESIAN_POINT('',(0.,0.));
#8010 = VECTOR('',#8011,1.);
#8011 = DIRECTION('',(0.,-1.));
#8012 = ( GEOMETRIC_REPRESENTATION_CONTEXT(2) 
PARAMETRIC_REPRESENTATION_CONTEXT() REPRESENTATION_CONTEXT('2D SPACE',''
  ) );
#8013 = ORIENTED_EDGE('',*,*,#8014,.T.);
#8014 = EDGE_CURVE('',#7992,#7992,#8015,.T.);
#8015 = SURFACE_CURVE('',#8016,(#8021,#8028),.PCURVE_S1.);
#8016 = CIRCLE('',#8017,26.3);
#8017 = AXIS2_PLACEMENT_3D('',#8018,#8019,#8020);
#8018 = CARTESIAN_POINT('',(170.,-8.5,33.));
#8019 = DIRECTION('',(0.,-1.,0.));
#8020 = DIRECTION('',(1.,0.,0.));
#8021 = PCURVE('',#6922,#8022);
#8022 = DEFINITIONAL_REPRESENTATION('',(#8023),#8027);
#8023 = LINE('',#8024,#8025);
#8024 = CARTESIAN_POINT('',(0.,-3.5));
#8025 = VECTOR('',#8026,1.);
#8026 = DIRECTION('',(1.,0.));
#8027 = ( GEOMETRIC_REPRESENTATION_CONTEXT(2) 
PARAMETRIC_REPRESENTATION_CONTEXT() REPRESENTATION_CONTEXT('2D SPACE',''
  ) );
#8028 = PCURVE('',#8029,#8034);
#8029 = PLANE('',#8030);
#8030 = AXIS2_PLACEMENT_3D('',#8031,#8032,#8033);
#8031 = CARTESIAN_POINT('',(170.,-8.5,33.));
#8032 = DIRECTION('',(-0.,-1.,-0.));
#8033 = DIRECTION('',(0.,0.,-1.));
#8034 = DEFINITIONAL_REPRESENTATION('',(#8035),#8039);
#8035 = CIRCLE('',#8036,26.3);
#8036 = AXIS2_PLACEMENT_2D('',#8037,#8038);
#8037 = CARTESIAN_POINT('',(0.,0.));
#8038 = DIRECTION('',(0.,1.));
#8039 = ( GEOMETRIC_REPRESENTATION_CONTEXT(2) 
PARAMETRIC_REPRESENTATION_CONTEXT() REPRESENTATION_CONTEXT('2D SPACE',''
  ) );
#8040 = ORIENTED_EDGE('',*,*,#7991,.F.);
#8041 = ADVANCED_FACE('',(#8042),#6957,.F.);
#8042 = FACE_BOUND('',#8043,.F.);
#8043 = EDGE_LOOP('',(#8044,#8045,#8068,#8095));
#8044 = ORIENTED_EDGE('',*,*,#6936,.F.);
#8045 = ORIENTED_EDGE('',*,*,#8046,.T.);
#8046 = EDGE_CURVE('',#6937,#8047,#8049,.T.);
#8047 = VERTEX_POINT('',#8048);
#8048 = CARTESIAN_POINT('',(191.75609665441,-7.,53.50609665441));
#8049 = SEAM_CURVE('',#8050,(#8054,#8061),.PCURVE_S1.);
#8050 = LINE('',#8051,#8052);
#8051 = CARTESIAN_POINT('',(191.75609665441,-12.,53.50609665441));
#8052 = VECTOR('',#8053,1.);
#8053 = DIRECTION('',(-0.,1.,-0.));
#8054 = PCURVE('',#6957,#8055);
#8055 = DEFINITIONAL_REPRESENTATION('',(#8056),#8060);
#8056 = LINE('',#8057,#8058);
#8057 = CARTESIAN_POINT('',(6.28318530718,0.));
#8058 = VECTOR('',#8059,1.);
#8059 = DIRECTION('',(0.,-1.));
#8060 = ( GEOMETRIC_REPRESENTATION_CONTEXT(2) 
PARAMETRIC_REPRESENTATION_CONTEXT() REPRESENTATION_CONTEXT('2D SPACE',''
  ) );
#8061 = PCURVE('',#6957,#8062);
#8062 = DEFINITIONAL_REPRESENTATION('',(#8063),#8067);
#8063 = LINE('',#8064,#8065);
#8064 = CARTESIAN_POINT('',(0.,0.));
#8065 = VECTOR('',#8066,1.);
#8066 = DIRECTION('',(0.,-1.));
#8067 = ( GEOMETRIC_REPRESENTATION_CONTEXT(2) 
PARAMETRIC_REPRESENTATION_CONTEXT() REPRESENTATION_CONTEXT('2D SPACE',''
  ) );
#8068 = ORIENTED_EDGE('',*,*,#8069,.T.);
#8069 = EDGE_CURVE('',#8047,#8047,#8070,.T.);
#8070 = SURFACE_CURVE('',#8071,(#8076,#8083),.PCURVE_S1.);
#8071 = CIRCLE('',#8072,1.25);
#8072 = AXIS2_PLACEMENT_3D('',#8073,#8074,#8075);
#8073 = CARTESIAN_POINT('',(190.50609665441,-7.,53.50609665441));
#8074 = DIRECTION('',(0.,-1.,0.));
#8075 = DIRECTION('',(1.,0.,0.));
#8076 = PCURVE('',#6957,#8077);
#8077 = DEFINITIONAL_REPRESENTATION('',(#8078),#8082);
#8078 = LINE('',#8079,#8080);
#8079 = CARTESIAN_POINT('',(0.,-5.));
#8080 = VECTOR('',#8081,1.);
#8081 = DIRECTION('',(1.,0.));
#8082 = ( GEOMETRIC_REPRESENTATION_CONTEXT(2) 
PARAMETRIC_REPRESENTATION_CONTEXT() REPRESENTATION_CONTEXT('2D SPACE',''
  ) );
#8083 = PCURVE('',#8084,#8089);
#8084 = PLANE('',#8085);
#8085 = AXIS2_PLACEMENT_3D('',#8086,#8087,#8088);
#8086 = CARTESIAN_POINT('',(190.50609665441,-7.,53.50609665441));
#8087 = DIRECTION('',(-0.,-1.,-0.));
#8088 = DIRECTION('',(0.,0.,-1.));
#8089 = DEFINITIONAL_REPRESENTATION('',(#8090),#8094);
#8090 = CIRCLE('',#8091,1.25);
#8091 = AXIS2_PLACEMENT_2D('',#8092,#8093);
#8092 = CARTESIAN_POINT('',(0.,0.));
#8093 = DIRECTION('',(0.,1.));
#8094 = ( GEOMETRIC_REPRESENTATION_CONTEXT(2) 
PARAMETRIC_REPRESENTATION_CONTEXT() REPRESENTATION_CONTEXT('2D SPACE',''
  ) );
#8095 = ORIENTED_EDGE('',*,*,#8046,.F.);
#8096 = ADVANCED_FACE('',(#8097),#7221,.F.);
#8097 = FACE_BOUND('',#8098,.F.);
#8098 = EDGE_LOOP('',(#8099,#8128,#8149,#8150));
#8099 = ORIENTED_EDGE('',*,*,#8100,.F.);
#8100 = EDGE_CURVE('',#8101,#8101,#8103,.T.);
#8101 = VERTEX_POINT('',#8102);
#8102 = CARTESIAN_POINT('',(139.75,34.,6.5));
#8103 = SURFACE_CURVE('',#8104,(#8109,#8116),.PCURVE_S1.);
#8104 = CIRCLE('',#8105,1.25);
#8105 = AXIS2_PLACEMENT_3D('',#8106,#8107,#8108);
#8106 = CARTESIAN_POINT('',(138.5,34.,6.5));
#8107 = DIRECTION('',(0.,-1.,0.));
#8108 = DIRECTION('',(1.,0.,0.));
#8109 = PCURVE('',#7221,#8110);
#8110 = DEFINITIONAL_REPRESENTATION('',(#8111),#8115);
#8111 = LINE('',#8112,#8113);
#8112 = CARTESIAN_POINT('',(0.,0.));
#8113 = VECTOR('',#8114,1.);
#8114 = DIRECTION('',(1.,0.));
#8115 = ( GEOMETRIC_REPRESENTATION_CONTEXT(2) 
PARAMETRIC_REPRESENTATION_CONTEXT() REPRESENTATION_CONTEXT('2D SPACE',''
  ) );
#8116 = PCURVE('',#8117,#8122);
#8117 = PLANE('',#8118);
#8118 = AXIS2_PLACEMENT_3D('',#8119,#8120,#8121);
#8119 = CARTESIAN_POINT('',(138.5,34.,6.5));
#8120 = DIRECTION('',(-0.,-1.,-0.));
#8121 = DIRECTION('',(0.,0.,-1.));
#8122 = DEFINITIONAL_REPRESENTATION('',(#8123),#8127);
#8123 = CIRCLE('',#8124,1.25);
#8124 = AXIS2_PLACEMENT_2D('',#8125,#8126);
#8125 = CARTESIAN_POINT('',(0.,0.));
#8126 = DIRECTION('',(0.,1.));
#8127 = ( GEOMETRIC_REPRESENTATION_CONTEXT(2) 
PARAMETRIC_REPRESENTATION_CONTEXT() REPRESENTATION_CONTEXT('2D SPACE',''
  ) );
#8128 = ORIENTED_EDGE('',*,*,#8129,.T.);
#8129 = EDGE_CURVE('',#8101,#7201,#8130,.T.);
#8130 = SEAM_CURVE('',#8131,(#8135,#8142),.PCURVE_S1.);
#8131 = LINE('',#8132,#8133);
#8132 = CARTESIAN_POINT('',(139.75,34.,6.5));
#8133 = VECTOR('',#8134,1.);
#8134 = DIRECTION('',(-0.,1.,-0.));
#8135 = PCURVE('',#7221,#8136);
#8136 = DEFINITIONAL_REPRESENTATION('',(#8137),#8141);
#8137 = LINE('',#8138,#8139);
#8138 = CARTESIAN_POINT('',(6.28318530718,0.));
#8139 = VECTOR('',#8140,1.);
#8140 = DIRECTION('',(0.,-1.));
#8141 = ( GEOMETRIC_REPRESENTATION_CONTEXT(2) 
PARAMETRIC_REPRESENTATION_CONTEXT() REPRESENTATION_CONTEXT('2D SPACE',''
  ) );
#8142 = PCURVE('',#7221,#8143);
#8143 = DEFINITIONAL_REPRESENTATION('',(#8144),#8148);
#8144 = LINE('',#8145,#8146);
#8145 = CARTESIAN_POINT('',(0.,0.));
#8146 = VECTOR('',#8147,1.);
#8147 = DIRECTION('',(0.,-1.));
#8148 = ( GEOMETRIC_REPRESENTATION_CONTEXT(2) 
PARAMETRIC_REPRESENTATION_CONTEXT() REPRESENTATION_CONTEXT('2D SPACE',''
  ) );
#8149 = ORIENTED_EDGE('',*,*,#7200,.T.);
#8150 = ORIENTED_EDGE('',*,*,#8129,.F.);
#8151 = ADVANCED_FACE('',(#8152),#7256,.F.);
#8152 = FACE_BOUND('',#8153,.F.);
#8153 = EDGE_LOOP('',(#8154,#8183,#8204,#8205));
#8154 = ORIENTED_EDGE('',*,*,#8155,.F.);
#8155 = EDGE_CURVE('',#8156,#8156,#8158,.T.);
#8156 = VERTEX_POINT('',#8157);
#8157 = CARTESIAN_POINT('',(139.75,34.,59.5));
#8158 = SURFACE_CURVE('',#8159,(#8164,#8171),.PCURVE_S1.);
#8159 = CIRCLE('',#8160,1.25);
#8160 = AXIS2_PLACEMENT_3D('',#8161,#8162,#8163);
#8161 = CARTESIAN_POINT('',(138.5,34.,59.5));
#8162 = DIRECTION('',(0.,-1.,0.));
#8163 = DIRECTION('',(1.,0.,0.));
#8164 = PCURVE('',#7256,#8165);
#8165 = DEFINITIONAL_REPRESENTATION('',(#8166),#8170);
#8166 = LINE('',#8167,#8168);
#8167 = CARTESIAN_POINT('',(0.,0.));
#8168 = VECTOR('',#8169,1.);
#8169 = DIRECTION('',(1.,0.));
#8170 = ( GEOMETRIC_REPRESENTATION_CONTEXT(2) 
PARAMETRIC_REPRESENTATION_CONTEXT() REPRESENTATION_CONTEXT('2D SPACE',''
  ) );
#8171 = PCURVE('',#8172,#8177);
#8172 = PLANE('',#8173);
#8173 = AXIS2_PLACEMENT_3D('',#8174,#8175,#8176);
#8174 = CARTESIAN_POINT('',(138.5,34.,59.5));
#8175 = DIRECTION('',(-0.,-1.,-0.));
#8176 = DIRECTION('',(0.,0.,-1.));
#8177 = DEFINITIONAL_REPRESENTATION('',(#8178),#8182);
#8178 = CIRCLE('',#8179,1.25);
#8179 = AXIS2_PLACEMENT_2D('',#8180,#8181);
#8180 = CARTESIAN_POINT('',(0.,0.));
#8181 = DIRECTION('',(0.,1.));
#8182 = ( GEOMETRIC_REPRESENTATION_CONTEXT(2) 
PARAMETRIC_REPRESENTATION_CONTEXT() REPRESENTATION_CONTEXT('2D SPACE',''
  ) );
#8183 = ORIENTED_EDGE('',*,*,#8184,.T.);
#8184 = EDGE_CURVE('',#8156,#7236,#8185,.T.);
#8185 = SEAM_CURVE('',#8186,(#8190,#8197),.PCURVE_S1.);
#8186 = LINE('',#8187,#8188);
#8187 = CARTESIAN_POINT('',(139.75,34.,59.5));
#8188 = VECTOR('',#8189,1.);
#8189 = DIRECTION('',(-0.,1.,-0.));
#8190 = PCURVE('',#7256,#8191);
#8191 = DEFINITIONAL_REPRESENTATION('',(#8192),#8196);
#8192 = LINE('',#8193,#8194);
#8193 = CARTESIAN_POINT('',(6.28318530718,0.));
#8194 = VECTOR('',#8195,1.);
#8195 = DIRECTION('',(0.,-1.));
#8196 = ( GEOMETRIC_REPRESENTATION_CONTEXT(2) 
PARAMETRIC_REPRESENTATION_CONTEXT() REPRESENTATION_CONTEXT('2D SPACE',''
  ) );
#8197 = PCURVE('',#7256,#8198);
#8198 = DEFINITIONAL_REPRESENTATION('',(#8199),#8203);
#8199 = LINE('',#8200,#8201);
#8200 = CARTESIAN_POINT('',(0.,0.));
#8201 = VECTOR('',#8202,1.);
#8202 = DIRECTION('',(0.,-1.));
#8203 = ( GEOMETRIC_REPRESENTATION_CONTEXT(2) 
PARAMETRIC_REPRESENTATION_CONTEXT() REPRESENTATION_CONTEXT('2D SPACE',''
  ) );
#8204 = ORIENTED_EDGE('',*,*,#7235,.T.);
#8205 = ORIENTED_EDGE('',*,*,#8184,.F.);
#8206 = ADVANCED_FACE('',(#8207),#7291,.F.);
#8207 = FACE_BOUND('',#8208,.F.);
#8208 = EDGE_LOOP('',(#8209,#8238,#8259,#8260));
#8209 = ORIENTED_EDGE('',*,*,#8210,.F.);
#8210 = EDGE_CURVE('',#8211,#8211,#8213,.T.);
#8211 = VERTEX_POINT('',#8212);
#8212 = CARTESIAN_POINT('',(202.75,34.,6.5));
#8213 = SURFACE_CURVE('',#8214,(#8219,#8226),.PCURVE_S1.);
#8214 = CIRCLE('',#8215,1.25);
#8215 = AXIS2_PLACEMENT_3D('',#8216,#8217,#8218);
#8216 = CARTESIAN_POINT('',(201.5,34.,6.5));
#8217 = DIRECTION('',(0.,-1.,0.));
#8218 = DIRECTION('',(1.,0.,0.));
#8219 = PCURVE('',#7291,#8220);
#8220 = DEFINITIONAL_REPRESENTATION('',(#8221),#8225);
#8221 = LINE('',#8222,#8223);
#8222 = CARTESIAN_POINT('',(0.,0.));
#8223 = VECTOR('',#8224,1.);
#8224 = DIRECTION('',(1.,0.));
#8225 = ( GEOMETRIC_REPRESENTATION_CONTEXT(2) 
PARAMETRIC_REPRESENTATION_CONTEXT() REPRESENTATION_CONTEXT('2D SPACE',''
  ) );
#8226 = PCURVE('',#8227,#8232);
#8227 = PLANE('',#8228);
#8228 = AXIS2_PLACEMENT_3D('',#8229,#8230,#8231);
#8229 = CARTESIAN_POINT('',(201.5,34.,6.5));
#8230 = DIRECTION('',(-0.,-1.,-0.));
#8231 = DIRECTION('',(0.,0.,-1.));
#8232 = DEFINITIONAL_REPRESENTATION('',(#8233),#8237);
#8233 = CIRCLE('',#8234,1.25);
#8234 = AXIS2_PLACEMENT_2D('',#8235,#8236);
#8235 = CARTESIAN_POINT('',(0.,0.));
#8236 = DIRECTION('',(0.,1.));
#8237 = ( GEOMETRIC_REPRESENTATION_CONTEXT(2) 
PARAMETRIC_REPRESENTATION_CONTEXT() REPRESENTATION_CONTEXT('2D SPACE',''
  ) );
#8238 = ORIENTED_EDGE('',*,*,#8239,.T.);
#8239 = EDGE_CURVE('',#8211,#7271,#8240,.T.);
#8240 = SEAM_CURVE('',#8241,(#8245,#8252),.PCURVE_S1.);
#8241 = LINE('',#8242,#8243);
#8242 = CARTESIAN_POINT('',(202.75,34.,6.5));
#8243 = VECTOR('',#8244,1.);
#8244 = DIRECTION('',(-0.,1.,-0.));
#8245 = PCURVE('',#7291,#8246);
#8246 = DEFINITIONAL_REPRESENTATION('',(#8247),#8251);
#8247 = LINE('',#8248,#8249);
#8248 = CARTESIAN_POINT('',(6.28318530718,0.));
#8249 = VECTOR('',#8250,1.);
#8250 = DIRECTION('',(0.,-1.));
#8251 = ( GEOMETRIC_REPRESENTATION_CONTEXT(2) 
PARAMETRIC_REPRESENTATION_CONTEXT() REPRESENTATION_CONTEXT('2D SPACE',''
  ) );
#8252 = PCURVE('',#7291,#8253);
#8253 = DEFINITIONAL_REPRESENTATION('',(#8254),#8258);
#8254 = LINE('',#8255,#8256);
#8255 = CARTESIAN_POINT('',(0.,0.));
#8256 = VECTOR('',#8257,1.);
#8257 = DIRECTION('',(0.,-1.));
#8258 = ( GEOMETRIC_REPRESENTATION_CONTEXT(2) 
PARAMETRIC_REPRESENTATION_CONTEXT() REPRESENTATION_CONTEXT('2D SPACE',''
  ) );
#8259 = ORIENTED_EDGE('',*,*,#7270,.T.);
#8260 = ORIENTED_EDGE('',*,*,#8239,.F.);
#8261 = ADVANCED_FACE('',(#8262),#7323,.F.);
#8262 = FACE_BOUND('',#8263,.F.);
#8263 = EDGE_LOOP('',(#8264,#8287,#8315,#8336));
#8264 = ORIENTED_EDGE('',*,*,#8265,.F.);
#8265 = EDGE_CURVE('',#8266,#7306,#8268,.T.);
#8266 = VERTEX_POINT('',#8267);
#8267 = CARTESIAN_POINT('',(142.,-6.,63.));
#8268 = SURFACE_CURVE('',#8269,(#8273,#8280),.PCURVE_S1.);
#8269 = LINE('',#8270,#8271);
#8270 = CARTESIAN_POINT('',(142.,-6.01,63.));
#8271 = VECTOR('',#8272,1.);
#8272 = DIRECTION('',(0.,1.,0.));
#8273 = PCURVE('',#7323,#8274);
#8274 = DEFINITIONAL_REPRESENTATION('',(#8275),#8279);
#8275 = LINE('',#8276,#8277);
#8276 = CARTESIAN_POINT('',(7.,-9.999999999998E-03));
#8277 = VECTOR('',#8278,1.);
#8278 = DIRECTION('',(0.,1.));
#8279 = ( GEOMETRIC_REPRESENTATION_CONTEXT(2) 
PARAMETRIC_REPRESENTATION_CONTEXT() REPRESENTATION_CONTEXT('2D SPACE',''
  ) );
#8280 = PCURVE('',#7350,#8281);
#8281 = DEFINITIONAL_REPRESENTATION('',(#8282),#8286);
#8282 = LINE('',#8283,#8284);
#8283 = CARTESIAN_POINT('',(7.,0.));
#8284 = VECTOR('',#8285,1.);
#8285 = DIRECTION('',(0.,-1.));
#8286 = ( GEOMETRIC_REPRESENTATION_CONTEXT(2) 
PARAMETRIC_REPRESENTATION_CONTEXT() REPRESENTATION_CONTEXT('2D SPACE',''
  ) );
#8287 = ORIENTED_EDGE('',*,*,#8288,.T.);
#8288 = EDGE_CURVE('',#8266,#8289,#8291,.T.);
#8289 = VERTEX_POINT('',#8290);
#8290 = CARTESIAN_POINT('',(198.,-6.,63.));
#8291 = SURFACE_CURVE('',#8292,(#8296,#8303),.PCURVE_S1.);
#8292 = LINE('',#8293,#8294);
#8293 = CARTESIAN_POINT('',(135.,-6.,63.));
#8294 = VECTOR('',#8295,1.);
#8295 = DIRECTION('',(1.,0.,0.));
#8296 = PCURVE('',#7323,#8297);
#8297 = DEFINITIONAL_REPRESENTATION('',(#8298),#8302);
#8298 = LINE('',#8299,#8300);
#8299 = CARTESIAN_POINT('',(0.,0.));
#8300 = VECTOR('',#8301,1.);
#8301 = DIRECTION('',(1.,0.));
#8302 = ( GEOMETRIC_REPRESENTATION_CONTEXT(2) 
PARAMETRIC_REPRESENTATION_CONTEXT() REPRESENTATION_CONTEXT('2D SPACE',''
  ) );
#8303 = PCURVE('',#8304,#8309);
#8304 = PLANE('',#8305);
#8305 = AXIS2_PLACEMENT_3D('',#8306,#8307,#8308);
#8306 = CARTESIAN_POINT('',(135.,-6.,3.));
#8307 = DIRECTION('',(0.,1.,0.));
#8308 = DIRECTION('',(0.,0.,1.));
#8309 = DEFINITIONAL_REPRESENTATION('',(#8310),#8314);
#8310 = LINE('',#8311,#8312);
#8311 = CARTESIAN_POINT('',(60.,0.));
#8312 = VECTOR('',#8313,1.);
#8313 = DIRECTION('',(0.,1.));
#8314 = ( GEOMETRIC_REPRESENTATION_CONTEXT(2) 
PARAMETRIC_REPRESENTATION_CONTEXT() REPRESENTATION_CONTEXT('2D SPACE',''
  ) );
#8315 = ORIENTED_EDGE('',*,*,#8316,.T.);
#8316 = EDGE_CURVE('',#8289,#7308,#8317,.T.);
#8317 = SURFACE_CURVE('',#8318,(#8322,#8329),.PCURVE_S1.);
#8318 = LINE('',#8319,#8320);
#8319 = CARTESIAN_POINT('',(198.,-6.01,63.));
#8320 = VECTOR('',#8321,1.);
#8321 = DIRECTION('',(0.,1.,0.));
#8322 = PCURVE('',#7323,#8323);
#8323 = DEFINITIONAL_REPRESENTATION('',(#8324),#8328);
#8324 = LINE('',#8325,#8326);
#8325 = CARTESIAN_POINT('',(63.,-9.999999999998E-03));
#8326 = VECTOR('',#8327,1.);
#8327 = DIRECTION('',(0.,1.));
#8328 = ( GEOMETRIC_REPRESENTATION_CONTEXT(2) 
PARAMETRIC_REPRESENTATION_CONTEXT() REPRESENTATION_CONTEXT('2D SPACE',''
  ) );
#8329 = PCURVE('',#7625,#8330);
#8330 = DEFINITIONAL_REPRESENTATION('',(#8331),#8335);
#8331 = LINE('',#8332,#8333);
#8332 = CARTESIAN_POINT('',(7.,0.));
#8333 = VECTOR('',#8334,1.);
#8334 = DIRECTION('',(0.,-1.));
#8335 = ( GEOMETRIC_REPRESENTATION_CONTEXT(2) 
PARAMETRIC_REPRESENTATION_CONTEXT() REPRESENTATION_CONTEXT('2D SPACE',''
  ) );
#8336 = ORIENTED_EDGE('',*,*,#7305,.F.);
#8337 = ADVANCED_FACE('',(#8338),#7350,.T.);
#8338 = FACE_BOUND('',#8339,.T.);
#8339 = EDGE_LOOP('',(#8340,#8341,#8362,#8383));
#8340 = ORIENTED_EDGE('',*,*,#8265,.F.);
#8341 = ORIENTED_EDGE('',*,*,#8342,.T.);
#8342 = EDGE_CURVE('',#8266,#8343,#8345,.T.);
#8343 = VERTEX_POINT('',#8344);
#8344 = CARTESIAN_POINT('',(142.,-6.,56.));
#8345 = SURFACE_CURVE('',#8346,(#8350,#8356),.PCURVE_S1.);
#8346 = LINE('',#8347,#8348);
#8347 = CARTESIAN_POINT('',(142.,-6.,29.5));
#8348 = VECTOR('',#8349,1.);
#8349 = DIRECTION('',(0.,0.,-1.));
#8350 = PCURVE('',#7350,#8351);
#8351 = DEFINITIONAL_REPRESENTATION('',(#8352),#8355);
#8352 = B_SPLINE_CURVE_WITH_KNOTS('',1,(#8353,#8354),.UNSPECIFIED.,.F.,
  .F.,(2,2),(-33.5,-26.5),.PIECEWISE_BEZIER_KNOTS.);
#8353 = CARTESIAN_POINT('',(7.,-9.999999999998E-03));
#8354 = CARTESIAN_POINT('',(0.,-9.999999999998E-03));
#8355 = ( GEOMETRIC_REPRESENTATION_CONTEXT(2) 
PARAMETRIC_REPRESENTATION_CONTEXT() REPRESENTATION_CONTEXT('2D SPACE',''
  ) );
#8356 = PCURVE('',#8304,#8357);
#8357 = DEFINITIONAL_REPRESENTATION('',(#8358),#8361);
#8358 = B_SPLINE_CURVE_WITH_KNOTS('',1,(#8359,#8360),.UNSPECIFIED.,.F.,
  .F.,(2,2),(-33.5,-26.5),.PIECEWISE_BEZIER_KNOTS.);
#8359 = CARTESIAN_POINT('',(60.,7.));
#8360 = CARTESIAN_POINT('',(53.,7.));
#8361 = ( GEOMETRIC_REPRESENTATION_CONTEXT(2) 
PARAMETRIC_REPRESENTATION_CONTEXT() REPRESENTATION_CONTEXT('2D SPACE',''
  ) );
#8362 = ORIENTED_EDGE('',*,*,#8363,.T.);
#8363 = EDGE_CURVE('',#8343,#7335,#8364,.T.);
#8364 = SURFACE_CURVE('',#8365,(#8369,#8376),.PCURVE_S1.);
#8365 = LINE('',#8366,#8367);
#8366 = CARTESIAN_POINT('',(142.,-6.01,56.));
#8367 = VECTOR('',#8368,1.);
#8368 = DIRECTION('',(0.,1.,0.));
#8369 = PCURVE('',#7350,#8370);
#8370 = DEFINITIONAL_REPRESENTATION('',(#8371),#8375);
#8371 = LINE('',#8372,#8373);
#8372 = CARTESIAN_POINT('',(0.,0.));
#8373 = VECTOR('',#8374,1.);
#8374 = DIRECTION('',(0.,-1.));
#8375 = ( GEOMETRIC_REPRESENTATION_CONTEXT(2) 
PARAMETRIC_REPRESENTATION_CONTEXT() REPRESENTATION_CONTEXT('2D SPACE',''
  ) );
#8376 = PCURVE('',#7378,#8377);
#8377 = DEFINITIONAL_REPRESENTATION('',(#8378),#8382);
#8378 = LINE('',#8379,#8380);
#8379 = CARTESIAN_POINT('',(7.,0.));
#8380 = VECTOR('',#8381,1.);
#8381 = DIRECTION('',(0.,1.));
#8382 = ( GEOMETRIC_REPRESENTATION_CONTEXT(2) 
PARAMETRIC_REPRESENTATION_CONTEXT() REPRESENTATION_CONTEXT('2D SPACE',''
  ) );
#8383 = ORIENTED_EDGE('',*,*,#7334,.T.);
#8384 = ADVANCED_FACE('',(#8385),#7625,.F.);
#8385 = FACE_BOUND('',#8386,.F.);
#8386 = EDGE_LOOP('',(#8387,#8388,#8409,#8430));
#8387 = ORIENTED_EDGE('',*,*,#8316,.F.);
#8388 = ORIENTED_EDGE('',*,*,#8389,.T.);
#8389 = EDGE_CURVE('',#8289,#8390,#8392,.T.);
#8390 = VERTEX_POINT('',#8391);
#8391 = CARTESIAN_POINT('',(198.,-6.,56.));
#8392 = SURFACE_CURVE('',#8393,(#8397,#8403),.PCURVE_S1.);
#8393 = LINE('',#8394,#8395);
#8394 = CARTESIAN_POINT('',(198.,-6.,29.5));
#8395 = VECTOR('',#8396,1.);
#8396 = DIRECTION('',(0.,0.,-1.));
#8397 = PCURVE('',#7625,#8398);
#8398 = DEFINITIONAL_REPRESENTATION('',(#8399),#8402);
#8399 = B_SPLINE_CURVE_WITH_KNOTS('',1,(#8400,#8401),.UNSPECIFIED.,.F.,
  .F.,(2,2),(-33.5,-26.5),.PIECEWISE_BEZIER_KNOTS.);
#8400 = CARTESIAN_POINT('',(7.,-9.999999999998E-03));
#8401 = CARTESIAN_POINT('',(0.,-9.999999999998E-03));
#8402 = ( GEOMETRIC_REPRESENTATION_CONTEXT(2) 
PARAMETRIC_REPRESENTATION_CONTEXT() REPRESENTATION_CONTEXT('2D SPACE',''
  ) );
#8403 = PCURVE('',#8304,#8404);
#8404 = DEFINITIONAL_REPRESENTATION('',(#8405),#8408);
#8405 = B_SPLINE_CURVE_WITH_KNOTS('',1,(#8406,#8407),.UNSPECIFIED.,.F.,
  .F.,(2,2),(-33.5,-26.5),.PIECEWISE_BEZIER_KNOTS.);
#8406 = CARTESIAN_POINT('',(60.,63.));
#8407 = CARTESIAN_POINT('',(53.,63.));
#8408 = ( GEOMETRIC_REPRESENTATION_CONTEXT(2) 
PARAMETRIC_REPRESENTATION_CONTEXT() REPRESENTATION_CONTEXT('2D SPACE',''
  ) );
#8409 = ORIENTED_EDGE('',*,*,#8410,.T.);
#8410 = EDGE_CURVE('',#8390,#7584,#8411,.T.);
#8411 = SURFACE_CURVE('',#8412,(#8416,#8423),.PCURVE_S1.);
#8412 = LINE('',#8413,#8414);
#8413 = CARTESIAN_POINT('',(198.,-6.01,56.));
#8414 = VECTOR('',#8415,1.);
#8415 = DIRECTION('',(0.,1.,0.));
#8416 = PCURVE('',#7625,#8417);
#8417 = DEFINITIONAL_REPRESENTATION('',(#8418),#8422);
#8418 = LINE('',#8419,#8420);
#8419 = CARTESIAN_POINT('',(0.,0.));
#8420 = VECTOR('',#8421,1.);
#8421 = DIRECTION('',(0.,-1.));
#8422 = ( GEOMETRIC_REPRESENTATION_CONTEXT(2) 
PARAMETRIC_REPRESENTATION_CONTEXT() REPRESENTATION_CONTEXT('2D SPACE',''
  ) );
#8423 = PCURVE('',#7599,#8424);
#8424 = DEFINITIONAL_REPRESENTATION('',(#8425),#8429);
#8425 = LINE('',#8426,#8427);
#8426 = CARTESIAN_POINT('',(0.,0.));
#8427 = VECTOR('',#8428,1.);
#8428 = DIRECTION('',(0.,1.));
#8429 = ( GEOMETRIC_REPRESENTATION_CONTEXT(2) 
PARAMETRIC_REPRESENTATION_CONTEXT() REPRESENTATION_CONTEXT('2D SPACE',''
  ) );
#8430 = ORIENTED_EDGE('',*,*,#7611,.T.);
#8431 = ADVANCED_FACE('',(#8432),#7378,.F.);
#8432 = FACE_BOUND('',#8433,.F.);
#8433 = EDGE_LOOP('',(#8434,#8457,#8476,#8477));
#8434 = ORIENTED_EDGE('',*,*,#8435,.F.);
#8435 = EDGE_CURVE('',#8436,#7363,#8438,.T.);
#8436 = VERTEX_POINT('',#8437);
#8437 = CARTESIAN_POINT('',(135.,-6.,56.));
#8438 = SURFACE_CURVE('',#8439,(#8443,#8450),.PCURVE_S1.);
#8439 = LINE('',#8440,#8441);
#8440 = CARTESIAN_POINT('',(135.,-6.01,56.));
#8441 = VECTOR('',#8442,1.);
#8442 = DIRECTION('',(0.,1.,0.));
#8443 = PCURVE('',#7378,#8444);
#8444 = DEFINITIONAL_REPRESENTATION('',(#8445),#8449);
#8445 = LINE('',#8446,#8447);
#8446 = CARTESIAN_POINT('',(0.,0.));
#8447 = VECTOR('',#8448,1.);
#8448 = DIRECTION('',(0.,1.));
#8449 = ( GEOMETRIC_REPRESENTATION_CONTEXT(2) 
PARAMETRIC_REPRESENTATION_CONTEXT() REPRESENTATION_CONTEXT('2D SPACE',''
  ) );
#8450 = PCURVE('',#7406,#8451);
#8451 = DEFINITIONAL_REPRESENTATION('',(#8452),#8456);
#8452 = LINE('',#8453,#8454);
#8453 = CARTESIAN_POINT('',(53.,9.999999999998E-03));
#8454 = VECTOR('',#8455,1.);
#8455 = DIRECTION('',(0.,-1.));
#8456 = ( GEOMETRIC_REPRESENTATION_CONTEXT(2) 
PARAMETRIC_REPRESENTATION_CONTEXT() REPRESENTATION_CONTEXT('2D SPACE',''
  ) );
#8457 = ORIENTED_EDGE('',*,*,#8458,.T.);
#8458 = EDGE_CURVE('',#8436,#8343,#8459,.T.);
#8459 = SURFACE_CURVE('',#8460,(#8464,#8470),.PCURVE_S1.);
#8460 = LINE('',#8461,#8462);
#8461 = CARTESIAN_POINT('',(135.,-6.,56.));
#8462 = VECTOR('',#8463,1.);
#8463 = DIRECTION('',(1.,0.,0.));
#8464 = PCURVE('',#7378,#8465);
#8465 = DEFINITIONAL_REPRESENTATION('',(#8466),#8469);
#8466 = B_SPLINE_CURVE_WITH_KNOTS('',1,(#8467,#8468),.UNSPECIFIED.,.F.,
  .F.,(2,2),(0.,7.),.PIECEWISE_BEZIER_KNOTS.);
#8467 = CARTESIAN_POINT('',(0.,9.999999999998E-03));
#8468 = CARTESIAN_POINT('',(7.,9.999999999998E-03));
#8469 = ( GEOMETRIC_REPRESENTATION_CONTEXT(2) 
PARAMETRIC_REPRESENTATION_CONTEXT() REPRESENTATION_CONTEXT('2D SPACE',''
  ) );
#8470 = PCURVE('',#8304,#8471);
#8471 = DEFINITIONAL_REPRESENTATION('',(#8472),#8475);
#8472 = B_SPLINE_CURVE_WITH_KNOTS('',1,(#8473,#8474),.UNSPECIFIED.,.F.,
  .F.,(2,2),(0.,7.),.PIECEWISE_BEZIER_KNOTS.);
#8473 = CARTESIAN_POINT('',(53.,0.));
#8474 = CARTESIAN_POINT('',(53.,7.));
#8475 = ( GEOMETRIC_REPRESENTATION_CONTEXT(2) 
PARAMETRIC_REPRESENTATION_CONTEXT() REPRESENTATION_CONTEXT('2D SPACE',''
  ) );
#8476 = ORIENTED_EDGE('',*,*,#8363,.T.);
#8477 = ORIENTED_EDGE('',*,*,#7362,.F.);
#8478 = ADVANCED_FACE('',(#8479),#7599,.F.);
#8479 = FACE_BOUND('',#8480,.F.);
#8480 = EDGE_LOOP('',(#8481,#8482,#8503,#8524));
#8481 = ORIENTED_EDGE('',*,*,#8410,.F.);
#8482 = ORIENTED_EDGE('',*,*,#8483,.T.);
#8483 = EDGE_CURVE('',#8390,#8484,#8486,.T.);
#8484 = VERTEX_POINT('',#8485);
#8485 = CARTESIAN_POINT('',(205.,-6.,56.));
#8486 = SURFACE_CURVE('',#8487,(#8491,#8497),.PCURVE_S1.);
#8487 = LINE('',#8488,#8489);
#8488 = CARTESIAN_POINT('',(166.5,-6.,56.));
#8489 = VECTOR('',#8490,1.);
#8490 = DIRECTION('',(1.,0.,0.));
#8491 = PCURVE('',#7599,#8492);
#8492 = DEFINITIONAL_REPRESENTATION('',(#8493),#8496);
#8493 = B_SPLINE_CURVE_WITH_KNOTS('',1,(#8494,#8495),.UNSPECIFIED.,.F.,
  .F.,(2,2),(31.5,38.5),.PIECEWISE_BEZIER_KNOTS.);
#8494 = CARTESIAN_POINT('',(0.,9.999999999998E-03));
#8495 = CARTESIAN_POINT('',(7.,9.999999999998E-03));
#8496 = ( GEOMETRIC_REPRESENTATION_CONTEXT(2) 
PARAMETRIC_REPRESENTATION_CONTEXT() REPRESENTATION_CONTEXT('2D SPACE',''
  ) );
#8497 = PCURVE('',#8304,#8498);
#8498 = DEFINITIONAL_REPRESENTATION('',(#8499),#8502);
#8499 = B_SPLINE_CURVE_WITH_KNOTS('',1,(#8500,#8501),.UNSPECIFIED.,.F.,
  .F.,(2,2),(31.5,38.5),.PIECEWISE_BEZIER_KNOTS.);
#8500 = CARTESIAN_POINT('',(53.,63.));
#8501 = CARTESIAN_POINT('',(53.,70.));
#8502 = ( GEOMETRIC_REPRESENTATION_CONTEXT(2) 
PARAMETRIC_REPRESENTATION_CONTEXT() REPRESENTATION_CONTEXT('2D SPACE',''
  ) );
#8503 = ORIENTED_EDGE('',*,*,#8504,.T.);
#8504 = EDGE_CURVE('',#8484,#7557,#8505,.T.);
#8505 = SURFACE_CURVE('',#8506,(#8510,#8517),.PCURVE_S1.);
#8506 = LINE('',#8507,#8508);
#8507 = CARTESIAN_POINT('',(205.,-6.01,56.));
#8508 = VECTOR('',#8509,1.);
#8509 = DIRECTION('',(0.,1.,0.));
#8510 = PCURVE('',#7599,#8511);
#8511 = DEFINITIONAL_REPRESENTATION('',(#8512),#8516);
#8512 = LINE('',#8513,#8514);
#8513 = CARTESIAN_POINT('',(7.,0.));
#8514 = VECTOR('',#8515,1.);
#8515 = DIRECTION('',(0.,1.));
#8516 = ( GEOMETRIC_REPRESENTATION_CONTEXT(2) 
PARAMETRIC_REPRESENTATION_CONTEXT() REPRESENTATION_CONTEXT('2D SPACE',''
  ) );
#8517 = PCURVE('',#7572,#8518);
#8518 = DEFINITIONAL_REPRESENTATION('',(#8519),#8523);
#8519 = LINE('',#8520,#8521);
#8520 = CARTESIAN_POINT('',(53.,9.999999999998E-03));
#8521 = VECTOR('',#8522,1.);
#8522 = DIRECTION('',(0.,-1.));
#8523 = ( GEOMETRIC_REPRESENTATION_CONTEXT(2) 
PARAMETRIC_REPRESENTATION_CONTEXT() REPRESENTATION_CONTEXT('2D SPACE',''
  ) );
#8524 = ORIENTED_EDGE('',*,*,#7583,.F.);
#8525 = ADVANCED_FACE('',(#8526),#7406,.T.);
#8526 = FACE_BOUND('',#8527,.T.);
#8527 = EDGE_LOOP('',(#8528,#8529,#8552,#8573));
#8528 = ORIENTED_EDGE('',*,*,#8435,.F.);
#8529 = ORIENTED_EDGE('',*,*,#8530,.F.);
#8530 = EDGE_CURVE('',#8531,#8436,#8533,.T.);
#8531 = VERTEX_POINT('',#8532);
#8532 = CARTESIAN_POINT('',(135.,-6.,10.));
#8533 = SURFACE_CURVE('',#8534,(#8538,#8545),.PCURVE_S1.);
#8534 = LINE('',#8535,#8536);
#8535 = CARTESIAN_POINT('',(135.,-6.,3.));
#8536 = VECTOR('',#8537,1.);
#8537 = DIRECTION('',(0.,0.,1.));
#8538 = PCURVE('',#7406,#8539);
#8539 = DEFINITIONAL_REPRESENTATION('',(#8540),#8544);
#8540 = LINE('',#8541,#8542);
#8541 = CARTESIAN_POINT('',(0.,0.));
#8542 = VECTOR('',#8543,1.);
#8543 = DIRECTION('',(1.,0.));
#8544 = ( GEOMETRIC_REPRESENTATION_CONTEXT(2) 
PARAMETRIC_REPRESENTATION_CONTEXT() REPRESENTATION_CONTEXT('2D SPACE',''
  ) );
#8545 = PCURVE('',#8304,#8546);
#8546 = DEFINITIONAL_REPRESENTATION('',(#8547),#8551);
#8547 = LINE('',#8548,#8549);
#8548 = CARTESIAN_POINT('',(0.,0.));
#8549 = VECTOR('',#8550,1.);
#8550 = DIRECTION('',(1.,0.));
#8551 = ( GEOMETRIC_REPRESENTATION_CONTEXT(2) 
PARAMETRIC_REPRESENTATION_CONTEXT() REPRESENTATION_CONTEXT('2D SPACE',''
  ) );
#8552 = ORIENTED_EDGE('',*,*,#8553,.T.);
#8553 = EDGE_CURVE('',#8531,#7391,#8554,.T.);
#8554 = SURFACE_CURVE('',#8555,(#8559,#8566),.PCURVE_S1.);
#8555 = LINE('',#8556,#8557);
#8556 = CARTESIAN_POINT('',(135.,-6.01,10.));
#8557 = VECTOR('',#8558,1.);
#8558 = DIRECTION('',(0.,1.,0.));
#8559 = PCURVE('',#7406,#8560);
#8560 = DEFINITIONAL_REPRESENTATION('',(#8561),#8565);
#8561 = LINE('',#8562,#8563);
#8562 = CARTESIAN_POINT('',(7.,9.999999999998E-03));
#8563 = VECTOR('',#8564,1.);
#8564 = DIRECTION('',(0.,-1.));
#8565 = ( GEOMETRIC_REPRESENTATION_CONTEXT(2) 
PARAMETRIC_REPRESENTATION_CONTEXT() REPRESENTATION_CONTEXT('2D SPACE',''
  ) );
#8566 = PCURVE('',#7433,#8567);
#8567 = DEFINITIONAL_REPRESENTATION('',(#8568),#8572);
#8568 = LINE('',#8569,#8570);
#8569 = CARTESIAN_POINT('',(0.,0.));
#8570 = VECTOR('',#8571,1.);
#8571 = DIRECTION('',(0.,1.));
#8572 = ( GEOMETRIC_REPRESENTATION_CONTEXT(2) 
PARAMETRIC_REPRESENTATION_CONTEXT() REPRESENTATION_CONTEXT('2D SPACE',''
  ) );
#8573 = ORIENTED_EDGE('',*,*,#7390,.F.);
#8574 = ADVANCED_FACE('',(#8575),#7572,.F.);
#8575 = FACE_BOUND('',#8576,.F.);
#8576 = EDGE_LOOP('',(#8577,#8578,#8601,#8624,#8652,#8673));
#8577 = ORIENTED_EDGE('',*,*,#8504,.F.);
#8578 = ORIENTED_EDGE('',*,*,#8579,.F.);
#8579 = EDGE_CURVE('',#8580,#8484,#8582,.T.);
#8580 = VERTEX_POINT('',#8581);
#8581 = CARTESIAN_POINT('',(205.,-6.,10.));
#8582 = SURFACE_CURVE('',#8583,(#8587,#8594),.PCURVE_S1.);
#8583 = LINE('',#8584,#8585);
#8584 = CARTESIAN_POINT('',(205.,-6.,3.));
#8585 = VECTOR('',#8586,1.);
#8586 = DIRECTION('',(0.,0.,1.));
#8587 = PCURVE('',#7572,#8588);
#8588 = DEFINITIONAL_REPRESENTATION('',(#8589),#8593);
#8589 = LINE('',#8590,#8591);
#8590 = CARTESIAN_POINT('',(0.,0.));
#8591 = VECTOR('',#8592,1.);
#8592 = DIRECTION('',(1.,0.));
#8593 = ( GEOMETRIC_REPRESENTATION_CONTEXT(2) 
PARAMETRIC_REPRESENTATION_CONTEXT() REPRESENTATION_CONTEXT('2D SPACE',''
  ) );
#8594 = PCURVE('',#8304,#8595);
#8595 = DEFINITIONAL_REPRESENTATION('',(#8596),#8600);
#8596 = LINE('',#8597,#8598);
#8597 = CARTESIAN_POINT('',(0.,70.));
#8598 = VECTOR('',#8599,1.);
#8599 = DIRECTION('',(1.,0.));
#8600 = ( GEOMETRIC_REPRESENTATION_CONTEXT(2) 
PARAMETRIC_REPRESENTATION_CONTEXT() REPRESENTATION_CONTEXT('2D SPACE',''
  ) );
#8601 = ORIENTED_EDGE('',*,*,#8602,.T.);
#8602 = EDGE_CURVE('',#8580,#8603,#8605,.T.);
#8603 = VERTEX_POINT('',#8604);
#8604 = CARTESIAN_POINT('',(205.,2.,10.));
#8605 = SURFACE_CURVE('',#8606,(#8610,#8617),.PCURVE_S1.);
#8606 = LINE('',#8607,#8608);
#8607 = CARTESIAN_POINT('',(205.,-6.01,10.));
#8608 = VECTOR('',#8609,1.);
#8609 = DIRECTION('',(0.,1.,0.));
#8610 = PCURVE('',#7572,#8611);
#8611 = DEFINITIONAL_REPRESENTATION('',(#8612),#8616);
#8612 = LINE('',#8613,#8614);
#8613 = CARTESIAN_POINT('',(7.,9.999999999998E-03));
#8614 = VECTOR('',#8615,1.);
#8615 = DIRECTION('',(0.,-1.));
#8616 = ( GEOMETRIC_REPRESENTATION_CONTEXT(2) 
PARAMETRIC_REPRESENTATION_CONTEXT() REPRESENTATION_CONTEXT('2D SPACE',''
  ) );
#8617 = PCURVE('',#7544,#8618);
#8618 = DEFINITIONAL_REPRESENTATION('',(#8619),#8623);
#8619 = LINE('',#8620,#8621);
#8620 = CARTESIAN_POINT('',(7.,0.));
#8621 = VECTOR('',#8622,1.);
#8622 = DIRECTION('',(0.,1.));
#8623 = ( GEOMETRIC_REPRESENTATION_CONTEXT(2) 
PARAMETRIC_REPRESENTATION_CONTEXT() REPRESENTATION_CONTEXT('2D SPACE',''
  ) );
#8624 = ORIENTED_EDGE('',*,*,#8625,.T.);
#8625 = EDGE_CURVE('',#8603,#8626,#8628,.T.);
#8626 = VERTEX_POINT('',#8627);
#8627 = CARTESIAN_POINT('',(205.,6.,10.));
#8628 = SURFACE_CURVE('',#8629,(#8634,#8645),.PCURVE_S1.);
#8629 = CIRCLE('',#8630,2.);
#8630 = AXIS2_PLACEMENT_3D('',#8631,#8632,#8633);
#8631 = CARTESIAN_POINT('',(205.,4.,10.));
#8632 = DIRECTION('',(-1.,0.,0.));
#8633 = DIRECTION('',(0.,1.,0.));
#8634 = PCURVE('',#7572,#8635);
#8635 = DEFINITIONAL_REPRESENTATION('',(#8636),#8644);
#8636 = ( BOUNDED_CURVE() B_SPLINE_CURVE(2,(#8637,#8638,#8639,#8640,
#8641,#8642,#8643),.UNSPECIFIED.,.T.,.F.) B_SPLINE_CURVE_WITH_KNOTS((1,2
    ,2,2,2,1),(-2.094395102393,0.,2.094395102393,4.188790204786,
6.28318530718,8.377580409573),.UNSPECIFIED.) CURVE() 
GEOMETRIC_REPRESENTATION_ITEM() RATIONAL_B_SPLINE_CURVE((1.,0.5,1.,0.5,
1.,0.5,1.)) REPRESENTATION_ITEM('') );
#8637 = CARTESIAN_POINT('',(7.,-12.));
#8638 = CARTESIAN_POINT('',(3.535898384862,-12.));
#8639 = CARTESIAN_POINT('',(5.267949192431,-9.));
#8640 = CARTESIAN_POINT('',(7.,-6.));
#8641 = CARTESIAN_POINT('',(8.732050807569,-9.));
#8642 = CARTESIAN_POINT('',(10.464101615138,-12.));
#8643 = CARTESIAN_POINT('',(7.,-12.));
#8644 = ( GEOMETRIC_REPRESENTATION_CONTEXT(2) 
PARAMETRIC_REPRESENTATION_CONTEXT() REPRESENTATION_CONTEXT('2D SPACE',''
  ) );
#8645 = PCURVE('',#7776,#8646);
#8646 = DEFINITIONAL_REPRESENTATION('',(#8647),#8651);
#8647 = LINE('',#8648,#8649);
#8648 = CARTESIAN_POINT('',(-6.28318530718,-1.));
#8649 = VECTOR('',#8650,1.);
#8650 = DIRECTION('',(1.,-0.));
#8651 = ( GEOMETRIC_REPRESENTATION_CONTEXT(2) 
PARAMETRIC_REPRESENTATION_CONTEXT() REPRESENTATION_CONTEXT('2D SPACE',''
  ) );
#8652 = ORIENTED_EDGE('',*,*,#8653,.T.);
#8653 = EDGE_CURVE('',#8626,#7529,#8654,.T.);
#8654 = SURFACE_CURVE('',#8655,(#8659,#8666),.PCURVE_S1.);
#8655 = LINE('',#8656,#8657);
#8656 = CARTESIAN_POINT('',(205.,-6.01,10.));
#8657 = VECTOR('',#8658,1.);
#8658 = DIRECTION('',(0.,1.,0.));
#8659 = PCURVE('',#7572,#8660);
#8660 = DEFINITIONAL_REPRESENTATION('',(#8661),#8665);
#8661 = LINE('',#8662,#8663);
#8662 = CARTESIAN_POINT('',(7.,9.999999999998E-03));
#8663 = VECTOR('',#8664,1.);
#8664 = DIRECTION('',(0.,-1.));
#8665 = ( GEOMETRIC_REPRESENTATION_CONTEXT(2) 
PARAMETRIC_REPRESENTATION_CONTEXT() REPRESENTATION_CONTEXT('2D SPACE',''
  ) );
#8666 = PCURVE('',#7544,#8667);
#8667 = DEFINITIONAL_REPRESENTATION('',(#8668),#8672);
#8668 = LINE('',#8669,#8670);
#8669 = CARTESIAN_POINT('',(7.,0.));
#8670 = VECTOR('',#8671,1.);
#8671 = DIRECTION('',(0.,1.));
#8672 = ( GEOMETRIC_REPRESENTATION_CONTEXT(2) 
PARAMETRIC_REPRESENTATION_CONTEXT() REPRESENTATION_CONTEXT('2D SPACE',''
  ) );
#8673 = ORIENTED_EDGE('',*,*,#7556,.F.);
#8674 = ADVANCED_FACE('',(#8675),#7433,.T.);
#8675 = FACE_BOUND('',#8676,.T.);
#8676 = EDGE_LOOP('',(#8677,#8678,#8699,#8720));
#8677 = ORIENTED_EDGE('',*,*,#8553,.F.);
#8678 = ORIENTED_EDGE('',*,*,#8679,.T.);
#8679 = EDGE_CURVE('',#8531,#8680,#8682,.T.);
#8680 = VERTEX_POINT('',#8681);
#8681 = CARTESIAN_POINT('',(142.,-6.,10.));
#8682 = SURFACE_CURVE('',#8683,(#8687,#8693),.PCURVE_S1.);
#8683 = LINE('',#8684,#8685);
#8684 = CARTESIAN_POINT('',(135.,-6.,10.));
#8685 = VECTOR('',#8686,1.);
#8686 = DIRECTION('',(1.,0.,0.));
#8687 = PCURVE('',#7433,#8688);
#8688 = DEFINITIONAL_REPRESENTATION('',(#8689),#8692);
#8689 = B_SPLINE_CURVE_WITH_KNOTS('',1,(#8690,#8691),.UNSPECIFIED.,.F.,
  .F.,(2,2),(0.,7.),.PIECEWISE_BEZIER_KNOTS.);
#8690 = CARTESIAN_POINT('',(0.,9.999999999998E-03));
#8691 = CARTESIAN_POINT('',(7.,9.999999999998E-03));
#8692 = ( GEOMETRIC_REPRESENTATION_CONTEXT(2) 
PARAMETRIC_REPRESENTATION_CONTEXT() REPRESENTATION_CONTEXT('2D SPACE',''
  ) );
#8693 = PCURVE('',#8304,#8694);
#8694 = DEFINITIONAL_REPRESENTATION('',(#8695),#8698);
#8695 = B_SPLINE_CURVE_WITH_KNOTS('',1,(#8696,#8697),.UNSPECIFIED.,.F.,
  .F.,(2,2),(0.,7.),.PIECEWISE_BEZIER_KNOTS.);
#8696 = CARTESIAN_POINT('',(7.,0.));
#8697 = CARTESIAN_POINT('',(7.,7.));
#8698 = ( GEOMETRIC_REPRESENTATION_CONTEXT(2) 
PARAMETRIC_REPRESENTATION_CONTEXT() REPRESENTATION_CONTEXT('2D SPACE',''
  ) );
#8699 = ORIENTED_EDGE('',*,*,#8700,.T.);
#8700 = EDGE_CURVE('',#8680,#7418,#8701,.T.);
#8701 = SURFACE_CURVE('',#8702,(#8706,#8713),.PCURVE_S1.);
#8702 = LINE('',#8703,#8704);
#8703 = CARTESIAN_POINT('',(142.,-6.01,10.));
#8704 = VECTOR('',#8705,1.);
#8705 = DIRECTION('',(0.,1.,0.));
#8706 = PCURVE('',#7433,#8707);
#8707 = DEFINITIONAL_REPRESENTATION('',(#8708),#8712);
#8708 = LINE('',#8709,#8710);
#8709 = CARTESIAN_POINT('',(7.,0.));
#8710 = VECTOR('',#8711,1.);
#8711 = DIRECTION('',(0.,1.));
#8712 = ( GEOMETRIC_REPRESENTATION_CONTEXT(2) 
PARAMETRIC_REPRESENTATION_CONTEXT() REPRESENTATION_CONTEXT('2D SPACE',''
  ) );
#8713 = PCURVE('',#7461,#8714);
#8714 = DEFINITIONAL_REPRESENTATION('',(#8715),#8719);
#8715 = LINE('',#8716,#8717);
#8716 = CARTESIAN_POINT('',(7.,0.));
#8717 = VECTOR('',#8718,1.);
#8718 = DIRECTION('',(0.,-1.));
#8719 = ( GEOMETRIC_REPRESENTATION_CONTEXT(2) 
PARAMETRIC_REPRESENTATION_CONTEXT() REPRESENTATION_CONTEXT('2D SPACE',''
  ) );
#8720 = ORIENTED_EDGE('',*,*,#7417,.F.);
#8721 = ADVANCED_FACE('',(#8722),#7544,.T.);
#8722 = FACE_BOUND('',#8723,.T.);
#8723 = EDGE_LOOP('',(#8724,#8747,#8766,#8767,#8788,#8814,#8835,#8836));
#8724 = ORIENTED_EDGE('',*,*,#8725,.F.);
#8725 = EDGE_CURVE('',#8726,#7501,#8728,.T.);
#8726 = VERTEX_POINT('',#8727);
#8727 = CARTESIAN_POINT('',(198.,-6.,10.));
#8728 = SURFACE_CURVE('',#8729,(#8733,#8740),.PCURVE_S1.);
#8729 = LINE('',#8730,#8731);
#8730 = CARTESIAN_POINT('',(198.,-6.01,10.));
#8731 = VECTOR('',#8732,1.);
#8732 = DIRECTION('',(0.,1.,0.));
#8733 = PCURVE('',#7544,#8734);
#8734 = DEFINITIONAL_REPRESENTATION('',(#8735),#8739);
#8735 = LINE('',#8736,#8737);
#8736 = CARTESIAN_POINT('',(0.,0.));
#8737 = VECTOR('',#8738,1.);
#8738 = DIRECTION('',(0.,1.));
#8739 = ( GEOMETRIC_REPRESENTATION_CONTEXT(2) 
PARAMETRIC_REPRESENTATION_CONTEXT() REPRESENTATION_CONTEXT('2D SPACE',''
  ) );
#8740 = PCURVE('',#7516,#8741);
#8741 = DEFINITIONAL_REPRESENTATION('',(#8742),#8746);
#8742 = LINE('',#8743,#8744);
#8743 = CARTESIAN_POINT('',(7.,0.));
#8744 = VECTOR('',#8745,1.);
#8745 = DIRECTION('',(0.,-1.));
#8746 = ( GEOMETRIC_REPRESENTATION_CONTEXT(2) 
PARAMETRIC_REPRESENTATION_CONTEXT() REPRESENTATION_CONTEXT('2D SPACE',''
  ) );
#8747 = ORIENTED_EDGE('',*,*,#8748,.T.);
#8748 = EDGE_CURVE('',#8726,#8580,#8749,.T.);
#8749 = SURFACE_CURVE('',#8750,(#8754,#8760),.PCURVE_S1.);
#8750 = LINE('',#8751,#8752);
#8751 = CARTESIAN_POINT('',(166.5,-6.,10.));
#8752 = VECTOR('',#8753,1.);
#8753 = DIRECTION('',(1.,0.,0.));
#8754 = PCURVE('',#7544,#8755);
#8755 = DEFINITIONAL_REPRESENTATION('',(#8756),#8759);
#8756 = B_SPLINE_CURVE_WITH_KNOTS('',1,(#8757,#8758),.UNSPECIFIED.,.F.,
  .F.,(2,2),(31.5,38.5),.PIECEWISE_BEZIER_KNOTS.);
#8757 = CARTESIAN_POINT('',(0.,9.999999999998E-03));
#8758 = CARTESIAN_POINT('',(7.,9.999999999998E-03));
#8759 = ( GEOMETRIC_REPRESENTATION_CONTEXT(2) 
PARAMETRIC_REPRESENTATION_CONTEXT() REPRESENTATION_CONTEXT('2D SPACE',''
  ) );
#8760 = PCURVE('',#8304,#8761);
#8761 = DEFINITIONAL_REPRESENTATION('',(#8762),#8765);
#8762 = B_SPLINE_CURVE_WITH_KNOTS('',1,(#8763,#8764),.UNSPECIFIED.,.F.,
  .F.,(2,2),(31.5,38.5),.PIECEWISE_BEZIER_KNOTS.);
#8763 = CARTESIAN_POINT('',(7.,63.));
#8764 = CARTESIAN_POINT('',(7.,70.));
#8765 = ( GEOMETRIC_REPRESENTATION_CONTEXT(2) 
PARAMETRIC_REPRESENTATION_CONTEXT() REPRESENTATION_CONTEXT('2D SPACE',''
  ) );
#8766 = ORIENTED_EDGE('',*,*,#8602,.T.);
#8767 = ORIENTED_EDGE('',*,*,#8768,.T.);
#8768 = EDGE_CURVE('',#8603,#8769,#8771,.T.);
#8769 = VERTEX_POINT('',#8770);
#8770 = CARTESIAN_POINT('',(204.,2.,10.));
#8771 = SURFACE_CURVE('',#8772,(#8776,#8782),.PCURVE_S1.);
#8772 = LINE('',#8773,#8774);
#8773 = CARTESIAN_POINT('',(204.,2.,10.));
#8774 = VECTOR('',#8775,1.);
#8775 = DIRECTION('',(-1.,-0.,-0.));
#8776 = PCURVE('',#7544,#8777);
#8777 = DEFINITIONAL_REPRESENTATION('',(#8778),#8781);
#8778 = B_SPLINE_CURVE_WITH_KNOTS('',1,(#8779,#8780),.UNSPECIFIED.,.F.,
  .F.,(2,2),(-1.7,5.999999928008E-07),.PIECEWISE_BEZIER_KNOTS.);
#8779 = CARTESIAN_POINT('',(7.7,8.01));
#8780 = CARTESIAN_POINT('',(5.9999994,8.01));
#8781 = ( GEOMETRIC_REPRESENTATION_CONTEXT(2) 
PARAMETRIC_REPRESENTATION_CONTEXT() REPRESENTATION_CONTEXT('2D SPACE',''
  ) );
#8782 = PCURVE('',#7776,#8783);
#8783 = DEFINITIONAL_REPRESENTATION('',(#8784),#8787);
#8784 = B_SPLINE_CURVE_WITH_KNOTS('',1,(#8785,#8786),.UNSPECIFIED.,.F.,
  .F.,(2,2),(-1.7,5.999999928008E-07),.PIECEWISE_BEZIER_KNOTS.);
#8785 = CARTESIAN_POINT('',(-3.14159265359,-1.7));
#8786 = CARTESIAN_POINT('',(-3.14159265359,5.999999928008E-07));
#8787 = ( GEOMETRIC_REPRESENTATION_CONTEXT(2) 
PARAMETRIC_REPRESENTATION_CONTEXT() REPRESENTATION_CONTEXT('2D SPACE',''
  ) );
#8788 = ORIENTED_EDGE('',*,*,#8789,.T.);
#8789 = EDGE_CURVE('',#8769,#8790,#8792,.T.);
#8790 = VERTEX_POINT('',#8791);
#8791 = CARTESIAN_POINT('',(204.,6.,10.));
#8792 = SURFACE_CURVE('',#8793,(#8797,#8803),.PCURVE_S1.);
#8793 = LINE('',#8794,#8795);
#8794 = CARTESIAN_POINT('',(204.,-1.005,10.));
#8795 = VECTOR('',#8796,1.);
#8796 = DIRECTION('',(0.,1.,0.));
#8797 = PCURVE('',#7544,#8798);
#8798 = DEFINITIONAL_REPRESENTATION('',(#8799),#8802);
#8799 = B_SPLINE_CURVE_WITH_KNOTS('',1,(#8800,#8801),.UNSPECIFIED.,.F.,
  .F.,(2,2),(3.005,7.005),.PIECEWISE_BEZIER_KNOTS.);
#8800 = CARTESIAN_POINT('',(6.,8.01));
#8801 = CARTESIAN_POINT('',(6.,12.01));
#8802 = ( GEOMETRIC_REPRESENTATION_CONTEXT(2) 
PARAMETRIC_REPRESENTATION_CONTEXT() REPRESENTATION_CONTEXT('2D SPACE',''
  ) );
#8803 = PCURVE('',#8804,#8809);
#8804 = PLANE('',#8805);
#8805 = AXIS2_PLACEMENT_3D('',#8806,#8807,#8808);
#8806 = CARTESIAN_POINT('',(204.,4.,10.));
#8807 = DIRECTION('',(1.,0.,0.));
#8808 = DIRECTION('',(-0.,0.,1.));
#8809 = DEFINITIONAL_REPRESENTATION('',(#8810),#8813);
#8810 = B_SPLINE_CURVE_WITH_KNOTS('',1,(#8811,#8812),.UNSPECIFIED.,.F.,
  .F.,(2,2),(3.005,7.005),.PIECEWISE_BEZIER_KNOTS.);
#8811 = CARTESIAN_POINT('',(0.,2.));
#8812 = CARTESIAN_POINT('',(0.,-2.));
#8813 = ( GEOMETRIC_REPRESENTATION_CONTEXT(2) 
PARAMETRIC_REPRESENTATION_CONTEXT() REPRESENTATION_CONTEXT('2D SPACE',''
  ) );
#8814 = ORIENTED_EDGE('',*,*,#8815,.T.);
#8815 = EDGE_CURVE('',#8790,#8626,#8816,.T.);
#8816 = SURFACE_CURVE('',#8817,(#8821,#8828),.PCURVE_S1.);
#8817 = LINE('',#8818,#8819);
#8818 = CARTESIAN_POINT('',(204.,6.,10.));
#8819 = VECTOR('',#8820,1.);
#8820 = DIRECTION('',(1.,0.,0.));
#8821 = PCURVE('',#7544,#8822);
#8822 = DEFINITIONAL_REPRESENTATION('',(#8823),#8827);
#8823 = LINE('',#8824,#8825);
#8824 = CARTESIAN_POINT('',(6.,12.01));
#8825 = VECTOR('',#8826,1.);
#8826 = DIRECTION('',(1.,0.));
#8827 = ( GEOMETRIC_REPRESENTATION_CONTEXT(2) 
PARAMETRIC_REPRESENTATION_CONTEXT() REPRESENTATION_CONTEXT('2D SPACE',''
  ) );
#8828 = PCURVE('',#7776,#8829);
#8829 = DEFINITIONAL_REPRESENTATION('',(#8830),#8834);
#8830 = LINE('',#8831,#8832);
#8831 = CARTESIAN_POINT('',(-6.28318530718,0.));
#8832 = VECTOR('',#8833,1.);
#8833 = DIRECTION('',(-0.,-1.));
#8834 = ( GEOMETRIC_REPRESENTATION_CONTEXT(2) 
PARAMETRIC_REPRESENTATION_CONTEXT() REPRESENTATION_CONTEXT('2D SPACE',''
  ) );
#8835 = ORIENTED_EDGE('',*,*,#8653,.T.);
#8836 = ORIENTED_EDGE('',*,*,#7528,.F.);
#8837 = ADVANCED_FACE('',(#8838),#7461,.T.);
#8838 = FACE_BOUND('',#8839,.T.);
#8839 = EDGE_LOOP('',(#8840,#8841,#8862,#8883));
#8840 = ORIENTED_EDGE('',*,*,#8700,.F.);
#8841 = ORIENTED_EDGE('',*,*,#8842,.T.);
#8842 = EDGE_CURVE('',#8680,#8843,#8845,.T.);
#8843 = VERTEX_POINT('',#8844);
#8844 = CARTESIAN_POINT('',(142.,-6.,3.));
#8845 = SURFACE_CURVE('',#8846,(#8850,#8856),.PCURVE_S1.);
#8846 = LINE('',#8847,#8848);
#8847 = CARTESIAN_POINT('',(142.,-6.,3.));
#8848 = VECTOR('',#8849,1.);
#8849 = DIRECTION('',(0.,0.,-1.));
#8850 = PCURVE('',#7461,#8851);
#8851 = DEFINITIONAL_REPRESENTATION('',(#8852),#8855);
#8852 = B_SPLINE_CURVE_WITH_KNOTS('',1,(#8853,#8854),.UNSPECIFIED.,.F.,
  .F.,(2,2),(-7.,0.),.PIECEWISE_BEZIER_KNOTS.);
#8853 = CARTESIAN_POINT('',(7.,-9.999999999998E-03));
#8854 = CARTESIAN_POINT('',(0.,-9.999999999998E-03));
#8855 = ( GEOMETRIC_REPRESENTATION_CONTEXT(2) 
PARAMETRIC_REPRESENTATION_CONTEXT() REPRESENTATION_CONTEXT('2D SPACE',''
  ) );
#8856 = PCURVE('',#8304,#8857);
#8857 = DEFINITIONAL_REPRESENTATION('',(#8858),#8861);
#8858 = B_SPLINE_CURVE_WITH_KNOTS('',1,(#8859,#8860),.UNSPECIFIED.,.F.,
  .F.,(2,2),(-7.,0.),.PIECEWISE_BEZIER_KNOTS.);
#8859 = CARTESIAN_POINT('',(7.,7.));
#8860 = CARTESIAN_POINT('',(0.,7.));
#8861 = ( GEOMETRIC_REPRESENTATION_CONTEXT(2) 
PARAMETRIC_REPRESENTATION_CONTEXT() REPRESENTATION_CONTEXT('2D SPACE',''
  ) );
#8862 = ORIENTED_EDGE('',*,*,#8863,.T.);
#8863 = EDGE_CURVE('',#8843,#7446,#8864,.T.);
#8864 = SURFACE_CURVE('',#8865,(#8869,#8876),.PCURVE_S1.);
#8865 = LINE('',#8866,#8867);
#8866 = CARTESIAN_POINT('',(142.,-6.01,3.));
#8867 = VECTOR('',#8868,1.);
#8868 = DIRECTION('',(0.,1.,0.));
#8869 = PCURVE('',#7461,#8870);
#8870 = DEFINITIONAL_REPRESENTATION('',(#8871),#8875);
#8871 = LINE('',#8872,#8873);
#8872 = CARTESIAN_POINT('',(0.,0.));
#8873 = VECTOR('',#8874,1.);
#8874 = DIRECTION('',(0.,-1.));
#8875 = ( GEOMETRIC_REPRESENTATION_CONTEXT(2) 
PARAMETRIC_REPRESENTATION_CONTEXT() REPRESENTATION_CONTEXT('2D SPACE',''
  ) );
#8876 = PCURVE('',#7489,#8877);
#8877 = DEFINITIONAL_REPRESENTATION('',(#8878),#8882);
#8878 = LINE('',#8879,#8880);
#8879 = CARTESIAN_POINT('',(7.,-9.999999999998E-03));
#8880 = VECTOR('',#8881,1.);
#8881 = DIRECTION('',(0.,1.));
#8882 = ( GEOMETRIC_REPRESENTATION_CONTEXT(2) 
PARAMETRIC_REPRESENTATION_CONTEXT() REPRESENTATION_CONTEXT('2D SPACE',''
  ) );
#8883 = ORIENTED_EDGE('',*,*,#7445,.T.);
#8884 = ADVANCED_FACE('',(#8885),#7516,.F.);
#8885 = FACE_BOUND('',#8886,.F.);
#8886 = EDGE_LOOP('',(#8887,#8888,#8909,#8930));
#8887 = ORIENTED_EDGE('',*,*,#8725,.F.);
#8888 = ORIENTED_EDGE('',*,*,#8889,.T.);
#8889 = EDGE_CURVE('',#8726,#8890,#8892,.T.);
#8890 = VERTEX_POINT('',#8891);
#8891 = CARTESIAN_POINT('',(198.,-6.,3.));
#8892 = SURFACE_CURVE('',#8893,(#8897,#8903),.PCURVE_S1.);
#8893 = LINE('',#8894,#8895);
#8894 = CARTESIAN_POINT('',(198.,-6.,3.));
#8895 = VECTOR('',#8896,1.);
#8896 = DIRECTION('',(0.,0.,-1.));
#8897 = PCURVE('',#7516,#8898);
#8898 = DEFINITIONAL_REPRESENTATION('',(#8899),#8902);
#8899 = B_SPLINE_CURVE_WITH_KNOTS('',1,(#8900,#8901),.UNSPECIFIED.,.F.,
  .F.,(2,2),(-7.,0.),.PIECEWISE_BEZIER_KNOTS.);
#8900 = CARTESIAN_POINT('',(7.,-9.999999999998E-03));
#8901 = CARTESIAN_POINT('',(0.,-9.999999999998E-03));
#8902 = ( GEOMETRIC_REPRESENTATION_CONTEXT(2) 
PARAMETRIC_REPRESENTATION_CONTEXT() REPRESENTATION_CONTEXT('2D SPACE',''
  ) );
#8903 = PCURVE('',#8304,#8904);
#8904 = DEFINITIONAL_REPRESENTATION('',(#8905),#8908);
#8905 = B_SPLINE_CURVE_WITH_KNOTS('',1,(#8906,#8907),.UNSPECIFIED.,.F.,
  .F.,(2,2),(-7.,0.),.PIECEWISE_BEZIER_KNOTS.);
#8906 = CARTESIAN_POINT('',(7.,63.));
#8907 = CARTESIAN_POINT('',(0.,63.));
#8908 = ( GEOMETRIC_REPRESENTATION_CONTEXT(2) 
PARAMETRIC_REPRESENTATION_CONTEXT() REPRESENTATION_CONTEXT('2D SPACE',''
  ) );
#8909 = ORIENTED_EDGE('',*,*,#8910,.T.);
#8910 = EDGE_CURVE('',#8890,#7474,#8911,.T.);
#8911 = SURFACE_CURVE('',#8912,(#8916,#8923),.PCURVE_S1.);
#8912 = LINE('',#8913,#8914);
#8913 = CARTESIAN_POINT('',(198.,-6.01,3.));
#8914 = VECTOR('',#8915,1.);
#8915 = DIRECTION('',(0.,1.,0.));
#8916 = PCURVE('',#7516,#8917);
#8917 = DEFINITIONAL_REPRESENTATION('',(#8918),#8922);
#8918 = LINE('',#8919,#8920);
#8919 = CARTESIAN_POINT('',(0.,0.));
#8920 = VECTOR('',#8921,1.);
#8921 = DIRECTION('',(0.,-1.));
#8922 = ( GEOMETRIC_REPRESENTATION_CONTEXT(2) 
PARAMETRIC_REPRESENTATION_CONTEXT() REPRESENTATION_CONTEXT('2D SPACE',''
  ) );
#8923 = PCURVE('',#7489,#8924);
#8924 = DEFINITIONAL_REPRESENTATION('',(#8925),#8929);
#8925 = LINE('',#8926,#8927);
#8926 = CARTESIAN_POINT('',(63.,-9.999999999998E-03));
#8927 = VECTOR('',#8928,1.);
#8928 = DIRECTION('',(0.,1.));
#8929 = ( GEOMETRIC_REPRESENTATION_CONTEXT(2) 
PARAMETRIC_REPRESENTATION_CONTEXT() REPRESENTATION_CONTEXT('2D SPACE',''
  ) );
#8930 = ORIENTED_EDGE('',*,*,#7500,.T.);
#8931 = ADVANCED_FACE('',(#8932),#7489,.T.);
#8932 = FACE_BOUND('',#8933,.T.);
#8933 = EDGE_LOOP('',(#8934,#8935,#8956,#8957));
#8934 = ORIENTED_EDGE('',*,*,#8863,.F.);
#8935 = ORIENTED_EDGE('',*,*,#8936,.T.);
#8936 = EDGE_CURVE('',#8843,#8890,#8937,.T.);
#8937 = SURFACE_CURVE('',#8938,(#8942,#8949),.PCURVE_S1.);
#8938 = LINE('',#8939,#8940);
#8939 = CARTESIAN_POINT('',(135.,-6.,3.));
#8940 = VECTOR('',#8941,1.);
#8941 = DIRECTION('',(1.,0.,0.));
#8942 = PCURVE('',#7489,#8943);
#8943 = DEFINITIONAL_REPRESENTATION('',(#8944),#8948);
#8944 = LINE('',#8945,#8946);
#8945 = CARTESIAN_POINT('',(0.,0.));
#8946 = VECTOR('',#8947,1.);
#8947 = DIRECTION('',(1.,0.));
#8948 = ( GEOMETRIC_REPRESENTATION_CONTEXT(2) 
PARAMETRIC_REPRESENTATION_CONTEXT() REPRESENTATION_CONTEXT('2D SPACE',''
  ) );
#8949 = PCURVE('',#8304,#8950);
#8950 = DEFINITIONAL_REPRESENTATION('',(#8951),#8955);
#8951 = LINE('',#8952,#8953);
#8952 = CARTESIAN_POINT('',(0.,0.));
#8953 = VECTOR('',#8954,1.);
#8954 = DIRECTION('',(0.,1.));
#8955 = ( GEOMETRIC_REPRESENTATION_CONTEXT(2) 
PARAMETRIC_REPRESENTATION_CONTEXT() REPRESENTATION_CONTEXT('2D SPACE',''
  ) );
#8956 = ORIENTED_EDGE('',*,*,#8910,.T.);
#8957 = ORIENTED_EDGE('',*,*,#7473,.F.);
#8958 = ADVANCED_FACE('',(#8959),#7660,.F.);
#8959 = FACE_BOUND('',#8960,.F.);
#8960 = EDGE_LOOP('',(#8961,#8990,#9011,#9012));
#8961 = ORIENTED_EDGE('',*,*,#8962,.F.);
#8962 = EDGE_CURVE('',#8963,#8963,#8965,.T.);
#8963 = VERTEX_POINT('',#8964);
#8964 = CARTESIAN_POINT('',(202.75,34.,59.5));
#8965 = SURFACE_CURVE('',#8966,(#8971,#8978),.PCURVE_S1.);
#8966 = CIRCLE('',#8967,1.25);
#8967 = AXIS2_PLACEMENT_3D('',#8968,#8969,#8970);
#8968 = CARTESIAN_POINT('',(201.5,34.,59.5));
#8969 = DIRECTION('',(0.,-1.,0.));
#8970 = DIRECTION('',(1.,0.,0.));
#8971 = PCURVE('',#7660,#8972);
#8972 = DEFINITIONAL_REPRESENTATION('',(#8973),#8977);
#8973 = LINE('',#8974,#8975);
#8974 = CARTESIAN_POINT('',(0.,0.));
#8975 = VECTOR('',#8976,1.);
#8976 = DIRECTION('',(1.,0.));
#8977 = ( GEOMETRIC_REPRESENTATION_CONTEXT(2) 
PARAMETRIC_REPRESENTATION_CONTEXT() REPRESENTATION_CONTEXT('2D SPACE',''
  ) );
#8978 = PCURVE('',#8979,#8984);
#8979 = PLANE('',#8980);
#8980 = AXIS2_PLACEMENT_3D('',#8981,#8982,#8983);
#8981 = CARTESIAN_POINT('',(201.5,34.,59.5));
#8982 = DIRECTION('',(-0.,-1.,-0.));
#8983 = DIRECTION('',(0.,0.,-1.));
#8984 = DEFINITIONAL_REPRESENTATION('',(#8985),#8989);
#8985 = CIRCLE('',#8986,1.25);
#8986 = AXIS2_PLACEMENT_2D('',#8987,#8988);
#8987 = CARTESIAN_POINT('',(0.,0.));
#8988 = DIRECTION('',(0.,1.));
#8989 = ( GEOMETRIC_REPRESENTATION_CONTEXT(2) 
PARAMETRIC_REPRESENTATION_CONTEXT() REPRESENTATION_CONTEXT('2D SPACE',''
  ) );
#8990 = ORIENTED_EDGE('',*,*,#8991,.T.);
#8991 = EDGE_CURVE('',#8963,#7640,#8992,.T.);
#8992 = SEAM_CURVE('',#8993,(#8997,#9004),.PCURVE_S1.);
#8993 = LINE('',#8994,#8995);
#8994 = CARTESIAN_POINT('',(202.75,34.,59.5));
#8995 = VECTOR('',#8996,1.);
#8996 = DIRECTION('',(-0.,1.,-0.));
#8997 = PCURVE('',#7660,#8998);
#8998 = DEFINITIONAL_REPRESENTATION('',(#8999),#9003);
#8999 = LINE('',#9000,#9001);
#9000 = CARTESIAN_POINT('',(6.28318530718,0.));
#9001 = VECTOR('',#9002,1.);
#9002 = DIRECTION('',(0.,-1.));
#9003 = ( GEOMETRIC_REPRESENTATION_CONTEXT(2) 
PARAMETRIC_REPRESENTATION_CONTEXT() REPRESENTATION_CONTEXT('2D SPACE',''
  ) );
#9004 = PCURVE('',#7660,#9005);
#9005 = DEFINITIONAL_REPRESENTATION('',(#9006),#9010);
#9006 = LINE('',#9007,#9008);
#9007 = CARTESIAN_POINT('',(0.,0.));
#9008 = VECTOR('',#9009,1.);
#9009 = DIRECTION('',(0.,-1.));
#9010 = ( GEOMETRIC_REPRESENTATION_CONTEXT(2) 
PARAMETRIC_REPRESENTATION_CONTEXT() REPRESENTATION_CONTEXT('2D SPACE',''
  ) );
#9011 = ORIENTED_EDGE('',*,*,#7639,.T.);
#9012 = ORIENTED_EDGE('',*,*,#8991,.F.);
#9013 = ADVANCED_FACE('',(#9014),#7776,.F.);
#9014 = FACE_BOUND('',#9015,.T.);
#9015 = EDGE_LOOP('',(#9016,#9017,#9039,#9040,#9041,#9062,#9063));
#9016 = ORIENTED_EDGE('',*,*,#8815,.F.);
#9017 = ORIENTED_EDGE('',*,*,#9018,.F.);
#9018 = EDGE_CURVE('',#8769,#8790,#9019,.T.);
#9019 = SURFACE_CURVE('',#9020,(#9025,#9032),.PCURVE_S1.);
#9020 = CIRCLE('',#9021,2.);
#9021 = AXIS2_PLACEMENT_3D('',#9022,#9023,#9024);
#9022 = CARTESIAN_POINT('',(204.,4.,10.));
#9023 = DIRECTION('',(1.,0.,0.));
#9024 = DIRECTION('',(0.,1.,0.));
#9025 = PCURVE('',#7776,#9026);
#9026 = DEFINITIONAL_REPRESENTATION('',(#9027),#9031);
#9027 = LINE('',#9028,#9029);
#9028 = CARTESIAN_POINT('',(-0.,0.));
#9029 = VECTOR('',#9030,1.);
#9030 = DIRECTION('',(-1.,0.));
#9031 = ( GEOMETRIC_REPRESENTATION_CONTEXT(2) 
PARAMETRIC_REPRESENTATION_CONTEXT() REPRESENTATION_CONTEXT('2D SPACE',''
  ) );
#9032 = PCURVE('',#8804,#9033);
#9033 = DEFINITIONAL_REPRESENTATION('',(#9034),#9038);
#9034 = CIRCLE('',#9035,2.);
#9035 = AXIS2_PLACEMENT_2D('',#9036,#9037);
#9036 = CARTESIAN_POINT('',(0.,0.));
#9037 = DIRECTION('',(0.,-1.));
#9038 = ( GEOMETRIC_REPRESENTATION_CONTEXT(2) 
PARAMETRIC_REPRESENTATION_CONTEXT() REPRESENTATION_CONTEXT('2D SPACE',''
  ) );
#9039 = ORIENTED_EDGE('',*,*,#8768,.F.);
#9040 = ORIENTED_EDGE('',*,*,#8625,.T.);
#9041 = ORIENTED_EDGE('',*,*,#9042,.T.);
#9042 = EDGE_CURVE('',#8626,#7756,#9043,.T.);
#9043 = SEAM_CURVE('',#9044,(#9048,#9055),.PCURVE_S1.);
#9044 = LINE('',#9045,#9046);
#9045 = CARTESIAN_POINT('',(204.,6.,10.));
#9046 = VECTOR('',#9047,1.);
#9047 = DIRECTION('',(1.,0.,0.));
#9048 = PCURVE('',#7776,#9049);
#9049 = DEFINITIONAL_REPRESENTATION('',(#9050),#9054);
#9050 = LINE('',#9051,#9052);
#9051 = CARTESIAN_POINT('',(-6.28318530718,0.));
#9052 = VECTOR('',#9053,1.);
#9053 = DIRECTION('',(-0.,-1.));
#9054 = ( GEOMETRIC_REPRESENTATION_CONTEXT(2) 
PARAMETRIC_REPRESENTATION_CONTEXT() REPRESENTATION_CONTEXT('2D SPACE',''
  ) );
#9055 = PCURVE('',#7776,#9056);
#9056 = DEFINITIONAL_REPRESENTATION('',(#9057),#9061);
#9057 = LINE('',#9058,#9059);
#9058 = CARTESIAN_POINT('',(-0.,0.));
#9059 = VECTOR('',#9060,1.);
#9060 = DIRECTION('',(-0.,-1.));
#9061 = ( GEOMETRIC_REPRESENTATION_CONTEXT(2) 
PARAMETRIC_REPRESENTATION_CONTEXT() REPRESENTATION_CONTEXT('2D SPACE',''
  ) );
#9062 = ORIENTED_EDGE('',*,*,#7755,.F.);
#9063 = ORIENTED_EDGE('',*,*,#9042,.F.);
#9064 = ADVANCED_FACE('',(#9065),#7864,.T.);
#9065 = FACE_BOUND('',#9066,.T.);
#9066 = EDGE_LOOP('',(#9067));
#9067 = ORIENTED_EDGE('',*,*,#7849,.T.);
#9068 = ADVANCED_FACE('',(#9069),#7919,.T.);
#9069 = FACE_BOUND('',#9070,.T.);
#9070 = EDGE_LOOP('',(#9071));
#9071 = ORIENTED_EDGE('',*,*,#7904,.T.);
#9072 = ADVANCED_FACE('',(#9073),#7974,.T.);
#9073 = FACE_BOUND('',#9074,.T.);
#9074 = EDGE_LOOP('',(#9075));
#9075 = ORIENTED_EDGE('',*,*,#7959,.T.);
#9076 = ADVANCED_FACE('',(#9077,#9080),#8029,.T.);
#9077 = FACE_BOUND('',#9078,.T.);
#9078 = EDGE_LOOP('',(#9079));
#9079 = ORIENTED_EDGE('',*,*,#8014,.T.);
#9080 = FACE_BOUND('',#9081,.T.);
#9081 = EDGE_LOOP('',(#9082));
#9082 = ORIENTED_EDGE('',*,*,#9083,.F.);
#9083 = EDGE_CURVE('',#9084,#9084,#9086,.T.);
#9084 = VERTEX_POINT('',#9085);
#9085 = CARTESIAN_POINT('',(193.,-8.5,33.));
#9086 = SURFACE_CURVE('',#9087,(#9092,#9099),.PCURVE_S1.);
#9087 = CIRCLE('',#9088,23.);
#9088 = AXIS2_PLACEMENT_3D('',#9089,#9090,#9091);
#9089 = CARTESIAN_POINT('',(170.,-8.5,33.));
#9090 = DIRECTION('',(0.,-1.,0.));
#9091 = DIRECTION('',(1.,0.,0.));
#9092 = PCURVE('',#8029,#9093);
#9093 = DEFINITIONAL_REPRESENTATION('',(#9094),#9098);
#9094 = CIRCLE('',#9095,23.);
#9095 = AXIS2_PLACEMENT_2D('',#9096,#9097);
#9096 = CARTESIAN_POINT('',(0.,0.));
#9097 = DIRECTION('',(0.,1.));
#9098 = ( GEOMETRIC_REPRESENTATION_CONTEXT(2) 
PARAMETRIC_REPRESENTATION_CONTEXT() REPRESENTATION_CONTEXT('2D SPACE',''
  ) );
#9099 = PCURVE('',#9100,#9105);
#9100 = CYLINDRICAL_SURFACE('',#9101,23.);
#9101 = AXIS2_PLACEMENT_3D('',#9102,#9103,#9104);
#9102 = CARTESIAN_POINT('',(170.,-12.,33.));
#9103 = DIRECTION('',(0.,-1.,0.));
#9104 = DIRECTION('',(1.,0.,0.));
#9105 = DEFINITIONAL_REPRESENTATION('',(#9106),#9110);
#9106 = LINE('',#9107,#9108);
#9107 = CARTESIAN_POINT('',(0.,-3.5));
#9108 = VECTOR('',#9109,1.);
#9109 = DIRECTION('',(1.,0.));
#9110 = ( GEOMETRIC_REPRESENTATION_CONTEXT(2) 
PARAMETRIC_REPRESENTATION_CONTEXT() REPRESENTATION_CONTEXT('2D SPACE',''
  ) );
#9111 = ADVANCED_FACE('',(#9112),#8084,.T.);
#9112 = FACE_BOUND('',#9113,.T.);
#9113 = EDGE_LOOP('',(#9114));
#9114 = ORIENTED_EDGE('',*,*,#8069,.T.);
#9115 = ADVANCED_FACE('',(#9116),#8117,.F.);
#9116 = FACE_BOUND('',#9117,.F.);
#9117 = EDGE_LOOP('',(#9118));
#9118 = ORIENTED_EDGE('',*,*,#8100,.T.);
#9119 = ADVANCED_FACE('',(#9120),#8172,.F.);
#9120 = FACE_BOUND('',#9121,.F.);
#9121 = EDGE_LOOP('',(#9122));
#9122 = ORIENTED_EDGE('',*,*,#8155,.T.);
#9123 = ADVANCED_FACE('',(#9124),#8227,.F.);
#9124 = FACE_BOUND('',#9125,.F.);
#9125 = EDGE_LOOP('',(#9126));
#9126 = ORIENTED_EDGE('',*,*,#8210,.T.);
#9127 = ADVANCED_FACE('',(#9128,#9142),#8304,.T.);
#9128 = FACE_BOUND('',#9129,.T.);
#9129 = EDGE_LOOP('',(#9130,#9131,#9132,#9133,#9134,#9135,#9136,#9137,
    #9138,#9139,#9140,#9141));
#9130 = ORIENTED_EDGE('',*,*,#8936,.F.);
#9131 = ORIENTED_EDGE('',*,*,#8842,.F.);
#9132 = ORIENTED_EDGE('',*,*,#8679,.F.);
#9133 = ORIENTED_EDGE('',*,*,#8530,.T.);
#9134 = ORIENTED_EDGE('',*,*,#8458,.T.);
#9135 = ORIENTED_EDGE('',*,*,#8342,.F.);
#9136 = ORIENTED_EDGE('',*,*,#8288,.T.);
#9137 = ORIENTED_EDGE('',*,*,#8389,.T.);
#9138 = ORIENTED_EDGE('',*,*,#8483,.T.);
#9139 = ORIENTED_EDGE('',*,*,#8579,.F.);
#9140 = ORIENTED_EDGE('',*,*,#8748,.F.);
#9141 = ORIENTED_EDGE('',*,*,#8889,.T.);
#9142 = FACE_BOUND('',#9143,.T.);
#9143 = EDGE_LOOP('',(#9144));
#9144 = ORIENTED_EDGE('',*,*,#9145,.T.);
#9145 = EDGE_CURVE('',#9146,#9146,#9148,.T.);
#9146 = VERTEX_POINT('',#9147);
#9147 = CARTESIAN_POINT('',(193.,-6.,33.));
#9148 = SURFACE_CURVE('',#9149,(#9154,#9165),.PCURVE_S1.);
#9149 = CIRCLE('',#9150,23.);
#9150 = AXIS2_PLACEMENT_3D('',#9151,#9152,#9153);
#9151 = CARTESIAN_POINT('',(170.,-6.,33.));
#9152 = DIRECTION('',(0.,-1.,0.));
#9153 = DIRECTION('',(1.,0.,0.));
#9154 = PCURVE('',#8304,#9155);
#9155 = DEFINITIONAL_REPRESENTATION('',(#9156),#9164);
#9156 = ( BOUNDED_CURVE() B_SPLINE_CURVE(2,(#9157,#9158,#9159,#9160,
#9161,#9162,#9163),.UNSPECIFIED.,.T.,.F.) B_SPLINE_CURVE_WITH_KNOTS((1,2
    ,2,2,2,1),(-2.094395102393,0.,2.094395102393,4.188790204786,
6.28318530718,8.377580409573),.UNSPECIFIED.) CURVE() 
GEOMETRIC_REPRESENTATION_ITEM() RATIONAL_B_SPLINE_CURVE((1.,0.5,1.,0.5,
1.,0.5,1.)) REPRESENTATION_ITEM('') );
#9157 = CARTESIAN_POINT('',(30.,58.));
#9158 = CARTESIAN_POINT('',(69.837168574084,58.));
#9159 = CARTESIAN_POINT('',(49.918584287042,23.5));
#9160 = CARTESIAN_POINT('',(30.,-11.));
#9161 = CARTESIAN_POINT('',(10.081415712958,23.5));
#9162 = CARTESIAN_POINT('',(-9.837168574084,58.));
#9163 = CARTESIAN_POINT('',(30.,58.));
#9164 = ( GEOMETRIC_REPRESENTATION_CONTEXT(2) 
PARAMETRIC_REPRESENTATION_CONTEXT() REPRESENTATION_CONTEXT('2D SPACE',''
  ) );
#9165 = PCURVE('',#9100,#9166);
#9166 = DEFINITIONAL_REPRESENTATION('',(#9167),#9171);
#9167 = LINE('',#9168,#9169);
#9168 = CARTESIAN_POINT('',(0.,-6.));
#9169 = VECTOR('',#9170,1.);
#9170 = DIRECTION('',(1.,0.));
#9171 = ( GEOMETRIC_REPRESENTATION_CONTEXT(2) 
PARAMETRIC_REPRESENTATION_CONTEXT() REPRESENTATION_CONTEXT('2D SPACE',''
  ) );
#9172 = ADVANCED_FACE('',(#9173),#8804,.T.);
#9173 = FACE_BOUND('',#9174,.T.);
#9174 = EDGE_LOOP('',(#9175,#9176));
#9175 = ORIENTED_EDGE('',*,*,#9018,.T.);
#9176 = ORIENTED_EDGE('',*,*,#8789,.F.);
#9177 = ADVANCED_FACE('',(#9178),#8979,.F.);
#9178 = FACE_BOUND('',#9179,.F.);
#9179 = EDGE_LOOP('',(#9180));
#9180 = ORIENTED_EDGE('',*,*,#8962,.T.);
#9181 = ADVANCED_FACE('',(#9182),#9100,.F.);
#9182 = FACE_BOUND('',#9183,.F.);
#9183 = EDGE_LOOP('',(#9184,#9185,#9206,#9207));
#9184 = ORIENTED_EDGE('',*,*,#9083,.F.);
#9185 = ORIENTED_EDGE('',*,*,#9186,.T.);
#9186 = EDGE_CURVE('',#9084,#9146,#9187,.T.);
#9187 = SEAM_CURVE('',#9188,(#9192,#9199),.PCURVE_S1.);
#9188 = LINE('',#9189,#9190);
#9189 = CARTESIAN_POINT('',(193.,-12.,33.));
#9190 = VECTOR('',#9191,1.);
#9191 = DIRECTION('',(-0.,1.,-0.));
#9192 = PCURVE('',#9100,#9193);
#9193 = DEFINITIONAL_REPRESENTATION('',(#9194),#9198);
#9194 = LINE('',#9195,#9196);
#9195 = CARTESIAN_POINT('',(6.28318530718,0.));
#9196 = VECTOR('',#9197,1.);
#9197 = DIRECTION('',(0.,-1.));
#9198 = ( GEOMETRIC_REPRESENTATION_CONTEXT(2) 
PARAMETRIC_REPRESENTATION_CONTEXT() REPRESENTATION_CONTEXT('2D SPACE',''
  ) );
#9199 = PCURVE('',#9100,#9200);
#9200 = DEFINITIONAL_REPRESENTATION('',(#9201),#9205);
#9201 = LINE('',#9202,#9203);
#9202 = CARTESIAN_POINT('',(0.,0.));
#9203 = VECTOR('',#9204,1.);
#9204 = DIRECTION('',(0.,-1.));
#9205 = ( GEOMETRIC_REPRESENTATION_CONTEXT(2) 
PARAMETRIC_REPRESENTATION_CONTEXT() REPRESENTATION_CONTEXT('2D SPACE',''
  ) );
#9206 = ORIENTED_EDGE('',*,*,#9145,.T.);
#9207 = ORIENTED_EDGE('',*,*,#9186,.F.);
#9208 = ( GEOMETRIC_REPRESENTATION_CONTEXT(3) 
GLOBAL_UNCERTAINTY_ASSIGNED_CONTEXT((#9212)) 
GLOBAL_UNIT_ASSIGNED_CONTEXT((#9209,#9210,#9211)) REPRESENTATION_CONTEXT
('Context #1','3D Context with UNIT and UNCERTAINTY') );
#9209 = ( LENGTH_UNIT() NAMED_UNIT(*) SI_UNIT(.MILLI.,.METRE.) );
#9210 = ( NAMED_UNIT(*) PLANE_ANGLE_UNIT() SI_UNIT($,.RADIAN.) );
#9211 = ( NAMED_UNIT(*) SI_UNIT($,.STERADIAN.) SOLID_ANGLE_UNIT() );
#9212 = UNCERTAINTY_MEASURE_WITH_UNIT(LENGTH_MEASURE(1.E-07),#9209,
  'distance_accuracy_value','confusion accuracy');
#9213 = CONTEXT_DEPENDENT_SHAPE_REPRESENTATION(#9214,#9216);
#9214 = ( REPRESENTATION_RELATIONSHIP('','',#6470,#10) 
REPRESENTATION_RELATIONSHIP_WITH_TRANSFORMATION(#9215) 
SHAPE_REPRESENTATION_RELATIONSHIP() );
#9215 = ITEM_DEFINED_TRANSFORMATION('','',#11,#55);
#9216 = PRODUCT_DEFINITION_SHAPE('Placement','Placement of an item',
  #9217);
#9217 = NEXT_ASSEMBLY_USAGE_OCCURRENCE('13','spk_box','',#5,#6465,$);
#9218 = PRODUCT_RELATED_PRODUCT_CATEGORY('part',$,(#6467));
#9219 = SHAPE_DEFINITION_REPRESENTATION(#9220,#9226);
#9220 = PRODUCT_DEFINITION_SHAPE('','',#9221);
#9221 = PRODUCT_DEFINITION('design','',#9222,#9225);
#9222 = PRODUCT_DEFINITION_FORMATION('','',#9223);
#9223 = PRODUCT('speaker','speaker','',(#9224));
#9224 = PRODUCT_CONTEXT('',#2,'mechanical');
#9225 = PRODUCT_DEFINITION_CONTEXT('part definition',#2,'design');
#9226 = ADVANCED_BREP_SHAPE_REPRESENTATION('',(#11,#9227),#9505);
#9227 = MANIFOLD_SOLID_BREP('',#9228);
#9228 = CLOSED_SHELL('',(#9229,#9317,#9352,#9387,#9442,#9497,#9501));
#9229 = ADVANCED_FACE('',(#9230),#9244,.T.);
#9230 = FACE_BOUND('',#9231,.T.);
#9231 = EDGE_LOOP('',(#9232,#9262,#9289,#9290));
#9232 = ORIENTED_EDGE('',*,*,#9233,.T.);
#9233 = EDGE_CURVE('',#9234,#9236,#9238,.T.);
#9234 = VERTEX_POINT('',#9235);
#9235 = CARTESIAN_POINT('',(196.,-10.95,33.));
#9236 = VERTEX_POINT('',#9237);
#9237 = CARTESIAN_POINT('',(196.,-8.5,33.));
#9238 = SEAM_CURVE('',#9239,(#9243,#9255),.PCURVE_S1.);
#9239 = LINE('',#9240,#9241);
#9240 = CARTESIAN_POINT('',(196.,-10.95,33.));
#9241 = VECTOR('',#9242,1.);
#9242 = DIRECTION('',(-0.,1.,-0.));
#9243 = PCURVE('',#9244,#9249);
#9244 = CYLINDRICAL_SURFACE('',#9245,26.);
#9245 = AXIS2_PLACEMENT_3D('',#9246,#9247,#9248);
#9246 = CARTESIAN_POINT('',(170.,-10.95,33.));
#9247 = DIRECTION('',(0.,-1.,0.));
#9248 = DIRECTION('',(1.,0.,0.));
#9249 = DEFINITIONAL_REPRESENTATION('',(#9250),#9254);
#9250 = LINE('',#9251,#9252);
#9251 = CARTESIAN_POINT('',(0.,0.));
#9252 = VECTOR('',#9253,1.);
#9253 = DIRECTION('',(0.,-1.));
#9254 = ( GEOMETRIC_REPRESENTATION_CONTEXT(2) 
PARAMETRIC_REPRESENTATION_CONTEXT() REPRESENTATION_CONTEXT('2D SPACE',''
  ) );
#9255 = PCURVE('',#9244,#9256);
#9256 = DEFINITIONAL_REPRESENTATION('',(#9257),#9261);
#9257 = LINE('',#9258,#9259);
#9258 = CARTESIAN_POINT('',(6.28318530718,0.));
#9259 = VECTOR('',#9260,1.);
#9260 = DIRECTION('',(0.,-1.));
#9261 = ( GEOMETRIC_REPRESENTATION_CONTEXT(2) 
PARAMETRIC_REPRESENTATION_CONTEXT() REPRESENTATION_CONTEXT('2D SPACE',''
  ) );
#9262 = ORIENTED_EDGE('',*,*,#9263,.T.);
#9263 = EDGE_CURVE('',#9236,#9236,#9264,.T.);
#9264 = SURFACE_CURVE('',#9265,(#9270,#9277),.PCURVE_S1.);
#9265 = CIRCLE('',#9266,26.);
#9266 = AXIS2_PLACEMENT_3D('',#9267,#9268,#9269);
#9267 = CARTESIAN_POINT('',(170.,-8.5,33.));
#9268 = DIRECTION('',(0.,-1.,0.));
#9269 = DIRECTION('',(1.,0.,0.));
#9270 = PCURVE('',#9244,#9271);
#9271 = DEFINITIONAL_REPRESENTATION('',(#9272),#9276);
#9272 = LINE('',#9273,#9274);
#9273 = CARTESIAN_POINT('',(0.,-2.45));
#9274 = VECTOR('',#9275,1.);
#9275 = DIRECTION('',(1.,0.));
#9276 = ( GEOMETRIC_REPRESENTATION_CONTEXT(2) 
PARAMETRIC_REPRESENTATION_CONTEXT() REPRESENTATION_CONTEXT('2D SPACE',''
  ) );
#9277 = PCURVE('',#9278,#9283);
#9278 = PLANE('',#9279);
#9279 = AXIS2_PLACEMENT_3D('',#9280,#9281,#9282);
#9280 = CARTESIAN_POINT('',(170.,-8.5,33.));
#9281 = DIRECTION('',(-0.,-1.,-0.));
#9282 = DIRECTION('',(0.,0.,-1.));
#9283 = DEFINITIONAL_REPRESENTATION('',(#9284),#9288);
#9284 = CIRCLE('',#9285,26.);
#9285 = AXIS2_PLACEMENT_2D('',#9286,#9287);
#9286 = CARTESIAN_POINT('',(0.,0.));
#9287 = DIRECTION('',(0.,1.));
#9288 = ( GEOMETRIC_REPRESENTATION_CONTEXT(2) 
PARAMETRIC_REPRESENTATION_CONTEXT() REPRESENTATION_CONTEXT('2D SPACE',''
  ) );
#9289 = ORIENTED_EDGE('',*,*,#9233,.F.);
#9290 = ORIENTED_EDGE('',*,*,#9291,.F.);
#9291 = EDGE_CURVE('',#9234,#9234,#9292,.T.);
#9292 = SURFACE_CURVE('',#9293,(#9298,#9305),.PCURVE_S1.);
#9293 = CIRCLE('',#9294,26.);
#9294 = AXIS2_PLACEMENT_3D('',#9295,#9296,#9297);
#9295 = CARTESIAN_POINT('',(170.,-10.95,33.));
#9296 = DIRECTION('',(0.,-1.,0.));
#9297 = DIRECTION('',(1.,0.,0.));
#9298 = PCURVE('',#9244,#9299);
#9299 = DEFINITIONAL_REPRESENTATION('',(#9300),#9304);
#9300 = LINE('',#9301,#9302);
#9301 = CARTESIAN_POINT('',(0.,0.));
#9302 = VECTOR('',#9303,1.);
#9303 = DIRECTION('',(1.,0.));
#9304 = ( GEOMETRIC_REPRESENTATION_CONTEXT(2) 
PARAMETRIC_REPRESENTATION_CONTEXT() REPRESENTATION_CONTEXT('2D SPACE',''
  ) );
#9305 = PCURVE('',#9306,#9311);
#9306 = PLANE('',#9307);
#9307 = AXIS2_PLACEMENT_3D('',#9308,#9309,#9310);
#9308 = CARTESIAN_POINT('',(170.,-10.95,33.));
#9309 = DIRECTION('',(-0.,-1.,-0.));
#9310 = DIRECTION('',(0.,0.,-1.));
#9311 = DEFINITIONAL_REPRESENTATION('',(#9312),#9316);
#9312 = CIRCLE('',#9313,26.);
#9313 = AXIS2_PLACEMENT_2D('',#9314,#9315);
#9314 = CARTESIAN_POINT('',(0.,0.));
#9315 = DIRECTION('',(0.,1.));
#9316 = ( GEOMETRIC_REPRESENTATION_CONTEXT(2) 
PARAMETRIC_REPRESENTATION_CONTEXT() REPRESENTATION_CONTEXT('2D SPACE',''
  ) );
#9317 = ADVANCED_FACE('',(#9318,#9321),#9306,.T.);
#9318 = FACE_BOUND('',#9319,.T.);
#9319 = EDGE_LOOP('',(#9320));
#9320 = ORIENTED_EDGE('',*,*,#9291,.T.);
#9321 = FACE_BOUND('',#9322,.T.);
#9322 = EDGE_LOOP('',(#9323));
#9323 = ORIENTED_EDGE('',*,*,#9324,.F.);
#9324 = EDGE_CURVE('',#9325,#9325,#9327,.T.);
#9325 = VERTEX_POINT('',#9326);
#9326 = CARTESIAN_POINT('',(191.,-10.95,33.));
#9327 = SURFACE_CURVE('',#9328,(#9333,#9340),.PCURVE_S1.);
#9328 = CIRCLE('',#9329,21.);
#9329 = AXIS2_PLACEMENT_3D('',#9330,#9331,#9332);
#9330 = CARTESIAN_POINT('',(170.,-10.95,33.));
#9331 = DIRECTION('',(0.,-1.,0.));
#9332 = DIRECTION('',(1.,0.,0.));
#9333 = PCURVE('',#9306,#9334);
#9334 = DEFINITIONAL_REPRESENTATION('',(#9335),#9339);
#9335 = CIRCLE('',#9336,21.);
#9336 = AXIS2_PLACEMENT_2D('',#9337,#9338);
#9337 = CARTESIAN_POINT('',(0.,0.));
#9338 = DIRECTION('',(0.,1.));
#9339 = ( GEOMETRIC_REPRESENTATION_CONTEXT(2) 
PARAMETRIC_REPRESENTATION_CONTEXT() REPRESENTATION_CONTEXT('2D SPACE',''
  ) );
#9340 = PCURVE('',#9341,#9346);
#9341 = CYLINDRICAL_SURFACE('',#9342,21.);
#9342 = AXIS2_PLACEMENT_3D('',#9343,#9344,#9345);
#9343 = CARTESIAN_POINT('',(170.,-12.,33.));
#9344 = DIRECTION('',(0.,-1.,0.));
#9345 = DIRECTION('',(1.,0.,0.));
#9346 = DEFINITIONAL_REPRESENTATION('',(#9347),#9351);
#9347 = LINE('',#9348,#9349);
#9348 = CARTESIAN_POINT('',(0.,-1.05));
#9349 = VECTOR('',#9350,1.);
#9350 = DIRECTION('',(1.,0.));
#9351 = ( GEOMETRIC_REPRESENTATION_CONTEXT(2) 
PARAMETRIC_REPRESENTATION_CONTEXT() REPRESENTATION_CONTEXT('2D SPACE',''
  ) );
#9352 = ADVANCED_FACE('',(#9353,#9356),#9278,.F.);
#9353 = FACE_BOUND('',#9354,.F.);
#9354 = EDGE_LOOP('',(#9355));
#9355 = ORIENTED_EDGE('',*,*,#9263,.T.);
#9356 = FACE_BOUND('',#9357,.F.);
#9357 = EDGE_LOOP('',(#9358));
#9358 = ORIENTED_EDGE('',*,*,#9359,.F.);
#9359 = EDGE_CURVE('',#9360,#9360,#9362,.T.);
#9360 = VERTEX_POINT('',#9361);
#9361 = CARTESIAN_POINT('',(188.,-8.5,33.));
#9362 = SURFACE_CURVE('',#9363,(#9368,#9375),.PCURVE_S1.);
#9363 = CIRCLE('',#9364,18.);
#9364 = AXIS2_PLACEMENT_3D('',#9365,#9366,#9367);
#9365 = CARTESIAN_POINT('',(170.,-8.5,33.));
#9366 = DIRECTION('',(0.,-1.,0.));
#9367 = DIRECTION('',(1.,0.,0.));
#9368 = PCURVE('',#9278,#9369);
#9369 = DEFINITIONAL_REPRESENTATION('',(#9370),#9374);
#9370 = CIRCLE('',#9371,18.);
#9371 = AXIS2_PLACEMENT_2D('',#9372,#9373);
#9372 = CARTESIAN_POINT('',(0.,0.));
#9373 = DIRECTION('',(0.,1.));
#9374 = ( GEOMETRIC_REPRESENTATION_CONTEXT(2) 
PARAMETRIC_REPRESENTATION_CONTEXT() REPRESENTATION_CONTEXT('2D SPACE',''
  ) );
#9375 = PCURVE('',#9376,#9381);
#9376 = CYLINDRICAL_SURFACE('',#9377,18.);
#9377 = AXIS2_PLACEMENT_3D('',#9378,#9379,#9380);
#9378 = CARTESIAN_POINT('',(170.,-8.5,33.));
#9379 = DIRECTION('',(0.,-1.,0.));
#9380 = DIRECTION('',(1.,0.,0.));
#9381 = DEFINITIONAL_REPRESENTATION('',(#9382),#9386);
#9382 = LINE('',#9383,#9384);
#9383 = CARTESIAN_POINT('',(0.,0.));
#9384 = VECTOR('',#9385,1.);
#9385 = DIRECTION('',(1.,0.));
#9386 = ( GEOMETRIC_REPRESENTATION_CONTEXT(2) 
PARAMETRIC_REPRESENTATION_CONTEXT() REPRESENTATION_CONTEXT('2D SPACE',''
  ) );
#9387 = ADVANCED_FACE('',(#9388),#9341,.F.);
#9388 = FACE_BOUND('',#9389,.F.);
#9389 = EDGE_LOOP('',(#9390,#9391,#9414,#9441));
#9390 = ORIENTED_EDGE('',*,*,#9324,.F.);
#9391 = ORIENTED_EDGE('',*,*,#9392,.T.);
#9392 = EDGE_CURVE('',#9325,#9393,#9395,.T.);
#9393 = VERTEX_POINT('',#9394);
#9394 = CARTESIAN_POINT('',(191.,-9.2,33.));
#9395 = SEAM_CURVE('',#9396,(#9400,#9407),.PCURVE_S1.);
#9396 = LINE('',#9397,#9398);
#9397 = CARTESIAN_POINT('',(191.,-12.,33.));
#9398 = VECTOR('',#9399,1.);
#9399 = DIRECTION('',(-0.,1.,-0.));
#9400 = PCURVE('',#9341,#9401);
#9401 = DEFINITIONAL_REPRESENTATION('',(#9402),#9406);
#9402 = LINE('',#9403,#9404);
#9403 = CARTESIAN_POINT('',(6.28318530718,0.));
#9404 = VECTOR('',#9405,1.);
#9405 = DIRECTION('',(0.,-1.));
#9406 = ( GEOMETRIC_REPRESENTATION_CONTEXT(2) 
PARAMETRIC_REPRESENTATION_CONTEXT() REPRESENTATION_CONTEXT('2D SPACE',''
  ) );
#9407 = PCURVE('',#9341,#9408);
#9408 = DEFINITIONAL_REPRESENTATION('',(#9409),#9413);
#9409 = LINE('',#9410,#9411);
#9410 = CARTESIAN_POINT('',(0.,0.));
#9411 = VECTOR('',#9412,1.);
#9412 = DIRECTION('',(0.,-1.));
#9413 = ( GEOMETRIC_REPRESENTATION_CONTEXT(2) 
PARAMETRIC_REPRESENTATION_CONTEXT() REPRESENTATION_CONTEXT('2D SPACE',''
  ) );
#9414 = ORIENTED_EDGE('',*,*,#9415,.T.);
#9415 = EDGE_CURVE('',#9393,#9393,#9416,.T.);
#9416 = SURFACE_CURVE('',#9417,(#9422,#9429),.PCURVE_S1.);
#9417 = CIRCLE('',#9418,21.);
#9418 = AXIS2_PLACEMENT_3D('',#9419,#9420,#9421);
#9419 = CARTESIAN_POINT('',(170.,-9.2,33.));
#9420 = DIRECTION('',(0.,-1.,0.));
#9421 = DIRECTION('',(1.,0.,0.));
#9422 = PCURVE('',#9341,#9423);
#9423 = DEFINITIONAL_REPRESENTATION('',(#9424),#9428);
#9424 = LINE('',#9425,#9426);
#9425 = CARTESIAN_POINT('',(0.,-2.8));
#9426 = VECTOR('',#9427,1.);
#9427 = DIRECTION('',(1.,0.));
#9428 = ( GEOMETRIC_REPRESENTATION_CONTEXT(2) 
PARAMETRIC_REPRESENTATION_CONTEXT() REPRESENTATION_CONTEXT('2D SPACE',''
  ) );
#9429 = PCURVE('',#9430,#9435);
#9430 = PLANE('',#9431);
#9431 = AXIS2_PLACEMENT_3D('',#9432,#9433,#9434);
#9432 = CARTESIAN_POINT('',(170.,-9.2,33.));
#9433 = DIRECTION('',(-0.,-1.,-0.));
#9434 = DIRECTION('',(0.,0.,-1.));
#9435 = DEFINITIONAL_REPRESENTATION('',(#9436),#9440);
#9436 = CIRCLE('',#9437,21.);
#9437 = AXIS2_PLACEMENT_2D('',#9438,#9439);
#9438 = CARTESIAN_POINT('',(0.,0.));
#9439 = DIRECTION('',(0.,1.));
#9440 = ( GEOMETRIC_REPRESENTATION_CONTEXT(2) 
PARAMETRIC_REPRESENTATION_CONTEXT() REPRESENTATION_CONTEXT('2D SPACE',''
  ) );
#9441 = ORIENTED_EDGE('',*,*,#9392,.F.);
#9442 = ADVANCED_FACE('',(#9443),#9376,.T.);
#9443 = FACE_BOUND('',#9444,.T.);
#9444 = EDGE_LOOP('',(#9445,#9468,#9495,#9496));
#9445 = ORIENTED_EDGE('',*,*,#9446,.T.);
#9446 = EDGE_CURVE('',#9360,#9447,#9449,.T.);
#9447 = VERTEX_POINT('',#9448);
#9448 = CARTESIAN_POINT('',(188.,14.1,33.));
#9449 = SEAM_CURVE('',#9450,(#9454,#9461),.PCURVE_S1.);
#9450 = LINE('',#9451,#9452);
#9451 = CARTESIAN_POINT('',(188.,-8.5,33.));
#9452 = VECTOR('',#9453,1.);
#9453 = DIRECTION('',(-0.,1.,-0.));
#9454 = PCURVE('',#9376,#9455);
#9455 = DEFINITIONAL_REPRESENTATION('',(#9456),#9460);
#9456 = LINE('',#9457,#9458);
#9457 = CARTESIAN_POINT('',(0.,0.));
#9458 = VECTOR('',#9459,1.);
#9459 = DIRECTION('',(0.,-1.));
#9460 = ( GEOMETRIC_REPRESENTATION_CONTEXT(2) 
PARAMETRIC_REPRESENTATION_CONTEXT() REPRESENTATION_CONTEXT('2D SPACE',''
  ) );
#9461 = PCURVE('',#9376,#9462);
#9462 = DEFINITIONAL_REPRESENTATION('',(#9463),#9467);
#9463 = LINE('',#9464,#9465);
#9464 = CARTESIAN_POINT('',(6.28318530718,0.));
#9465 = VECTOR('',#9466,1.);
#9466 = DIRECTION('',(0.,-1.));
#9467 = ( GEOMETRIC_REPRESENTATION_CONTEXT(2) 
PARAMETRIC_REPRESENTATION_CONTEXT() REPRESENTATION_CONTEXT('2D SPACE',''
  ) );
#9468 = ORIENTED_EDGE('',*,*,#9469,.T.);
#9469 = EDGE_CURVE('',#9447,#9447,#9470,.T.);
#9470 = SURFACE_CURVE('',#9471,(#9476,#9483),.PCURVE_S1.);
#9471 = CIRCLE('',#9472,18.);
#9472 = AXIS2_PLACEMENT_3D('',#9473,#9474,#9475);
#9473 = CARTESIAN_POINT('',(170.,14.1,33.));
#9474 = DIRECTION('',(0.,-1.,0.));
#9475 = DIRECTION('',(1.,0.,0.));
#9476 = PCURVE('',#9376,#9477);
#9477 = DEFINITIONAL_REPRESENTATION('',(#9478),#9482);
#9478 = LINE('',#9479,#9480);
#9479 = CARTESIAN_POINT('',(0.,-22.6));
#9480 = VECTOR('',#9481,1.);
#9481 = DIRECTION('',(1.,0.));
#9482 = ( GEOMETRIC_REPRESENTATION_CONTEXT(2) 
PARAMETRIC_REPRESENTATION_CONTEXT() REPRESENTATION_CONTEXT('2D SPACE',''
  ) );
#9483 = PCURVE('',#9484,#9489);
#9484 = PLANE('',#9485);
#9485 = AXIS2_PLACEMENT_3D('',#9486,#9487,#9488);
#9486 = CARTESIAN_POINT('',(170.,14.1,33.));
#9487 = DIRECTION('',(-0.,-1.,-0.));
#9488 = DIRECTION('',(0.,0.,-1.));
#9489 = DEFINITIONAL_REPRESENTATION('',(#9490),#9494);
#9490 = CIRCLE('',#9491,18.);
#9491 = AXIS2_PLACEMENT_2D('',#9492,#9493);
#9492 = CARTESIAN_POINT('',(0.,0.));
#9493 = DIRECTION('',(0.,1.));
#9494 = ( GEOMETRIC_REPRESENTATION_CONTEXT(2) 
PARAMETRIC_REPRESENTATION_CONTEXT() REPRESENTATION_CONTEXT('2D SPACE',''
  ) );
#9495 = ORIENTED_EDGE('',*,*,#9446,.F.);
#9496 = ORIENTED_EDGE('',*,*,#9359,.F.);
#9497 = ADVANCED_FACE('',(#9498),#9430,.T.);
#9498 = FACE_BOUND('',#9499,.T.);
#9499 = EDGE_LOOP('',(#9500));
#9500 = ORIENTED_EDGE('',*,*,#9415,.T.);
#9501 = ADVANCED_FACE('',(#9502),#9484,.F.);
#9502 = FACE_BOUND('',#9503,.F.);
#9503 = EDGE_LOOP('',(#9504));
#9504 = ORIENTED_EDGE('',*,*,#9469,.T.);
#9505 = ( GEOMETRIC_REPRESENTATION_CONTEXT(3) 
GLOBAL_UNCERTAINTY_ASSIGNED_CONTEXT((#9509)) 
GLOBAL_UNIT_ASSIGNED_CONTEXT((#9506,#9507,#9508)) REPRESENTATION_CONTEXT
('Context #1','3D Context with UNIT and UNCERTAINTY') );
#9506 = ( LENGTH_UNIT() NAMED_UNIT(*) SI_UNIT(.MILLI.,.METRE.) );
#9507 = ( NAMED_UNIT(*) PLANE_ANGLE_UNIT() SI_UNIT($,.RADIAN.) );
#9508 = ( NAMED_UNIT(*) SI_UNIT($,.STERADIAN.) SOLID_ANGLE_UNIT() );
#9509 = UNCERTAINTY_MEASURE_WITH_UNIT(LENGTH_MEASURE(1.E-07),#9506,
  'distance_accuracy_value','confusion accuracy');
#9510 = CONTEXT_DEPENDENT_SHAPE_REPRESENTATION(#9511,#9513);
#9511 = ( REPRESENTATION_RELATIONSHIP('','',#9226,#10) 
REPRESENTATION_RELATIONSHIP_WITH_TRANSFORMATION(#9512) 
SHAPE_REPRESENTATION_RELATIONSHIP() );
#9512 = ITEM_DEFINED_TRANSFORMATION('','',#11,#59);
#9513 = PRODUCT_DEFINITION_SHAPE('Placement','Placement of an item',
  #9514);
#9514 = NEXT_ASSEMBLY_USAGE_OCCURRENCE('14','speaker','',#5,#9221,$);
#9515 = PRODUCT_RELATED_PRODUCT_CATEGORY('part',$,(#9223));
#9516 = SHAPE_DEFINITION_REPRESENTATION(#9517,#9523);
#9517 = PRODUCT_DEFINITION_SHAPE('','',#9518);
#9518 = PRODUCT_DEFINITION('design','',#9519,#9522);
#9519 = PRODUCT_DEFINITION_FORMATION('','',#9520);
#9520 = PRODUCT('spk_ring','spk_ring','',(#9521));
#9521 = PRODUCT_CONTEXT('',#2,'mechanical');
#9522 = PRODUCT_DEFINITION_CONTEXT('part definition',#2,'design');
#9523 = ADVANCED_BREP_SHAPE_REPRESENTATION('',(#11,#9524),#10042);
#9524 = MANIFOLD_SOLID_BREP('',#9525);
#9525 = CLOSED_SHELL('',(#9526,#9614,#9773,#9907,#9934,#9961,#9988,
    #10015));
#9526 = ADVANCED_FACE('',(#9527),#9541,.T.);
#9527 = FACE_BOUND('',#9528,.T.);
#9528 = EDGE_LOOP('',(#9529,#9559,#9586,#9587));
#9529 = ORIENTED_EDGE('',*,*,#9530,.T.);
#9530 = EDGE_CURVE('',#9531,#9533,#9535,.T.);
#9531 = VERTEX_POINT('',#9532);
#9532 = CARTESIAN_POINT('',(202.,-14.,33.));
#9533 = VERTEX_POINT('',#9534);
#9534 = CARTESIAN_POINT('',(202.,-11.05,33.));
#9535 = SEAM_CURVE('',#9536,(#9540,#9552),.PCURVE_S1.);
#9536 = LINE('',#9537,#9538);
#9537 = CARTESIAN_POINT('',(202.,-14.,33.));
#9538 = VECTOR('',#9539,1.);
#9539 = DIRECTION('',(-0.,1.,-0.));
#9540 = PCURVE('',#9541,#9546);
#9541 = CYLINDRICAL_SURFACE('',#9542,32.);
#9542 = AXIS2_PLACEMENT_3D('',#9543,#9544,#9545);
#9543 = CARTESIAN_POINT('',(170.,-14.,33.));
#9544 = DIRECTION('',(0.,-1.,0.));
#9545 = DIRECTION('',(1.,0.,0.));
#9546 = DEFINITIONAL_REPRESENTATION('',(#9547),#9551);
#9547 = LINE('',#9548,#9549);
#9548 = CARTESIAN_POINT('',(0.,0.));
#9549 = VECTOR('',#9550,1.);
#9550 = DIRECTION('',(0.,-1.));
#9551 = ( GEOMETRIC_REPRESENTATION_CONTEXT(2) 
PARAMETRIC_REPRESENTATION_CONTEXT() REPRESENTATION_CONTEXT('2D SPACE',''
  ) );
#9552 = PCURVE('',#9541,#9553);
#9553 = DEFINITIONAL_REPRESENTATION('',(#9554),#9558);
#9554 = LINE('',#9555,#9556);
#9555 = CARTESIAN_POINT('',(6.28318530718,0.));
#9556 = VECTOR('',#9557,1.);
#9557 = DIRECTION('',(0.,-1.));
#9558 = ( GEOMETRIC_REPRESENTATION_CONTEXT(2) 
PARAMETRIC_REPRESENTATION_CONTEXT() REPRESENTATION_CONTEXT('2D SPACE',''
  ) );
#9559 = ORIENTED_EDGE('',*,*,#9560,.T.);
#9560 = EDGE_CURVE('',#9533,#9533,#9561,.T.);
#9561 = SURFACE_CURVE('',#9562,(#9567,#9574),.PCURVE_S1.);
#9562 = CIRCLE('',#9563,32.);
#9563 = AXIS2_PLACEMENT_3D('',#9564,#9565,#9566);
#9564 = CARTESIAN_POINT('',(170.,-11.05,33.));
#9565 = DIRECTION('',(0.,-1.,0.));
#9566 = DIRECTION('',(1.,0.,0.));
#9567 = PCURVE('',#9541,#9568);
#9568 = DEFINITIONAL_REPRESENTATION('',(#9569),#9573);
#9569 = LINE('',#9570,#9571);
#9570 = CARTESIAN_POINT('',(0.,-2.95));
#9571 = VECTOR('',#9572,1.);
#9572 = DIRECTION('',(1.,0.));
#9573 = ( GEOMETRIC_REPRESENTATION_CONTEXT(2) 
PARAMETRIC_REPRESENTATION_CONTEXT() REPRESENTATION_CONTEXT('2D SPACE',''
  ) );
#9574 = PCURVE('',#9575,#9580);
#9575 = PLANE('',#9576);
#9576 = AXIS2_PLACEMENT_3D('',#9577,#9578,#9579);
#9577 = CARTESIAN_POINT('',(170.,-11.05,33.));
#9578 = DIRECTION('',(-0.,-1.,-0.));
#9579 = DIRECTION('',(0.,0.,-1.));
#9580 = DEFINITIONAL_REPRESENTATION('',(#9581),#9585);
#9581 = CIRCLE('',#9582,32.);
#9582 = AXIS2_PLACEMENT_2D('',#9583,#9584);
#9583 = CARTESIAN_POINT('',(0.,0.));
#9584 = DIRECTION('',(0.,1.));
#9585 = ( GEOMETRIC_REPRESENTATION_CONTEXT(2) 
PARAMETRIC_REPRESENTATION_CONTEXT() REPRESENTATION_CONTEXT('2D SPACE',''
  ) );
#9586 = ORIENTED_EDGE('',*,*,#9530,.F.);
#9587 = ORIENTED_EDGE('',*,*,#9588,.F.);
#9588 = EDGE_CURVE('',#9531,#9531,#9589,.T.);
#9589 = SURFACE_CURVE('',#9590,(#9595,#9602),.PCURVE_S1.);
#9590 = CIRCLE('',#9591,32.);
#9591 = AXIS2_PLACEMENT_3D('',#9592,#9593,#9594);
#9592 = CARTESIAN_POINT('',(170.,-14.,33.));
#9593 = DIRECTION('',(0.,-1.,0.));
#9594 = DIRECTION('',(1.,0.,0.));
#9595 = PCURVE('',#9541,#9596);
#9596 = DEFINITIONAL_REPRESENTATION('',(#9597),#9601);
#9597 = LINE('',#9598,#9599);
#9598 = CARTESIAN_POINT('',(0.,0.));
#9599 = VECTOR('',#9600,1.);
#9600 = DIRECTION('',(1.,0.));
#9601 = ( GEOMETRIC_REPRESENTATION_CONTEXT(2) 
PARAMETRIC_REPRESENTATION_CONTEXT() REPRESENTATION_CONTEXT('2D SPACE',''
  ) );
#9602 = PCURVE('',#9603,#9608);
#9603 = PLANE('',#9604);
#9604 = AXIS2_PLACEMENT_3D('',#9605,#9606,#9607);
#9605 = CARTESIAN_POINT('',(170.,-14.,33.));
#9606 = DIRECTION('',(-0.,-1.,-0.));
#9607 = DIRECTION('',(0.,0.,-1.));
#9608 = DEFINITIONAL_REPRESENTATION('',(#9609),#9613);
#9609 = CIRCLE('',#9610,32.);
#9610 = AXIS2_PLACEMENT_2D('',#9611,#9612);
#9611 = CARTESIAN_POINT('',(0.,0.));
#9612 = DIRECTION('',(0.,1.));
#9613 = ( GEOMETRIC_REPRESENTATION_CONTEXT(2) 
PARAMETRIC_REPRESENTATION_CONTEXT() REPRESENTATION_CONTEXT('2D SPACE',''
  ) );
#9614 = ADVANCED_FACE('',(#9615,#9618,#9649,#9680,#9711,#9742),#9603,.T.
  );
#9615 = FACE_BOUND('',#9616,.T.);
#9616 = EDGE_LOOP('',(#9617));
#9617 = ORIENTED_EDGE('',*,*,#9588,.T.);
#9618 = FACE_BOUND('',#9619,.T.);
#9619 = EDGE_LOOP('',(#9620));
#9620 = ORIENTED_EDGE('',*,*,#9621,.F.);
#9621 = EDGE_CURVE('',#9622,#9622,#9624,.T.);
#9622 = VERTEX_POINT('',#9623);
#9623 = CARTESIAN_POINT('',(151.19390334559,-14.,53.50609665441));
#9624 = SURFACE_CURVE('',#9625,(#9630,#9637),.PCURVE_S1.);
#9625 = CIRCLE('',#9626,1.7);
#9626 = AXIS2_PLACEMENT_3D('',#9627,#9628,#9629);
#9627 = CARTESIAN_POINT('',(149.49390334559,-14.,53.50609665441));
#9628 = DIRECTION('',(0.,-1.,0.));
#9629 = DIRECTION('',(1.,0.,0.));
#9630 = PCURVE('',#9603,#9631);
#9631 = DEFINITIONAL_REPRESENTATION('',(#9632),#9636);
#9632 = CIRCLE('',#9633,1.7);
#9633 = AXIS2_PLACEMENT_2D('',#9634,#9635);
#9634 = CARTESIAN_POINT('',(-20.50609665441,-20.50609665441));
#9635 = DIRECTION('',(0.,1.));
#9636 = ( GEOMETRIC_REPRESENTATION_CONTEXT(2) 
PARAMETRIC_REPRESENTATION_CONTEXT() REPRESENTATION_CONTEXT('2D SPACE',''
  ) );
#9637 = PCURVE('',#9638,#9643);
#9638 = CYLINDRICAL_SURFACE('',#9639,1.7);
#9639 = AXIS2_PLACEMENT_3D('',#9640,#9641,#9642);
#9640 = CARTESIAN_POINT('',(149.49390334559,-15.,53.50609665441));
#9641 = DIRECTION('',(0.,-1.,0.));
#9642 = DIRECTION('',(1.,0.,0.));
#9643 = DEFINITIONAL_REPRESENTATION('',(#9644),#9648);
#9644 = LINE('',#9645,#9646);
#9645 = CARTESIAN_POINT('',(0.,-1.));
#9646 = VECTOR('',#9647,1.);
#9647 = DIRECTION('',(1.,0.));
#9648 = ( GEOMETRIC_REPRESENTATION_CONTEXT(2) 
PARAMETRIC_REPRESENTATION_CONTEXT() REPRESENTATION_CONTEXT('2D SPACE',''
  ) );
#9649 = FACE_BOUND('',#9650,.T.);
#9650 = EDGE_LOOP('',(#9651));
#9651 = ORIENTED_EDGE('',*,*,#9652,.F.);
#9652 = EDGE_CURVE('',#9653,#9653,#9655,.T.);
#9653 = VERTEX_POINT('',#9654);
#9654 = CARTESIAN_POINT('',(151.19390334559,-14.,12.49390334559));
#9655 = SURFACE_CURVE('',#9656,(#9661,#9668),.PCURVE_S1.);
#9656 = CIRCLE('',#9657,1.7);
#9657 = AXIS2_PLACEMENT_3D('',#9658,#9659,#9660);
#9658 = CARTESIAN_POINT('',(149.49390334559,-14.,12.49390334559));
#9659 = DIRECTION('',(0.,-1.,0.));
#9660 = DIRECTION('',(1.,0.,0.));
#9661 = PCURVE('',#9603,#9662);
#9662 = DEFINITIONAL_REPRESENTATION('',(#9663),#9667);
#9663 = CIRCLE('',#9664,1.7);
#9664 = AXIS2_PLACEMENT_2D('',#9665,#9666);
#9665 = CARTESIAN_POINT('',(20.50609665441,-20.50609665441));
#9666 = DIRECTION('',(0.,1.));
#9667 = ( GEOMETRIC_REPRESENTATION_CONTEXT(2) 
PARAMETRIC_REPRESENTATION_CONTEXT() REPRESENTATION_CONTEXT('2D SPACE',''
  ) );
#9668 = PCURVE('',#9669,#9674);
#9669 = CYLINDRICAL_SURFACE('',#9670,1.7);
#9670 = AXIS2_PLACEMENT_3D('',#9671,#9672,#9673);
#9671 = CARTESIAN_POINT('',(149.49390334559,-15.,12.49390334559));
#9672 = DIRECTION('',(0.,-1.,0.));
#9673 = DIRECTION('',(1.,0.,0.));
#9674 = DEFINITIONAL_REPRESENTATION('',(#9675),#9679);
#9675 = LINE('',#9676,#9677);
#9676 = CARTESIAN_POINT('',(0.,-1.));
#9677 = VECTOR('',#9678,1.);
#9678 = DIRECTION('',(1.,0.));
#9679 = ( GEOMETRIC_REPRESENTATION_CONTEXT(2) 
PARAMETRIC_REPRESENTATION_CONTEXT() REPRESENTATION_CONTEXT('2D SPACE',''
  ) );
#9680 = FACE_BOUND('',#9681,.T.);
#9681 = EDGE_LOOP('',(#9682));
#9682 = ORIENTED_EDGE('',*,*,#9683,.F.);
#9683 = EDGE_CURVE('',#9684,#9684,#9686,.T.);
#9684 = VERTEX_POINT('',#9685);
#9685 = CARTESIAN_POINT('',(192.20609665441,-14.,53.50609665441));
#9686 = SURFACE_CURVE('',#9687,(#9692,#9699),.PCURVE_S1.);
#9687 = CIRCLE('',#9688,1.7);
#9688 = AXIS2_PLACEMENT_3D('',#9689,#9690,#9691);
#9689 = CARTESIAN_POINT('',(190.50609665441,-14.,53.50609665441));
#9690 = DIRECTION('',(0.,-1.,0.));
#9691 = DIRECTION('',(1.,0.,0.));
#9692 = PCURVE('',#9603,#9693);
#9693 = DEFINITIONAL_REPRESENTATION('',(#9694),#9698);
#9694 = CIRCLE('',#9695,1.7);
#9695 = AXIS2_PLACEMENT_2D('',#9696,#9697);
#9696 = CARTESIAN_POINT('',(-20.50609665441,20.50609665441));
#9697 = DIRECTION('',(0.,1.));
#9698 = ( GEOMETRIC_REPRESENTATION_CONTEXT(2) 
PARAMETRIC_REPRESENTATION_CONTEXT() REPRESENTATION_CONTEXT('2D SPACE',''
  ) );
#9699 = PCURVE('',#9700,#9705);
#9700 = CYLINDRICAL_SURFACE('',#9701,1.7);
#9701 = AXIS2_PLACEMENT_3D('',#9702,#9703,#9704);
#9702 = CARTESIAN_POINT('',(190.50609665441,-15.,53.50609665441));
#9703 = DIRECTION('',(0.,-1.,0.));
#9704 = DIRECTION('',(1.,0.,0.));
#9705 = DEFINITIONAL_REPRESENTATION('',(#9706),#9710);
#9706 = LINE('',#9707,#9708);
#9707 = CARTESIAN_POINT('',(0.,-1.));
#9708 = VECTOR('',#9709,1.);
#9709 = DIRECTION('',(1.,0.));
#9710 = ( GEOMETRIC_REPRESENTATION_CONTEXT(2) 
PARAMETRIC_REPRESENTATION_CONTEXT() REPRESENTATION_CONTEXT('2D SPACE',''
  ) );
#9711 = FACE_BOUND('',#9712,.T.);
#9712 = EDGE_LOOP('',(#9713));
#9713 = ORIENTED_EDGE('',*,*,#9714,.F.);
#9714 = EDGE_CURVE('',#9715,#9715,#9717,.T.);
#9715 = VERTEX_POINT('',#9716);
#9716 = CARTESIAN_POINT('',(193.5,-14.,33.));
#9717 = SURFACE_CURVE('',#9718,(#9723,#9730),.PCURVE_S1.);
#9718 = CIRCLE('',#9719,23.5);
#9719 = AXIS2_PLACEMENT_3D('',#9720,#9721,#9722);
#9720 = CARTESIAN_POINT('',(170.,-14.,33.));
#9721 = DIRECTION('',(0.,-1.,0.));
#9722 = DIRECTION('',(1.,0.,0.));
#9723 = PCURVE('',#9603,#9724);
#9724 = DEFINITIONAL_REPRESENTATION('',(#9725),#9729);
#9725 = CIRCLE('',#9726,23.5);
#9726 = AXIS2_PLACEMENT_2D('',#9727,#9728);
#9727 = CARTESIAN_POINT('',(0.,0.));
#9728 = DIRECTION('',(0.,1.));
#9729 = ( GEOMETRIC_REPRESENTATION_CONTEXT(2) 
PARAMETRIC_REPRESENTATION_CONTEXT() REPRESENTATION_CONTEXT('2D SPACE',''
  ) );
#9730 = PCURVE('',#9731,#9736);
#9731 = CYLINDRICAL_SURFACE('',#9732,23.5);
#9732 = AXIS2_PLACEMENT_3D('',#9733,#9734,#9735);
#9733 = CARTESIAN_POINT('',(170.,-15.,33.));
#9734 = DIRECTION('',(0.,-1.,0.));
#9735 = DIRECTION('',(1.,0.,0.));
#9736 = DEFINITIONAL_REPRESENTATION('',(#9737),#9741);
#9737 = LINE('',#9738,#9739);
#9738 = CARTESIAN_POINT('',(0.,-1.));
#9739 = VECTOR('',#9740,1.);
#9740 = DIRECTION('',(1.,0.));
#9741 = ( GEOMETRIC_REPRESENTATION_CONTEXT(2) 
PARAMETRIC_REPRESENTATION_CONTEXT() REPRESENTATION_CONTEXT('2D SPACE',''
  ) );
#9742 = FACE_BOUND('',#9743,.T.);
#9743 = EDGE_LOOP('',(#9744));
#9744 = ORIENTED_EDGE('',*,*,#9745,.F.);
#9745 = EDGE_CURVE('',#9746,#9746,#9748,.T.);
#9746 = VERTEX_POINT('',#9747);
#9747 = CARTESIAN_POINT('',(192.20609665441,-14.,12.49390334559));
#9748 = SURFACE_CURVE('',#9749,(#9754,#9761),.PCURVE_S1.);
#9749 = CIRCLE('',#9750,1.7);
#9750 = AXIS2_PLACEMENT_3D('',#9751,#9752,#9753);
#9751 = CARTESIAN_POINT('',(190.50609665441,-14.,12.49390334559));
#9752 = DIRECTION('',(0.,-1.,0.));
#9753 = DIRECTION('',(1.,0.,0.));
#9754 = PCURVE('',#9603,#9755);
#9755 = DEFINITIONAL_REPRESENTATION('',(#9756),#9760);
#9756 = CIRCLE('',#9757,1.7);
#9757 = AXIS2_PLACEMENT_2D('',#9758,#9759);
#9758 = CARTESIAN_POINT('',(20.50609665441,20.50609665441));
#9759 = DIRECTION('',(0.,1.));
#9760 = ( GEOMETRIC_REPRESENTATION_CONTEXT(2) 
PARAMETRIC_REPRESENTATION_CONTEXT() REPRESENTATION_CONTEXT('2D SPACE',''
  ) );
#9761 = PCURVE('',#9762,#9767);
#9762 = CYLINDRICAL_SURFACE('',#9763,1.7);
#9763 = AXIS2_PLACEMENT_3D('',#9764,#9765,#9766);
#9764 = CARTESIAN_POINT('',(190.50609665441,-15.,12.49390334559));
#9765 = DIRECTION('',(0.,-1.,0.));
#9766 = DIRECTION('',(1.,0.,0.));
#9767 = DEFINITIONAL_REPRESENTATION('',(#9768),#9772);
#9768 = LINE('',#9769,#9770);
#9769 = CARTESIAN_POINT('',(0.,-1.));
#9770 = VECTOR('',#9771,1.);
#9771 = DIRECTION('',(1.,0.));
#9772 = ( GEOMETRIC_REPRESENTATION_CONTEXT(2) 
PARAMETRIC_REPRESENTATION_CONTEXT() REPRESENTATION_CONTEXT('2D SPACE',''
  ) );
#9773 = ADVANCED_FACE('',(#9774,#9777,#9803,#9829,#9855,#9881),#9575,.F.
  );
#9774 = FACE_BOUND('',#9775,.F.);
#9775 = EDGE_LOOP('',(#9776));
#9776 = ORIENTED_EDGE('',*,*,#9560,.T.);
#9777 = FACE_BOUND('',#9778,.F.);
#9778 = EDGE_LOOP('',(#9779));
#9779 = ORIENTED_EDGE('',*,*,#9780,.F.);
#9780 = EDGE_CURVE('',#9781,#9781,#9783,.T.);
#9781 = VERTEX_POINT('',#9782);
#9782 = CARTESIAN_POINT('',(151.19390334559,-11.05,53.50609665441));
#9783 = SURFACE_CURVE('',#9784,(#9789,#9796),.PCURVE_S1.);
#9784 = CIRCLE('',#9785,1.7);
#9785 = AXIS2_PLACEMENT_3D('',#9786,#9787,#9788);
#9786 = CARTESIAN_POINT('',(149.49390334559,-11.05,53.50609665441));
#9787 = DIRECTION('',(0.,-1.,0.));
#9788 = DIRECTION('',(1.,0.,0.));
#9789 = PCURVE('',#9575,#9790);
#9790 = DEFINITIONAL_REPRESENTATION('',(#9791),#9795);
#9791 = CIRCLE('',#9792,1.7);
#9792 = AXIS2_PLACEMENT_2D('',#9793,#9794);
#9793 = CARTESIAN_POINT('',(-20.50609665441,-20.50609665441));
#9794 = DIRECTION('',(0.,1.));
#9795 = ( GEOMETRIC_REPRESENTATION_CONTEXT(2) 
PARAMETRIC_REPRESENTATION_CONTEXT() REPRESENTATION_CONTEXT('2D SPACE',''
  ) );
#9796 = PCURVE('',#9638,#9797);
#9797 = DEFINITIONAL_REPRESENTATION('',(#9798),#9802);
#9798 = LINE('',#9799,#9800);
#9799 = CARTESIAN_POINT('',(0.,-3.95));
#9800 = VECTOR('',#9801,1.);
#9801 = DIRECTION('',(1.,0.));
#9802 = ( GEOMETRIC_REPRESENTATION_CONTEXT(2) 
PARAMETRIC_REPRESENTATION_CONTEXT() REPRESENTATION_CONTEXT('2D SPACE',''
  ) );
#9803 = FACE_BOUND('',#9804,.F.);
#9804 = EDGE_LOOP('',(#9805));
#9805 = ORIENTED_EDGE('',*,*,#9806,.F.);
#9806 = EDGE_CURVE('',#9807,#9807,#9809,.T.);
#9807 = VERTEX_POINT('',#9808);
#9808 = CARTESIAN_POINT('',(151.19390334559,-11.05,12.49390334559));
#9809 = SURFACE_CURVE('',#9810,(#9815,#9822),.PCURVE_S1.);
#9810 = CIRCLE('',#9811,1.7);
#9811 = AXIS2_PLACEMENT_3D('',#9812,#9813,#9814);
#9812 = CARTESIAN_POINT('',(149.49390334559,-11.05,12.49390334559));
#9813 = DIRECTION('',(0.,-1.,0.));
#9814 = DIRECTION('',(1.,0.,0.));
#9815 = PCURVE('',#9575,#9816);
#9816 = DEFINITIONAL_REPRESENTATION('',(#9817),#9821);
#9817 = CIRCLE('',#9818,1.7);
#9818 = AXIS2_PLACEMENT_2D('',#9819,#9820);
#9819 = CARTESIAN_POINT('',(20.50609665441,-20.50609665441));
#9820 = DIRECTION('',(0.,1.));
#9821 = ( GEOMETRIC_REPRESENTATION_CONTEXT(2) 
PARAMETRIC_REPRESENTATION_CONTEXT() REPRESENTATION_CONTEXT('2D SPACE',''
  ) );
#9822 = PCURVE('',#9669,#9823);
#9823 = DEFINITIONAL_REPRESENTATION('',(#9824),#9828);
#9824 = LINE('',#9825,#9826);
#9825 = CARTESIAN_POINT('',(0.,-3.95));
#9826 = VECTOR('',#9827,1.);
#9827 = DIRECTION('',(1.,0.));
#9828 = ( GEOMETRIC_REPRESENTATION_CONTEXT(2) 
PARAMETRIC_REPRESENTATION_CONTEXT() REPRESENTATION_CONTEXT('2D SPACE',''
  ) );
#9829 = FACE_BOUND('',#9830,.F.);
#9830 = EDGE_LOOP('',(#9831));
#9831 = ORIENTED_EDGE('',*,*,#9832,.F.);
#9832 = EDGE_CURVE('',#9833,#9833,#9835,.T.);
#9833 = VERTEX_POINT('',#9834);
#9834 = CARTESIAN_POINT('',(192.20609665441,-11.05,53.50609665441));
#9835 = SURFACE_CURVE('',#9836,(#9841,#9848),.PCURVE_S1.);
#9836 = CIRCLE('',#9837,1.7);
#9837 = AXIS2_PLACEMENT_3D('',#9838,#9839,#9840);
#9838 = CARTESIAN_POINT('',(190.50609665441,-11.05,53.50609665441));
#9839 = DIRECTION('',(0.,-1.,0.));
#9840 = DIRECTION('',(1.,0.,0.));
#9841 = PCURVE('',#9575,#9842);
#9842 = DEFINITIONAL_REPRESENTATION('',(#9843),#9847);
#9843 = CIRCLE('',#9844,1.7);
#9844 = AXIS2_PLACEMENT_2D('',#9845,#9846);
#9845 = CARTESIAN_POINT('',(-20.50609665441,20.50609665441));
#9846 = DIRECTION('',(0.,1.));
#9847 = ( GEOMETRIC_REPRESENTATION_CONTEXT(2) 
PARAMETRIC_REPRESENTATION_CONTEXT() REPRESENTATION_CONTEXT('2D SPACE',''
  ) );
#9848 = PCURVE('',#9700,#9849);
#9849 = DEFINITIONAL_REPRESENTATION('',(#9850),#9854);
#9850 = LINE('',#9851,#9852);
#9851 = CARTESIAN_POINT('',(0.,-3.95));
#9852 = VECTOR('',#9853,1.);
#9853 = DIRECTION('',(1.,0.));
#9854 = ( GEOMETRIC_REPRESENTATION_CONTEXT(2) 
PARAMETRIC_REPRESENTATION_CONTEXT() REPRESENTATION_CONTEXT('2D SPACE',''
  ) );
#9855 = FACE_BOUND('',#9856,.F.);
#9856 = EDGE_LOOP('',(#9857));
#9857 = ORIENTED_EDGE('',*,*,#9858,.F.);
#9858 = EDGE_CURVE('',#9859,#9859,#9861,.T.);
#9859 = VERTEX_POINT('',#9860);
#9860 = CARTESIAN_POINT('',(193.5,-11.05,33.));
#9861 = SURFACE_CURVE('',#9862,(#9867,#9874),.PCURVE_S1.);
#9862 = CIRCLE('',#9863,23.5);
#9863 = AXIS2_PLACEMENT_3D('',#9864,#9865,#9866);
#9864 = CARTESIAN_POINT('',(170.,-11.05,33.));
#9865 = DIRECTION('',(0.,-1.,0.));
#9866 = DIRECTION('',(1.,0.,0.));
#9867 = PCURVE('',#9575,#9868);
#9868 = DEFINITIONAL_REPRESENTATION('',(#9869),#9873);
#9869 = CIRCLE('',#9870,23.5);
#9870 = AXIS2_PLACEMENT_2D('',#9871,#9872);
#9871 = CARTESIAN_POINT('',(0.,0.));
#9872 = DIRECTION('',(0.,1.));
#9873 = ( GEOMETRIC_REPRESENTATION_CONTEXT(2) 
PARAMETRIC_REPRESENTATION_CONTEXT() REPRESENTATION_CONTEXT('2D SPACE',''
  ) );
#9874 = PCURVE('',#9731,#9875);
#9875 = DEFINITIONAL_REPRESENTATION('',(#9876),#9880);
#9876 = LINE('',#9877,#9878);
#9877 = CARTESIAN_POINT('',(0.,-3.95));
#9878 = VECTOR('',#9879,1.);
#9879 = DIRECTION('',(1.,0.));
#9880 = ( GEOMETRIC_REPRESENTATION_CONTEXT(2) 
PARAMETRIC_REPRESENTATION_CONTEXT() REPRESENTATION_CONTEXT('2D SPACE',''
  ) );
#9881 = FACE_BOUND('',#9882,.F.);
#9882 = EDGE_LOOP('',(#9883));
#9883 = ORIENTED_EDGE('',*,*,#9884,.F.);
#9884 = EDGE_CURVE('',#9885,#9885,#9887,.T.);
#9885 = VERTEX_POINT('',#9886);
#9886 = CARTESIAN_POINT('',(192.20609665441,-11.05,12.49390334559));
#9887 = SURFACE_CURVE('',#9888,(#9893,#9900),.PCURVE_S1.);
#9888 = CIRCLE('',#9889,1.7);
#9889 = AXIS2_PLACEMENT_3D('',#9890,#9891,#9892);
#9890 = CARTESIAN_POINT('',(190.50609665441,-11.05,12.49390334559));
#9891 = DIRECTION('',(0.,-1.,0.));
#9892 = DIRECTION('',(1.,0.,0.));
#9893 = PCURVE('',#9575,#9894);
#9894 = DEFINITIONAL_REPRESENTATION('',(#9895),#9899);
#9895 = CIRCLE('',#9896,1.7);
#9896 = AXIS2_PLACEMENT_2D('',#9897,#9898);
#9897 = CARTESIAN_POINT('',(20.50609665441,20.50609665441));
#9898 = DIRECTION('',(0.,1.));
#9899 = ( GEOMETRIC_REPRESENTATION_CONTEXT(2) 
PARAMETRIC_REPRESENTATION_CONTEXT() REPRESENTATION_CONTEXT('2D SPACE',''
  ) );
#9900 = PCURVE('',#9762,#9901);
#9901 = DEFINITIONAL_REPRESENTATION('',(#9902),#9906);
#9902 = LINE('',#9903,#9904);
#9903 = CARTESIAN_POINT('',(0.,-3.95));
#9904 = VECTOR('',#9905,1.);
#9905 = DIRECTION('',(1.,0.));
#9906 = ( GEOMETRIC_REPRESENTATION_CONTEXT(2) 
PARAMETRIC_REPRESENTATION_CONTEXT() REPRESENTATION_CONTEXT('2D SPACE',''
  ) );
#9907 = ADVANCED_FACE('',(#9908),#9638,.F.);
#9908 = FACE_BOUND('',#9909,.F.);
#9909 = EDGE_LOOP('',(#9910,#9911,#9932,#9933));
#9910 = ORIENTED_EDGE('',*,*,#9621,.F.);
#9911 = ORIENTED_EDGE('',*,*,#9912,.T.);
#9912 = EDGE_CURVE('',#9622,#9781,#9913,.T.);
#9913 = SEAM_CURVE('',#9914,(#9918,#9925),.PCURVE_S1.);
#9914 = LINE('',#9915,#9916);
#9915 = CARTESIAN_POINT('',(151.19390334559,-15.,53.50609665441));
#9916 = VECTOR('',#9917,1.);
#9917 = DIRECTION('',(-0.,1.,-0.));
#9918 = PCURVE('',#9638,#9919);
#9919 = DEFINITIONAL_REPRESENTATION('',(#9920),#9924);
#9920 = LINE('',#9921,#9922);
#9921 = CARTESIAN_POINT('',(6.28318530718,0.));
#9922 = VECTOR('',#9923,1.);
#9923 = DIRECTION('',(0.,-1.));
#9924 = ( GEOMETRIC_REPRESENTATION_CONTEXT(2) 
PARAMETRIC_REPRESENTATION_CONTEXT() REPRESENTATION_CONTEXT('2D SPACE',''
  ) );
#9925 = PCURVE('',#9638,#9926);
#9926 = DEFINITIONAL_REPRESENTATION('',(#9927),#9931);
#9927 = LINE('',#9928,#9929);
#9928 = CARTESIAN_POINT('',(0.,0.));
#9929 = VECTOR('',#9930,1.);
#9930 = DIRECTION('',(0.,-1.));
#9931 = ( GEOMETRIC_REPRESENTATION_CONTEXT(2) 
PARAMETRIC_REPRESENTATION_CONTEXT() REPRESENTATION_CONTEXT('2D SPACE',''
  ) );
#9932 = ORIENTED_EDGE('',*,*,#9780,.T.);
#9933 = ORIENTED_EDGE('',*,*,#9912,.F.);
#9934 = ADVANCED_FACE('',(#9935),#9669,.F.);
#9935 = FACE_BOUND('',#9936,.F.);
#9936 = EDGE_LOOP('',(#9937,#9938,#9959,#9960));
#9937 = ORIENTED_EDGE('',*,*,#9652,.F.);
#9938 = ORIENTED_EDGE('',*,*,#9939,.T.);
#9939 = EDGE_CURVE('',#9653,#9807,#9940,.T.);
#9940 = SEAM_CURVE('',#9941,(#9945,#9952),.PCURVE_S1.);
#9941 = LINE('',#9942,#9943);
#9942 = CARTESIAN_POINT('',(151.19390334559,-15.,12.49390334559));
#9943 = VECTOR('',#9944,1.);
#9944 = DIRECTION('',(-0.,1.,-0.));
#9945 = PCURVE('',#9669,#9946);
#9946 = DEFINITIONAL_REPRESENTATION('',(#9947),#9951);
#9947 = LINE('',#9948,#9949);
#9948 = CARTESIAN_POINT('',(6.28318530718,0.));
#9949 = VECTOR('',#9950,1.);
#9950 = DIRECTION('',(0.,-1.));
#9951 = ( GEOMETRIC_REPRESENTATION_CONTEXT(2) 
PARAMETRIC_REPRESENTATION_CONTEXT() REPRESENTATION_CONTEXT('2D SPACE',''
  ) );
#9952 = PCURVE('',#9669,#9953);
#9953 = DEFINITIONAL_REPRESENTATION('',(#9954),#9958);
#9954 = LINE('',#9955,#9956);
#9955 = CARTESIAN_POINT('',(0.,0.));
#9956 = VECTOR('',#9957,1.);
#9957 = DIRECTION('',(0.,-1.));
#9958 = ( GEOMETRIC_REPRESENTATION_CONTEXT(2) 
PARAMETRIC_REPRESENTATION_CONTEXT() REPRESENTATION_CONTEXT('2D SPACE',''
  ) );
#9959 = ORIENTED_EDGE('',*,*,#9806,.T.);
#9960 = ORIENTED_EDGE('',*,*,#9939,.F.);
#9961 = ADVANCED_FACE('',(#9962),#9700,.F.);
#9962 = FACE_BOUND('',#9963,.F.);
#9963 = EDGE_LOOP('',(#9964,#9965,#9986,#9987));
#9964 = ORIENTED_EDGE('',*,*,#9683,.F.);
#9965 = ORIENTED_EDGE('',*,*,#9966,.T.);
#9966 = EDGE_CURVE('',#9684,#9833,#9967,.T.);
#9967 = SEAM_CURVE('',#9968,(#9972,#9979),.PCURVE_S1.);
#9968 = LINE('',#9969,#9970);
#9969 = CARTESIAN_POINT('',(192.20609665441,-15.,53.50609665441));
#9970 = VECTOR('',#9971,1.);
#9971 = DIRECTION('',(-0.,1.,-0.));
#9972 = PCURVE('',#9700,#9973);
#9973 = DEFINITIONAL_REPRESENTATION('',(#9974),#9978);
#9974 = LINE('',#9975,#9976);
#9975 = CARTESIAN_POINT('',(6.28318530718,0.));
#9976 = VECTOR('',#9977,1.);
#9977 = DIRECTION('',(0.,-1.));
#9978 = ( GEOMETRIC_REPRESENTATION_CONTEXT(2) 
PARAMETRIC_REPRESENTATION_CONTEXT() REPRESENTATION_CONTEXT('2D SPACE',''
  ) );
#9979 = PCURVE('',#9700,#9980);
#9980 = DEFINITIONAL_REPRESENTATION('',(#9981),#9985);
#9981 = LINE('',#9982,#9983);
#9982 = CARTESIAN_POINT('',(0.,0.));
#9983 = VECTOR('',#9984,1.);
#9984 = DIRECTION('',(0.,-1.));
#9985 = ( GEOMETRIC_REPRESENTATION_CONTEXT(2) 
PARAMETRIC_REPRESENTATION_CONTEXT() REPRESENTATION_CONTEXT('2D SPACE',''
  ) );
#9986 = ORIENTED_EDGE('',*,*,#9832,.T.);
#9987 = ORIENTED_EDGE('',*,*,#9966,.F.);
#9988 = ADVANCED_FACE('',(#9989),#9731,.F.);
#9989 = FACE_BOUND('',#9990,.F.);
#9990 = EDGE_LOOP('',(#9991,#9992,#10013,#10014));
#9991 = ORIENTED_EDGE('',*,*,#9714,.F.);
#9992 = ORIENTED_EDGE('',*,*,#9993,.T.);
#9993 = EDGE_CURVE('',#9715,#9859,#9994,.T.);
#9994 = SEAM_CURVE('',#9995,(#9999,#10006),.PCURVE_S1.);
#9995 = LINE('',#9996,#9997);
#9996 = CARTESIAN_POINT('',(193.5,-15.,33.));
#9997 = VECTOR('',#9998,1.);
#9998 = DIRECTION('',(-0.,1.,-0.));
#9999 = PCURVE('',#9731,#10000);
#10000 = DEFINITIONAL_REPRESENTATION('',(#10001),#10005);
#10001 = LINE('',#10002,#10003);
#10002 = CARTESIAN_POINT('',(6.28318530718,0.));
#10003 = VECTOR('',#10004,1.);
#10004 = DIRECTION('',(0.,-1.));
#10005 = ( GEOMETRIC_REPRESENTATION_CONTEXT(2) 
PARAMETRIC_REPRESENTATION_CONTEXT() REPRESENTATION_CONTEXT('2D SPACE',''
  ) );
#10006 = PCURVE('',#9731,#10007);
#10007 = DEFINITIONAL_REPRESENTATION('',(#10008),#10012);
#10008 = LINE('',#10009,#10010);
#10009 = CARTESIAN_POINT('',(0.,0.));
#10010 = VECTOR('',#10011,1.);
#10011 = DIRECTION('',(0.,-1.));
#10012 = ( GEOMETRIC_REPRESENTATION_CONTEXT(2) 
PARAMETRIC_REPRESENTATION_CONTEXT() REPRESENTATION_CONTEXT('2D SPACE',''
  ) );
#10013 = ORIENTED_EDGE('',*,*,#9858,.T.);
#10014 = ORIENTED_EDGE('',*,*,#9993,.F.);
#10015 = ADVANCED_FACE('',(#10016),#9762,.F.);
#10016 = FACE_BOUND('',#10017,.F.);
#10017 = EDGE_LOOP('',(#10018,#10019,#10040,#10041));
#10018 = ORIENTED_EDGE('',*,*,#9745,.F.);
#10019 = ORIENTED_EDGE('',*,*,#10020,.T.);
#10020 = EDGE_CURVE('',#9746,#9885,#10021,.T.);
#10021 = SEAM_CURVE('',#10022,(#10026,#10033),.PCURVE_S1.);
#10022 = LINE('',#10023,#10024);
#10023 = CARTESIAN_POINT('',(192.20609665441,-15.,12.49390334559));
#10024 = VECTOR('',#10025,1.);
#10025 = DIRECTION('',(-0.,1.,-0.));
#10026 = PCURVE('',#9762,#10027);
#10027 = DEFINITIONAL_REPRESENTATION('',(#10028),#10032);
#10028 = LINE('',#10029,#10030);
#10029 = CARTESIAN_POINT('',(6.28318530718,0.));
#10030 = VECTOR('',#10031,1.);
#10031 = DIRECTION('',(0.,-1.));
#10032 = ( GEOMETRIC_REPRESENTATION_CONTEXT(2) 
PARAMETRIC_REPRESENTATION_CONTEXT() REPRESENTATION_CONTEXT('2D SPACE',''
  ) );
#10033 = PCURVE('',#9762,#10034);
#10034 = DEFINITIONAL_REPRESENTATION('',(#10035),#10039);
#10035 = LINE('',#10036,#10037);
#10036 = CARTESIAN_POINT('',(0.,0.));
#10037 = VECTOR('',#10038,1.);
#10038 = DIRECTION('',(0.,-1.));
#10039 = ( GEOMETRIC_REPRESENTATION_CONTEXT(2) 
PARAMETRIC_REPRESENTATION_CONTEXT() REPRESENTATION_CONTEXT('2D SPACE',''
  ) );
#10040 = ORIENTED_EDGE('',*,*,#9884,.T.);
#10041 = ORIENTED_EDGE('',*,*,#10020,.F.);
#10042 = ( GEOMETRIC_REPRESENTATION_CONTEXT(3) 
GLOBAL_UNCERTAINTY_ASSIGNED_CONTEXT((#10046)) 
GLOBAL_UNIT_ASSIGNED_CONTEXT((#10043,#10044,#10045)) 
REPRESENTATION_CONTEXT('Context #1',
  '3D Context with UNIT and UNCERTAINTY') );
#10043 = ( LENGTH_UNIT() NAMED_UNIT(*) SI_UNIT(.MILLI.,.METRE.) );
#10044 = ( NAMED_UNIT(*) PLANE_ANGLE_UNIT() SI_UNIT($,.RADIAN.) );
#10045 = ( NAMED_UNIT(*) SI_UNIT($,.STERADIAN.) SOLID_ANGLE_UNIT() );
#10046 = UNCERTAINTY_MEASURE_WITH_UNIT(LENGTH_MEASURE(1.E-07),#10043,
  'distance_accuracy_value','confusion accuracy');
#10047 = CONTEXT_DEPENDENT_SHAPE_REPRESENTATION(#10048,#10050);
#10048 = ( REPRESENTATION_RELATIONSHIP('','',#9523,#10) 
REPRESENTATION_RELATIONSHIP_WITH_TRANSFORMATION(#10049) 
SHAPE_REPRESENTATION_RELATIONSHIP() );
#10049 = ITEM_DEFINED_TRANSFORMATION('','',#11,#63);
#10050 = PRODUCT_DEFINITION_SHAPE('Placement','Placement of an item',
  #10051);
#10051 = NEXT_ASSEMBLY_USAGE_OCCURRENCE('15','spk_ring','',#5,#9518,$);
#10052 = PRODUCT_RELATED_PRODUCT_CATEGORY('part',$,(#9520));
#10053 = SHAPE_DEFINITION_REPRESENTATION(#10054,#10060);
#10054 = PRODUCT_DEFINITION_SHAPE('','',#10055);
#10055 = PRODUCT_DEFINITION('design','',#10056,#10059);
#10056 = PRODUCT_DEFINITION_FORMATION('','',#10057);
#10057 = PRODUCT('spk_lid','spk_lid','',(#10058));
#10058 = PRODUCT_CONTEXT('',#2,'mechanical');
#10059 = PRODUCT_DEFINITION_CONTEXT('part definition',#2,'design');
#10060 = ADVANCED_BREP_SHAPE_REPRESENTATION('',(#11,#10061),#11095);
#10061 = MANIFOLD_SOLID_BREP('',#10062);
#10062 = CLOSED_SHELL('',(#10063,#10183,#10523,#10577,#10627,#10872,
    #10899,#10926,#10953,#10980,#10987,#11014,#11041,#11068));
#10063 = ADVANCED_FACE('',(#10064),#10078,.F.);
#10064 = FACE_BOUND('',#10065,.F.);
#10065 = EDGE_LOOP('',(#10066,#10101,#10129,#10157));
#10066 = ORIENTED_EDGE('',*,*,#10067,.F.);
#10067 = EDGE_CURVE('',#10068,#10070,#10072,.T.);
#10068 = VERTEX_POINT('',#10069);
#10069 = CARTESIAN_POINT('',(132.,46.05,3.));
#10070 = VERTEX_POINT('',#10071);
#10071 = CARTESIAN_POINT('',(132.,46.05,63.));
#10072 = SURFACE_CURVE('',#10073,(#10077,#10089),.PCURVE_S1.);
#10073 = LINE('',#10074,#10075);
#10074 = CARTESIAN_POINT('',(132.,46.05,0.));
#10075 = VECTOR('',#10076,1.);
#10076 = DIRECTION('',(0.,0.,1.));
#10077 = PCURVE('',#10078,#10083);
#10078 = PLANE('',#10079);
#10079 = AXIS2_PLACEMENT_3D('',#10080,#10081,#10082);
#10080 = CARTESIAN_POINT('',(132.,46.05,0.));
#10081 = DIRECTION('',(1.,0.,0.));
#10082 = DIRECTION('',(0.,0.,1.));
#10083 = DEFINITIONAL_REPRESENTATION('',(#10084),#10088);
#10084 = LINE('',#10085,#10086);
#10085 = CARTESIAN_POINT('',(0.,0.));
#10086 = VECTOR('',#10087,1.);
#10087 = DIRECTION('',(1.,0.));
#10088 = ( GEOMETRIC_REPRESENTATION_CONTEXT(2) 
PARAMETRIC_REPRESENTATION_CONTEXT() REPRESENTATION_CONTEXT('2D SPACE',''
  ) );
#10089 = PCURVE('',#10090,#10095);
#10090 = PLANE('',#10091);
#10091 = AXIS2_PLACEMENT_3D('',#10092,#10093,#10094);
#10092 = CARTESIAN_POINT('',(132.,46.05,0.));
#10093 = DIRECTION('',(0.,1.,0.));
#10094 = DIRECTION('',(0.,0.,1.));
#10095 = DEFINITIONAL_REPRESENTATION('',(#10096),#10100);
#10096 = LINE('',#10097,#10098);
#10097 = CARTESIAN_POINT('',(0.,0.));
#10098 = VECTOR('',#10099,1.);
#10099 = DIRECTION('',(1.,0.));
#10100 = ( GEOMETRIC_REPRESENTATION_CONTEXT(2) 
PARAMETRIC_REPRESENTATION_CONTEXT() REPRESENTATION_CONTEXT('2D SPACE',''
  ) );
#10101 = ORIENTED_EDGE('',*,*,#10102,.T.);
#10102 = EDGE_CURVE('',#10068,#10103,#10105,.T.);
#10103 = VERTEX_POINT('',#10104);
#10104 = CARTESIAN_POINT('',(132.,49.05,3.));
#10105 = SURFACE_CURVE('',#10106,(#10110,#10117),.PCURVE_S1.);
#10106 = LINE('',#10107,#10108);
#10107 = CARTESIAN_POINT('',(132.,46.05,3.));
#10108 = VECTOR('',#10109,1.);
#10109 = DIRECTION('',(0.,1.,0.));
#10110 = PCURVE('',#10078,#10111);
#10111 = DEFINITIONAL_REPRESENTATION('',(#10112),#10116);
#10112 = LINE('',#10113,#10114);
#10113 = CARTESIAN_POINT('',(3.,0.));
#10114 = VECTOR('',#10115,1.);
#10115 = DIRECTION('',(0.,-1.));
#10116 = ( GEOMETRIC_REPRESENTATION_CONTEXT(2) 
PARAMETRIC_REPRESENTATION_CONTEXT() REPRESENTATION_CONTEXT('2D SPACE',''
  ) );
#10117 = PCURVE('',#10118,#10123);
#10118 = CYLINDRICAL_SURFACE('',#10119,3.);
#10119 = AXIS2_PLACEMENT_3D('',#10120,#10121,#10122);
#10120 = CARTESIAN_POINT('',(135.,46.05,3.));
#10121 = DIRECTION('',(0.,1.,0.));
#10122 = DIRECTION('',(-1.,0.,0.));
#10123 = DEFINITIONAL_REPRESENTATION('',(#10124),#10128);
#10124 = LINE('',#10125,#10126);
#10125 = CARTESIAN_POINT('',(-0.,0.));
#10126 = VECTOR('',#10127,1.);
#10127 = DIRECTION('',(-0.,1.));
#10128 = ( GEOMETRIC_REPRESENTATION_CONTEXT(2) 
PARAMETRIC_REPRESENTATION_CONTEXT() REPRESENTATION_CONTEXT('2D SPACE',''
  ) );
#10129 = ORIENTED_EDGE('',*,*,#10130,.T.);
#10130 = EDGE_CURVE('',#10103,#10131,#10133,.T.);
#10131 = VERTEX_POINT('',#10132);
#10132 = CARTESIAN_POINT('',(132.,49.05,63.));
#10133 = SURFACE_CURVE('',#10134,(#10138,#10145),.PCURVE_S1.);
#10134 = LINE('',#10135,#10136);
#10135 = CARTESIAN_POINT('',(132.,49.05,0.));
#10136 = VECTOR('',#10137,1.);
#10137 = DIRECTION('',(0.,0.,1.));
#10138 = PCURVE('',#10078,#10139);
#10139 = DEFINITIONAL_REPRESENTATION('',(#10140),#10144);
#10140 = LINE('',#10141,#10142);
#10141 = CARTESIAN_POINT('',(0.,-3.));
#10142 = VECTOR('',#10143,1.);
#10143 = DIRECTION('',(1.,0.));
#10144 = ( GEOMETRIC_REPRESENTATION_CONTEXT(2) 
PARAMETRIC_REPRESENTATION_CONTEXT() REPRESENTATION_CONTEXT('2D SPACE',''
  ) );
#10145 = PCURVE('',#10146,#10151);
#10146 = PLANE('',#10147);
#10147 = AXIS2_PLACEMENT_3D('',#10148,#10149,#10150);
#10148 = CARTESIAN_POINT('',(132.,49.05,0.));
#10149 = DIRECTION('',(0.,1.,0.));
#10150 = DIRECTION('',(0.,0.,1.));
#10151 = DEFINITIONAL_REPRESENTATION('',(#10152),#10156);
#10152 = LINE('',#10153,#10154);
#10153 = CARTESIAN_POINT('',(0.,0.));
#10154 = VECTOR('',#10155,1.);
#10155 = DIRECTION('',(1.,0.));
#10156 = ( GEOMETRIC_REPRESENTATION_CONTEXT(2) 
PARAMETRIC_REPRESENTATION_CONTEXT() REPRESENTATION_CONTEXT('2D SPACE',''
  ) );
#10157 = ORIENTED_EDGE('',*,*,#10158,.F.);
#10158 = EDGE_CURVE('',#10070,#10131,#10159,.T.);
#10159 = SURFACE_CURVE('',#10160,(#10164,#10171),.PCURVE_S1.);
#10160 = LINE('',#10161,#10162);
#10161 = CARTESIAN_POINT('',(132.,46.05,63.));
#10162 = VECTOR('',#10163,1.);
#10163 = DIRECTION('',(0.,1.,0.));
#10164 = PCURVE('',#10078,#10165);
#10165 = DEFINITIONAL_REPRESENTATION('',(#10166),#10170);
#10166 = LINE('',#10167,#10168);
#10167 = CARTESIAN_POINT('',(63.,0.));
#10168 = VECTOR('',#10169,1.);
#10169 = DIRECTION('',(0.,-1.));
#10170 = ( GEOMETRIC_REPRESENTATION_CONTEXT(2) 
PARAMETRIC_REPRESENTATION_CONTEXT() REPRESENTATION_CONTEXT('2D SPACE',''
  ) );
#10171 = PCURVE('',#10172,#10177);
#10172 = CYLINDRICAL_SURFACE('',#10173,3.);
#10173 = AXIS2_PLACEMENT_3D('',#10174,#10175,#10176);
#10174 = CARTESIAN_POINT('',(135.,46.05,63.));
#10175 = DIRECTION('',(0.,1.,0.));
#10176 = DIRECTION('',(-1.,0.,0.));
#10177 = DEFINITIONAL_REPRESENTATION('',(#10178),#10182);
#10178 = LINE('',#10179,#10180);
#10179 = CARTESIAN_POINT('',(0.,0.));
#10180 = VECTOR('',#10181,1.);
#10181 = DIRECTION('',(0.,1.));
#10182 = ( GEOMETRIC_REPRESENTATION_CONTEXT(2) 
PARAMETRIC_REPRESENTATION_CONTEXT() REPRESENTATION_CONTEXT('2D SPACE',''
  ) );
#10183 = ADVANCED_FACE('',(#10184,#10383,#10418,#10453,#10488),#10090,
  .F.);
#10184 = FACE_BOUND('',#10185,.F.);
#10185 = EDGE_LOOP('',(#10186,#10216,#10242,#10243,#10267,#10295,#10328,
    #10356));
#10186 = ORIENTED_EDGE('',*,*,#10187,.F.);
#10187 = EDGE_CURVE('',#10188,#10190,#10192,.T.);
#10188 = VERTEX_POINT('',#10189);
#10189 = CARTESIAN_POINT('',(135.,46.05,-4.440892098501E-16));
#10190 = VERTEX_POINT('',#10191);
#10191 = CARTESIAN_POINT('',(205.,46.05,-4.440892098501E-16));
#10192 = SURFACE_CURVE('',#10193,(#10197,#10204),.PCURVE_S1.);
#10193 = LINE('',#10194,#10195);
#10194 = CARTESIAN_POINT('',(132.,46.05,0.));
#10195 = VECTOR('',#10196,1.);
#10196 = DIRECTION('',(1.,0.,0.));
#10197 = PCURVE('',#10090,#10198);
#10198 = DEFINITIONAL_REPRESENTATION('',(#10199),#10203);
#10199 = LINE('',#10200,#10201);
#10200 = CARTESIAN_POINT('',(0.,0.));
#10201 = VECTOR('',#10202,1.);
#10202 = DIRECTION('',(0.,1.));
#10203 = ( GEOMETRIC_REPRESENTATION_CONTEXT(2) 
PARAMETRIC_REPRESENTATION_CONTEXT() REPRESENTATION_CONTEXT('2D SPACE',''
  ) );
#10204 = PCURVE('',#10205,#10210);
#10205 = PLANE('',#10206);
#10206 = AXIS2_PLACEMENT_3D('',#10207,#10208,#10209);
#10207 = CARTESIAN_POINT('',(132.,46.05,0.));
#10208 = DIRECTION('',(0.,0.,1.));
#10209 = DIRECTION('',(1.,0.,0.));
#10210 = DEFINITIONAL_REPRESENTATION('',(#10211),#10215);
#10211 = LINE('',#10212,#10213);
#10212 = CARTESIAN_POINT('',(0.,0.));
#10213 = VECTOR('',#10214,1.);
#10214 = DIRECTION('',(1.,0.));
#10215 = ( GEOMETRIC_REPRESENTATION_CONTEXT(2) 
PARAMETRIC_REPRESENTATION_CONTEXT() REPRESENTATION_CONTEXT('2D SPACE',''
  ) );
#10216 = ORIENTED_EDGE('',*,*,#10217,.F.);
#10217 = EDGE_CURVE('',#10068,#10188,#10218,.T.);
#10218 = SURFACE_CURVE('',#10219,(#10224,#10235),.PCURVE_S1.);
#10219 = CIRCLE('',#10220,3.);
#10220 = AXIS2_PLACEMENT_3D('',#10221,#10222,#10223);
#10221 = CARTESIAN_POINT('',(135.,46.05,3.));
#10222 = DIRECTION('',(-0.,-1.,0.));
#10223 = DIRECTION('',(0.,-0.,1.));
#10224 = PCURVE('',#10090,#10225);
#10225 = DEFINITIONAL_REPRESENTATION('',(#10226),#10234);
#10226 = ( BOUNDED_CURVE() B_SPLINE_CURVE(2,(#10227,#10228,#10229,#10230
    ,#10231,#10232,#10233),.UNSPECIFIED.,.T.,.F.) 
B_SPLINE_CURVE_WITH_KNOTS((1,2,2,2,2,1),(-2.094395102393,0.,
    2.094395102393,4.188790204786,6.28318530718,8.377580409573),
.UNSPECIFIED.) CURVE() GEOMETRIC_REPRESENTATION_ITEM() 
RATIONAL_B_SPLINE_CURVE((1.,0.5,1.,0.5,1.,0.5,1.)) REPRESENTATION_ITEM(
  '') );
#10227 = CARTESIAN_POINT('',(6.,3.));
#10228 = CARTESIAN_POINT('',(6.,-2.196152422707));
#10229 = CARTESIAN_POINT('',(1.5,0.401923788647));
#10230 = CARTESIAN_POINT('',(-3.,3.));
#10231 = CARTESIAN_POINT('',(1.5,5.598076211353));
#10232 = CARTESIAN_POINT('',(6.,8.196152422707));
#10233 = CARTESIAN_POINT('',(6.,3.));
#10234 = ( GEOMETRIC_REPRESENTATION_CONTEXT(2) 
PARAMETRIC_REPRESENTATION_CONTEXT() REPRESENTATION_CONTEXT('2D SPACE',''
  ) );
#10235 = PCURVE('',#10118,#10236);
#10236 = DEFINITIONAL_REPRESENTATION('',(#10237),#10241);
#10237 = LINE('',#10238,#10239);
#10238 = CARTESIAN_POINT('',(1.570796326795,-0.));
#10239 = VECTOR('',#10240,1.);
#10240 = DIRECTION('',(-1.,0.));
#10241 = ( GEOMETRIC_REPRESENTATION_CONTEXT(2) 
PARAMETRIC_REPRESENTATION_CONTEXT() REPRESENTATION_CONTEXT('2D SPACE',''
  ) );
#10242 = ORIENTED_EDGE('',*,*,#10067,.T.);
#10243 = ORIENTED_EDGE('',*,*,#10244,.T.);
#10244 = EDGE_CURVE('',#10070,#10245,#10247,.T.);
#10245 = VERTEX_POINT('',#10246);
#10246 = CARTESIAN_POINT('',(135.,46.05,66.));
#10247 = SURFACE_CURVE('',#10248,(#10253,#10260),.PCURVE_S1.);
#10248 = CIRCLE('',#10249,3.);
#10249 = AXIS2_PLACEMENT_3D('',#10250,#10251,#10252);
#10250 = CARTESIAN_POINT('',(135.,46.05,63.));
#10251 = DIRECTION('',(0.,1.,0.));
#10252 = DIRECTION('',(0.,-0.,1.));
#10253 = PCURVE('',#10090,#10254);
#10254 = DEFINITIONAL_REPRESENTATION('',(#10255),#10259);
#10255 = CIRCLE('',#10256,3.);
#10256 = AXIS2_PLACEMENT_2D('',#10257,#10258);
#10257 = CARTESIAN_POINT('',(63.,3.));
#10258 = DIRECTION('',(1.,0.));
#10259 = ( GEOMETRIC_REPRESENTATION_CONTEXT(2) 
PARAMETRIC_REPRESENTATION_CONTEXT() REPRESENTATION_CONTEXT('2D SPACE',''
  ) );
#10260 = PCURVE('',#10172,#10261);
#10261 = DEFINITIONAL_REPRESENTATION('',(#10262),#10266);
#10262 = LINE('',#10263,#10264);
#10263 = CARTESIAN_POINT('',(-4.712388980385,0.));
#10264 = VECTOR('',#10265,1.);
#10265 = DIRECTION('',(1.,0.));
#10266 = ( GEOMETRIC_REPRESENTATION_CONTEXT(2) 
PARAMETRIC_REPRESENTATION_CONTEXT() REPRESENTATION_CONTEXT('2D SPACE',''
  ) );
#10267 = ORIENTED_EDGE('',*,*,#10268,.T.);
#10268 = EDGE_CURVE('',#10245,#10269,#10271,.T.);
#10269 = VERTEX_POINT('',#10270);
#10270 = CARTESIAN_POINT('',(205.,46.05,66.));
#10271 = SURFACE_CURVE('',#10272,(#10276,#10283),.PCURVE_S1.);
#10272 = LINE('',#10273,#10274);
#10273 = CARTESIAN_POINT('',(132.,46.05,66.));
#10274 = VECTOR('',#10275,1.);
#10275 = DIRECTION('',(1.,0.,0.));
#10276 = PCURVE('',#10090,#10277);
#10277 = DEFINITIONAL_REPRESENTATION('',(#10278),#10282);
#10278 = LINE('',#10279,#10280);
#10279 = CARTESIAN_POINT('',(66.,0.));
#10280 = VECTOR('',#10281,1.);
#10281 = DIRECTION('',(0.,1.));
#10282 = ( GEOMETRIC_REPRESENTATION_CONTEXT(2) 
PARAMETRIC_REPRESENTATION_CONTEXT() REPRESENTATION_CONTEXT('2D SPACE',''
  ) );
#10283 = PCURVE('',#10284,#10289);
#10284 = PLANE('',#10285);
#10285 = AXIS2_PLACEMENT_3D('',#10286,#10287,#10288);
#10286 = CARTESIAN_POINT('',(132.,46.05,66.));
#10287 = DIRECTION('',(0.,0.,1.));
#10288 = DIRECTION('',(1.,0.,0.));
#10289 = DEFINITIONAL_REPRESENTATION('',(#10290),#10294);
#10290 = LINE('',#10291,#10292);
#10291 = CARTESIAN_POINT('',(0.,0.));
#10292 = VECTOR('',#10293,1.);
#10293 = DIRECTION('',(1.,0.));
#10294 = ( GEOMETRIC_REPRESENTATION_CONTEXT(2) 
PARAMETRIC_REPRESENTATION_CONTEXT() REPRESENTATION_CONTEXT('2D SPACE',''
  ) );
#10295 = ORIENTED_EDGE('',*,*,#10296,.F.);
#10296 = EDGE_CURVE('',#10297,#10269,#10299,.T.);
#10297 = VERTEX_POINT('',#10298);
#10298 = CARTESIAN_POINT('',(208.,46.05,63.));
#10299 = SURFACE_CURVE('',#10300,(#10305,#10316),.PCURVE_S1.);
#10300 = CIRCLE('',#10301,3.);
#10301 = AXIS2_PLACEMENT_3D('',#10302,#10303,#10304);
#10302 = CARTESIAN_POINT('',(205.,46.05,63.));
#10303 = DIRECTION('',(-0.,-1.,0.));
#10304 = DIRECTION('',(0.,-0.,1.));
#10305 = PCURVE('',#10090,#10306);
#10306 = DEFINITIONAL_REPRESENTATION('',(#10307),#10315);
#10307 = ( BOUNDED_CURVE() B_SPLINE_CURVE(2,(#10308,#10309,#10310,#10311
    ,#10312,#10313,#10314),.UNSPECIFIED.,.T.,.F.) 
B_SPLINE_CURVE_WITH_KNOTS((1,2,2,2,2,1),(-2.094395102393,0.,
    2.094395102393,4.188790204786,6.28318530718,8.377580409573),
.UNSPECIFIED.) CURVE() GEOMETRIC_REPRESENTATION_ITEM() 
RATIONAL_B_SPLINE_CURVE((1.,0.5,1.,0.5,1.,0.5,1.)) REPRESENTATION_ITEM(
  '') );
#10308 = CARTESIAN_POINT('',(66.,73.));
#10309 = CARTESIAN_POINT('',(66.,67.803847577293));
#10310 = CARTESIAN_POINT('',(61.5,70.401923788647));
#10311 = CARTESIAN_POINT('',(57.,73.));
#10312 = CARTESIAN_POINT('',(61.5,75.598076211353));
#10313 = CARTESIAN_POINT('',(66.,78.196152422707));
#10314 = CARTESIAN_POINT('',(66.,73.));
#10315 = ( GEOMETRIC_REPRESENTATION_CONTEXT(2) 
PARAMETRIC_REPRESENTATION_CONTEXT() REPRESENTATION_CONTEXT('2D SPACE',''
  ) );
#10316 = PCURVE('',#10317,#10322);
#10317 = CYLINDRICAL_SURFACE('',#10318,3.);
#10318 = AXIS2_PLACEMENT_3D('',#10319,#10320,#10321);
#10319 = CARTESIAN_POINT('',(205.,46.05,63.));
#10320 = DIRECTION('',(0.,1.,0.));
#10321 = DIRECTION('',(1.,0.,-0.));
#10322 = DEFINITIONAL_REPRESENTATION('',(#10323),#10327);
#10323 = LINE('',#10324,#10325);
#10324 = CARTESIAN_POINT('',(4.712388980385,-0.));
#10325 = VECTOR('',#10326,1.);
#10326 = DIRECTION('',(-1.,0.));
#10327 = ( GEOMETRIC_REPRESENTATION_CONTEXT(2) 
PARAMETRIC_REPRESENTATION_CONTEXT() REPRESENTATION_CONTEXT('2D SPACE',''
  ) );
#10328 = ORIENTED_EDGE('',*,*,#10329,.F.);
#10329 = EDGE_CURVE('',#10330,#10297,#10332,.T.);
#10330 = VERTEX_POINT('',#10331);
#10331 = CARTESIAN_POINT('',(208.,46.05,3.));
#10332 = SURFACE_CURVE('',#10333,(#10337,#10344),.PCURVE_S1.);
#10333 = LINE('',#10334,#10335);
#10334 = CARTESIAN_POINT('',(208.,46.05,0.));
#10335 = VECTOR('',#10336,1.);
#10336 = DIRECTION('',(0.,0.,1.));
#10337 = PCURVE('',#10090,#10338);
#10338 = DEFINITIONAL_REPRESENTATION('',(#10339),#10343);
#10339 = LINE('',#10340,#10341);
#10340 = CARTESIAN_POINT('',(0.,76.));
#10341 = VECTOR('',#10342,1.);
#10342 = DIRECTION('',(1.,0.));
#10343 = ( GEOMETRIC_REPRESENTATION_CONTEXT(2) 
PARAMETRIC_REPRESENTATION_CONTEXT() REPRESENTATION_CONTEXT('2D SPACE',''
  ) );
#10344 = PCURVE('',#10345,#10350);
#10345 = PLANE('',#10346);
#10346 = AXIS2_PLACEMENT_3D('',#10347,#10348,#10349);
#10347 = CARTESIAN_POINT('',(208.,46.05,0.));
#10348 = DIRECTION('',(1.,0.,0.));
#10349 = DIRECTION('',(0.,0.,1.));
#10350 = DEFINITIONAL_REPRESENTATION('',(#10351),#10355);
#10351 = LINE('',#10352,#10353);
#10352 = CARTESIAN_POINT('',(0.,0.));
#10353 = VECTOR('',#10354,1.);
#10354 = DIRECTION('',(1.,0.));
#10355 = ( GEOMETRIC_REPRESENTATION_CONTEXT(2) 
PARAMETRIC_REPRESENTATION_CONTEXT() REPRESENTATION_CONTEXT('2D SPACE',''
  ) );
#10356 = ORIENTED_EDGE('',*,*,#10357,.T.);
#10357 = EDGE_CURVE('',#10330,#10190,#10358,.T.);
#10358 = SURFACE_CURVE('',#10359,(#10364,#10371),.PCURVE_S1.);
#10359 = CIRCLE('',#10360,3.);
#10360 = AXIS2_PLACEMENT_3D('',#10361,#10362,#10363);
#10361 = CARTESIAN_POINT('',(205.,46.05,3.));
#10362 = DIRECTION('',(0.,1.,0.));
#10363 = DIRECTION('',(0.,-0.,1.));
#10364 = PCURVE('',#10090,#10365);
#10365 = DEFINITIONAL_REPRESENTATION('',(#10366),#10370);
#10366 = CIRCLE('',#10367,3.);
#10367 = AXIS2_PLACEMENT_2D('',#10368,#10369);
#10368 = CARTESIAN_POINT('',(3.,73.));
#10369 = DIRECTION('',(1.,0.));
#10370 = ( GEOMETRIC_REPRESENTATION_CONTEXT(2) 
PARAMETRIC_REPRESENTATION_CONTEXT() REPRESENTATION_CONTEXT('2D SPACE',''
  ) );
#10371 = PCURVE('',#10372,#10377);
#10372 = CYLINDRICAL_SURFACE('',#10373,3.);
#10373 = AXIS2_PLACEMENT_3D('',#10374,#10375,#10376);
#10374 = CARTESIAN_POINT('',(205.,46.05,3.));
#10375 = DIRECTION('',(0.,1.,0.));
#10376 = DIRECTION('',(1.,0.,-0.));
#10377 = DEFINITIONAL_REPRESENTATION('',(#10378),#10382);
#10378 = LINE('',#10379,#10380);
#10379 = CARTESIAN_POINT('',(-1.570796326795,0.));
#10380 = VECTOR('',#10381,1.);
#10381 = DIRECTION('',(1.,0.));
#10382 = ( GEOMETRIC_REPRESENTATION_CONTEXT(2) 
PARAMETRIC_REPRESENTATION_CONTEXT() REPRESENTATION_CONTEXT('2D SPACE',''
  ) );
#10383 = FACE_BOUND('',#10384,.F.);
#10384 = EDGE_LOOP('',(#10385));
#10385 = ORIENTED_EDGE('',*,*,#10386,.T.);
#10386 = EDGE_CURVE('',#10387,#10387,#10389,.T.);
#10387 = VERTEX_POINT('',#10388);
#10388 = CARTESIAN_POINT('',(140.2,46.05,6.5));
#10389 = SURFACE_CURVE('',#10390,(#10395,#10406),.PCURVE_S1.);
#10390 = CIRCLE('',#10391,1.7);
#10391 = AXIS2_PLACEMENT_3D('',#10392,#10393,#10394);
#10392 = CARTESIAN_POINT('',(138.5,46.05,6.5));
#10393 = DIRECTION('',(0.,-1.,0.));
#10394 = DIRECTION('',(1.,0.,0.));
#10395 = PCURVE('',#10090,#10396);
#10396 = DEFINITIONAL_REPRESENTATION('',(#10397),#10405);
#10397 = ( BOUNDED_CURVE() B_SPLINE_CURVE(2,(#10398,#10399,#10400,#10401
    ,#10402,#10403,#10404),.UNSPECIFIED.,.T.,.F.) 
B_SPLINE_CURVE_WITH_KNOTS((1,2,2,2,2,1),(-2.094395102393,0.,
    2.094395102393,4.188790204786,6.28318530718,8.377580409573),
.UNSPECIFIED.) CURVE() GEOMETRIC_REPRESENTATION_ITEM() 
RATIONAL_B_SPLINE_CURVE((1.,0.5,1.,0.5,1.,0.5,1.)) REPRESENTATION_ITEM(
  '') );
#10398 = CARTESIAN_POINT('',(6.5,8.2));
#10399 = CARTESIAN_POINT('',(9.444486372867,8.2));
#10400 = CARTESIAN_POINT('',(7.972243186434,5.65));
#10401 = CARTESIAN_POINT('',(6.5,3.1));
#10402 = CARTESIAN_POINT('',(5.027756813566,5.65));
#10403 = CARTESIAN_POINT('',(3.555513627133,8.2));
#10404 = CARTESIAN_POINT('',(6.5,8.2));
#10405 = ( GEOMETRIC_REPRESENTATION_CONTEXT(2) 
PARAMETRIC_REPRESENTATION_CONTEXT() REPRESENTATION_CONTEXT('2D SPACE',''
  ) );
#10406 = PCURVE('',#10407,#10412);
#10407 = CYLINDRICAL_SURFACE('',#10408,1.7);
#10408 = AXIS2_PLACEMENT_3D('',#10409,#10410,#10411);
#10409 = CARTESIAN_POINT('',(138.5,45.,6.5));
#10410 = DIRECTION('',(0.,-1.,0.));
#10411 = DIRECTION('',(1.,0.,0.));
#10412 = DEFINITIONAL_REPRESENTATION('',(#10413),#10417);
#10413 = LINE('',#10414,#10415);
#10414 = CARTESIAN_POINT('',(0.,-1.05));
#10415 = VECTOR('',#10416,1.);
#10416 = DIRECTION('',(1.,0.));
#10417 = ( GEOMETRIC_REPRESENTATION_CONTEXT(2) 
PARAMETRIC_REPRESENTATION_CONTEXT() REPRESENTATION_CONTEXT('2D SPACE',''
  ) );
#10418 = FACE_BOUND('',#10419,.F.);
#10419 = EDGE_LOOP('',(#10420));
#10420 = ORIENTED_EDGE('',*,*,#10421,.T.);
#10421 = EDGE_CURVE('',#10422,#10422,#10424,.T.);
#10422 = VERTEX_POINT('',#10423);
#10423 = CARTESIAN_POINT('',(140.2,46.05,59.5));
#10424 = SURFACE_CURVE('',#10425,(#10430,#10441),.PCURVE_S1.);
#10425 = CIRCLE('',#10426,1.7);
#10426 = AXIS2_PLACEMENT_3D('',#10427,#10428,#10429);
#10427 = CARTESIAN_POINT('',(138.5,46.05,59.5));
#10428 = DIRECTION('',(0.,-1.,0.));
#10429 = DIRECTION('',(1.,0.,0.));
#10430 = PCURVE('',#10090,#10431);
#10431 = DEFINITIONAL_REPRESENTATION('',(#10432),#10440);
#10432 = ( BOUNDED_CURVE() B_SPLINE_CURVE(2,(#10433,#10434,#10435,#10436
    ,#10437,#10438,#10439),.UNSPECIFIED.,.T.,.F.) 
B_SPLINE_CURVE_WITH_KNOTS((1,2,2,2,2,1),(-2.094395102393,0.,
    2.094395102393,4.188790204786,6.28318530718,8.377580409573),
.UNSPECIFIED.) CURVE() GEOMETRIC_REPRESENTATION_ITEM() 
RATIONAL_B_SPLINE_CURVE((1.,0.5,1.,0.5,1.,0.5,1.)) REPRESENTATION_ITEM(
  '') );
#10433 = CARTESIAN_POINT('',(59.5,8.2));
#10434 = CARTESIAN_POINT('',(62.444486372867,8.2));
#10435 = CARTESIAN_POINT('',(60.972243186434,5.65));
#10436 = CARTESIAN_POINT('',(59.5,3.1));
#10437 = CARTESIAN_POINT('',(58.027756813566,5.65));
#10438 = CARTESIAN_POINT('',(56.555513627133,8.2));
#10439 = CARTESIAN_POINT('',(59.5,8.2));
#10440 = ( GEOMETRIC_REPRESENTATION_CONTEXT(2) 
PARAMETRIC_REPRESENTATION_CONTEXT() REPRESENTATION_CONTEXT('2D SPACE',''
  ) );
#10441 = PCURVE('',#10442,#10447);
#10442 = CYLINDRICAL_SURFACE('',#10443,1.7);
#10443 = AXIS2_PLACEMENT_3D('',#10444,#10445,#10446);
#10444 = CARTESIAN_POINT('',(138.5,45.,59.5));
#10445 = DIRECTION('',(0.,-1.,0.));
#10446 = DIRECTION('',(1.,0.,0.));
#10447 = DEFINITIONAL_REPRESENTATION('',(#10448),#10452);
#10448 = LINE('',#10449,#10450);
#10449 = CARTESIAN_POINT('',(0.,-1.05));
#10450 = VECTOR('',#10451,1.);
#10451 = DIRECTION('',(1.,0.));
#10452 = ( GEOMETRIC_REPRESENTATION_CONTEXT(2) 
PARAMETRIC_REPRESENTATION_CONTEXT() REPRESENTATION_CONTEXT('2D SPACE',''
  ) );
#10453 = FACE_BOUND('',#10454,.F.);
#10454 = EDGE_LOOP('',(#10455));
#10455 = ORIENTED_EDGE('',*,*,#10456,.T.);
#10456 = EDGE_CURVE('',#10457,#10457,#10459,.T.);
#10457 = VERTEX_POINT('',#10458);
#10458 = CARTESIAN_POINT('',(203.2,46.05,6.5));
#10459 = SURFACE_CURVE('',#10460,(#10465,#10476),.PCURVE_S1.);
#10460 = CIRCLE('',#10461,1.7);
#10461 = AXIS2_PLACEMENT_3D('',#10462,#10463,#10464);
#10462 = CARTESIAN_POINT('',(201.5,46.05,6.5));
#10463 = DIRECTION('',(0.,-1.,0.));
#10464 = DIRECTION('',(1.,0.,0.));
#10465 = PCURVE('',#10090,#10466);
#10466 = DEFINITIONAL_REPRESENTATION('',(#10467),#10475);
#10467 = ( BOUNDED_CURVE() B_SPLINE_CURVE(2,(#10468,#10469,#10470,#10471
    ,#10472,#10473,#10474),.UNSPECIFIED.,.T.,.F.) 
B_SPLINE_CURVE_WITH_KNOTS((1,2,2,2,2,1),(-2.094395102393,0.,
    2.094395102393,4.188790204786,6.28318530718,8.377580409573),
.UNSPECIFIED.) CURVE() GEOMETRIC_REPRESENTATION_ITEM() 
RATIONAL_B_SPLINE_CURVE((1.,0.5,1.,0.5,1.,0.5,1.)) REPRESENTATION_ITEM(
  '') );
#10468 = CARTESIAN_POINT('',(6.5,71.2));
#10469 = CARTESIAN_POINT('',(9.444486372867,71.2));
#10470 = CARTESIAN_POINT('',(7.972243186434,68.65));
#10471 = CARTESIAN_POINT('',(6.5,66.1));
#10472 = CARTESIAN_POINT('',(5.027756813566,68.65));
#10473 = CARTESIAN_POINT('',(3.555513627133,71.2));
#10474 = CARTESIAN_POINT('',(6.5,71.2));
#10475 = ( GEOMETRIC_REPRESENTATION_CONTEXT(2) 
PARAMETRIC_REPRESENTATION_CONTEXT() REPRESENTATION_CONTEXT('2D SPACE',''
  ) );
#10476 = PCURVE('',#10477,#10482);
#10477 = CYLINDRICAL_SURFACE('',#10478,1.7);
#10478 = AXIS2_PLACEMENT_3D('',#10479,#10480,#10481);
#10479 = CARTESIAN_POINT('',(201.5,45.,6.5));
#10480 = DIRECTION('',(0.,-1.,0.));
#10481 = DIRECTION('',(1.,0.,0.));
#10482 = DEFINITIONAL_REPRESENTATION('',(#10483),#10487);
#10483 = LINE('',#10484,#10485);
#10484 = CARTESIAN_POINT('',(0.,-1.05));
#10485 = VECTOR('',#10486,1.);
#10486 = DIRECTION('',(1.,0.));
#10487 = ( GEOMETRIC_REPRESENTATION_CONTEXT(2) 
PARAMETRIC_REPRESENTATION_CONTEXT() REPRESENTATION_CONTEXT('2D SPACE',''
  ) );
#10488 = FACE_BOUND('',#10489,.F.);
#10489 = EDGE_LOOP('',(#10490));
#10490 = ORIENTED_EDGE('',*,*,#10491,.T.);
#10491 = EDGE_CURVE('',#10492,#10492,#10494,.T.);
#10492 = VERTEX_POINT('',#10493);
#10493 = CARTESIAN_POINT('',(203.2,46.05,59.5));
#10494 = SURFACE_CURVE('',#10495,(#10500,#10511),.PCURVE_S1.);
#10495 = CIRCLE('',#10496,1.7);
#10496 = AXIS2_PLACEMENT_3D('',#10497,#10498,#10499);
#10497 = CARTESIAN_POINT('',(201.5,46.05,59.5));
#10498 = DIRECTION('',(0.,-1.,0.));
#10499 = DIRECTION('',(1.,0.,0.));
#10500 = PCURVE('',#10090,#10501);
#10501 = DEFINITIONAL_REPRESENTATION('',(#10502),#10510);
#10502 = ( BOUNDED_CURVE() B_SPLINE_CURVE(2,(#10503,#10504,#10505,#10506
    ,#10507,#10508,#10509),.UNSPECIFIED.,.T.,.F.) 
B_SPLINE_CURVE_WITH_KNOTS((1,2,2,2,2,1),(-2.094395102393,0.,
    2.094395102393,4.188790204786,6.28318530718,8.377580409573),
.UNSPECIFIED.) CURVE() GEOMETRIC_REPRESENTATION_ITEM() 
RATIONAL_B_SPLINE_CURVE((1.,0.5,1.,0.5,1.,0.5,1.)) REPRESENTATION_ITEM(
  '') );
#10503 = CARTESIAN_POINT('',(59.5,71.2));
#10504 = CARTESIAN_POINT('',(62.444486372867,71.2));
#10505 = CARTESIAN_POINT('',(60.972243186434,68.65));
#10506 = CARTESIAN_POINT('',(59.5,66.1));
#10507 = CARTESIAN_POINT('',(58.027756813566,68.65));
#10508 = CARTESIAN_POINT('',(56.555513627133,71.2));
#10509 = CARTESIAN_POINT('',(59.5,71.2));
#10510 = ( GEOMETRIC_REPRESENTATION_CONTEXT(2) 
PARAMETRIC_REPRESENTATION_CONTEXT() REPRESENTATION_CONTEXT('2D SPACE',''
  ) );
#10511 = PCURVE('',#10512,#10517);
#10512 = CYLINDRICAL_SURFACE('',#10513,1.7);
#10513 = AXIS2_PLACEMENT_3D('',#10514,#10515,#10516);
#10514 = CARTESIAN_POINT('',(201.5,45.,59.5));
#10515 = DIRECTION('',(0.,-1.,0.));
#10516 = DIRECTION('',(1.,0.,0.));
#10517 = DEFINITIONAL_REPRESENTATION('',(#10518),#10522);
#10518 = LINE('',#10519,#10520);
#10519 = CARTESIAN_POINT('',(0.,-1.05));
#10520 = VECTOR('',#10521,1.);
#10521 = DIRECTION('',(1.,0.));
#10522 = ( GEOMETRIC_REPRESENTATION_CONTEXT(2) 
PARAMETRIC_REPRESENTATION_CONTEXT() REPRESENTATION_CONTEXT('2D SPACE',''
  ) );
#10523 = ADVANCED_FACE('',(#10524),#10118,.T.);
#10524 = FACE_BOUND('',#10525,.F.);
#10525 = EDGE_LOOP('',(#10526,#10527,#10550,#10576));
#10526 = ORIENTED_EDGE('',*,*,#10217,.T.);
#10527 = ORIENTED_EDGE('',*,*,#10528,.T.);
#10528 = EDGE_CURVE('',#10188,#10529,#10531,.T.);
#10529 = VERTEX_POINT('',#10530);
#10530 = CARTESIAN_POINT('',(135.,49.05,-4.440892098501E-16));
#10531 = SURFACE_CURVE('',#10532,(#10536,#10543),.PCURVE_S1.);
#10532 = LINE('',#10533,#10534);
#10533 = CARTESIAN_POINT('',(135.,46.05,-4.440892098501E-16));
#10534 = VECTOR('',#10535,1.);
#10535 = DIRECTION('',(0.,1.,0.));
#10536 = PCURVE('',#10118,#10537);
#10537 = DEFINITIONAL_REPRESENTATION('',(#10538),#10542);
#10538 = LINE('',#10539,#10540);
#10539 = CARTESIAN_POINT('',(-1.570796326795,0.));
#10540 = VECTOR('',#10541,1.);
#10541 = DIRECTION('',(-0.,1.));
#10542 = ( GEOMETRIC_REPRESENTATION_CONTEXT(2) 
PARAMETRIC_REPRESENTATION_CONTEXT() REPRESENTATION_CONTEXT('2D SPACE',''
  ) );
#10543 = PCURVE('',#10205,#10544);
#10544 = DEFINITIONAL_REPRESENTATION('',(#10545),#10549);
#10545 = LINE('',#10546,#10547);
#10546 = CARTESIAN_POINT('',(3.,0.));
#10547 = VECTOR('',#10548,1.);
#10548 = DIRECTION('',(0.,1.));
#10549 = ( GEOMETRIC_REPRESENTATION_CONTEXT(2) 
PARAMETRIC_REPRESENTATION_CONTEXT() REPRESENTATION_CONTEXT('2D SPACE',''
  ) );
#10550 = ORIENTED_EDGE('',*,*,#10551,.F.);
#10551 = EDGE_CURVE('',#10103,#10529,#10552,.T.);
#10552 = SURFACE_CURVE('',#10553,(#10558,#10565),.PCURVE_S1.);
#10553 = CIRCLE('',#10554,3.);
#10554 = AXIS2_PLACEMENT_3D('',#10555,#10556,#10557);
#10555 = CARTESIAN_POINT('',(135.,49.05,3.));
#10556 = DIRECTION('',(-0.,-1.,0.));
#10557 = DIRECTION('',(0.,-0.,1.));
#10558 = PCURVE('',#10118,#10559);
#10559 = DEFINITIONAL_REPRESENTATION('',(#10560),#10564);
#10560 = LINE('',#10561,#10562);
#10561 = CARTESIAN_POINT('',(1.570796326795,3.));
#10562 = VECTOR('',#10563,1.);
#10563 = DIRECTION('',(-1.,0.));
#10564 = ( GEOMETRIC_REPRESENTATION_CONTEXT(2) 
PARAMETRIC_REPRESENTATION_CONTEXT() REPRESENTATION_CONTEXT('2D SPACE',''
  ) );
#10565 = PCURVE('',#10146,#10566);
#10566 = DEFINITIONAL_REPRESENTATION('',(#10567),#10575);
#10567 = ( BOUNDED_CURVE() B_SPLINE_CURVE(2,(#10568,#10569,#10570,#10571
    ,#10572,#10573,#10574),.UNSPECIFIED.,.T.,.F.) 
B_SPLINE_CURVE_WITH_KNOTS((1,2,2,2,2,1),(-2.094395102393,0.,
    2.094395102393,4.188790204786,6.28318530718,8.377580409573),
.UNSPECIFIED.) CURVE() GEOMETRIC_REPRESENTATION_ITEM() 
RATIONAL_B_SPLINE_CURVE((1.,0.5,1.,0.5,1.,0.5,1.)) REPRESENTATION_ITEM(
  '') );
#10568 = CARTESIAN_POINT('',(6.,3.));
#10569 = CARTESIAN_POINT('',(6.,-2.196152422707));
#10570 = CARTESIAN_POINT('',(1.5,0.401923788647));
#10571 = CARTESIAN_POINT('',(-3.,3.));
#10572 = CARTESIAN_POINT('',(1.5,5.598076211353));
#10573 = CARTESIAN_POINT('',(6.,8.196152422707));
#10574 = CARTESIAN_POINT('',(6.,3.));
#10575 = ( GEOMETRIC_REPRESENTATION_CONTEXT(2) 
PARAMETRIC_REPRESENTATION_CONTEXT() REPRESENTATION_CONTEXT('2D SPACE',''
  ) );
#10576 = ORIENTED_EDGE('',*,*,#10102,.F.);
#10577 = ADVANCED_FACE('',(#10578),#10172,.T.);
#10578 = FACE_BOUND('',#10579,.T.);
#10579 = EDGE_LOOP('',(#10580,#10581,#10604,#10626));
#10580 = ORIENTED_EDGE('',*,*,#10244,.T.);
#10581 = ORIENTED_EDGE('',*,*,#10582,.T.);
#10582 = EDGE_CURVE('',#10245,#10583,#10585,.T.);
#10583 = VERTEX_POINT('',#10584);
#10584 = CARTESIAN_POINT('',(135.,49.05,66.));
#10585 = SURFACE_CURVE('',#10586,(#10590,#10597),.PCURVE_S1.);
#10586 = LINE('',#10587,#10588);
#10587 = CARTESIAN_POINT('',(135.,46.05,66.));
#10588 = VECTOR('',#10589,1.);
#10589 = DIRECTION('',(0.,1.,0.));
#10590 = PCURVE('',#10172,#10591);
#10591 = DEFINITIONAL_REPRESENTATION('',(#10592),#10596);
#10592 = LINE('',#10593,#10594);
#10593 = CARTESIAN_POINT('',(1.570796326795,0.));
#10594 = VECTOR('',#10595,1.);
#10595 = DIRECTION('',(0.,1.));
#10596 = ( GEOMETRIC_REPRESENTATION_CONTEXT(2) 
PARAMETRIC_REPRESENTATION_CONTEXT() REPRESENTATION_CONTEXT('2D SPACE',''
  ) );
#10597 = PCURVE('',#10284,#10598);
#10598 = DEFINITIONAL_REPRESENTATION('',(#10599),#10603);
#10599 = LINE('',#10600,#10601);
#10600 = CARTESIAN_POINT('',(3.,0.));
#10601 = VECTOR('',#10602,1.);
#10602 = DIRECTION('',(0.,1.));
#10603 = ( GEOMETRIC_REPRESENTATION_CONTEXT(2) 
PARAMETRIC_REPRESENTATION_CONTEXT() REPRESENTATION_CONTEXT('2D SPACE',''
  ) );
#10604 = ORIENTED_EDGE('',*,*,#10605,.F.);
#10605 = EDGE_CURVE('',#10131,#10583,#10606,.T.);
#10606 = SURFACE_CURVE('',#10607,(#10612,#10619),.PCURVE_S1.);
#10607 = CIRCLE('',#10608,3.);
#10608 = AXIS2_PLACEMENT_3D('',#10609,#10610,#10611);
#10609 = CARTESIAN_POINT('',(135.,49.05,63.));
#10610 = DIRECTION('',(0.,1.,0.));
#10611 = DIRECTION('',(0.,-0.,1.));
#10612 = PCURVE('',#10172,#10613);
#10613 = DEFINITIONAL_REPRESENTATION('',(#10614),#10618);
#10614 = LINE('',#10615,#10616);
#10615 = CARTESIAN_POINT('',(-4.712388980385,3.));
#10616 = VECTOR('',#10617,1.);
#10617 = DIRECTION('',(1.,0.));
#10618 = ( GEOMETRIC_REPRESENTATION_CONTEXT(2) 
PARAMETRIC_REPRESENTATION_CONTEXT() REPRESENTATION_CONTEXT('2D SPACE',''
  ) );
#10619 = PCURVE('',#10146,#10620);
#10620 = DEFINITIONAL_REPRESENTATION('',(#10621),#10625);
#10621 = CIRCLE('',#10622,3.);
#10622 = AXIS2_PLACEMENT_2D('',#10623,#10624);
#10623 = CARTESIAN_POINT('',(63.,3.));
#10624 = DIRECTION('',(1.,0.));
#10625 = ( GEOMETRIC_REPRESENTATION_CONTEXT(2) 
PARAMETRIC_REPRESENTATION_CONTEXT() REPRESENTATION_CONTEXT('2D SPACE',''
  ) );
#10626 = ORIENTED_EDGE('',*,*,#10158,.F.);
#10627 = ADVANCED_FACE('',(#10628,#10752,#10782,#10812,#10842),#10146,
  .T.);
#10628 = FACE_BOUND('',#10629,.T.);
#10629 = EDGE_LOOP('',(#10630,#10653,#10654,#10655,#10656,#10679,#10707,
    #10730));
#10630 = ORIENTED_EDGE('',*,*,#10631,.F.);
#10631 = EDGE_CURVE('',#10529,#10632,#10634,.T.);
#10632 = VERTEX_POINT('',#10633);
#10633 = CARTESIAN_POINT('',(205.,49.05,-4.440892098501E-16));
#10634 = SURFACE_CURVE('',#10635,(#10639,#10646),.PCURVE_S1.);
#10635 = LINE('',#10636,#10637);
#10636 = CARTESIAN_POINT('',(132.,49.05,0.));
#10637 = VECTOR('',#10638,1.);
#10638 = DIRECTION('',(1.,0.,0.));
#10639 = PCURVE('',#10146,#10640);
#10640 = DEFINITIONAL_REPRESENTATION('',(#10641),#10645);
#10641 = LINE('',#10642,#10643);
#10642 = CARTESIAN_POINT('',(0.,0.));
#10643 = VECTOR('',#10644,1.);
#10644 = DIRECTION('',(0.,1.));
#10645 = ( GEOMETRIC_REPRESENTATION_CONTEXT(2) 
PARAMETRIC_REPRESENTATION_CONTEXT() REPRESENTATION_CONTEXT('2D SPACE',''
  ) );
#10646 = PCURVE('',#10205,#10647);
#10647 = DEFINITIONAL_REPRESENTATION('',(#10648),#10652);
#10648 = LINE('',#10649,#10650);
#10649 = CARTESIAN_POINT('',(0.,3.));
#10650 = VECTOR('',#10651,1.);
#10651 = DIRECTION('',(1.,0.));
#10652 = ( GEOMETRIC_REPRESENTATION_CONTEXT(2) 
PARAMETRIC_REPRESENTATION_CONTEXT() REPRESENTATION_CONTEXT('2D SPACE',''
  ) );
#10653 = ORIENTED_EDGE('',*,*,#10551,.F.);
#10654 = ORIENTED_EDGE('',*,*,#10130,.T.);
#10655 = ORIENTED_EDGE('',*,*,#10605,.T.);
#10656 = ORIENTED_EDGE('',*,*,#10657,.T.);
#10657 = EDGE_CURVE('',#10583,#10658,#10660,.T.);
#10658 = VERTEX_POINT('',#10659);
#10659 = CARTESIAN_POINT('',(205.,49.05,66.));
#10660 = SURFACE_CURVE('',#10661,(#10665,#10672),.PCURVE_S1.);
#10661 = LINE('',#10662,#10663);
#10662 = CARTESIAN_POINT('',(132.,49.05,66.));
#10663 = VECTOR('',#10664,1.);
#10664 = DIRECTION('',(1.,0.,0.));
#10665 = PCURVE('',#10146,#10666);
#10666 = DEFINITIONAL_REPRESENTATION('',(#10667),#10671);
#10667 = LINE('',#10668,#10669);
#10668 = CARTESIAN_POINT('',(66.,0.));
#10669 = VECTOR('',#10670,1.);
#10670 = DIRECTION('',(0.,1.));
#10671 = ( GEOMETRIC_REPRESENTATION_CONTEXT(2) 
PARAMETRIC_REPRESENTATION_CONTEXT() REPRESENTATION_CONTEXT('2D SPACE',''
  ) );
#10672 = PCURVE('',#10284,#10673);
#10673 = DEFINITIONAL_REPRESENTATION('',(#10674),#10678);
#10674 = LINE('',#10675,#10676);
#10675 = CARTESIAN_POINT('',(0.,3.));
#10676 = VECTOR('',#10677,1.);
#10677 = DIRECTION('',(1.,0.));
#10678 = ( GEOMETRIC_REPRESENTATION_CONTEXT(2) 
PARAMETRIC_REPRESENTATION_CONTEXT() REPRESENTATION_CONTEXT('2D SPACE',''
  ) );
#10679 = ORIENTED_EDGE('',*,*,#10680,.F.);
#10680 = EDGE_CURVE('',#10681,#10658,#10683,.T.);
#10681 = VERTEX_POINT('',#10682);
#10682 = CARTESIAN_POINT('',(208.,49.05,63.));
#10683 = SURFACE_CURVE('',#10684,(#10689,#10700),.PCURVE_S1.);
#10684 = CIRCLE('',#10685,3.);
#10685 = AXIS2_PLACEMENT_3D('',#10686,#10687,#10688);
#10686 = CARTESIAN_POINT('',(205.,49.05,63.));
#10687 = DIRECTION('',(-0.,-1.,0.));
#10688 = DIRECTION('',(0.,-0.,1.));
#10689 = PCURVE('',#10146,#10690);
#10690 = DEFINITIONAL_REPRESENTATION('',(#10691),#10699);
#10691 = ( BOUNDED_CURVE() B_SPLINE_CURVE(2,(#10692,#10693,#10694,#10695
    ,#10696,#10697,#10698),.UNSPECIFIED.,.T.,.F.) 
B_SPLINE_CURVE_WITH_KNOTS((1,2,2,2,2,1),(-2.094395102393,0.,
    2.094395102393,4.188790204786,6.28318530718,8.377580409573),
.UNSPECIFIED.) CURVE() GEOMETRIC_REPRESENTATION_ITEM() 
RATIONAL_B_SPLINE_CURVE((1.,0.5,1.,0.5,1.,0.5,1.)) REPRESENTATION_ITEM(
  '') );
#10692 = CARTESIAN_POINT('',(66.,73.));
#10693 = CARTESIAN_POINT('',(66.,67.803847577293));
#10694 = CARTESIAN_POINT('',(61.5,70.401923788647));
#10695 = CARTESIAN_POINT('',(57.,73.));
#10696 = CARTESIAN_POINT('',(61.5,75.598076211353));
#10697 = CARTESIAN_POINT('',(66.,78.196152422707));
#10698 = CARTESIAN_POINT('',(66.,73.));
#10699 = ( GEOMETRIC_REPRESENTATION_CONTEXT(2) 
PARAMETRIC_REPRESENTATION_CONTEXT() REPRESENTATION_CONTEXT('2D SPACE',''
  ) );
#10700 = PCURVE('',#10317,#10701);
#10701 = DEFINITIONAL_REPRESENTATION('',(#10702),#10706);
#10702 = LINE('',#10703,#10704);
#10703 = CARTESIAN_POINT('',(4.712388980385,3.));
#10704 = VECTOR('',#10705,1.);
#10705 = DIRECTION('',(-1.,0.));
#10706 = ( GEOMETRIC_REPRESENTATION_CONTEXT(2) 
PARAMETRIC_REPRESENTATION_CONTEXT() REPRESENTATION_CONTEXT('2D SPACE',''
  ) );
#10707 = ORIENTED_EDGE('',*,*,#10708,.F.);
#10708 = EDGE_CURVE('',#10709,#10681,#10711,.T.);
#10709 = VERTEX_POINT('',#10710);
#10710 = CARTESIAN_POINT('',(208.,49.05,3.));
#10711 = SURFACE_CURVE('',#10712,(#10716,#10723),.PCURVE_S1.);
#10712 = LINE('',#10713,#10714);
#10713 = CARTESIAN_POINT('',(208.,49.05,0.));
#10714 = VECTOR('',#10715,1.);
#10715 = DIRECTION('',(0.,0.,1.));
#10716 = PCURVE('',#10146,#10717);
#10717 = DEFINITIONAL_REPRESENTATION('',(#10718),#10722);
#10718 = LINE('',#10719,#10720);
#10719 = CARTESIAN_POINT('',(0.,76.));
#10720 = VECTOR('',#10721,1.);
#10721 = DIRECTION('',(1.,0.));
#10722 = ( GEOMETRIC_REPRESENTATION_CONTEXT(2) 
PARAMETRIC_REPRESENTATION_CONTEXT() REPRESENTATION_CONTEXT('2D SPACE',''
  ) );
#10723 = PCURVE('',#10345,#10724);
#10724 = DEFINITIONAL_REPRESENTATION('',(#10725),#10729);
#10725 = LINE('',#10726,#10727);
#10726 = CARTESIAN_POINT('',(0.,-3.));
#10727 = VECTOR('',#10728,1.);
#10728 = DIRECTION('',(1.,0.));
#10729 = ( GEOMETRIC_REPRESENTATION_CONTEXT(2) 
PARAMETRIC_REPRESENTATION_CONTEXT() REPRESENTATION_CONTEXT('2D SPACE',''
  ) );
#10730 = ORIENTED_EDGE('',*,*,#10731,.T.);
#10731 = EDGE_CURVE('',#10709,#10632,#10732,.T.);
#10732 = SURFACE_CURVE('',#10733,(#10738,#10745),.PCURVE_S1.);
#10733 = CIRCLE('',#10734,3.);
#10734 = AXIS2_PLACEMENT_3D('',#10735,#10736,#10737);
#10735 = CARTESIAN_POINT('',(205.,49.05,3.));
#10736 = DIRECTION('',(0.,1.,0.));
#10737 = DIRECTION('',(0.,-0.,1.));
#10738 = PCURVE('',#10146,#10739);
#10739 = DEFINITIONAL_REPRESENTATION('',(#10740),#10744);
#10740 = CIRCLE('',#10741,3.);
#10741 = AXIS2_PLACEMENT_2D('',#10742,#10743);
#10742 = CARTESIAN_POINT('',(3.,73.));
#10743 = DIRECTION('',(1.,0.));
#10744 = ( GEOMETRIC_REPRESENTATION_CONTEXT(2) 
PARAMETRIC_REPRESENTATION_CONTEXT() REPRESENTATION_CONTEXT('2D SPACE',''
  ) );
#10745 = PCURVE('',#10372,#10746);
#10746 = DEFINITIONAL_REPRESENTATION('',(#10747),#10751);
#10747 = LINE('',#10748,#10749);
#10748 = CARTESIAN_POINT('',(-1.570796326795,3.));
#10749 = VECTOR('',#10750,1.);
#10750 = DIRECTION('',(1.,0.));
#10751 = ( GEOMETRIC_REPRESENTATION_CONTEXT(2) 
PARAMETRIC_REPRESENTATION_CONTEXT() REPRESENTATION_CONTEXT('2D SPACE',''
  ) );
#10752 = FACE_BOUND('',#10753,.T.);
#10753 = EDGE_LOOP('',(#10754));
#10754 = ORIENTED_EDGE('',*,*,#10755,.T.);
#10755 = EDGE_CURVE('',#10756,#10756,#10758,.T.);
#10756 = VERTEX_POINT('',#10757);
#10757 = CARTESIAN_POINT('',(140.2,49.05,6.5));
#10758 = SURFACE_CURVE('',#10759,(#10764,#10775),.PCURVE_S1.);
#10759 = CIRCLE('',#10760,1.7);
#10760 = AXIS2_PLACEMENT_3D('',#10761,#10762,#10763);
#10761 = CARTESIAN_POINT('',(138.5,49.05,6.5));
#10762 = DIRECTION('',(0.,-1.,0.));
#10763 = DIRECTION('',(1.,0.,0.));
#10764 = PCURVE('',#10146,#10765);
#10765 = DEFINITIONAL_REPRESENTATION('',(#10766),#10774);
#10766 = ( BOUNDED_CURVE() B_SPLINE_CURVE(2,(#10767,#10768,#10769,#10770
    ,#10771,#10772,#10773),.UNSPECIFIED.,.T.,.F.) 
B_SPLINE_CURVE_WITH_KNOTS((1,2,2,2,2,1),(-2.094395102393,0.,
    2.094395102393,4.188790204786,6.28318530718,8.377580409573),
.UNSPECIFIED.) CURVE() GEOMETRIC_REPRESENTATION_ITEM() 
RATIONAL_B_SPLINE_CURVE((1.,0.5,1.,0.5,1.,0.5,1.)) REPRESENTATION_ITEM(
  '') );
#10767 = CARTESIAN_POINT('',(6.5,8.2));
#10768 = CARTESIAN_POINT('',(9.444486372867,8.2));
#10769 = CARTESIAN_POINT('',(7.972243186434,5.65));
#10770 = CARTESIAN_POINT('',(6.5,3.1));
#10771 = CARTESIAN_POINT('',(5.027756813566,5.65));
#10772 = CARTESIAN_POINT('',(3.555513627133,8.2));
#10773 = CARTESIAN_POINT('',(6.5,8.2));
#10774 = ( GEOMETRIC_REPRESENTATION_CONTEXT(2) 
PARAMETRIC_REPRESENTATION_CONTEXT() REPRESENTATION_CONTEXT('2D SPACE',''
  ) );
#10775 = PCURVE('',#10407,#10776);
#10776 = DEFINITIONAL_REPRESENTATION('',(#10777),#10781);
#10777 = LINE('',#10778,#10779);
#10778 = CARTESIAN_POINT('',(0.,-4.05));
#10779 = VECTOR('',#10780,1.);
#10780 = DIRECTION('',(1.,0.));
#10781 = ( GEOMETRIC_REPRESENTATION_CONTEXT(2) 
PARAMETRIC_REPRESENTATION_CONTEXT() REPRESENTATION_CONTEXT('2D SPACE',''
  ) );
#10782 = FACE_BOUND('',#10783,.T.);
#10783 = EDGE_LOOP('',(#10784));
#10784 = ORIENTED_EDGE('',*,*,#10785,.T.);
#10785 = EDGE_CURVE('',#10786,#10786,#10788,.T.);
#10786 = VERTEX_POINT('',#10787);
#10787 = CARTESIAN_POINT('',(140.2,49.05,59.5));
#10788 = SURFACE_CURVE('',#10789,(#10794,#10805),.PCURVE_S1.);
#10789 = CIRCLE('',#10790,1.7);
#10790 = AXIS2_PLACEMENT_3D('',#10791,#10792,#10793);
#10791 = CARTESIAN_POINT('',(138.5,49.05,59.5));
#10792 = DIRECTION('',(0.,-1.,0.));
#10793 = DIRECTION('',(1.,0.,0.));
#10794 = PCURVE('',#10146,#10795);
#10795 = DEFINITIONAL_REPRESENTATION('',(#10796),#10804);
#10796 = ( BOUNDED_CURVE() B_SPLINE_CURVE(2,(#10797,#10798,#10799,#10800
    ,#10801,#10802,#10803),.UNSPECIFIED.,.T.,.F.) 
B_SPLINE_CURVE_WITH_KNOTS((1,2,2,2,2,1),(-2.094395102393,0.,
    2.094395102393,4.188790204786,6.28318530718,8.377580409573),
.UNSPECIFIED.) CURVE() GEOMETRIC_REPRESENTATION_ITEM() 
RATIONAL_B_SPLINE_CURVE((1.,0.5,1.,0.5,1.,0.5,1.)) REPRESENTATION_ITEM(
  '') );
#10797 = CARTESIAN_POINT('',(59.5,8.2));
#10798 = CARTESIAN_POINT('',(62.444486372867,8.2));
#10799 = CARTESIAN_POINT('',(60.972243186434,5.65));
#10800 = CARTESIAN_POINT('',(59.5,3.1));
#10801 = CARTESIAN_POINT('',(58.027756813566,5.65));
#10802 = CARTESIAN_POINT('',(56.555513627133,8.2));
#10803 = CARTESIAN_POINT('',(59.5,8.2));
#10804 = ( GEOMETRIC_REPRESENTATION_CONTEXT(2) 
PARAMETRIC_REPRESENTATION_CONTEXT() REPRESENTATION_CONTEXT('2D SPACE',''
  ) );
#10805 = PCURVE('',#10442,#10806);
#10806 = DEFINITIONAL_REPRESENTATION('',(#10807),#10811);
#10807 = LINE('',#10808,#10809);
#10808 = CARTESIAN_POINT('',(0.,-4.05));
#10809 = VECTOR('',#10810,1.);
#10810 = DIRECTION('',(1.,0.));
#10811 = ( GEOMETRIC_REPRESENTATION_CONTEXT(2) 
PARAMETRIC_REPRESENTATION_CONTEXT() REPRESENTATION_CONTEXT('2D SPACE',''
  ) );
#10812 = FACE_BOUND('',#10813,.T.);
#10813 = EDGE_LOOP('',(#10814));
#10814 = ORIENTED_EDGE('',*,*,#10815,.T.);
#10815 = EDGE_CURVE('',#10816,#10816,#10818,.T.);
#10816 = VERTEX_POINT('',#10817);
#10817 = CARTESIAN_POINT('',(203.2,49.05,6.5));
#10818 = SURFACE_CURVE('',#10819,(#10824,#10835),.PCURVE_S1.);
#10819 = CIRCLE('',#10820,1.7);
#10820 = AXIS2_PLACEMENT_3D('',#10821,#10822,#10823);
#10821 = CARTESIAN_POINT('',(201.5,49.05,6.5));
#10822 = DIRECTION('',(0.,-1.,0.));
#10823 = DIRECTION('',(1.,0.,0.));
#10824 = PCURVE('',#10146,#10825);
#10825 = DEFINITIONAL_REPRESENTATION('',(#10826),#10834);
#10826 = ( BOUNDED_CURVE() B_SPLINE_CURVE(2,(#10827,#10828,#10829,#10830
    ,#10831,#10832,#10833),.UNSPECIFIED.,.T.,.F.) 
B_SPLINE_CURVE_WITH_KNOTS((1,2,2,2,2,1),(-2.094395102393,0.,
    2.094395102393,4.188790204786,6.28318530718,8.377580409573),
.UNSPECIFIED.) CURVE() GEOMETRIC_REPRESENTATION_ITEM() 
RATIONAL_B_SPLINE_CURVE((1.,0.5,1.,0.5,1.,0.5,1.)) REPRESENTATION_ITEM(
  '') );
#10827 = CARTESIAN_POINT('',(6.5,71.2));
#10828 = CARTESIAN_POINT('',(9.444486372867,71.2));
#10829 = CARTESIAN_POINT('',(7.972243186434,68.65));
#10830 = CARTESIAN_POINT('',(6.5,66.1));
#10831 = CARTESIAN_POINT('',(5.027756813566,68.65));
#10832 = CARTESIAN_POINT('',(3.555513627133,71.2));
#10833 = CARTESIAN_POINT('',(6.5,71.2));
#10834 = ( GEOMETRIC_REPRESENTATION_CONTEXT(2) 
PARAMETRIC_REPRESENTATION_CONTEXT() REPRESENTATION_CONTEXT('2D SPACE',''
  ) );
#10835 = PCURVE('',#10477,#10836);
#10836 = DEFINITIONAL_REPRESENTATION('',(#10837),#10841);
#10837 = LINE('',#10838,#10839);
#10838 = CARTESIAN_POINT('',(0.,-4.05));
#10839 = VECTOR('',#10840,1.);
#10840 = DIRECTION('',(1.,0.));
#10841 = ( GEOMETRIC_REPRESENTATION_CONTEXT(2) 
PARAMETRIC_REPRESENTATION_CONTEXT() REPRESENTATION_CONTEXT('2D SPACE',''
  ) );
#10842 = FACE_BOUND('',#10843,.T.);
#10843 = EDGE_LOOP('',(#10844));
#10844 = ORIENTED_EDGE('',*,*,#10845,.T.);
#10845 = EDGE_CURVE('',#10846,#10846,#10848,.T.);
#10846 = VERTEX_POINT('',#10847);
#10847 = CARTESIAN_POINT('',(203.2,49.05,59.5));
#10848 = SURFACE_CURVE('',#10849,(#10854,#10865),.PCURVE_S1.);
#10849 = CIRCLE('',#10850,1.7);
#10850 = AXIS2_PLACEMENT_3D('',#10851,#10852,#10853);
#10851 = CARTESIAN_POINT('',(201.5,49.05,59.5));
#10852 = DIRECTION('',(0.,-1.,0.));
#10853 = DIRECTION('',(1.,0.,0.));
#10854 = PCURVE('',#10146,#10855);
#10855 = DEFINITIONAL_REPRESENTATION('',(#10856),#10864);
#10856 = ( BOUNDED_CURVE() B_SPLINE_CURVE(2,(#10857,#10858,#10859,#10860
    ,#10861,#10862,#10863),.UNSPECIFIED.,.T.,.F.) 
B_SPLINE_CURVE_WITH_KNOTS((1,2,2,2,2,1),(-2.094395102393,0.,
    2.094395102393,4.188790204786,6.28318530718,8.377580409573),
.UNSPECIFIED.) CURVE() GEOMETRIC_REPRESENTATION_ITEM() 
RATIONAL_B_SPLINE_CURVE((1.,0.5,1.,0.5,1.,0.5,1.)) REPRESENTATION_ITEM(
  '') );
#10857 = CARTESIAN_POINT('',(59.5,71.2));
#10858 = CARTESIAN_POINT('',(62.444486372867,71.2));
#10859 = CARTESIAN_POINT('',(60.972243186434,68.65));
#10860 = CARTESIAN_POINT('',(59.5,66.1));
#10861 = CARTESIAN_POINT('',(58.027756813566,68.65));
#10862 = CARTESIAN_POINT('',(56.555513627133,71.2));
#10863 = CARTESIAN_POINT('',(59.5,71.2));
#10864 = ( GEOMETRIC_REPRESENTATION_CONTEXT(2) 
PARAMETRIC_REPRESENTATION_CONTEXT() REPRESENTATION_CONTEXT('2D SPACE',''
  ) );
#10865 = PCURVE('',#10512,#10866);
#10866 = DEFINITIONAL_REPRESENTATION('',(#10867),#10871);
#10867 = LINE('',#10868,#10869);
#10868 = CARTESIAN_POINT('',(0.,-4.05));
#10869 = VECTOR('',#10870,1.);
#10870 = DIRECTION('',(1.,0.));
#10871 = ( GEOMETRIC_REPRESENTATION_CONTEXT(2) 
PARAMETRIC_REPRESENTATION_CONTEXT() REPRESENTATION_CONTEXT('2D SPACE',''
  ) );
#10872 = ADVANCED_FACE('',(#10873),#10205,.F.);
#10873 = FACE_BOUND('',#10874,.F.);
#10874 = EDGE_LOOP('',(#10875,#10876,#10877,#10878));
#10875 = ORIENTED_EDGE('',*,*,#10631,.F.);
#10876 = ORIENTED_EDGE('',*,*,#10528,.F.);
#10877 = ORIENTED_EDGE('',*,*,#10187,.T.);
#10878 = ORIENTED_EDGE('',*,*,#10879,.T.);
#10879 = EDGE_CURVE('',#10190,#10632,#10880,.T.);
#10880 = SURFACE_CURVE('',#10881,(#10885,#10892),.PCURVE_S1.);
#10881 = LINE('',#10882,#10883);
#10882 = CARTESIAN_POINT('',(205.,46.05,-4.440892098501E-16));
#10883 = VECTOR('',#10884,1.);
#10884 = DIRECTION('',(0.,1.,0.));
#10885 = PCURVE('',#10205,#10886);
#10886 = DEFINITIONAL_REPRESENTATION('',(#10887),#10891);
#10887 = LINE('',#10888,#10889);
#10888 = CARTESIAN_POINT('',(73.,0.));
#10889 = VECTOR('',#10890,1.);
#10890 = DIRECTION('',(0.,1.));
#10891 = ( GEOMETRIC_REPRESENTATION_CONTEXT(2) 
PARAMETRIC_REPRESENTATION_CONTEXT() REPRESENTATION_CONTEXT('2D SPACE',''
  ) );
#10892 = PCURVE('',#10372,#10893);
#10893 = DEFINITIONAL_REPRESENTATION('',(#10894),#10898);
#10894 = LINE('',#10895,#10896);
#10895 = CARTESIAN_POINT('',(1.570796326795,0.));
#10896 = VECTOR('',#10897,1.);
#10897 = DIRECTION('',(0.,1.));
#10898 = ( GEOMETRIC_REPRESENTATION_CONTEXT(2) 
PARAMETRIC_REPRESENTATION_CONTEXT() REPRESENTATION_CONTEXT('2D SPACE',''
  ) );
#10899 = ADVANCED_FACE('',(#10900),#10372,.T.);
#10900 = FACE_BOUND('',#10901,.T.);
#10901 = EDGE_LOOP('',(#10902,#10903,#10904,#10905));
#10902 = ORIENTED_EDGE('',*,*,#10357,.T.);
#10903 = ORIENTED_EDGE('',*,*,#10879,.T.);
#10904 = ORIENTED_EDGE('',*,*,#10731,.F.);
#10905 = ORIENTED_EDGE('',*,*,#10906,.F.);
#10906 = EDGE_CURVE('',#10330,#10709,#10907,.T.);
#10907 = SURFACE_CURVE('',#10908,(#10912,#10919),.PCURVE_S1.);
#10908 = LINE('',#10909,#10910);
#10909 = CARTESIAN_POINT('',(208.,46.05,3.));
#10910 = VECTOR('',#10911,1.);
#10911 = DIRECTION('',(0.,1.,0.));
#10912 = PCURVE('',#10372,#10913);
#10913 = DEFINITIONAL_REPRESENTATION('',(#10914),#10918);
#10914 = LINE('',#10915,#10916);
#10915 = CARTESIAN_POINT('',(0.,0.));
#10916 = VECTOR('',#10917,1.);
#10917 = DIRECTION('',(0.,1.));
#10918 = ( GEOMETRIC_REPRESENTATION_CONTEXT(2) 
PARAMETRIC_REPRESENTATION_CONTEXT() REPRESENTATION_CONTEXT('2D SPACE',''
  ) );
#10919 = PCURVE('',#10345,#10920);
#10920 = DEFINITIONAL_REPRESENTATION('',(#10921),#10925);
#10921 = LINE('',#10922,#10923);
#10922 = CARTESIAN_POINT('',(3.,0.));
#10923 = VECTOR('',#10924,1.);
#10924 = DIRECTION('',(0.,-1.));
#10925 = ( GEOMETRIC_REPRESENTATION_CONTEXT(2) 
PARAMETRIC_REPRESENTATION_CONTEXT() REPRESENTATION_CONTEXT('2D SPACE',''
  ) );
#10926 = ADVANCED_FACE('',(#10927),#10345,.T.);
#10927 = FACE_BOUND('',#10928,.T.);
#10928 = EDGE_LOOP('',(#10929,#10930,#10931,#10932));
#10929 = ORIENTED_EDGE('',*,*,#10329,.F.);
#10930 = ORIENTED_EDGE('',*,*,#10906,.T.);
#10931 = ORIENTED_EDGE('',*,*,#10708,.T.);
#10932 = ORIENTED_EDGE('',*,*,#10933,.F.);
#10933 = EDGE_CURVE('',#10297,#10681,#10934,.T.);
#10934 = SURFACE_CURVE('',#10935,(#10939,#10946),.PCURVE_S1.);
#10935 = LINE('',#10936,#10937);
#10936 = CARTESIAN_POINT('',(208.,46.05,63.));
#10937 = VECTOR('',#10938,1.);
#10938 = DIRECTION('',(0.,1.,0.));
#10939 = PCURVE('',#10345,#10940);
#10940 = DEFINITIONAL_REPRESENTATION('',(#10941),#10945);
#10941 = LINE('',#10942,#10943);
#10942 = CARTESIAN_POINT('',(63.,0.));
#10943 = VECTOR('',#10944,1.);
#10944 = DIRECTION('',(0.,-1.));
#10945 = ( GEOMETRIC_REPRESENTATION_CONTEXT(2) 
PARAMETRIC_REPRESENTATION_CONTEXT() REPRESENTATION_CONTEXT('2D SPACE',''
  ) );
#10946 = PCURVE('',#10317,#10947);
#10947 = DEFINITIONAL_REPRESENTATION('',(#10948),#10952);
#10948 = LINE('',#10949,#10950);
#10949 = CARTESIAN_POINT('',(-0.,0.));
#10950 = VECTOR('',#10951,1.);
#10951 = DIRECTION('',(-0.,1.));
#10952 = ( GEOMETRIC_REPRESENTATION_CONTEXT(2) 
PARAMETRIC_REPRESENTATION_CONTEXT() REPRESENTATION_CONTEXT('2D SPACE',''
  ) );
#10953 = ADVANCED_FACE('',(#10954),#10317,.T.);
#10954 = FACE_BOUND('',#10955,.F.);
#10955 = EDGE_LOOP('',(#10956,#10957,#10978,#10979));
#10956 = ORIENTED_EDGE('',*,*,#10296,.T.);
#10957 = ORIENTED_EDGE('',*,*,#10958,.T.);
#10958 = EDGE_CURVE('',#10269,#10658,#10959,.T.);
#10959 = SURFACE_CURVE('',#10960,(#10964,#10971),.PCURVE_S1.);
#10960 = LINE('',#10961,#10962);
#10961 = CARTESIAN_POINT('',(205.,46.05,66.));
#10962 = VECTOR('',#10963,1.);
#10963 = DIRECTION('',(0.,1.,0.));
#10964 = PCURVE('',#10317,#10965);
#10965 = DEFINITIONAL_REPRESENTATION('',(#10966),#10970);
#10966 = LINE('',#10967,#10968);
#10967 = CARTESIAN_POINT('',(-1.570796326795,0.));
#10968 = VECTOR('',#10969,1.);
#10969 = DIRECTION('',(-0.,1.));
#10970 = ( GEOMETRIC_REPRESENTATION_CONTEXT(2) 
PARAMETRIC_REPRESENTATION_CONTEXT() REPRESENTATION_CONTEXT('2D SPACE',''
  ) );
#10971 = PCURVE('',#10284,#10972);
#10972 = DEFINITIONAL_REPRESENTATION('',(#10973),#10977);
#10973 = LINE('',#10974,#10975);
#10974 = CARTESIAN_POINT('',(73.,0.));
#10975 = VECTOR('',#10976,1.);
#10976 = DIRECTION('',(0.,1.));
#10977 = ( GEOMETRIC_REPRESENTATION_CONTEXT(2) 
PARAMETRIC_REPRESENTATION_CONTEXT() REPRESENTATION_CONTEXT('2D SPACE',''
  ) );
#10978 = ORIENTED_EDGE('',*,*,#10680,.F.);
#10979 = ORIENTED_EDGE('',*,*,#10933,.F.);
#10980 = ADVANCED_FACE('',(#10981),#10284,.T.);
#10981 = FACE_BOUND('',#10982,.T.);
#10982 = EDGE_LOOP('',(#10983,#10984,#10985,#10986));
#10983 = ORIENTED_EDGE('',*,*,#10657,.F.);
#10984 = ORIENTED_EDGE('',*,*,#10582,.F.);
#10985 = ORIENTED_EDGE('',*,*,#10268,.T.);
#10986 = ORIENTED_EDGE('',*,*,#10958,.T.);
#10987 = ADVANCED_FACE('',(#10988),#10407,.F.);
#10988 = FACE_BOUND('',#10989,.F.);
#10989 = EDGE_LOOP('',(#10990,#10991,#11012,#11013));
#10990 = ORIENTED_EDGE('',*,*,#10386,.F.);
#10991 = ORIENTED_EDGE('',*,*,#10992,.T.);
#10992 = EDGE_CURVE('',#10387,#10756,#10993,.T.);
#10993 = SEAM_CURVE('',#10994,(#10998,#11005),.PCURVE_S1.);
#10994 = LINE('',#10995,#10996);
#10995 = CARTESIAN_POINT('',(140.2,45.,6.5));
#10996 = VECTOR('',#10997,1.);
#10997 = DIRECTION('',(-0.,1.,-0.));
#10998 = PCURVE('',#10407,#10999);
#10999 = DEFINITIONAL_REPRESENTATION('',(#11000),#11004);
#11000 = LINE('',#11001,#11002);
#11001 = CARTESIAN_POINT('',(6.28318530718,0.));
#11002 = VECTOR('',#11003,1.);
#11003 = DIRECTION('',(0.,-1.));
#11004 = ( GEOMETRIC_REPRESENTATION_CONTEXT(2) 
PARAMETRIC_REPRESENTATION_CONTEXT() REPRESENTATION_CONTEXT('2D SPACE',''
  ) );
#11005 = PCURVE('',#10407,#11006);
#11006 = DEFINITIONAL_REPRESENTATION('',(#11007),#11011);
#11007 = LINE('',#11008,#11009);
#11008 = CARTESIAN_POINT('',(0.,0.));
#11009 = VECTOR('',#11010,1.);
#11010 = DIRECTION('',(0.,-1.));
#11011 = ( GEOMETRIC_REPRESENTATION_CONTEXT(2) 
PARAMETRIC_REPRESENTATION_CONTEXT() REPRESENTATION_CONTEXT('2D SPACE',''
  ) );
#11012 = ORIENTED_EDGE('',*,*,#10755,.T.);
#11013 = ORIENTED_EDGE('',*,*,#10992,.F.);
#11014 = ADVANCED_FACE('',(#11015),#10442,.F.);
#11015 = FACE_BOUND('',#11016,.F.);
#11016 = EDGE_LOOP('',(#11017,#11018,#11039,#11040));
#11017 = ORIENTED_EDGE('',*,*,#10421,.F.);
#11018 = ORIENTED_EDGE('',*,*,#11019,.T.);
#11019 = EDGE_CURVE('',#10422,#10786,#11020,.T.);
#11020 = SEAM_CURVE('',#11021,(#11025,#11032),.PCURVE_S1.);
#11021 = LINE('',#11022,#11023);
#11022 = CARTESIAN_POINT('',(140.2,45.,59.5));
#11023 = VECTOR('',#11024,1.);
#11024 = DIRECTION('',(-0.,1.,-0.));
#11025 = PCURVE('',#10442,#11026);
#11026 = DEFINITIONAL_REPRESENTATION('',(#11027),#11031);
#11027 = LINE('',#11028,#11029);
#11028 = CARTESIAN_POINT('',(6.28318530718,0.));
#11029 = VECTOR('',#11030,1.);
#11030 = DIRECTION('',(0.,-1.));
#11031 = ( GEOMETRIC_REPRESENTATION_CONTEXT(2) 
PARAMETRIC_REPRESENTATION_CONTEXT() REPRESENTATION_CONTEXT('2D SPACE',''
  ) );
#11032 = PCURVE('',#10442,#11033);
#11033 = DEFINITIONAL_REPRESENTATION('',(#11034),#11038);
#11034 = LINE('',#11035,#11036);
#11035 = CARTESIAN_POINT('',(0.,0.));
#11036 = VECTOR('',#11037,1.);
#11037 = DIRECTION('',(0.,-1.));
#11038 = ( GEOMETRIC_REPRESENTATION_CONTEXT(2) 
PARAMETRIC_REPRESENTATION_CONTEXT() REPRESENTATION_CONTEXT('2D SPACE',''
  ) );
#11039 = ORIENTED_EDGE('',*,*,#10785,.T.);
#11040 = ORIENTED_EDGE('',*,*,#11019,.F.);
#11041 = ADVANCED_FACE('',(#11042),#10477,.F.);
#11042 = FACE_BOUND('',#11043,.F.);
#11043 = EDGE_LOOP('',(#11044,#11045,#11066,#11067));
#11044 = ORIENTED_EDGE('',*,*,#10456,.F.);
#11045 = ORIENTED_EDGE('',*,*,#11046,.T.);
#11046 = EDGE_CURVE('',#10457,#10816,#11047,.T.);
#11047 = SEAM_CURVE('',#11048,(#11052,#11059),.PCURVE_S1.);
#11048 = LINE('',#11049,#11050);
#11049 = CARTESIAN_POINT('',(203.2,45.,6.5));
#11050 = VECTOR('',#11051,1.);
#11051 = DIRECTION('',(-0.,1.,-0.));
#11052 = PCURVE('',#10477,#11053);
#11053 = DEFINITIONAL_REPRESENTATION('',(#11054),#11058);
#11054 = LINE('',#11055,#11056);
#11055 = CARTESIAN_POINT('',(6.28318530718,0.));
#11056 = VECTOR('',#11057,1.);
#11057 = DIRECTION('',(0.,-1.));
#11058 = ( GEOMETRIC_REPRESENTATION_CONTEXT(2) 
PARAMETRIC_REPRESENTATION_CONTEXT() REPRESENTATION_CONTEXT('2D SPACE',''
  ) );
#11059 = PCURVE('',#10477,#11060);
#11060 = DEFINITIONAL_REPRESENTATION('',(#11061),#11065);
#11061 = LINE('',#11062,#11063);
#11062 = CARTESIAN_POINT('',(0.,0.));
#11063 = VECTOR('',#11064,1.);
#11064 = DIRECTION('',(0.,-1.));
#11065 = ( GEOMETRIC_REPRESENTATION_CONTEXT(2) 
PARAMETRIC_REPRESENTATION_CONTEXT() REPRESENTATION_CONTEXT('2D SPACE',''
  ) );
#11066 = ORIENTED_EDGE('',*,*,#10815,.T.);
#11067 = ORIENTED_EDGE('',*,*,#11046,.F.);
#11068 = ADVANCED_FACE('',(#11069),#10512,.F.);
#11069 = FACE_BOUND('',#11070,.F.);
#11070 = EDGE_LOOP('',(#11071,#11072,#11093,#11094));
#11071 = ORIENTED_EDGE('',*,*,#10491,.F.);
#11072 = ORIENTED_EDGE('',*,*,#11073,.T.);
#11073 = EDGE_CURVE('',#10492,#10846,#11074,.T.);
#11074 = SEAM_CURVE('',#11075,(#11079,#11086),.PCURVE_S1.);
#11075 = LINE('',#11076,#11077);
#11076 = CARTESIAN_POINT('',(203.2,45.,59.5));
#11077 = VECTOR('',#11078,1.);
#11078 = DIRECTION('',(-0.,1.,-0.));
#11079 = PCURVE('',#10512,#11080);
#11080 = DEFINITIONAL_REPRESENTATION('',(#11081),#11085);
#11081 = LINE('',#11082,#11083);
#11082 = CARTESIAN_POINT('',(6.28318530718,0.));
#11083 = VECTOR('',#11084,1.);
#11084 = DIRECTION('',(0.,-1.));
#11085 = ( GEOMETRIC_REPRESENTATION_CONTEXT(2) 
PARAMETRIC_REPRESENTATION_CONTEXT() REPRESENTATION_CONTEXT('2D SPACE',''
  ) );
#11086 = PCURVE('',#10512,#11087);
#11087 = DEFINITIONAL_REPRESENTATION('',(#11088),#11092);
#11088 = LINE('',#11089,#11090);
#11089 = CARTESIAN_POINT('',(0.,0.));
#11090 = VECTOR('',#11091,1.);
#11091 = DIRECTION('',(0.,-1.));
#11092 = ( GEOMETRIC_REPRESENTATION_CONTEXT(2) 
PARAMETRIC_REPRESENTATION_CONTEXT() REPRESENTATION_CONTEXT('2D SPACE',''
  ) );
#11093 = ORIENTED_EDGE('',*,*,#10845,.T.);
#11094 = ORIENTED_EDGE('',*,*,#11073,.F.);
#11095 = ( GEOMETRIC_REPRESENTATION_CONTEXT(3) 
GLOBAL_UNCERTAINTY_ASSIGNED_CONTEXT((#11099)) 
GLOBAL_UNIT_ASSIGNED_CONTEXT((#11096,#11097,#11098)) 
REPRESENTATION_CONTEXT('Context #1',
  '3D Context with UNIT and UNCERTAINTY') );
#11096 = ( LENGTH_UNIT() NAMED_UNIT(*) SI_UNIT(.MILLI.,.METRE.) );
#11097 = ( NAMED_UNIT(*) PLANE_ANGLE_UNIT() SI_UNIT($,.RADIAN.) );
#11098 = ( NAMED_UNIT(*) SI_UNIT($,.STERADIAN.) SOLID_ANGLE_UNIT() );
#11099 = UNCERTAINTY_MEASURE_WITH_UNIT(LENGTH_MEASURE(1.E-07),#11096,
  'distance_accuracy_value','confusion accuracy');
#11100 = CONTEXT_DEPENDENT_SHAPE_REPRESENTATION(#11101,#11103);
#11101 = ( REPRESENTATION_RELATIONSHIP('','',#10060,#10) 
REPRESENTATION_RELATIONSHIP_WITH_TRANSFORMATION(#11102) 
SHAPE_REPRESENTATION_RELATIONSHIP() );
#11102 = ITEM_DEFINED_TRANSFORMATION('','',#11,#67);
#11103 = PRODUCT_DEFINITION_SHAPE('Placement','Placement of an item',
  #11104);
#11104 = NEXT_ASSEMBLY_USAGE_OCCURRENCE('16','spk_lid','',#5,#10055,$);
#11105 = PRODUCT_RELATED_PRODUCT_CATEGORY('part',$,(#10057));
#11106 = SHAPE_DEFINITION_REPRESENTATION(#11107,#11113);
#11107 = PRODUCT_DEFINITION_SHAPE('','',#11108);
#11108 = PRODUCT_DEFINITION('design','',#11109,#11112);
#11109 = PRODUCT_DEFINITION_FORMATION('','',#11110);
#11110 = PRODUCT('spk_filler','spk_filler','',(#11111));
#11111 = PRODUCT_CONTEXT('',#2,'mechanical');
#11112 = PRODUCT_DEFINITION_CONTEXT('part definition',#2,'design');
#11113 = ADVANCED_BREP_SHAPE_REPRESENTATION('',(#11,#11114),#11780);
#11114 = MANIFOLD_SOLID_BREP('',#11115);
#11115 = CLOSED_SHELL('',(#11116,#11236,#11436,#11490,#11540,#11665,
    #11692,#11719,#11746,#11773));
#11116 = ADVANCED_FACE('',(#11117),#11131,.F.);
#11117 = FACE_BOUND('',#11118,.F.);
#11118 = EDGE_LOOP('',(#11119,#11154,#11182,#11210));
#11119 = ORIENTED_EDGE('',*,*,#11120,.F.);
#11120 = EDGE_CURVE('',#11121,#11123,#11125,.T.);
#11121 = VERTEX_POINT('',#11122);
#11122 = CARTESIAN_POINT('',(142.3,58.,1.));
#11123 = VERTEX_POINT('',#11124);
#11124 = CARTESIAN_POINT('',(142.3,58.,58.4));
#11125 = SURFACE_CURVE('',#11126,(#11130,#11142),.PCURVE_S1.);
#11126 = LINE('',#11127,#11128);
#11127 = CARTESIAN_POINT('',(142.3,58.,0.));
#11128 = VECTOR('',#11129,1.);
#11129 = DIRECTION('',(0.,0.,1.));
#11130 = PCURVE('',#11131,#11136);
#11131 = PLANE('',#11132);
#11132 = AXIS2_PLACEMENT_3D('',#11133,#11134,#11135);
#11133 = CARTESIAN_POINT('',(142.3,58.,0.));
#11134 = DIRECTION('',(1.,0.,0.));
#11135 = DIRECTION('',(0.,0.,1.));
#11136 = DEFINITIONAL_REPRESENTATION('',(#11137),#11141);
#11137 = LINE('',#11138,#11139);
#11138 = CARTESIAN_POINT('',(0.,0.));
#11139 = VECTOR('',#11140,1.);
#11140 = DIRECTION('',(1.,0.));
#11141 = ( GEOMETRIC_REPRESENTATION_CONTEXT(2) 
PARAMETRIC_REPRESENTATION_CONTEXT() REPRESENTATION_CONTEXT('2D SPACE',''
  ) );
#11142 = PCURVE('',#11143,#11148);
#11143 = PLANE('',#11144);
#11144 = AXIS2_PLACEMENT_3D('',#11145,#11146,#11147);
#11145 = CARTESIAN_POINT('',(142.3,58.,0.));
#11146 = DIRECTION('',(0.,1.,0.));
#11147 = DIRECTION('',(0.,0.,1.));
#11148 = DEFINITIONAL_REPRESENTATION('',(#11149),#11153);
#11149 = LINE('',#11150,#11151);
#11150 = CARTESIAN_POINT('',(0.,0.));
#11151 = VECTOR('',#11152,1.);
#11152 = DIRECTION('',(1.,0.));
#11153 = ( GEOMETRIC_REPRESENTATION_CONTEXT(2) 
PARAMETRIC_REPRESENTATION_CONTEXT() REPRESENTATION_CONTEXT('2D SPACE',''
  ) );
#11154 = ORIENTED_EDGE('',*,*,#11155,.T.);
#11155 = EDGE_CURVE('',#11121,#11156,#11158,.T.);
#11156 = VERTEX_POINT('',#11157);
#11157 = CARTESIAN_POINT('',(142.3,71.5,1.));
#11158 = SURFACE_CURVE('',#11159,(#11163,#11170),.PCURVE_S1.);
#11159 = LINE('',#11160,#11161);
#11160 = CARTESIAN_POINT('',(142.3,58.,1.));
#11161 = VECTOR('',#11162,1.);
#11162 = DIRECTION('',(0.,1.,0.));
#11163 = PCURVE('',#11131,#11164);
#11164 = DEFINITIONAL_REPRESENTATION('',(#11165),#11169);
#11165 = LINE('',#11166,#11167);
#11166 = CARTESIAN_POINT('',(1.,0.));
#11167 = VECTOR('',#11168,1.);
#11168 = DIRECTION('',(0.,-1.));
#11169 = ( GEOMETRIC_REPRESENTATION_CONTEXT(2) 
PARAMETRIC_REPRESENTATION_CONTEXT() REPRESENTATION_CONTEXT('2D SPACE',''
  ) );
#11170 = PCURVE('',#11171,#11176);
#11171 = CYLINDRICAL_SURFACE('',#11172,1.);
#11172 = AXIS2_PLACEMENT_3D('',#11173,#11174,#11175);
#11173 = CARTESIAN_POINT('',(143.3,58.,1.));
#11174 = DIRECTION('',(0.,1.,0.));
#11175 = DIRECTION('',(-1.,0.,0.));
#11176 = DEFINITIONAL_REPRESENTATION('',(#11177),#11181);
#11177 = LINE('',#11178,#11179);
#11178 = CARTESIAN_POINT('',(-0.,0.));
#11179 = VECTOR('',#11180,1.);
#11180 = DIRECTION('',(-0.,1.));
#11181 = ( GEOMETRIC_REPRESENTATION_CONTEXT(2) 
PARAMETRIC_REPRESENTATION_CONTEXT() REPRESENTATION_CONTEXT('2D SPACE',''
  ) );
#11182 = ORIENTED_EDGE('',*,*,#11183,.T.);
#11183 = EDGE_CURVE('',#11156,#11184,#11186,.T.);
#11184 = VERTEX_POINT('',#11185);
#11185 = CARTESIAN_POINT('',(142.3,71.5,58.4));
#11186 = SURFACE_CURVE('',#11187,(#11191,#11198),.PCURVE_S1.);
#11187 = LINE('',#11188,#11189);
#11188 = CARTESIAN_POINT('',(142.3,71.5,0.));
#11189 = VECTOR('',#11190,1.);
#11190 = DIRECTION('',(0.,0.,1.));
#11191 = PCURVE('',#11131,#11192);
#11192 = DEFINITIONAL_REPRESENTATION('',(#11193),#11197);
#11193 = LINE('',#11194,#11195);
#11194 = CARTESIAN_POINT('',(0.,-13.5));
#11195 = VECTOR('',#11196,1.);
#11196 = DIRECTION('',(1.,0.));
#11197 = ( GEOMETRIC_REPRESENTATION_CONTEXT(2) 
PARAMETRIC_REPRESENTATION_CONTEXT() REPRESENTATION_CONTEXT('2D SPACE',''
  ) );
#11198 = PCURVE('',#11199,#11204);
#11199 = PLANE('',#11200);
#11200 = AXIS2_PLACEMENT_3D('',#11201,#11202,#11203);
#11201 = CARTESIAN_POINT('',(142.3,71.5,0.));
#11202 = DIRECTION('',(0.,1.,0.));
#11203 = DIRECTION('',(0.,0.,1.));
#11204 = DEFINITIONAL_REPRESENTATION('',(#11205),#11209);
#11205 = LINE('',#11206,#11207);
#11206 = CARTESIAN_POINT('',(0.,0.));
#11207 = VECTOR('',#11208,1.);
#11208 = DIRECTION('',(1.,0.));
#11209 = ( GEOMETRIC_REPRESENTATION_CONTEXT(2) 
PARAMETRIC_REPRESENTATION_CONTEXT() REPRESENTATION_CONTEXT('2D SPACE',''
  ) );
#11210 = ORIENTED_EDGE('',*,*,#11211,.F.);
#11211 = EDGE_CURVE('',#11123,#11184,#11212,.T.);
#11212 = SURFACE_CURVE('',#11213,(#11217,#11224),.PCURVE_S1.);
#11213 = LINE('',#11214,#11215);
#11214 = CARTESIAN_POINT('',(142.3,58.,58.4));
#11215 = VECTOR('',#11216,1.);
#11216 = DIRECTION('',(0.,1.,0.));
#11217 = PCURVE('',#11131,#11218);
#11218 = DEFINITIONAL_REPRESENTATION('',(#11219),#11223);
#11219 = LINE('',#11220,#11221);
#11220 = CARTESIAN_POINT('',(58.4,0.));
#11221 = VECTOR('',#11222,1.);
#11222 = DIRECTION('',(0.,-1.));
#11223 = ( GEOMETRIC_REPRESENTATION_CONTEXT(2) 
PARAMETRIC_REPRESENTATION_CONTEXT() REPRESENTATION_CONTEXT('2D SPACE',''
  ) );
#11224 = PCURVE('',#11225,#11230);
#11225 = CYLINDRICAL_SURFACE('',#11226,1.);
#11226 = AXIS2_PLACEMENT_3D('',#11227,#11228,#11229);
#11227 = CARTESIAN_POINT('',(143.3,58.,58.4));
#11228 = DIRECTION('',(0.,1.,0.));
#11229 = DIRECTION('',(-1.,0.,0.));
#11230 = DEFINITIONAL_REPRESENTATION('',(#11231),#11235);
#11231 = LINE('',#11232,#11233);
#11232 = CARTESIAN_POINT('',(0.,0.));
#11233 = VECTOR('',#11234,1.);
#11234 = DIRECTION('',(0.,1.));
#11235 = ( GEOMETRIC_REPRESENTATION_CONTEXT(2) 
PARAMETRIC_REPRESENTATION_CONTEXT() REPRESENTATION_CONTEXT('2D SPACE',''
  ) );
#11236 = ADVANCED_FACE('',(#11237),#11143,.F.);
#11237 = FACE_BOUND('',#11238,.F.);
#11238 = EDGE_LOOP('',(#11239,#11269,#11295,#11296,#11320,#11348,#11381,
    #11409));
#11239 = ORIENTED_EDGE('',*,*,#11240,.F.);
#11240 = EDGE_CURVE('',#11241,#11243,#11245,.T.);
#11241 = VERTEX_POINT('',#11242);
#11242 = CARTESIAN_POINT('',(143.3,58.,-2.22044604925E-16));
#11243 = VERTEX_POINT('',#11244);
#11244 = CARTESIAN_POINT('',(196.7,58.,-2.22044604925E-16));
#11245 = SURFACE_CURVE('',#11246,(#11250,#11257),.PCURVE_S1.);
#11246 = LINE('',#11247,#11248);
#11247 = CARTESIAN_POINT('',(142.3,58.,0.));
#11248 = VECTOR('',#11249,1.);
#11249 = DIRECTION('',(1.,0.,0.));
#11250 = PCURVE('',#11143,#11251);
#11251 = DEFINITIONAL_REPRESENTATION('',(#11252),#11256);
#11252 = LINE('',#11253,#11254);
#11253 = CARTESIAN_POINT('',(0.,0.));
#11254 = VECTOR('',#11255,1.);
#11255 = DIRECTION('',(0.,1.));
#11256 = ( GEOMETRIC_REPRESENTATION_CONTEXT(2) 
PARAMETRIC_REPRESENTATION_CONTEXT() REPRESENTATION_CONTEXT('2D SPACE',''
  ) );
#11257 = PCURVE('',#11258,#11263);
#11258 = PLANE('',#11259);
#11259 = AXIS2_PLACEMENT_3D('',#11260,#11261,#11262);
#11260 = CARTESIAN_POINT('',(142.3,58.,0.));
#11261 = DIRECTION('',(0.,0.,1.));
#11262 = DIRECTION('',(1.,0.,0.));
#11263 = DEFINITIONAL_REPRESENTATION('',(#11264),#11268);
#11264 = LINE('',#11265,#11266);
#11265 = CARTESIAN_POINT('',(0.,0.));
#11266 = VECTOR('',#11267,1.);
#11267 = DIRECTION('',(1.,0.));
#11268 = ( GEOMETRIC_REPRESENTATION_CONTEXT(2) 
PARAMETRIC_REPRESENTATION_CONTEXT() REPRESENTATION_CONTEXT('2D SPACE',''
  ) );
#11269 = ORIENTED_EDGE('',*,*,#11270,.F.);
#11270 = EDGE_CURVE('',#11121,#11241,#11271,.T.);
#11271 = SURFACE_CURVE('',#11272,(#11277,#11288),.PCURVE_S1.);
#11272 = CIRCLE('',#11273,1.);
#11273 = AXIS2_PLACEMENT_3D('',#11274,#11275,#11276);
#11274 = CARTESIAN_POINT('',(143.3,58.,1.));
#11275 = DIRECTION('',(-0.,-1.,0.));
#11276 = DIRECTION('',(0.,-0.,1.));
#11277 = PCURVE('',#11143,#11278);
#11278 = DEFINITIONAL_REPRESENTATION('',(#11279),#11287);
#11279 = ( BOUNDED_CURVE() B_SPLINE_CURVE(2,(#11280,#11281,#11282,#11283
    ,#11284,#11285,#11286),.UNSPECIFIED.,.T.,.F.) 
B_SPLINE_CURVE_WITH_KNOTS((1,2,2,2,2,1),(-2.094395102393,0.,
    2.094395102393,4.188790204786,6.28318530718,8.377580409573),
.UNSPECIFIED.) CURVE() GEOMETRIC_REPRESENTATION_ITEM() 
RATIONAL_B_SPLINE_CURVE((1.,0.5,1.,0.5,1.,0.5,1.)) REPRESENTATION_ITEM(
  '') );
#11280 = CARTESIAN_POINT('',(2.,1.));
#11281 = CARTESIAN_POINT('',(2.,-0.732050807569));
#11282 = CARTESIAN_POINT('',(0.5,0.133974596216));
#11283 = CARTESIAN_POINT('',(-1.,1.));
#11284 = CARTESIAN_POINT('',(0.5,1.866025403784));
#11285 = CARTESIAN_POINT('',(2.,2.732050807569));
#11286 = CARTESIAN_POINT('',(2.,1.));
#11287 = ( GEOMETRIC_REPRESENTATION_CONTEXT(2) 
PARAMETRIC_REPRESENTATION_CONTEXT() REPRESENTATION_CONTEXT('2D SPACE',''
  ) );
#11288 = PCURVE('',#11171,#11289);
#11289 = DEFINITIONAL_REPRESENTATION('',(#11290),#11294);
#11290 = LINE('',#11291,#11292);
#11291 = CARTESIAN_POINT('',(1.570796326795,-0.));
#11292 = VECTOR('',#11293,1.);
#11293 = DIRECTION('',(-1.,0.));
#11294 = ( GEOMETRIC_REPRESENTATION_CONTEXT(2) 
PARAMETRIC_REPRESENTATION_CONTEXT() REPRESENTATION_CONTEXT('2D SPACE',''
  ) );
#11295 = ORIENTED_EDGE('',*,*,#11120,.T.);
#11296 = ORIENTED_EDGE('',*,*,#11297,.T.);
#11297 = EDGE_CURVE('',#11123,#11298,#11300,.T.);
#11298 = VERTEX_POINT('',#11299);
#11299 = CARTESIAN_POINT('',(143.3,58.,59.4));
#11300 = SURFACE_CURVE('',#11301,(#11306,#11313),.PCURVE_S1.);
#11301 = CIRCLE('',#11302,1.);
#11302 = AXIS2_PLACEMENT_3D('',#11303,#11304,#11305);
#11303 = CARTESIAN_POINT('',(143.3,58.,58.4));
#11304 = DIRECTION('',(0.,1.,0.));
#11305 = DIRECTION('',(0.,-0.,1.));
#11306 = PCURVE('',#11143,#11307);
#11307 = DEFINITIONAL_REPRESENTATION('',(#11308),#11312);
#11308 = CIRCLE('',#11309,1.);
#11309 = AXIS2_PLACEMENT_2D('',#11310,#11311);
#11310 = CARTESIAN_POINT('',(58.4,1.));
#11311 = DIRECTION('',(1.,0.));
#11312 = ( GEOMETRIC_REPRESENTATION_CONTEXT(2) 
PARAMETRIC_REPRESENTATION_CONTEXT() REPRESENTATION_CONTEXT('2D SPACE',''
  ) );
#11313 = PCURVE('',#11225,#11314);
#11314 = DEFINITIONAL_REPRESENTATION('',(#11315),#11319);
#11315 = LINE('',#11316,#11317);
#11316 = CARTESIAN_POINT('',(-4.712388980385,0.));
#11317 = VECTOR('',#11318,1.);
#11318 = DIRECTION('',(1.,0.));
#11319 = ( GEOMETRIC_REPRESENTATION_CONTEXT(2) 
PARAMETRIC_REPRESENTATION_CONTEXT() REPRESENTATION_CONTEXT('2D SPACE',''
  ) );
#11320 = ORIENTED_EDGE('',*,*,#11321,.T.);
#11321 = EDGE_CURVE('',#11298,#11322,#11324,.T.);
#11322 = VERTEX_POINT('',#11323);
#11323 = CARTESIAN_POINT('',(196.7,58.,59.4));
#11324 = SURFACE_CURVE('',#11325,(#11329,#11336),.PCURVE_S1.);
#11325 = LINE('',#11326,#11327);
#11326 = CARTESIAN_POINT('',(142.3,58.,59.4));
#11327 = VECTOR('',#11328,1.);
#11328 = DIRECTION('',(1.,0.,0.));
#11329 = PCURVE('',#11143,#11330);
#11330 = DEFINITIONAL_REPRESENTATION('',(#11331),#11335);
#11331 = LINE('',#11332,#11333);
#11332 = CARTESIAN_POINT('',(59.4,0.));
#11333 = VECTOR('',#11334,1.);
#11334 = DIRECTION('',(0.,1.));
#11335 = ( GEOMETRIC_REPRESENTATION_CONTEXT(2) 
PARAMETRIC_REPRESENTATION_CONTEXT() REPRESENTATION_CONTEXT('2D SPACE',''
  ) );
#11336 = PCURVE('',#11337,#11342);
#11337 = PLANE('',#11338);
#11338 = AXIS2_PLACEMENT_3D('',#11339,#11340,#11341);
#11339 = CARTESIAN_POINT('',(142.3,58.,59.4));
#11340 = DIRECTION('',(0.,0.,1.));
#11341 = DIRECTION('',(1.,0.,0.));
#11342 = DEFINITIONAL_REPRESENTATION('',(#11343),#11347);
#11343 = LINE('',#11344,#11345);
#11344 = CARTESIAN_POINT('',(0.,0.));
#11345 = VECTOR('',#11346,1.);
#11346 = DIRECTION('',(1.,0.));
#11347 = ( GEOMETRIC_REPRESENTATION_CONTEXT(2) 
PARAMETRIC_REPRESENTATION_CONTEXT() REPRESENTATION_CONTEXT('2D SPACE',''
  ) );
#11348 = ORIENTED_EDGE('',*,*,#11349,.F.);
#11349 = EDGE_CURVE('',#11350,#11322,#11352,.T.);
#11350 = VERTEX_POINT('',#11351);
#11351 = CARTESIAN_POINT('',(197.7,58.,58.4));
#11352 = SURFACE_CURVE('',#11353,(#11358,#11369),.PCURVE_S1.);
#11353 = CIRCLE('',#11354,1.);
#11354 = AXIS2_PLACEMENT_3D('',#11355,#11356,#11357);
#11355 = CARTESIAN_POINT('',(196.7,58.,58.4));
#11356 = DIRECTION('',(-0.,-1.,0.));
#11357 = DIRECTION('',(0.,-0.,1.));
#11358 = PCURVE('',#11143,#11359);
#11359 = DEFINITIONAL_REPRESENTATION('',(#11360),#11368);
#11360 = ( BOUNDED_CURVE() B_SPLINE_CURVE(2,(#11361,#11362,#11363,#11364
    ,#11365,#11366,#11367),.UNSPECIFIED.,.T.,.F.) 
B_SPLINE_CURVE_WITH_KNOTS((1,2,2,2,2,1),(-2.094395102393,0.,
    2.094395102393,4.188790204786,6.28318530718,8.377580409573),
.UNSPECIFIED.) CURVE() GEOMETRIC_REPRESENTATION_ITEM() 
RATIONAL_B_SPLINE_CURVE((1.,0.5,1.,0.5,1.,0.5,1.)) REPRESENTATION_ITEM(
  '') );
#11361 = CARTESIAN_POINT('',(59.4,54.4));
#11362 = CARTESIAN_POINT('',(59.4,52.667949192431));
#11363 = CARTESIAN_POINT('',(57.9,53.533974596216));
#11364 = CARTESIAN_POINT('',(56.4,54.4));
#11365 = CARTESIAN_POINT('',(57.9,55.266025403784));
#11366 = CARTESIAN_POINT('',(59.4,56.132050807569));
#11367 = CARTESIAN_POINT('',(59.4,54.4));
#11368 = ( GEOMETRIC_REPRESENTATION_CONTEXT(2) 
PARAMETRIC_REPRESENTATION_CONTEXT() REPRESENTATION_CONTEXT('2D SPACE',''
  ) );
#11369 = PCURVE('',#11370,#11375);
#11370 = CYLINDRICAL_SURFACE('',#11371,1.);
#11371 = AXIS2_PLACEMENT_3D('',#11372,#11373,#11374);
#11372 = CARTESIAN_POINT('',(196.7,58.,58.4));
#11373 = DIRECTION('',(0.,1.,0.));
#11374 = DIRECTION('',(1.,0.,-0.));
#11375 = DEFINITIONAL_REPRESENTATION('',(#11376),#11380);
#11376 = LINE('',#11377,#11378);
#11377 = CARTESIAN_POINT('',(4.712388980385,-0.));
#11378 = VECTOR('',#11379,1.);
#11379 = DIRECTION('',(-1.,0.));
#11380 = ( GEOMETRIC_REPRESENTATION_CONTEXT(2) 
PARAMETRIC_REPRESENTATION_CONTEXT() REPRESENTATION_CONTEXT('2D SPACE',''
  ) );
#11381 = ORIENTED_EDGE('',*,*,#11382,.F.);
#11382 = EDGE_CURVE('',#11383,#11350,#11385,.T.);
#11383 = VERTEX_POINT('',#11384);
#11384 = CARTESIAN_POINT('',(197.7,58.,1.));
#11385 = SURFACE_CURVE('',#11386,(#11390,#11397),.PCURVE_S1.);
#11386 = LINE('',#11387,#11388);
#11387 = CARTESIAN_POINT('',(197.7,58.,0.));
#11388 = VECTOR('',#11389,1.);
#11389 = DIRECTION('',(0.,0.,1.));
#11390 = PCURVE('',#11143,#11391);
#11391 = DEFINITIONAL_REPRESENTATION('',(#11392),#11396);
#11392 = LINE('',#11393,#11394);
#11393 = CARTESIAN_POINT('',(0.,55.4));
#11394 = VECTOR('',#11395,1.);
#11395 = DIRECTION('',(1.,0.));
#11396 = ( GEOMETRIC_REPRESENTATION_CONTEXT(2) 
PARAMETRIC_REPRESENTATION_CONTEXT() REPRESENTATION_CONTEXT('2D SPACE',''
  ) );
#11397 = PCURVE('',#11398,#11403);
#11398 = PLANE('',#11399);
#11399 = AXIS2_PLACEMENT_3D('',#11400,#11401,#11402);
#11400 = CARTESIAN_POINT('',(197.7,58.,0.));
#11401 = DIRECTION('',(1.,0.,0.));
#11402 = DIRECTION('',(0.,0.,1.));
#11403 = DEFINITIONAL_REPRESENTATION('',(#11404),#11408);
#11404 = LINE('',#11405,#11406);
#11405 = CARTESIAN_POINT('',(0.,0.));
#11406 = VECTOR('',#11407,1.);
#11407 = DIRECTION('',(1.,0.));
#11408 = ( GEOMETRIC_REPRESENTATION_CONTEXT(2) 
PARAMETRIC_REPRESENTATION_CONTEXT() REPRESENTATION_CONTEXT('2D SPACE',''
  ) );
#11409 = ORIENTED_EDGE('',*,*,#11410,.T.);
#11410 = EDGE_CURVE('',#11383,#11243,#11411,.T.);
#11411 = SURFACE_CURVE('',#11412,(#11417,#11424),.PCURVE_S1.);
#11412 = CIRCLE('',#11413,1.);
#11413 = AXIS2_PLACEMENT_3D('',#11414,#11415,#11416);
#11414 = CARTESIAN_POINT('',(196.7,58.,1.));
#11415 = DIRECTION('',(0.,1.,0.));
#11416 = DIRECTION('',(0.,-0.,1.));
#11417 = PCURVE('',#11143,#11418);
#11418 = DEFINITIONAL_REPRESENTATION('',(#11419),#11423);
#11419 = CIRCLE('',#11420,1.);
#11420 = AXIS2_PLACEMENT_2D('',#11421,#11422);
#11421 = CARTESIAN_POINT('',(1.,54.4));
#11422 = DIRECTION('',(1.,0.));
#11423 = ( GEOMETRIC_REPRESENTATION_CONTEXT(2) 
PARAMETRIC_REPRESENTATION_CONTEXT() REPRESENTATION_CONTEXT('2D SPACE',''
  ) );
#11424 = PCURVE('',#11425,#11430);
#11425 = CYLINDRICAL_SURFACE('',#11426,1.);
#11426 = AXIS2_PLACEMENT_3D('',#11427,#11428,#11429);
#11427 = CARTESIAN_POINT('',(196.7,58.,1.));
#11428 = DIRECTION('',(0.,1.,0.));
#11429 = DIRECTION('',(1.,0.,-0.));
#11430 = DEFINITIONAL_REPRESENTATION('',(#11431),#11435);
#11431 = LINE('',#11432,#11433);
#11432 = CARTESIAN_POINT('',(-1.570796326795,0.));
#11433 = VECTOR('',#11434,1.);
#11434 = DIRECTION('',(1.,0.));
#11435 = ( GEOMETRIC_REPRESENTATION_CONTEXT(2) 
PARAMETRIC_REPRESENTATION_CONTEXT() REPRESENTATION_CONTEXT('2D SPACE',''
  ) );
#11436 = ADVANCED_FACE('',(#11437),#11171,.T.);
#11437 = FACE_BOUND('',#11438,.F.);
#11438 = EDGE_LOOP('',(#11439,#11440,#11463,#11489));
#11439 = ORIENTED_EDGE('',*,*,#11270,.T.);
#11440 = ORIENTED_EDGE('',*,*,#11441,.T.);
#11441 = EDGE_CURVE('',#11241,#11442,#11444,.T.);
#11442 = VERTEX_POINT('',#11443);
#11443 = CARTESIAN_POINT('',(143.3,71.5,-2.22044604925E-16));
#11444 = SURFACE_CURVE('',#11445,(#11449,#11456),.PCURVE_S1.);
#11445 = LINE('',#11446,#11447);
#11446 = CARTESIAN_POINT('',(143.3,58.,-2.22044604925E-16));
#11447 = VECTOR('',#11448,1.);
#11448 = DIRECTION('',(0.,1.,0.));
#11449 = PCURVE('',#11171,#11450);
#11450 = DEFINITIONAL_REPRESENTATION('',(#11451),#11455);
#11451 = LINE('',#11452,#11453);
#11452 = CARTESIAN_POINT('',(-1.570796326795,0.));
#11453 = VECTOR('',#11454,1.);
#11454 = DIRECTION('',(-0.,1.));
#11455 = ( GEOMETRIC_REPRESENTATION_CONTEXT(2) 
PARAMETRIC_REPRESENTATION_CONTEXT() REPRESENTATION_CONTEXT('2D SPACE',''
  ) );
#11456 = PCURVE('',#11258,#11457);
#11457 = DEFINITIONAL_REPRESENTATION('',(#11458),#11462);
#11458 = LINE('',#11459,#11460);
#11459 = CARTESIAN_POINT('',(1.,0.));
#11460 = VECTOR('',#11461,1.);
#11461 = DIRECTION('',(0.,1.));
#11462 = ( GEOMETRIC_REPRESENTATION_CONTEXT(2) 
PARAMETRIC_REPRESENTATION_CONTEXT() REPRESENTATION_CONTEXT('2D SPACE',''
  ) );
#11463 = ORIENTED_EDGE('',*,*,#11464,.F.);
#11464 = EDGE_CURVE('',#11156,#11442,#11465,.T.);
#11465 = SURFACE_CURVE('',#11466,(#11471,#11478),.PCURVE_S1.);
#11466 = CIRCLE('',#11467,1.);
#11467 = AXIS2_PLACEMENT_3D('',#11468,#11469,#11470);
#11468 = CARTESIAN_POINT('',(143.3,71.5,1.));
#11469 = DIRECTION('',(-0.,-1.,0.));
#11470 = DIRECTION('',(0.,-0.,1.));
#11471 = PCURVE('',#11171,#11472);
#11472 = DEFINITIONAL_REPRESENTATION('',(#11473),#11477);
#11473 = LINE('',#11474,#11475);
#11474 = CARTESIAN_POINT('',(1.570796326795,13.5));
#11475 = VECTOR('',#11476,1.);
#11476 = DIRECTION('',(-1.,0.));
#11477 = ( GEOMETRIC_REPRESENTATION_CONTEXT(2) 
PARAMETRIC_REPRESENTATION_CONTEXT() REPRESENTATION_CONTEXT('2D SPACE',''
  ) );
#11478 = PCURVE('',#11199,#11479);
#11479 = DEFINITIONAL_REPRESENTATION('',(#11480),#11488);
#11480 = ( BOUNDED_CURVE() B_SPLINE_CURVE(2,(#11481,#11482,#11483,#11484
    ,#11485,#11486,#11487),.UNSPECIFIED.,.T.,.F.) 
B_SPLINE_CURVE_WITH_KNOTS((1,2,2,2,2,1),(-2.094395102393,0.,
    2.094395102393,4.188790204786,6.28318530718,8.377580409573),
.UNSPECIFIED.) CURVE() GEOMETRIC_REPRESENTATION_ITEM() 
RATIONAL_B_SPLINE_CURVE((1.,0.5,1.,0.5,1.,0.5,1.)) REPRESENTATION_ITEM(
  '') );
#11481 = CARTESIAN_POINT('',(2.,1.));
#11482 = CARTESIAN_POINT('',(2.,-0.732050807569));
#11483 = CARTESIAN_POINT('',(0.5,0.133974596216));
#11484 = CARTESIAN_POINT('',(-1.,1.));
#11485 = CARTESIAN_POINT('',(0.5,1.866025403784));
#11486 = CARTESIAN_POINT('',(2.,2.732050807569));
#11487 = CARTESIAN_POINT('',(2.,1.));
#11488 = ( GEOMETRIC_REPRESENTATION_CONTEXT(2) 
PARAMETRIC_REPRESENTATION_CONTEXT() REPRESENTATION_CONTEXT('2D SPACE',''
  ) );
#11489 = ORIENTED_EDGE('',*,*,#11155,.F.);
#11490 = ADVANCED_FACE('',(#11491),#11225,.T.);
#11491 = FACE_BOUND('',#11492,.T.);
#11492 = EDGE_LOOP('',(#11493,#11494,#11517,#11539));
#11493 = ORIENTED_EDGE('',*,*,#11297,.T.);
#11494 = ORIENTED_EDGE('',*,*,#11495,.T.);
#11495 = EDGE_CURVE('',#11298,#11496,#11498,.T.);
#11496 = VERTEX_POINT('',#11497);
#11497 = CARTESIAN_POINT('',(143.3,71.5,59.4));
#11498 = SURFACE_CURVE('',#11499,(#11503,#11510),.PCURVE_S1.);
#11499 = LINE('',#11500,#11501);
#11500 = CARTESIAN_POINT('',(143.3,58.,59.4));
#11501 = VECTOR('',#11502,1.);
#11502 = DIRECTION('',(0.,1.,0.));
#11503 = PCURVE('',#11225,#11504);
#11504 = DEFINITIONAL_REPRESENTATION('',(#11505),#11509);
#11505 = LINE('',#11506,#11507);
#11506 = CARTESIAN_POINT('',(1.570796326795,0.));
#11507 = VECTOR('',#11508,1.);
#11508 = DIRECTION('',(0.,1.));
#11509 = ( GEOMETRIC_REPRESENTATION_CONTEXT(2) 
PARAMETRIC_REPRESENTATION_CONTEXT() REPRESENTATION_CONTEXT('2D SPACE',''
  ) );
#11510 = PCURVE('',#11337,#11511);
#11511 = DEFINITIONAL_REPRESENTATION('',(#11512),#11516);
#11512 = LINE('',#11513,#11514);
#11513 = CARTESIAN_POINT('',(1.,0.));
#11514 = VECTOR('',#11515,1.);
#11515 = DIRECTION('',(0.,1.));
#11516 = ( GEOMETRIC_REPRESENTATION_CONTEXT(2) 
PARAMETRIC_REPRESENTATION_CONTEXT() REPRESENTATION_CONTEXT('2D SPACE',''
  ) );
#11517 = ORIENTED_EDGE('',*,*,#11518,.F.);
#11518 = EDGE_CURVE('',#11184,#11496,#11519,.T.);
#11519 = SURFACE_CURVE('',#11520,(#11525,#11532),.PCURVE_S1.);
#11520 = CIRCLE('',#11521,1.);
#11521 = AXIS2_PLACEMENT_3D('',#11522,#11523,#11524);
#11522 = CARTESIAN_POINT('',(143.3,71.5,58.4));
#11523 = DIRECTION('',(0.,1.,0.));
#11524 = DIRECTION('',(0.,-0.,1.));
#11525 = PCURVE('',#11225,#11526);
#11526 = DEFINITIONAL_REPRESENTATION('',(#11527),#11531);
#11527 = LINE('',#11528,#11529);
#11528 = CARTESIAN_POINT('',(-4.712388980385,13.5));
#11529 = VECTOR('',#11530,1.);
#11530 = DIRECTION('',(1.,0.));
#11531 = ( GEOMETRIC_REPRESENTATION_CONTEXT(2) 
PARAMETRIC_REPRESENTATION_CONTEXT() REPRESENTATION_CONTEXT('2D SPACE',''
  ) );
#11532 = PCURVE('',#11199,#11533);
#11533 = DEFINITIONAL_REPRESENTATION('',(#11534),#11538);
#11534 = CIRCLE('',#11535,1.);
#11535 = AXIS2_PLACEMENT_2D('',#11536,#11537);
#11536 = CARTESIAN_POINT('',(58.4,1.));
#11537 = DIRECTION('',(1.,0.));
#11538 = ( GEOMETRIC_REPRESENTATION_CONTEXT(2) 
PARAMETRIC_REPRESENTATION_CONTEXT() REPRESENTATION_CONTEXT('2D SPACE',''
  ) );
#11539 = ORIENTED_EDGE('',*,*,#11211,.F.);
#11540 = ADVANCED_FACE('',(#11541),#11199,.T.);
#11541 = FACE_BOUND('',#11542,.T.);
#11542 = EDGE_LOOP('',(#11543,#11566,#11567,#11568,#11569,#11592,#11620,
    #11643));
#11543 = ORIENTED_EDGE('',*,*,#11544,.F.);
#11544 = EDGE_CURVE('',#11442,#11545,#11547,.T.);
#11545 = VERTEX_POINT('',#11546);
#11546 = CARTESIAN_POINT('',(196.7,71.5,-2.22044604925E-16));
#11547 = SURFACE_CURVE('',#11548,(#11552,#11559),.PCURVE_S1.);
#11548 = LINE('',#11549,#11550);
#11549 = CARTESIAN_POINT('',(142.3,71.5,0.));
#11550 = VECTOR('',#11551,1.);
#11551 = DIRECTION('',(1.,0.,0.));
#11552 = PCURVE('',#11199,#11553);
#11553 = DEFINITIONAL_REPRESENTATION('',(#11554),#11558);
#11554 = LINE('',#11555,#11556);
#11555 = CARTESIAN_POINT('',(0.,0.));
#11556 = VECTOR('',#11557,1.);
#11557 = DIRECTION('',(0.,1.));
#11558 = ( GEOMETRIC_REPRESENTATION_CONTEXT(2) 
PARAMETRIC_REPRESENTATION_CONTEXT() REPRESENTATION_CONTEXT('2D SPACE',''
  ) );
#11559 = PCURVE('',#11258,#11560);
#11560 = DEFINITIONAL_REPRESENTATION('',(#11561),#11565);
#11561 = LINE('',#11562,#11563);
#11562 = CARTESIAN_POINT('',(0.,13.5));
#11563 = VECTOR('',#11564,1.);
#11564 = DIRECTION('',(1.,0.));
#11565 = ( GEOMETRIC_REPRESENTATION_CONTEXT(2) 
PARAMETRIC_REPRESENTATION_CONTEXT() REPRESENTATION_CONTEXT('2D SPACE',''
  ) );
#11566 = ORIENTED_EDGE('',*,*,#11464,.F.);
#11567 = ORIENTED_EDGE('',*,*,#11183,.T.);
#11568 = ORIENTED_EDGE('',*,*,#11518,.T.);
#11569 = ORIENTED_EDGE('',*,*,#11570,.T.);
#11570 = EDGE_CURVE('',#11496,#11571,#11573,.T.);
#11571 = VERTEX_POINT('',#11572);
#11572 = CARTESIAN_POINT('',(196.7,71.5,59.4));
#11573 = SURFACE_CURVE('',#11574,(#11578,#11585),.PCURVE_S1.);
#11574 = LINE('',#11575,#11576);
#11575 = CARTESIAN_POINT('',(142.3,71.5,59.4));
#11576 = VECTOR('',#11577,1.);
#11577 = DIRECTION('',(1.,0.,0.));
#11578 = PCURVE('',#11199,#11579);
#11579 = DEFINITIONAL_REPRESENTATION('',(#11580),#11584);
#11580 = LINE('',#11581,#11582);
#11581 = CARTESIAN_POINT('',(59.4,0.));
#11582 = VECTOR('',#11583,1.);
#11583 = DIRECTION('',(0.,1.));
#11584 = ( GEOMETRIC_REPRESENTATION_CONTEXT(2) 
PARAMETRIC_REPRESENTATION_CONTEXT() REPRESENTATION_CONTEXT('2D SPACE',''
  ) );
#11585 = PCURVE('',#11337,#11586);
#11586 = DEFINITIONAL_REPRESENTATION('',(#11587),#11591);
#11587 = LINE('',#11588,#11589);
#11588 = CARTESIAN_POINT('',(0.,13.5));
#11589 = VECTOR('',#11590,1.);
#11590 = DIRECTION('',(1.,0.));
#11591 = ( GEOMETRIC_REPRESENTATION_CONTEXT(2) 
PARAMETRIC_REPRESENTATION_CONTEXT() REPRESENTATION_CONTEXT('2D SPACE',''
  ) );
#11592 = ORIENTED_EDGE('',*,*,#11593,.F.);
#11593 = EDGE_CURVE('',#11594,#11571,#11596,.T.);
#11594 = VERTEX_POINT('',#11595);
#11595 = CARTESIAN_POINT('',(197.7,71.5,58.4));
#11596 = SURFACE_CURVE('',#11597,(#11602,#11613),.PCURVE_S1.);
#11597 = CIRCLE('',#11598,1.);
#11598 = AXIS2_PLACEMENT_3D('',#11599,#11600,#11601);
#11599 = CARTESIAN_POINT('',(196.7,71.5,58.4));
#11600 = DIRECTION('',(-0.,-1.,0.));
#11601 = DIRECTION('',(0.,-0.,1.));
#11602 = PCURVE('',#11199,#11603);
#11603 = DEFINITIONAL_REPRESENTATION('',(#11604),#11612);
#11604 = ( BOUNDED_CURVE() B_SPLINE_CURVE(2,(#11605,#11606,#11607,#11608
    ,#11609,#11610,#11611),.UNSPECIFIED.,.T.,.F.) 
B_SPLINE_CURVE_WITH_KNOTS((1,2,2,2,2,1),(-2.094395102393,0.,
    2.094395102393,4.188790204786,6.28318530718,8.377580409573),
.UNSPECIFIED.) CURVE() GEOMETRIC_REPRESENTATION_ITEM() 
RATIONAL_B_SPLINE_CURVE((1.,0.5,1.,0.5,1.,0.5,1.)) REPRESENTATION_ITEM(
  '') );
#11605 = CARTESIAN_POINT('',(59.4,54.4));
#11606 = CARTESIAN_POINT('',(59.4,52.667949192431));
#11607 = CARTESIAN_POINT('',(57.9,53.533974596216));
#11608 = CARTESIAN_POINT('',(56.4,54.4));
#11609 = CARTESIAN_POINT('',(57.9,55.266025403784));
#11610 = CARTESIAN_POINT('',(59.4,56.132050807569));
#11611 = CARTESIAN_POINT('',(59.4,54.4));
#11612 = ( GEOMETRIC_REPRESENTATION_CONTEXT(2) 
PARAMETRIC_REPRESENTATION_CONTEXT() REPRESENTATION_CONTEXT('2D SPACE',''
  ) );
#11613 = PCURVE('',#11370,#11614);
#11614 = DEFINITIONAL_REPRESENTATION('',(#11615),#11619);
#11615 = LINE('',#11616,#11617);
#11616 = CARTESIAN_POINT('',(4.712388980385,13.5));
#11617 = VECTOR('',#11618,1.);
#11618 = DIRECTION('',(-1.,0.));
#11619 = ( GEOMETRIC_REPRESENTATION_CONTEXT(2) 
PARAMETRIC_REPRESENTATION_CONTEXT() REPRESENTATION_CONTEXT('2D SPACE',''
  ) );
#11620 = ORIENTED_EDGE('',*,*,#11621,.F.);
#11621 = EDGE_CURVE('',#11622,#11594,#11624,.T.);
#11622 = VERTEX_POINT('',#11623);
#11623 = CARTESIAN_POINT('',(197.7,71.5,1.));
#11624 = SURFACE_CURVE('',#11625,(#11629,#11636),.PCURVE_S1.);
#11625 = LINE('',#11626,#11627);
#11626 = CARTESIAN_POINT('',(197.7,71.5,0.));
#11627 = VECTOR('',#11628,1.);
#11628 = DIRECTION('',(0.,0.,1.));
#11629 = PCURVE('',#11199,#11630);
#11630 = DEFINITIONAL_REPRESENTATION('',(#11631),#11635);
#11631 = LINE('',#11632,#11633);
#11632 = CARTESIAN_POINT('',(0.,55.4));
#11633 = VECTOR('',#11634,1.);
#11634 = DIRECTION('',(1.,0.));
#11635 = ( GEOMETRIC_REPRESENTATION_CONTEXT(2) 
PARAMETRIC_REPRESENTATION_CONTEXT() REPRESENTATION_CONTEXT('2D SPACE',''
  ) );
#11636 = PCURVE('',#11398,#11637);
#11637 = DEFINITIONAL_REPRESENTATION('',(#11638),#11642);
#11638 = LINE('',#11639,#11640);
#11639 = CARTESIAN_POINT('',(0.,-13.5));
#11640 = VECTOR('',#11641,1.);
#11641 = DIRECTION('',(1.,0.));
#11642 = ( GEOMETRIC_REPRESENTATION_CONTEXT(2) 
PARAMETRIC_REPRESENTATION_CONTEXT() REPRESENTATION_CONTEXT('2D SPACE',''
  ) );
#11643 = ORIENTED_EDGE('',*,*,#11644,.T.);
#11644 = EDGE_CURVE('',#11622,#11545,#11645,.T.);
#11645 = SURFACE_CURVE('',#11646,(#11651,#11658),.PCURVE_S1.);
#11646 = CIRCLE('',#11647,1.);
#11647 = AXIS2_PLACEMENT_3D('',#11648,#11649,#11650);
#11648 = CARTESIAN_POINT('',(196.7,71.5,1.));
#11649 = DIRECTION('',(0.,1.,0.));
#11650 = DIRECTION('',(0.,-0.,1.));
#11651 = PCURVE('',#11199,#11652);
#11652 = DEFINITIONAL_REPRESENTATION('',(#11653),#11657);
#11653 = CIRCLE('',#11654,1.);
#11654 = AXIS2_PLACEMENT_2D('',#11655,#11656);
#11655 = CARTESIAN_POINT('',(1.,54.4));
#11656 = DIRECTION('',(1.,0.));
#11657 = ( GEOMETRIC_REPRESENTATION_CONTEXT(2) 
PARAMETRIC_REPRESENTATION_CONTEXT() REPRESENTATION_CONTEXT('2D SPACE',''
  ) );
#11658 = PCURVE('',#11425,#11659);
#11659 = DEFINITIONAL_REPRESENTATION('',(#11660),#11664);
#11660 = LINE('',#11661,#11662);
#11661 = CARTESIAN_POINT('',(-1.570796326795,13.5));
#11662 = VECTOR('',#11663,1.);
#11663 = DIRECTION('',(1.,0.));
#11664 = ( GEOMETRIC_REPRESENTATION_CONTEXT(2) 
PARAMETRIC_REPRESENTATION_CONTEXT() REPRESENTATION_CONTEXT('2D SPACE',''
  ) );
#11665 = ADVANCED_FACE('',(#11666),#11258,.F.);
#11666 = FACE_BOUND('',#11667,.F.);
#11667 = EDGE_LOOP('',(#11668,#11669,#11670,#11671));
#11668 = ORIENTED_EDGE('',*,*,#11544,.F.);
#11669 = ORIENTED_EDGE('',*,*,#11441,.F.);
#11670 = ORIENTED_EDGE('',*,*,#11240,.T.);
#11671 = ORIENTED_EDGE('',*,*,#11672,.T.);
#11672 = EDGE_CURVE('',#11243,#11545,#11673,.T.);
#11673 = SURFACE_CURVE('',#11674,(#11678,#11685),.PCURVE_S1.);
#11674 = LINE('',#11675,#11676);
#11675 = CARTESIAN_POINT('',(196.7,58.,-2.22044604925E-16));
#11676 = VECTOR('',#11677,1.);
#11677 = DIRECTION('',(0.,1.,0.));
#11678 = PCURVE('',#11258,#11679);
#11679 = DEFINITIONAL_REPRESENTATION('',(#11680),#11684);
#11680 = LINE('',#11681,#11682);
#11681 = CARTESIAN_POINT('',(54.4,0.));
#11682 = VECTOR('',#11683,1.);
#11683 = DIRECTION('',(0.,1.));
#11684 = ( GEOMETRIC_REPRESENTATION_CONTEXT(2) 
PARAMETRIC_REPRESENTATION_CONTEXT() REPRESENTATION_CONTEXT('2D SPACE',''
  ) );
#11685 = PCURVE('',#11425,#11686);
#11686 = DEFINITIONAL_REPRESENTATION('',(#11687),#11691);
#11687 = LINE('',#11688,#11689);
#11688 = CARTESIAN_POINT('',(1.570796326795,0.));
#11689 = VECTOR('',#11690,1.);
#11690 = DIRECTION('',(0.,1.));
#11691 = ( GEOMETRIC_REPRESENTATION_CONTEXT(2) 
PARAMETRIC_REPRESENTATION_CONTEXT() REPRESENTATION_CONTEXT('2D SPACE',''
  ) );
#11692 = ADVANCED_FACE('',(#11693),#11425,.T.);
#11693 = FACE_BOUND('',#11694,.T.);
#11694 = EDGE_LOOP('',(#11695,#11696,#11697,#11698));
#11695 = ORIENTED_EDGE('',*,*,#11410,.T.);
#11696 = ORIENTED_EDGE('',*,*,#11672,.T.);
#11697 = ORIENTED_EDGE('',*,*,#11644,.F.);
#11698 = ORIENTED_EDGE('',*,*,#11699,.F.);
#11699 = EDGE_CURVE('',#11383,#11622,#11700,.T.);
#11700 = SURFACE_CURVE('',#11701,(#11705,#11712),.PCURVE_S1.);
#11701 = LINE('',#11702,#11703);
#11702 = CARTESIAN_POINT('',(197.7,58.,1.));
#11703 = VECTOR('',#11704,1.);
#11704 = DIRECTION('',(0.,1.,0.));
#11705 = PCURVE('',#11425,#11706);
#11706 = DEFINITIONAL_REPRESENTATION('',(#11707),#11711);
#11707 = LINE('',#11708,#11709);
#11708 = CARTESIAN_POINT('',(0.,0.));
#11709 = VECTOR('',#11710,1.);
#11710 = DIRECTION('',(0.,1.));
#11711 = ( GEOMETRIC_REPRESENTATION_CONTEXT(2) 
PARAMETRIC_REPRESENTATION_CONTEXT() REPRESENTATION_CONTEXT('2D SPACE',''
  ) );
#11712 = PCURVE('',#11398,#11713);
#11713 = DEFINITIONAL_REPRESENTATION('',(#11714),#11718);
#11714 = LINE('',#11715,#11716);
#11715 = CARTESIAN_POINT('',(1.,0.));
#11716 = VECTOR('',#11717,1.);
#11717 = DIRECTION('',(0.,-1.));
#11718 = ( GEOMETRIC_REPRESENTATION_CONTEXT(2) 
PARAMETRIC_REPRESENTATION_CONTEXT() REPRESENTATION_CONTEXT('2D SPACE',''
  ) );
#11719 = ADVANCED_FACE('',(#11720),#11398,.T.);
#11720 = FACE_BOUND('',#11721,.T.);
#11721 = EDGE_LOOP('',(#11722,#11723,#11724,#11725));
#11722 = ORIENTED_EDGE('',*,*,#11382,.F.);
#11723 = ORIENTED_EDGE('',*,*,#11699,.T.);
#11724 = ORIENTED_EDGE('',*,*,#11621,.T.);
#11725 = ORIENTED_EDGE('',*,*,#11726,.F.);
#11726 = EDGE_CURVE('',#11350,#11594,#11727,.T.);
#11727 = SURFACE_CURVE('',#11728,(#11732,#11739),.PCURVE_S1.);
#11728 = LINE('',#11729,#11730);
#11729 = CARTESIAN_POINT('',(197.7,58.,58.4));
#11730 = VECTOR('',#11731,1.);
#11731 = DIRECTION('',(0.,1.,0.));
#11732 = PCURVE('',#11398,#11733);
#11733 = DEFINITIONAL_REPRESENTATION('',(#11734),#11738);
#11734 = LINE('',#11735,#11736);
#11735 = CARTESIAN_POINT('',(58.4,0.));
#11736 = VECTOR('',#11737,1.);
#11737 = DIRECTION('',(0.,-1.));
#11738 = ( GEOMETRIC_REPRESENTATION_CONTEXT(2) 
PARAMETRIC_REPRESENTATION_CONTEXT() REPRESENTATION_CONTEXT('2D SPACE',''
  ) );
#11739 = PCURVE('',#11370,#11740);
#11740 = DEFINITIONAL_REPRESENTATION('',(#11741),#11745);
#11741 = LINE('',#11742,#11743);
#11742 = CARTESIAN_POINT('',(-0.,0.));
#11743 = VECTOR('',#11744,1.);
#11744 = DIRECTION('',(-0.,1.));
#11745 = ( GEOMETRIC_REPRESENTATION_CONTEXT(2) 
PARAMETRIC_REPRESENTATION_CONTEXT() REPRESENTATION_CONTEXT('2D SPACE',''
  ) );
#11746 = ADVANCED_FACE('',(#11747),#11370,.T.);
#11747 = FACE_BOUND('',#11748,.F.);
#11748 = EDGE_LOOP('',(#11749,#11750,#11771,#11772));
#11749 = ORIENTED_EDGE('',*,*,#11349,.T.);
#11750 = ORIENTED_EDGE('',*,*,#11751,.T.);
#11751 = EDGE_CURVE('',#11322,#11571,#11752,.T.);
#11752 = SURFACE_CURVE('',#11753,(#11757,#11764),.PCURVE_S1.);
#11753 = LINE('',#11754,#11755);
#11754 = CARTESIAN_POINT('',(196.7,58.,59.4));
#11755 = VECTOR('',#11756,1.);
#11756 = DIRECTION('',(0.,1.,0.));
#11757 = PCURVE('',#11370,#11758);
#11758 = DEFINITIONAL_REPRESENTATION('',(#11759),#11763);
#11759 = LINE('',#11760,#11761);
#11760 = CARTESIAN_POINT('',(-1.570796326795,0.));
#11761 = VECTOR('',#11762,1.);
#11762 = DIRECTION('',(-0.,1.));
#11763 = ( GEOMETRIC_REPRESENTATION_CONTEXT(2) 
PARAMETRIC_REPRESENTATION_CONTEXT() REPRESENTATION_CONTEXT('2D SPACE',''
  ) );
#11764 = PCURVE('',#11337,#11765);
#11765 = DEFINITIONAL_REPRESENTATION('',(#11766),#11770);
#11766 = LINE('',#11767,#11768);
#11767 = CARTESIAN_POINT('',(54.4,0.));
#11768 = VECTOR('',#11769,1.);
#11769 = DIRECTION('',(0.,1.));
#11770 = ( GEOMETRIC_REPRESENTATION_CONTEXT(2) 
PARAMETRIC_REPRESENTATION_CONTEXT() REPRESENTATION_CONTEXT('2D SPACE',''
  ) );
#11771 = ORIENTED_EDGE('',*,*,#11593,.F.);
#11772 = ORIENTED_EDGE('',*,*,#11726,.F.);
#11773 = ADVANCED_FACE('',(#11774),#11337,.T.);
#11774 = FACE_BOUND('',#11775,.T.);
#11775 = EDGE_LOOP('',(#11776,#11777,#11778,#11779));
#11776 = ORIENTED_EDGE('',*,*,#11570,.F.);
#11777 = ORIENTED_EDGE('',*,*,#11495,.F.);
#11778 = ORIENTED_EDGE('',*,*,#11321,.T.);
#11779 = ORIENTED_EDGE('',*,*,#11751,.T.);
#11780 = ( GEOMETRIC_REPRESENTATION_CONTEXT(3) 
GLOBAL_UNCERTAINTY_ASSIGNED_CONTEXT((#11784)) 
GLOBAL_UNIT_ASSIGNED_CONTEXT((#11781,#11782,#11783)) 
REPRESENTATION_CONTEXT('Context #1',
  '3D Context with UNIT and UNCERTAINTY') );
#11781 = ( LENGTH_UNIT() NAMED_UNIT(*) SI_UNIT(.MILLI.,.METRE.) );
#11782 = ( NAMED_UNIT(*) PLANE_ANGLE_UNIT() SI_UNIT($,.RADIAN.) );
#11783 = ( NAMED_UNIT(*) SI_UNIT($,.STERADIAN.) SOLID_ANGLE_UNIT() );
#11784 = UNCERTAINTY_MEASURE_WITH_UNIT(LENGTH_MEASURE(1.E-07),#11781,
  'distance_accuracy_value','confusion accuracy');
#11785 = CONTEXT_DEPENDENT_SHAPE_REPRESENTATION(#11786,#11788);
#11786 = ( REPRESENTATION_RELATIONSHIP('','',#11113,#10) 
REPRESENTATION_RELATIONSHIP_WITH_TRANSFORMATION(#11787) 
SHAPE_REPRESENTATION_RELATIONSHIP() );
#11787 = ITEM_DEFINED_TRANSFORMATION('','',#11,#71);
#11788 = PRODUCT_DEFINITION_SHAPE('Placement','Placement of an item',
  #11789);
#11789 = NEXT_ASSEMBLY_USAGE_OCCURRENCE('17','spk_filler','',#5,#11108,$
  );
#11790 = PRODUCT_RELATED_PRODUCT_CATEGORY('part',$,(#11110));
#11791 = SHAPE_DEFINITION_REPRESENTATION(#11792,#11798);
#11792 = PRODUCT_DEFINITION_SHAPE('','',#11793);
#11793 = PRODUCT_DEFINITION('design','',#11794,#11797);
#11794 = PRODUCT_DEFINITION_FORMATION('','',#11795);
#11795 = PRODUCT('lamp_cradle','lamp_cradle','',(#11796));
#11796 = PRODUCT_CONTEXT('',#2,'mechanical');
#11797 = PRODUCT_DEFINITION_CONTEXT('part definition',#2,'design');
#11798 = ADVANCED_BREP_SHAPE_REPRESENTATION('',(#11,#11799),#13713);
#11799 = MANIFOLD_SOLID_BREP('',#11800);
#11800 = CLOSED_SHELL('',(#11801,#11921,#12281,#12436,#12485,#12598,
    #12692,#12739,#12786,#12884,#13039,#13174,#13201,#13260,#13319,
    #13346,#13373,#13400,#13407,#13484,#13511,#13538,#13565,#13592,
    #13599,#13629,#13659,#13686));
#11801 = ADVANCED_FACE('',(#11802),#11816,.F.);
#11802 = FACE_BOUND('',#11803,.F.);
#11803 = EDGE_LOOP('',(#11804,#11839,#11867,#11895));
#11804 = ORIENTED_EDGE('',*,*,#11805,.F.);
#11805 = EDGE_CURVE('',#11806,#11808,#11810,.T.);
#11806 = VERTEX_POINT('',#11807);
#11807 = CARTESIAN_POINT('',(-77.,-157.1,29.9));
#11808 = VERTEX_POINT('',#11809);
#11809 = CARTESIAN_POINT('',(-77.,-72.9,29.9));
#11810 = SURFACE_CURVE('',#11811,(#11815,#11827),.PCURVE_S1.);
#11811 = LINE('',#11812,#11813);
#11812 = CARTESIAN_POINT('',(-77.,-157.1,29.9));
#11813 = VECTOR('',#11814,1.);
#11814 = DIRECTION('',(0.,1.,0.));
#11815 = PCURVE('',#11816,#11821);
#11816 = PLANE('',#11817);
#11817 = AXIS2_PLACEMENT_3D('',#11818,#11819,#11820);
#11818 = CARTESIAN_POINT('',(-77.,-157.1,0.));
#11819 = DIRECTION('',(1.,0.,0.));
#11820 = DIRECTION('',(0.,0.,1.));
#11821 = DEFINITIONAL_REPRESENTATION('',(#11822),#11826);
#11822 = LINE('',#11823,#11824);
#11823 = CARTESIAN_POINT('',(29.9,0.));
#11824 = VECTOR('',#11825,1.);
#11825 = DIRECTION('',(0.,-1.));
#11826 = ( GEOMETRIC_REPRESENTATION_CONTEXT(2) 
PARAMETRIC_REPRESENTATION_CONTEXT() REPRESENTATION_CONTEXT('2D SPACE',''
  ) );
#11827 = PCURVE('',#11828,#11833);
#11828 = PLANE('',#11829);
#11829 = AXIS2_PLACEMENT_3D('',#11830,#11831,#11832);
#11830 = CARTESIAN_POINT('',(-77.,-157.1,29.9));
#11831 = DIRECTION('',(0.,0.,1.));
#11832 = DIRECTION('',(1.,0.,0.));
#11833 = DEFINITIONAL_REPRESENTATION('',(#11834),#11838);
#11834 = LINE('',#11835,#11836);
#11835 = CARTESIAN_POINT('',(0.,0.));
#11836 = VECTOR('',#11837,1.);
#11837 = DIRECTION('',(0.,1.));
#11838 = ( GEOMETRIC_REPRESENTATION_CONTEXT(2) 
PARAMETRIC_REPRESENTATION_CONTEXT() REPRESENTATION_CONTEXT('2D SPACE',''
  ) );
#11839 = ORIENTED_EDGE('',*,*,#11840,.F.);
#11840 = EDGE_CURVE('',#11841,#11806,#11843,.T.);
#11841 = VERTEX_POINT('',#11842);
#11842 = CARTESIAN_POINT('',(-77.,-157.1,0.));
#11843 = SURFACE_CURVE('',#11844,(#11848,#11855),.PCURVE_S1.);
#11844 = LINE('',#11845,#11846);
#11845 = CARTESIAN_POINT('',(-77.,-157.1,0.));
#11846 = VECTOR('',#11847,1.);
#11847 = DIRECTION('',(0.,0.,1.));
#11848 = PCURVE('',#11816,#11849);
#11849 = DEFINITIONAL_REPRESENTATION('',(#11850),#11854);
#11850 = LINE('',#11851,#11852);
#11851 = CARTESIAN_POINT('',(0.,0.));
#11852 = VECTOR('',#11853,1.);
#11853 = DIRECTION('',(1.,0.));
#11854 = ( GEOMETRIC_REPRESENTATION_CONTEXT(2) 
PARAMETRIC_REPRESENTATION_CONTEXT() REPRESENTATION_CONTEXT('2D SPACE',''
  ) );
#11855 = PCURVE('',#11856,#11861);
#11856 = PLANE('',#11857);
#11857 = AXIS2_PLACEMENT_3D('',#11858,#11859,#11860);
#11858 = CARTESIAN_POINT('',(-77.,-157.1,0.));
#11859 = DIRECTION('',(0.,1.,0.));
#11860 = DIRECTION('',(0.,0.,1.));
#11861 = DEFINITIONAL_REPRESENTATION('',(#11862),#11866);
#11862 = LINE('',#11863,#11864);
#11863 = CARTESIAN_POINT('',(0.,0.));
#11864 = VECTOR('',#11865,1.);
#11865 = DIRECTION('',(1.,0.));
#11866 = ( GEOMETRIC_REPRESENTATION_CONTEXT(2) 
PARAMETRIC_REPRESENTATION_CONTEXT() REPRESENTATION_CONTEXT('2D SPACE',''
  ) );
#11867 = ORIENTED_EDGE('',*,*,#11868,.T.);
#11868 = EDGE_CURVE('',#11841,#11869,#11871,.T.);
#11869 = VERTEX_POINT('',#11870);
#11870 = CARTESIAN_POINT('',(-77.,-72.9,0.));
#11871 = SURFACE_CURVE('',#11872,(#11876,#11883),.PCURVE_S1.);
#11872 = LINE('',#11873,#11874);
#11873 = CARTESIAN_POINT('',(-77.,-157.1,0.));
#11874 = VECTOR('',#11875,1.);
#11875 = DIRECTION('',(0.,1.,0.));
#11876 = PCURVE('',#11816,#11877);
#11877 = DEFINITIONAL_REPRESENTATION('',(#11878),#11882);
#11878 = LINE('',#11879,#11880);
#11879 = CARTESIAN_POINT('',(0.,0.));
#11880 = VECTOR('',#11881,1.);
#11881 = DIRECTION('',(0.,-1.));
#11882 = ( GEOMETRIC_REPRESENTATION_CONTEXT(2) 
PARAMETRIC_REPRESENTATION_CONTEXT() REPRESENTATION_CONTEXT('2D SPACE',''
  ) );
#11883 = PCURVE('',#11884,#11889);
#11884 = PLANE('',#11885);
#11885 = AXIS2_PLACEMENT_3D('',#11886,#11887,#11888);
#11886 = CARTESIAN_POINT('',(-77.,-157.1,0.));
#11887 = DIRECTION('',(0.,0.,1.));
#11888 = DIRECTION('',(1.,0.,0.));
#11889 = DEFINITIONAL_REPRESENTATION('',(#11890),#11894);
#11890 = LINE('',#11891,#11892);
#11891 = CARTESIAN_POINT('',(0.,0.));
#11892 = VECTOR('',#11893,1.);
#11893 = DIRECTION('',(0.,1.));
#11894 = ( GEOMETRIC_REPRESENTATION_CONTEXT(2) 
PARAMETRIC_REPRESENTATION_CONTEXT() REPRESENTATION_CONTEXT('2D SPACE',''
  ) );
#11895 = ORIENTED_EDGE('',*,*,#11896,.T.);
#11896 = EDGE_CURVE('',#11869,#11808,#11897,.T.);
#11897 = SURFACE_CURVE('',#11898,(#11902,#11909),.PCURVE_S1.);
#11898 = LINE('',#11899,#11900);
#11899 = CARTESIAN_POINT('',(-77.,-72.9,0.));
#11900 = VECTOR('',#11901,1.);
#11901 = DIRECTION('',(0.,0.,1.));
#11902 = PCURVE('',#11816,#11903);
#11903 = DEFINITIONAL_REPRESENTATION('',(#11904),#11908);
#11904 = LINE('',#11905,#11906);
#11905 = CARTESIAN_POINT('',(0.,-84.2));
#11906 = VECTOR('',#11907,1.);
#11907 = DIRECTION('',(1.,0.));
#11908 = ( GEOMETRIC_REPRESENTATION_CONTEXT(2) 
PARAMETRIC_REPRESENTATION_CONTEXT() REPRESENTATION_CONTEXT('2D SPACE',''
  ) );
#11909 = PCURVE('',#11910,#11915);
#11910 = PLANE('',#11911);
#11911 = AXIS2_PLACEMENT_3D('',#11912,#11913,#11914);
#11912 = CARTESIAN_POINT('',(-77.,-72.9,0.));
#11913 = DIRECTION('',(0.,1.,0.));
#11914 = DIRECTION('',(0.,0.,1.));
#11915 = DEFINITIONAL_REPRESENTATION('',(#11916),#11920);
#11916 = LINE('',#11917,#11918);
#11917 = CARTESIAN_POINT('',(0.,0.));
#11918 = VECTOR('',#11919,1.);
#11919 = DIRECTION('',(1.,0.));
#11920 = ( GEOMETRIC_REPRESENTATION_CONTEXT(2) 
PARAMETRIC_REPRESENTATION_CONTEXT() REPRESENTATION_CONTEXT('2D SPACE',''
  ) );
#11921 = ADVANCED_FACE('',(#11922,#12211,#12246),#11828,.T.);
#11922 = FACE_BOUND('',#11923,.T.);
#11923 = EDGE_LOOP('',(#11924,#11925,#11948,#11976,#12004,#12032,#12060,
    #12088,#12116,#12139,#12167,#12190));
#11924 = ORIENTED_EDGE('',*,*,#11805,.F.);
#11925 = ORIENTED_EDGE('',*,*,#11926,.T.);
#11926 = EDGE_CURVE('',#11806,#11927,#11929,.T.);
#11927 = VERTEX_POINT('',#11928);
#11928 = CARTESIAN_POINT('',(-65.,-157.1,29.9));
#11929 = SURFACE_CURVE('',#11930,(#11934,#11941),.PCURVE_S1.);
#11930 = LINE('',#11931,#11932);
#11931 = CARTESIAN_POINT('',(-77.,-157.1,29.9));
#11932 = VECTOR('',#11933,1.);
#11933 = DIRECTION('',(1.,0.,0.));
#11934 = PCURVE('',#11828,#11935);
#11935 = DEFINITIONAL_REPRESENTATION('',(#11936),#11940);
#11936 = LINE('',#11937,#11938);
#11937 = CARTESIAN_POINT('',(0.,0.));
#11938 = VECTOR('',#11939,1.);
#11939 = DIRECTION('',(1.,0.));
#11940 = ( GEOMETRIC_REPRESENTATION_CONTEXT(2) 
PARAMETRIC_REPRESENTATION_CONTEXT() REPRESENTATION_CONTEXT('2D SPACE',''
  ) );
#11941 = PCURVE('',#11856,#11942);
#11942 = DEFINITIONAL_REPRESENTATION('',(#11943),#11947);
#11943 = LINE('',#11944,#11945);
#11944 = CARTESIAN_POINT('',(29.9,0.));
#11945 = VECTOR('',#11946,1.);
#11946 = DIRECTION('',(0.,1.));
#11947 = ( GEOMETRIC_REPRESENTATION_CONTEXT(2) 
PARAMETRIC_REPRESENTATION_CONTEXT() REPRESENTATION_CONTEXT('2D SPACE',''
  ) );
#11948 = ORIENTED_EDGE('',*,*,#11949,.T.);
#11949 = EDGE_CURVE('',#11927,#11950,#11952,.T.);
#11950 = VERTEX_POINT('',#11951);
#11951 = CARTESIAN_POINT('',(-65.,-140.,29.9));
#11952 = SURFACE_CURVE('',#11953,(#11957,#11964),.PCURVE_S1.);
#11953 = LINE('',#11954,#11955);
#11954 = CARTESIAN_POINT('',(-65.,-157.1,29.9));
#11955 = VECTOR('',#11956,1.);
#11956 = DIRECTION('',(0.,1.,0.));
#11957 = PCURVE('',#11828,#11958);
#11958 = DEFINITIONAL_REPRESENTATION('',(#11959),#11963);
#11959 = LINE('',#11960,#11961);
#11960 = CARTESIAN_POINT('',(12.,0.));
#11961 = VECTOR('',#11962,1.);
#11962 = DIRECTION('',(0.,1.));
#11963 = ( GEOMETRIC_REPRESENTATION_CONTEXT(2) 
PARAMETRIC_REPRESENTATION_CONTEXT() REPRESENTATION_CONTEXT('2D SPACE',''
  ) );
#11964 = PCURVE('',#11965,#11970);
#11965 = PLANE('',#11966);
#11966 = AXIS2_PLACEMENT_3D('',#11967,#11968,#11969);
#11967 = CARTESIAN_POINT('',(-65.,-157.1,0.));
#11968 = DIRECTION('',(1.,0.,0.));
#11969 = DIRECTION('',(0.,0.,1.));
#11970 = DEFINITIONAL_REPRESENTATION('',(#11971),#11975);
#11971 = LINE('',#11972,#11973);
#11972 = CARTESIAN_POINT('',(29.9,0.));
#11973 = VECTOR('',#11974,1.);
#11974 = DIRECTION('',(0.,-1.));
#11975 = ( GEOMETRIC_REPRESENTATION_CONTEXT(2) 
PARAMETRIC_REPRESENTATION_CONTEXT() REPRESENTATION_CONTEXT('2D SPACE',''
  ) );
#11976 = ORIENTED_EDGE('',*,*,#11977,.T.);
#11977 = EDGE_CURVE('',#11950,#11978,#11980,.T.);
#11978 = VERTEX_POINT('',#11979);
#11979 = CARTESIAN_POINT('',(65.,-140.,29.9));
#11980 = SURFACE_CURVE('',#11981,(#11985,#11992),.PCURVE_S1.);
#11981 = LINE('',#11982,#11983);
#11982 = CARTESIAN_POINT('',(-77.,-140.,29.9));
#11983 = VECTOR('',#11984,1.);
#11984 = DIRECTION('',(1.,0.,0.));
#11985 = PCURVE('',#11828,#11986);
#11986 = DEFINITIONAL_REPRESENTATION('',(#11987),#11991);
#11987 = LINE('',#11988,#11989);
#11988 = CARTESIAN_POINT('',(0.,17.1));
#11989 = VECTOR('',#11990,1.);
#11990 = DIRECTION('',(1.,0.));
#11991 = ( GEOMETRIC_REPRESENTATION_CONTEXT(2) 
PARAMETRIC_REPRESENTATION_CONTEXT() REPRESENTATION_CONTEXT('2D SPACE',''
  ) );
#11992 = PCURVE('',#11993,#11998);
#11993 = PLANE('',#11994);
#11994 = AXIS2_PLACEMENT_3D('',#11995,#11996,#11997);
#11995 = CARTESIAN_POINT('',(-77.,-140.,25.9));
#11996 = DIRECTION('',(0.,1.,0.));
#11997 = DIRECTION('',(0.,0.,1.));
#11998 = DEFINITIONAL_REPRESENTATION('',(#11999),#12003);
#11999 = LINE('',#12000,#12001);
#12000 = CARTESIAN_POINT('',(4.,0.));
#12001 = VECTOR('',#12002,1.);
#12002 = DIRECTION('',(0.,1.));
#12003 = ( GEOMETRIC_REPRESENTATION_CONTEXT(2) 
PARAMETRIC_REPRESENTATION_CONTEXT() REPRESENTATION_CONTEXT('2D SPACE',''
  ) );
#12004 = ORIENTED_EDGE('',*,*,#12005,.F.);
#12005 = EDGE_CURVE('',#12006,#11978,#12008,.T.);
#12006 = VERTEX_POINT('',#12007);
#12007 = CARTESIAN_POINT('',(65.,-157.1,29.9));
#12008 = SURFACE_CURVE('',#12009,(#12013,#12020),.PCURVE_S1.);
#12009 = LINE('',#12010,#12011);
#12010 = CARTESIAN_POINT('',(65.,-157.1,29.9));
#12011 = VECTOR('',#12012,1.);
#12012 = DIRECTION('',(0.,1.,0.));
#12013 = PCURVE('',#11828,#12014);
#12014 = DEFINITIONAL_REPRESENTATION('',(#12015),#12019);
#12015 = LINE('',#12016,#12017);
#12016 = CARTESIAN_POINT('',(142.,0.));
#12017 = VECTOR('',#12018,1.);
#12018 = DIRECTION('',(0.,1.));
#12019 = ( GEOMETRIC_REPRESENTATION_CONTEXT(2) 
PARAMETRIC_REPRESENTATION_CONTEXT() REPRESENTATION_CONTEXT('2D SPACE',''
  ) );
#12020 = PCURVE('',#12021,#12026);
#12021 = PLANE('',#12022);
#12022 = AXIS2_PLACEMENT_3D('',#12023,#12024,#12025);
#12023 = CARTESIAN_POINT('',(65.,-157.1,0.));
#12024 = DIRECTION('',(1.,0.,0.));
#12025 = DIRECTION('',(0.,0.,1.));
#12026 = DEFINITIONAL_REPRESENTATION('',(#12027),#12031);
#12027 = LINE('',#12028,#12029);
#12028 = CARTESIAN_POINT('',(29.9,0.));
#12029 = VECTOR('',#12030,1.);
#12030 = DIRECTION('',(0.,-1.));
#12031 = ( GEOMETRIC_REPRESENTATION_CONTEXT(2) 
PARAMETRIC_REPRESENTATION_CONTEXT() REPRESENTATION_CONTEXT('2D SPACE',''
  ) );
#12032 = ORIENTED_EDGE('',*,*,#12033,.T.);
#12033 = EDGE_CURVE('',#12006,#12034,#12036,.T.);
#12034 = VERTEX_POINT('',#12035);
#12035 = CARTESIAN_POINT('',(77.,-157.1,29.9));
#12036 = SURFACE_CURVE('',#12037,(#12041,#12048),.PCURVE_S1.);
#12037 = LINE('',#12038,#12039);
#12038 = CARTESIAN_POINT('',(65.,-157.1,29.9));
#12039 = VECTOR('',#12040,1.);
#12040 = DIRECTION('',(1.,0.,0.));
#12041 = PCURVE('',#11828,#12042);
#12042 = DEFINITIONAL_REPRESENTATION('',(#12043),#12047);
#12043 = LINE('',#12044,#12045);
#12044 = CARTESIAN_POINT('',(142.,0.));
#12045 = VECTOR('',#12046,1.);
#12046 = DIRECTION('',(1.,0.));
#12047 = ( GEOMETRIC_REPRESENTATION_CONTEXT(2) 
PARAMETRIC_REPRESENTATION_CONTEXT() REPRESENTATION_CONTEXT('2D SPACE',''
  ) );
#12048 = PCURVE('',#12049,#12054);
#12049 = PLANE('',#12050);
#12050 = AXIS2_PLACEMENT_3D('',#12051,#12052,#12053);
#12051 = CARTESIAN_POINT('',(65.,-157.1,0.));
#12052 = DIRECTION('',(0.,1.,0.));
#12053 = DIRECTION('',(0.,0.,1.));
#12054 = DEFINITIONAL_REPRESENTATION('',(#12055),#12059);
#12055 = LINE('',#12056,#12057);
#12056 = CARTESIAN_POINT('',(29.9,0.));
#12057 = VECTOR('',#12058,1.);
#12058 = DIRECTION('',(0.,1.));
#12059 = ( GEOMETRIC_REPRESENTATION_CONTEXT(2) 
PARAMETRIC_REPRESENTATION_CONTEXT() REPRESENTATION_CONTEXT('2D SPACE',''
  ) );
#12060 = ORIENTED_EDGE('',*,*,#12061,.T.);
#12061 = EDGE_CURVE('',#12034,#12062,#12064,.T.);
#12062 = VERTEX_POINT('',#12063);
#12063 = CARTESIAN_POINT('',(77.,-72.9,29.9));
#12064 = SURFACE_CURVE('',#12065,(#12069,#12076),.PCURVE_S1.);
#12065 = LINE('',#12066,#12067);
#12066 = CARTESIAN_POINT('',(77.,-157.1,29.9));
#12067 = VECTOR('',#12068,1.);
#12068 = DIRECTION('',(0.,1.,0.));
#12069 = PCURVE('',#11828,#12070);
#12070 = DEFINITIONAL_REPRESENTATION('',(#12071),#12075);
#12071 = LINE('',#12072,#12073);
#12072 = CARTESIAN_POINT('',(154.,0.));
#12073 = VECTOR('',#12074,1.);
#12074 = DIRECTION('',(0.,1.));
#12075 = ( GEOMETRIC_REPRESENTATION_CONTEXT(2) 
PARAMETRIC_REPRESENTATION_CONTEXT() REPRESENTATION_CONTEXT('2D SPACE',''
  ) );
#12076 = PCURVE('',#12077,#12082);
#12077 = PLANE('',#12078);
#12078 = AXIS2_PLACEMENT_3D('',#12079,#12080,#12081);
#12079 = CARTESIAN_POINT('',(77.,-140.,25.9));
#12080 = DIRECTION('',(1.,0.,0.));
#12081 = DIRECTION('',(0.,0.,1.));
#12082 = DEFINITIONAL_REPRESENTATION('',(#12083),#12087);
#12083 = LINE('',#12084,#12085);
#12084 = CARTESIAN_POINT('',(4.,17.1));
#12085 = VECTOR('',#12086,1.);
#12086 = DIRECTION('',(0.,-1.));
#12087 = ( GEOMETRIC_REPRESENTATION_CONTEXT(2) 
PARAMETRIC_REPRESENTATION_CONTEXT() REPRESENTATION_CONTEXT('2D SPACE',''
  ) );
#12088 = ORIENTED_EDGE('',*,*,#12089,.F.);
#12089 = EDGE_CURVE('',#12090,#12062,#12092,.T.);
#12090 = VERTEX_POINT('',#12091);
#12091 = CARTESIAN_POINT('',(65.,-72.9,29.9));
#12092 = SURFACE_CURVE('',#12093,(#12097,#12104),.PCURVE_S1.);
#12093 = LINE('',#12094,#12095);
#12094 = CARTESIAN_POINT('',(65.,-72.9,29.9));
#12095 = VECTOR('',#12096,1.);
#12096 = DIRECTION('',(1.,0.,0.));
#12097 = PCURVE('',#11828,#12098);
#12098 = DEFINITIONAL_REPRESENTATION('',(#12099),#12103);
#12099 = LINE('',#12100,#12101);
#12100 = CARTESIAN_POINT('',(142.,84.2));
#12101 = VECTOR('',#12102,1.);
#12102 = DIRECTION('',(1.,0.));
#12103 = ( GEOMETRIC_REPRESENTATION_CONTEXT(2) 
PARAMETRIC_REPRESENTATION_CONTEXT() REPRESENTATION_CONTEXT('2D SPACE',''
  ) );
#12104 = PCURVE('',#12105,#12110);
#12105 = PLANE('',#12106);
#12106 = AXIS2_PLACEMENT_3D('',#12107,#12108,#12109);
#12107 = CARTESIAN_POINT('',(65.,-72.9,0.));
#12108 = DIRECTION('',(0.,1.,0.));
#12109 = DIRECTION('',(0.,0.,1.));
#12110 = DEFINITIONAL_REPRESENTATION('',(#12111),#12115);
#12111 = LINE('',#12112,#12113);
#12112 = CARTESIAN_POINT('',(29.9,0.));
#12113 = VECTOR('',#12114,1.);
#12114 = DIRECTION('',(0.,1.));
#12115 = ( GEOMETRIC_REPRESENTATION_CONTEXT(2) 
PARAMETRIC_REPRESENTATION_CONTEXT() REPRESENTATION_CONTEXT('2D SPACE',''
  ) );
#12116 = ORIENTED_EDGE('',*,*,#12117,.F.);
#12117 = EDGE_CURVE('',#12118,#12090,#12120,.T.);
#12118 = VERTEX_POINT('',#12119);
#12119 = CARTESIAN_POINT('',(65.,-114.,29.9));
#12120 = SURFACE_CURVE('',#12121,(#12125,#12132),.PCURVE_S1.);
#12121 = LINE('',#12122,#12123);
#12122 = CARTESIAN_POINT('',(65.,-157.1,29.9));
#12123 = VECTOR('',#12124,1.);
#12124 = DIRECTION('',(0.,1.,0.));
#12125 = PCURVE('',#11828,#12126);
#12126 = DEFINITIONAL_REPRESENTATION('',(#12127),#12131);
#12127 = LINE('',#12128,#12129);
#12128 = CARTESIAN_POINT('',(142.,0.));
#12129 = VECTOR('',#12130,1.);
#12130 = DIRECTION('',(0.,1.));
#12131 = ( GEOMETRIC_REPRESENTATION_CONTEXT(2) 
PARAMETRIC_REPRESENTATION_CONTEXT() REPRESENTATION_CONTEXT('2D SPACE',''
  ) );
#12132 = PCURVE('',#12021,#12133);
#12133 = DEFINITIONAL_REPRESENTATION('',(#12134),#12138);
#12134 = LINE('',#12135,#12136);
#12135 = CARTESIAN_POINT('',(29.9,0.));
#12136 = VECTOR('',#12137,1.);
#12137 = DIRECTION('',(0.,-1.));
#12138 = ( GEOMETRIC_REPRESENTATION_CONTEXT(2) 
PARAMETRIC_REPRESENTATION_CONTEXT() REPRESENTATION_CONTEXT('2D SPACE',''
  ) );
#12139 = ORIENTED_EDGE('',*,*,#12140,.F.);
#12140 = EDGE_CURVE('',#12141,#12118,#12143,.T.);
#12141 = VERTEX_POINT('',#12142);
#12142 = CARTESIAN_POINT('',(-65.,-114.,29.9));
#12143 = SURFACE_CURVE('',#12144,(#12148,#12155),.PCURVE_S1.);
#12144 = LINE('',#12145,#12146);
#12145 = CARTESIAN_POINT('',(-77.,-114.,29.9));
#12146 = VECTOR('',#12147,1.);
#12147 = DIRECTION('',(1.,0.,0.));
#12148 = PCURVE('',#11828,#12149);
#12149 = DEFINITIONAL_REPRESENTATION('',(#12150),#12154);
#12150 = LINE('',#12151,#12152);
#12151 = CARTESIAN_POINT('',(0.,43.1));
#12152 = VECTOR('',#12153,1.);
#12153 = DIRECTION('',(1.,0.));
#12154 = ( GEOMETRIC_REPRESENTATION_CONTEXT(2) 
PARAMETRIC_REPRESENTATION_CONTEXT() REPRESENTATION_CONTEXT('2D SPACE',''
  ) );
#12155 = PCURVE('',#12156,#12161);
#12156 = PLANE('',#12157);
#12157 = AXIS2_PLACEMENT_3D('',#12158,#12159,#12160);
#12158 = CARTESIAN_POINT('',(-77.,-114.,25.9));
#12159 = DIRECTION('',(0.,1.,0.));
#12160 = DIRECTION('',(0.,0.,1.));
#12161 = DEFINITIONAL_REPRESENTATION('',(#12162),#12166);
#12162 = LINE('',#12163,#12164);
#12163 = CARTESIAN_POINT('',(4.,0.));
#12164 = VECTOR('',#12165,1.);
#12165 = DIRECTION('',(0.,1.));
#12166 = ( GEOMETRIC_REPRESENTATION_CONTEXT(2) 
PARAMETRIC_REPRESENTATION_CONTEXT() REPRESENTATION_CONTEXT('2D SPACE',''
  ) );
#12167 = ORIENTED_EDGE('',*,*,#12168,.T.);
#12168 = EDGE_CURVE('',#12141,#12169,#12171,.T.);
#12169 = VERTEX_POINT('',#12170);
#12170 = CARTESIAN_POINT('',(-65.,-72.9,29.9));
#12171 = SURFACE_CURVE('',#12172,(#12176,#12183),.PCURVE_S1.);
#12172 = LINE('',#12173,#12174);
#12173 = CARTESIAN_POINT('',(-65.,-157.1,29.9));
#12174 = VECTOR('',#12175,1.);
#12175 = DIRECTION('',(0.,1.,0.));
#12176 = PCURVE('',#11828,#12177);
#12177 = DEFINITIONAL_REPRESENTATION('',(#12178),#12182);
#12178 = LINE('',#12179,#12180);
#12179 = CARTESIAN_POINT('',(12.,0.));
#12180 = VECTOR('',#12181,1.);
#12181 = DIRECTION('',(0.,1.));
#12182 = ( GEOMETRIC_REPRESENTATION_CONTEXT(2) 
PARAMETRIC_REPRESENTATION_CONTEXT() REPRESENTATION_CONTEXT('2D SPACE',''
  ) );
#12183 = PCURVE('',#11965,#12184);
#12184 = DEFINITIONAL_REPRESENTATION('',(#12185),#12189);
#12185 = LINE('',#12186,#12187);
#12186 = CARTESIAN_POINT('',(29.9,0.));
#12187 = VECTOR('',#12188,1.);
#12188 = DIRECTION('',(0.,-1.));
#12189 = ( GEOMETRIC_REPRESENTATION_CONTEXT(2) 
PARAMETRIC_REPRESENTATION_CONTEXT() REPRESENTATION_CONTEXT('2D SPACE',''
  ) );
#12190 = ORIENTED_EDGE('',*,*,#12191,.F.);
#12191 = EDGE_CURVE('',#11808,#12169,#12192,.T.);
#12192 = SURFACE_CURVE('',#12193,(#12197,#12204),.PCURVE_S1.);
#12193 = LINE('',#12194,#12195);
#12194 = CARTESIAN_POINT('',(-77.,-72.9,29.9));
#12195 = VECTOR('',#12196,1.);
#12196 = DIRECTION('',(1.,0.,0.));
#12197 = PCURVE('',#11828,#12198);
#12198 = DEFINITIONAL_REPRESENTATION('',(#12199),#12203);
#12199 = LINE('',#12200,#12201);
#12200 = CARTESIAN_POINT('',(0.,84.2));
#12201 = VECTOR('',#12202,1.);
#12202 = DIRECTION('',(1.,0.));
#12203 = ( GEOMETRIC_REPRESENTATION_CONTEXT(2) 
PARAMETRIC_REPRESENTATION_CONTEXT() REPRESENTATION_CONTEXT('2D SPACE',''
  ) );
#12204 = PCURVE('',#11910,#12205);
#12205 = DEFINITIONAL_REPRESENTATION('',(#12206),#12210);
#12206 = LINE('',#12207,#12208);
#12207 = CARTESIAN_POINT('',(29.9,0.));
#12208 = VECTOR('',#12209,1.);
#12209 = DIRECTION('',(0.,1.));
#12210 = ( GEOMETRIC_REPRESENTATION_CONTEXT(2) 
PARAMETRIC_REPRESENTATION_CONTEXT() REPRESENTATION_CONTEXT('2D SPACE',''
  ) );
#12211 = FACE_BOUND('',#12212,.T.);
#12212 = EDGE_LOOP('',(#12213));
#12213 = ORIENTED_EDGE('',*,*,#12214,.T.);
#12214 = EDGE_CURVE('',#12215,#12215,#12217,.T.);
#12215 = VERTEX_POINT('',#12216);
#12216 = CARTESIAN_POINT('',(-26.25,-127.,29.9));
#12217 = SURFACE_CURVE('',#12218,(#12223,#12234),.PCURVE_S1.);
#12218 = CIRCLE('',#12219,1.75);
#12219 = AXIS2_PLACEMENT_3D('',#12220,#12221,#12222);
#12220 = CARTESIAN_POINT('',(-28.,-127.,29.9));
#12221 = DIRECTION('',(0.,0.,-1.));
#12222 = DIRECTION('',(1.,0.,0.));
#12223 = PCURVE('',#11828,#12224);
#12224 = DEFINITIONAL_REPRESENTATION('',(#12225),#12233);
#12225 = ( BOUNDED_CURVE() B_SPLINE_CURVE(2,(#12226,#12227,#12228,#12229
    ,#12230,#12231,#12232),.UNSPECIFIED.,.T.,.F.) 
B_SPLINE_CURVE_WITH_KNOTS((1,2,2,2,2,1),(-2.094395102393,0.,
    2.094395102393,4.188790204786,6.28318530718,8.377580409573),
.UNSPECIFIED.) CURVE() GEOMETRIC_REPRESENTATION_ITEM() 
RATIONAL_B_SPLINE_CURVE((1.,0.5,1.,0.5,1.,0.5,1.)) REPRESENTATION_ITEM(
  '') );
#12226 = CARTESIAN_POINT('',(50.75,30.1));
#12227 = CARTESIAN_POINT('',(50.75,27.068911086754));
#12228 = CARTESIAN_POINT('',(48.125,28.584455543377));
#12229 = CARTESIAN_POINT('',(45.5,30.1));
#12230 = CARTESIAN_POINT('',(48.125,31.615544456623));
#12231 = CARTESIAN_POINT('',(50.75,33.131088913246));
#12232 = CARTESIAN_POINT('',(50.75,30.1));
#12233 = ( GEOMETRIC_REPRESENTATION_CONTEXT(2) 
PARAMETRIC_REPRESENTATION_CONTEXT() REPRESENTATION_CONTEXT('2D SPACE',''
  ) );
#12234 = PCURVE('',#12235,#12240);
#12235 = CYLINDRICAL_SURFACE('',#12236,1.75);
#12236 = AXIS2_PLACEMENT_3D('',#12237,#12238,#12239);
#12237 = CARTESIAN_POINT('',(-28.,-127.,24.9));
#12238 = DIRECTION('',(-0.,-0.,-1.));
#12239 = DIRECTION('',(1.,0.,0.));
#12240 = DEFINITIONAL_REPRESENTATION('',(#12241),#12245);
#12241 = LINE('',#12242,#12243);
#12242 = CARTESIAN_POINT('',(-6.28318530718,-5.));
#12243 = VECTOR('',#12244,1.);
#12244 = DIRECTION('',(1.,-0.));
#12245 = ( GEOMETRIC_REPRESENTATION_CONTEXT(2) 
PARAMETRIC_REPRESENTATION_CONTEXT() REPRESENTATION_CONTEXT('2D SPACE',''
  ) );
#12246 = FACE_BOUND('',#12247,.T.);
#12247 = EDGE_LOOP('',(#12248));
#12248 = ORIENTED_EDGE('',*,*,#12249,.T.);
#12249 = EDGE_CURVE('',#12250,#12250,#12252,.T.);
#12250 = VERTEX_POINT('',#12251);
#12251 = CARTESIAN_POINT('',(29.75,-127.,29.9));
#12252 = SURFACE_CURVE('',#12253,(#12258,#12269),.PCURVE_S1.);
#12253 = CIRCLE('',#12254,1.75);
#12254 = AXIS2_PLACEMENT_3D('',#12255,#12256,#12257);
#12255 = CARTESIAN_POINT('',(28.,-127.,29.9));
#12256 = DIRECTION('',(0.,0.,-1.));
#12257 = DIRECTION('',(1.,0.,0.));
#12258 = PCURVE('',#11828,#12259);
#12259 = DEFINITIONAL_REPRESENTATION('',(#12260),#12268);
#12260 = ( BOUNDED_CURVE() B_SPLINE_CURVE(2,(#12261,#12262,#12263,#12264
    ,#12265,#12266,#12267),.UNSPECIFIED.,.T.,.F.) 
B_SPLINE_CURVE_WITH_KNOTS((1,2,2,2,2,1),(-2.094395102393,0.,
    2.094395102393,4.188790204786,6.28318530718,8.377580409573),
.UNSPECIFIED.) CURVE() GEOMETRIC_REPRESENTATION_ITEM() 
RATIONAL_B_SPLINE_CURVE((1.,0.5,1.,0.5,1.,0.5,1.)) REPRESENTATION_ITEM(
  '') );
#12261 = CARTESIAN_POINT('',(106.75,30.1));
#12262 = CARTESIAN_POINT('',(106.75,27.068911086754));
#12263 = CARTESIAN_POINT('',(104.125,28.584455543377));
#12264 = CARTESIAN_POINT('',(101.5,30.1));
#12265 = CARTESIAN_POINT('',(104.125,31.615544456623));
#12266 = CARTESIAN_POINT('',(106.75,33.131088913246));
#12267 = CARTESIAN_POINT('',(106.75,30.1));
#12268 = ( GEOMETRIC_REPRESENTATION_CONTEXT(2) 
PARAMETRIC_REPRESENTATION_CONTEXT() REPRESENTATION_CONTEXT('2D SPACE',''
  ) );
#12269 = PCURVE('',#12270,#12275);
#12270 = CYLINDRICAL_SURFACE('',#12271,1.75);
#12271 = AXIS2_PLACEMENT_3D('',#12272,#12273,#12274);
#12272 = CARTESIAN_POINT('',(28.,-127.,24.9));
#12273 = DIRECTION('',(-0.,-0.,-1.));
#12274 = DIRECTION('',(1.,0.,0.));
#12275 = DEFINITIONAL_REPRESENTATION('',(#12276),#12280);
#12276 = LINE('',#12277,#12278);
#12277 = CARTESIAN_POINT('',(-6.28318530718,-5.));
#12278 = VECTOR('',#12279,1.);
#12279 = DIRECTION('',(1.,-0.));
#12280 = ( GEOMETRIC_REPRESENTATION_CONTEXT(2) 
PARAMETRIC_REPRESENTATION_CONTEXT() REPRESENTATION_CONTEXT('2D SPACE',''
  ) );
#12281 = ADVANCED_FACE('',(#12282),#11856,.F.);
#12282 = FACE_BOUND('',#12283,.F.);
#12283 = EDGE_LOOP('',(#12284,#12314,#12335,#12336,#12337,#12360,#12386,
    #12412));
#12284 = ORIENTED_EDGE('',*,*,#12285,.F.);
#12285 = EDGE_CURVE('',#12286,#12288,#12290,.T.);
#12286 = VERTEX_POINT('',#12287);
#12287 = CARTESIAN_POINT('',(-65.,-157.1,0.));
#12288 = VERTEX_POINT('',#12289);
#12289 = CARTESIAN_POINT('',(-65.,-157.1,1.3));
#12290 = SURFACE_CURVE('',#12291,(#12295,#12302),.PCURVE_S1.);
#12291 = LINE('',#12292,#12293);
#12292 = CARTESIAN_POINT('',(-65.,-157.1,0.));
#12293 = VECTOR('',#12294,1.);
#12294 = DIRECTION('',(0.,0.,1.));
#12295 = PCURVE('',#11856,#12296);
#12296 = DEFINITIONAL_REPRESENTATION('',(#12297),#12301);
#12297 = LINE('',#12298,#12299);
#12298 = CARTESIAN_POINT('',(0.,12.));
#12299 = VECTOR('',#12300,1.);
#12300 = DIRECTION('',(1.,0.));
#12301 = ( GEOMETRIC_REPRESENTATION_CONTEXT(2) 
PARAMETRIC_REPRESENTATION_CONTEXT() REPRESENTATION_CONTEXT('2D SPACE',''
  ) );
#12302 = PCURVE('',#12303,#12308);
#12303 = PLANE('',#12304);
#12304 = AXIS2_PLACEMENT_3D('',#12305,#12306,#12307);
#12305 = CARTESIAN_POINT('',(-65.,-157.1,0.));
#12306 = DIRECTION('',(1.,0.,0.));
#12307 = DIRECTION('',(0.,0.,1.));
#12308 = DEFINITIONAL_REPRESENTATION('',(#12309),#12313);
#12309 = LINE('',#12310,#12311);
#12310 = CARTESIAN_POINT('',(0.,0.));
#12311 = VECTOR('',#12312,1.);
#12312 = DIRECTION('',(1.,0.));
#12313 = ( GEOMETRIC_REPRESENTATION_CONTEXT(2) 
PARAMETRIC_REPRESENTATION_CONTEXT() REPRESENTATION_CONTEXT('2D SPACE',''
  ) );
#12314 = ORIENTED_EDGE('',*,*,#12315,.F.);
#12315 = EDGE_CURVE('',#11841,#12286,#12316,.T.);
#12316 = SURFACE_CURVE('',#12317,(#12321,#12328),.PCURVE_S1.);
#12317 = LINE('',#12318,#12319);
#12318 = CARTESIAN_POINT('',(-77.,-157.1,0.));
#12319 = VECTOR('',#12320,1.);
#12320 = DIRECTION('',(1.,0.,0.));
#12321 = PCURVE('',#11856,#12322);
#12322 = DEFINITIONAL_REPRESENTATION('',(#12323),#12327);
#12323 = LINE('',#12324,#12325);
#12324 = CARTESIAN_POINT('',(0.,0.));
#12325 = VECTOR('',#12326,1.);
#12326 = DIRECTION('',(0.,1.));
#12327 = ( GEOMETRIC_REPRESENTATION_CONTEXT(2) 
PARAMETRIC_REPRESENTATION_CONTEXT() REPRESENTATION_CONTEXT('2D SPACE',''
  ) );
#12328 = PCURVE('',#11884,#12329);
#12329 = DEFINITIONAL_REPRESENTATION('',(#12330),#12334);
#12330 = LINE('',#12331,#12332);
#12331 = CARTESIAN_POINT('',(0.,0.));
#12332 = VECTOR('',#12333,1.);
#12333 = DIRECTION('',(1.,0.));
#12334 = ( GEOMETRIC_REPRESENTATION_CONTEXT(2) 
PARAMETRIC_REPRESENTATION_CONTEXT() REPRESENTATION_CONTEXT('2D SPACE',''
  ) );
#12335 = ORIENTED_EDGE('',*,*,#11840,.T.);
#12336 = ORIENTED_EDGE('',*,*,#11926,.T.);
#12337 = ORIENTED_EDGE('',*,*,#12338,.F.);
#12338 = EDGE_CURVE('',#12339,#11927,#12341,.T.);
#12339 = VERTEX_POINT('',#12340);
#12340 = CARTESIAN_POINT('',(-65.,-157.1,14.4));
#12341 = SURFACE_CURVE('',#12342,(#12346,#12353),.PCURVE_S1.);
#12342 = LINE('',#12343,#12344);
#12343 = CARTESIAN_POINT('',(-65.,-157.1,0.));
#12344 = VECTOR('',#12345,1.);
#12345 = DIRECTION('',(0.,0.,1.));
#12346 = PCURVE('',#11856,#12347);
#12347 = DEFINITIONAL_REPRESENTATION('',(#12348),#12352);
#12348 = LINE('',#12349,#12350);
#12349 = CARTESIAN_POINT('',(0.,12.));
#12350 = VECTOR('',#12351,1.);
#12351 = DIRECTION('',(1.,0.));
#12352 = ( GEOMETRIC_REPRESENTATION_CONTEXT(2) 
PARAMETRIC_REPRESENTATION_CONTEXT() REPRESENTATION_CONTEXT('2D SPACE',''
  ) );
#12353 = PCURVE('',#11965,#12354);
#12354 = DEFINITIONAL_REPRESENTATION('',(#12355),#12359);
#12355 = LINE('',#12356,#12357);
#12356 = CARTESIAN_POINT('',(0.,0.));
#12357 = VECTOR('',#12358,1.);
#12358 = DIRECTION('',(1.,0.));
#12359 = ( GEOMETRIC_REPRESENTATION_CONTEXT(2) 
PARAMETRIC_REPRESENTATION_CONTEXT() REPRESENTATION_CONTEXT('2D SPACE',''
  ) );
#12360 = ORIENTED_EDGE('',*,*,#12361,.F.);
#12361 = EDGE_CURVE('',#12362,#12339,#12364,.T.);
#12362 = VERTEX_POINT('',#12363);
#12363 = CARTESIAN_POINT('',(-66.2,-157.1,14.4));
#12364 = SURFACE_CURVE('',#12365,(#12369,#12375),.PCURVE_S1.);
#12365 = LINE('',#12366,#12367);
#12366 = CARTESIAN_POINT('',(-71.6,-157.1,14.4));
#12367 = VECTOR('',#12368,1.);
#12368 = DIRECTION('',(1.,0.,0.));
#12369 = PCURVE('',#11856,#12370);
#12370 = DEFINITIONAL_REPRESENTATION('',(#12371),#12374);
#12371 = B_SPLINE_CURVE_WITH_KNOTS('',1,(#12372,#12373),.UNSPECIFIED.,
  .F.,.F.,(2,2),(5.4,6.6),.PIECEWISE_BEZIER_KNOTS.);
#12372 = CARTESIAN_POINT('',(14.4,10.8));
#12373 = CARTESIAN_POINT('',(14.4,12.));
#12374 = ( GEOMETRIC_REPRESENTATION_CONTEXT(2) 
PARAMETRIC_REPRESENTATION_CONTEXT() REPRESENTATION_CONTEXT('2D SPACE',''
  ) );
#12375 = PCURVE('',#12376,#12381);
#12376 = PLANE('',#12377);
#12377 = AXIS2_PLACEMENT_3D('',#12378,#12379,#12380);
#12378 = CARTESIAN_POINT('',(-66.2,-165.,14.4));
#12379 = DIRECTION('',(0.,0.,1.));
#12380 = DIRECTION('',(1.,0.,0.));
#12381 = DEFINITIONAL_REPRESENTATION('',(#12382),#12385);
#12382 = B_SPLINE_CURVE_WITH_KNOTS('',1,(#12383,#12384),.UNSPECIFIED.,
  .F.,.F.,(2,2),(5.4,6.6),.PIECEWISE_BEZIER_KNOTS.);
#12383 = CARTESIAN_POINT('',(0.,7.9));
#12384 = CARTESIAN_POINT('',(1.2,7.9));
#12385 = ( GEOMETRIC_REPRESENTATION_CONTEXT(2) 
PARAMETRIC_REPRESENTATION_CONTEXT() REPRESENTATION_CONTEXT('2D SPACE',''
  ) );
#12386 = ORIENTED_EDGE('',*,*,#12387,.T.);
#12387 = EDGE_CURVE('',#12362,#12388,#12390,.T.);
#12388 = VERTEX_POINT('',#12389);
#12389 = CARTESIAN_POINT('',(-66.2,-157.1,1.3));
#12390 = SURFACE_CURVE('',#12391,(#12395,#12401),.PCURVE_S1.);
#12391 = LINE('',#12392,#12393);
#12392 = CARTESIAN_POINT('',(-66.2,-157.1,0.65));
#12393 = VECTOR('',#12394,1.);
#12394 = DIRECTION('',(0.,0.,-1.));
#12395 = PCURVE('',#11856,#12396);
#12396 = DEFINITIONAL_REPRESENTATION('',(#12397),#12400);
#12397 = B_SPLINE_CURVE_WITH_KNOTS('',1,(#12398,#12399),.UNSPECIFIED.,
  .F.,.F.,(2,2),(-13.75,-0.65),.PIECEWISE_BEZIER_KNOTS.);
#12398 = CARTESIAN_POINT('',(14.4,10.8));
#12399 = CARTESIAN_POINT('',(1.3,10.8));
#12400 = ( GEOMETRIC_REPRESENTATION_CONTEXT(2) 
PARAMETRIC_REPRESENTATION_CONTEXT() REPRESENTATION_CONTEXT('2D SPACE',''
  ) );
#12401 = PCURVE('',#12402,#12407);
#12402 = PLANE('',#12403);
#12403 = AXIS2_PLACEMENT_3D('',#12404,#12405,#12406);
#12404 = CARTESIAN_POINT('',(-66.2,-165.,1.3));
#12405 = DIRECTION('',(1.,0.,0.));
#12406 = DIRECTION('',(0.,0.,1.));
#12407 = DEFINITIONAL_REPRESENTATION('',(#12408),#12411);
#12408 = B_SPLINE_CURVE_WITH_KNOTS('',1,(#12409,#12410),.UNSPECIFIED.,
  .F.,.F.,(2,2),(-13.75,-0.65),.PIECEWISE_BEZIER_KNOTS.);
#12409 = CARTESIAN_POINT('',(13.1,-7.9));
#12410 = CARTESIAN_POINT('',(0.,-7.9));
#12411 = ( GEOMETRIC_REPRESENTATION_CONTEXT(2) 
PARAMETRIC_REPRESENTATION_CONTEXT() REPRESENTATION_CONTEXT('2D SPACE',''
  ) );
#12412 = ORIENTED_EDGE('',*,*,#12413,.T.);
#12413 = EDGE_CURVE('',#12388,#12288,#12414,.T.);
#12414 = SURFACE_CURVE('',#12415,(#12419,#12425),.PCURVE_S1.);
#12415 = LINE('',#12416,#12417);
#12416 = CARTESIAN_POINT('',(-71.6,-157.1,1.3));
#12417 = VECTOR('',#12418,1.);
#12418 = DIRECTION('',(1.,0.,0.));
#12419 = PCURVE('',#11856,#12420);
#12420 = DEFINITIONAL_REPRESENTATION('',(#12421),#12424);
#12421 = B_SPLINE_CURVE_WITH_KNOTS('',1,(#12422,#12423),.UNSPECIFIED.,
  .F.,.F.,(2,2),(5.4,6.6),.PIECEWISE_BEZIER_KNOTS.);
#12422 = CARTESIAN_POINT('',(1.3,10.8));
#12423 = CARTESIAN_POINT('',(1.3,12.));
#12424 = ( GEOMETRIC_REPRESENTATION_CONTEXT(2) 
PARAMETRIC_REPRESENTATION_CONTEXT() REPRESENTATION_CONTEXT('2D SPACE',''
  ) );
#12425 = PCURVE('',#12426,#12431);
#12426 = PLANE('',#12427);
#12427 = AXIS2_PLACEMENT_3D('',#12428,#12429,#12430);
#12428 = CARTESIAN_POINT('',(-66.2,-165.,1.3));
#12429 = DIRECTION('',(0.,0.,1.));
#12430 = DIRECTION('',(1.,0.,0.));
#12431 = DEFINITIONAL_REPRESENTATION('',(#12432),#12435);
#12432 = B_SPLINE_CURVE_WITH_KNOTS('',1,(#12433,#12434),.UNSPECIFIED.,
  .F.,.F.,(2,2),(5.4,6.6),.PIECEWISE_BEZIER_KNOTS.);
#12433 = CARTESIAN_POINT('',(0.,7.9));
#12434 = CARTESIAN_POINT('',(1.2,7.9));
#12435 = ( GEOMETRIC_REPRESENTATION_CONTEXT(2) 
PARAMETRIC_REPRESENTATION_CONTEXT() REPRESENTATION_CONTEXT('2D SPACE',''
  ) );
#12436 = ADVANCED_FACE('',(#12437),#11884,.F.);
#12437 = FACE_BOUND('',#12438,.F.);
#12438 = EDGE_LOOP('',(#12439,#12440,#12441,#12464));
#12439 = ORIENTED_EDGE('',*,*,#11868,.F.);
#12440 = ORIENTED_EDGE('',*,*,#12315,.T.);
#12441 = ORIENTED_EDGE('',*,*,#12442,.T.);
#12442 = EDGE_CURVE('',#12286,#12443,#12445,.T.);
#12443 = VERTEX_POINT('',#12444);
#12444 = CARTESIAN_POINT('',(-65.,-72.9,0.));
#12445 = SURFACE_CURVE('',#12446,(#12450,#12457),.PCURVE_S1.);
#12446 = LINE('',#12447,#12448);
#12447 = CARTESIAN_POINT('',(-65.,-157.1,0.));
#12448 = VECTOR('',#12449,1.);
#12449 = DIRECTION('',(0.,1.,0.));
#12450 = PCURVE('',#11884,#12451);
#12451 = DEFINITIONAL_REPRESENTATION('',(#12452),#12456);
#12452 = LINE('',#12453,#12454);
#12453 = CARTESIAN_POINT('',(12.,0.));
#12454 = VECTOR('',#12455,1.);
#12455 = DIRECTION('',(0.,1.));
#12456 = ( GEOMETRIC_REPRESENTATION_CONTEXT(2) 
PARAMETRIC_REPRESENTATION_CONTEXT() REPRESENTATION_CONTEXT('2D SPACE',''
  ) );
#12457 = PCURVE('',#12303,#12458);
#12458 = DEFINITIONAL_REPRESENTATION('',(#12459),#12463);
#12459 = LINE('',#12460,#12461);
#12460 = CARTESIAN_POINT('',(0.,0.));
#12461 = VECTOR('',#12462,1.);
#12462 = DIRECTION('',(0.,-1.));
#12463 = ( GEOMETRIC_REPRESENTATION_CONTEXT(2) 
PARAMETRIC_REPRESENTATION_CONTEXT() REPRESENTATION_CONTEXT('2D SPACE',''
  ) );
#12464 = ORIENTED_EDGE('',*,*,#12465,.F.);
#12465 = EDGE_CURVE('',#11869,#12443,#12466,.T.);
#12466 = SURFACE_CURVE('',#12467,(#12471,#12478),.PCURVE_S1.);
#12467 = LINE('',#12468,#12469);
#12468 = CARTESIAN_POINT('',(-77.,-72.9,0.));
#12469 = VECTOR('',#12470,1.);
#12470 = DIRECTION('',(1.,0.,0.));
#12471 = PCURVE('',#11884,#12472);
#12472 = DEFINITIONAL_REPRESENTATION('',(#12473),#12477);
#12473 = LINE('',#12474,#12475);
#12474 = CARTESIAN_POINT('',(0.,84.2));
#12475 = VECTOR('',#12476,1.);
#12476 = DIRECTION('',(1.,0.));
#12477 = ( GEOMETRIC_REPRESENTATION_CONTEXT(2) 
PARAMETRIC_REPRESENTATION_CONTEXT() REPRESENTATION_CONTEXT('2D SPACE',''
  ) );
#12478 = PCURVE('',#11910,#12479);
#12479 = DEFINITIONAL_REPRESENTATION('',(#12480),#12484);
#12480 = LINE('',#12481,#12482);
#12481 = CARTESIAN_POINT('',(0.,0.));
#12482 = VECTOR('',#12483,1.);
#12483 = DIRECTION('',(0.,1.));
#12484 = ( GEOMETRIC_REPRESENTATION_CONTEXT(2) 
PARAMETRIC_REPRESENTATION_CONTEXT() REPRESENTATION_CONTEXT('2D SPACE',''
  ) );
#12485 = ADVANCED_FACE('',(#12486),#11910,.T.);
#12486 = FACE_BOUND('',#12487,.T.);
#12487 = EDGE_LOOP('',(#12488,#12511,#12512,#12513,#12514,#12537,#12558,
    #12579));
#12488 = ORIENTED_EDGE('',*,*,#12489,.F.);
#12489 = EDGE_CURVE('',#12443,#12490,#12492,.T.);
#12490 = VERTEX_POINT('',#12491);
#12491 = CARTESIAN_POINT('',(-65.,-72.9,1.3));
#12492 = SURFACE_CURVE('',#12493,(#12497,#12504),.PCURVE_S1.);
#12493 = LINE('',#12494,#12495);
#12494 = CARTESIAN_POINT('',(-65.,-72.9,0.));
#12495 = VECTOR('',#12496,1.);
#12496 = DIRECTION('',(0.,0.,1.));
#12497 = PCURVE('',#11910,#12498);
#12498 = DEFINITIONAL_REPRESENTATION('',(#12499),#12503);
#12499 = LINE('',#12500,#12501);
#12500 = CARTESIAN_POINT('',(0.,12.));
#12501 = VECTOR('',#12502,1.);
#12502 = DIRECTION('',(1.,0.));
#12503 = ( GEOMETRIC_REPRESENTATION_CONTEXT(2) 
PARAMETRIC_REPRESENTATION_CONTEXT() REPRESENTATION_CONTEXT('2D SPACE',''
  ) );
#12504 = PCURVE('',#12303,#12505);
#12505 = DEFINITIONAL_REPRESENTATION('',(#12506),#12510);
#12506 = LINE('',#12507,#12508);
#12507 = CARTESIAN_POINT('',(0.,-84.2));
#12508 = VECTOR('',#12509,1.);
#12509 = DIRECTION('',(1.,0.));
#12510 = ( GEOMETRIC_REPRESENTATION_CONTEXT(2) 
PARAMETRIC_REPRESENTATION_CONTEXT() REPRESENTATION_CONTEXT('2D SPACE',''
  ) );
#12511 = ORIENTED_EDGE('',*,*,#12465,.F.);
#12512 = ORIENTED_EDGE('',*,*,#11896,.T.);
#12513 = ORIENTED_EDGE('',*,*,#12191,.T.);
#12514 = ORIENTED_EDGE('',*,*,#12515,.F.);
#12515 = EDGE_CURVE('',#12516,#12169,#12518,.T.);
#12516 = VERTEX_POINT('',#12517);
#12517 = CARTESIAN_POINT('',(-65.,-72.9,14.4));
#12518 = SURFACE_CURVE('',#12519,(#12523,#12530),.PCURVE_S1.);
#12519 = LINE('',#12520,#12521);
#12520 = CARTESIAN_POINT('',(-65.,-72.9,0.));
#12521 = VECTOR('',#12522,1.);
#12522 = DIRECTION('',(0.,0.,1.));
#12523 = PCURVE('',#11910,#12524);
#12524 = DEFINITIONAL_REPRESENTATION('',(#12525),#12529);
#12525 = LINE('',#12526,#12527);
#12526 = CARTESIAN_POINT('',(0.,12.));
#12527 = VECTOR('',#12528,1.);
#12528 = DIRECTION('',(1.,0.));
#12529 = ( GEOMETRIC_REPRESENTATION_CONTEXT(2) 
PARAMETRIC_REPRESENTATION_CONTEXT() REPRESENTATION_CONTEXT('2D SPACE',''
  ) );
#12530 = PCURVE('',#11965,#12531);
#12531 = DEFINITIONAL_REPRESENTATION('',(#12532),#12536);
#12532 = LINE('',#12533,#12534);
#12533 = CARTESIAN_POINT('',(0.,-84.2));
#12534 = VECTOR('',#12535,1.);
#12535 = DIRECTION('',(1.,0.));
#12536 = ( GEOMETRIC_REPRESENTATION_CONTEXT(2) 
PARAMETRIC_REPRESENTATION_CONTEXT() REPRESENTATION_CONTEXT('2D SPACE',''
  ) );
#12537 = ORIENTED_EDGE('',*,*,#12538,.F.);
#12538 = EDGE_CURVE('',#12539,#12516,#12541,.T.);
#12539 = VERTEX_POINT('',#12540);
#12540 = CARTESIAN_POINT('',(-66.2,-72.9,14.4));
#12541 = SURFACE_CURVE('',#12542,(#12546,#12552),.PCURVE_S1.);
#12542 = LINE('',#12543,#12544);
#12543 = CARTESIAN_POINT('',(-71.6,-72.9,14.4));
#12544 = VECTOR('',#12545,1.);
#12545 = DIRECTION('',(1.,0.,0.));
#12546 = PCURVE('',#11910,#12547);
#12547 = DEFINITIONAL_REPRESENTATION('',(#12548),#12551);
#12548 = B_SPLINE_CURVE_WITH_KNOTS('',1,(#12549,#12550),.UNSPECIFIED.,
  .F.,.F.,(2,2),(5.4,6.6),.PIECEWISE_BEZIER_KNOTS.);
#12549 = CARTESIAN_POINT('',(14.4,10.8));
#12550 = CARTESIAN_POINT('',(14.4,12.));
#12551 = ( GEOMETRIC_REPRESENTATION_CONTEXT(2) 
PARAMETRIC_REPRESENTATION_CONTEXT() REPRESENTATION_CONTEXT('2D SPACE',''
  ) );
#12552 = PCURVE('',#12376,#12553);
#12553 = DEFINITIONAL_REPRESENTATION('',(#12554),#12557);
#12554 = B_SPLINE_CURVE_WITH_KNOTS('',1,(#12555,#12556),.UNSPECIFIED.,
  .F.,.F.,(2,2),(5.4,6.6),.PIECEWISE_BEZIER_KNOTS.);
#12555 = CARTESIAN_POINT('',(0.,92.1));
#12556 = CARTESIAN_POINT('',(1.2,92.1));
#12557 = ( GEOMETRIC_REPRESENTATION_CONTEXT(2) 
PARAMETRIC_REPRESENTATION_CONTEXT() REPRESENTATION_CONTEXT('2D SPACE',''
  ) );
#12558 = ORIENTED_EDGE('',*,*,#12559,.T.);
#12559 = EDGE_CURVE('',#12539,#12560,#12562,.T.);
#12560 = VERTEX_POINT('',#12561);
#12561 = CARTESIAN_POINT('',(-66.2,-72.9,1.3));
#12562 = SURFACE_CURVE('',#12563,(#12567,#12573),.PCURVE_S1.);
#12563 = LINE('',#12564,#12565);
#12564 = CARTESIAN_POINT('',(-66.2,-72.9,0.65));
#12565 = VECTOR('',#12566,1.);
#12566 = DIRECTION('',(0.,0.,-1.));
#12567 = PCURVE('',#11910,#12568);
#12568 = DEFINITIONAL_REPRESENTATION('',(#12569),#12572);
#12569 = B_SPLINE_CURVE_WITH_KNOTS('',1,(#12570,#12571),.UNSPECIFIED.,
  .F.,.F.,(2,2),(-13.75,-0.65),.PIECEWISE_BEZIER_KNOTS.);
#12570 = CARTESIAN_POINT('',(14.4,10.8));
#12571 = CARTESIAN_POINT('',(1.3,10.8));
#12572 = ( GEOMETRIC_REPRESENTATION_CONTEXT(2) 
PARAMETRIC_REPRESENTATION_CONTEXT() REPRESENTATION_CONTEXT('2D SPACE',''
  ) );
#12573 = PCURVE('',#12402,#12574);
#12574 = DEFINITIONAL_REPRESENTATION('',(#12575),#12578);
#12575 = B_SPLINE_CURVE_WITH_KNOTS('',1,(#12576,#12577),.UNSPECIFIED.,
  .F.,.F.,(2,2),(-13.75,-0.65),.PIECEWISE_BEZIER_KNOTS.);
#12576 = CARTESIAN_POINT('',(13.1,-92.1));
#12577 = CARTESIAN_POINT('',(0.,-92.1));
#12578 = ( GEOMETRIC_REPRESENTATION_CONTEXT(2) 
PARAMETRIC_REPRESENTATION_CONTEXT() REPRESENTATION_CONTEXT('2D SPACE',''
  ) );
#12579 = ORIENTED_EDGE('',*,*,#12580,.T.);
#12580 = EDGE_CURVE('',#12560,#12490,#12581,.T.);
#12581 = SURFACE_CURVE('',#12582,(#12586,#12592),.PCURVE_S1.);
#12582 = LINE('',#12583,#12584);
#12583 = CARTESIAN_POINT('',(-71.6,-72.9,1.3));
#12584 = VECTOR('',#12585,1.);
#12585 = DIRECTION('',(1.,0.,0.));
#12586 = PCURVE('',#11910,#12587);
#12587 = DEFINITIONAL_REPRESENTATION('',(#12588),#12591);
#12588 = B_SPLINE_CURVE_WITH_KNOTS('',1,(#12589,#12590),.UNSPECIFIED.,
  .F.,.F.,(2,2),(5.4,6.6),.PIECEWISE_BEZIER_KNOTS.);
#12589 = CARTESIAN_POINT('',(1.3,10.8));
#12590 = CARTESIAN_POINT('',(1.3,12.));
#12591 = ( GEOMETRIC_REPRESENTATION_CONTEXT(2) 
PARAMETRIC_REPRESENTATION_CONTEXT() REPRESENTATION_CONTEXT('2D SPACE',''
  ) );
#12592 = PCURVE('',#12426,#12593);
#12593 = DEFINITIONAL_REPRESENTATION('',(#12594),#12597);
#12594 = B_SPLINE_CURVE_WITH_KNOTS('',1,(#12595,#12596),.UNSPECIFIED.,
  .F.,.F.,(2,2),(5.4,6.6),.PIECEWISE_BEZIER_KNOTS.);
#12595 = CARTESIAN_POINT('',(0.,92.1));
#12596 = CARTESIAN_POINT('',(1.2,92.1));
#12597 = ( GEOMETRIC_REPRESENTATION_CONTEXT(2) 
PARAMETRIC_REPRESENTATION_CONTEXT() REPRESENTATION_CONTEXT('2D SPACE',''
  ) );
#12598 = ADVANCED_FACE('',(#12599),#11965,.T.);
#12599 = FACE_BOUND('',#12600,.T.);
#12600 = EDGE_LOOP('',(#12601,#12602,#12603,#12624,#12625,#12626,#12647,
    #12673));
#12601 = ORIENTED_EDGE('',*,*,#11949,.F.);
#12602 = ORIENTED_EDGE('',*,*,#12338,.F.);
#12603 = ORIENTED_EDGE('',*,*,#12604,.T.);
#12604 = EDGE_CURVE('',#12339,#12516,#12605,.T.);
#12605 = SURFACE_CURVE('',#12606,(#12610,#12617),.PCURVE_S1.);
#12606 = LINE('',#12607,#12608);
#12607 = CARTESIAN_POINT('',(-65.,-165.,14.4));
#12608 = VECTOR('',#12609,1.);
#12609 = DIRECTION('',(0.,1.,0.));
#12610 = PCURVE('',#11965,#12611);
#12611 = DEFINITIONAL_REPRESENTATION('',(#12612),#12616);
#12612 = LINE('',#12613,#12614);
#12613 = CARTESIAN_POINT('',(14.4,7.9));
#12614 = VECTOR('',#12615,1.);
#12615 = DIRECTION('',(0.,-1.));
#12616 = ( GEOMETRIC_REPRESENTATION_CONTEXT(2) 
PARAMETRIC_REPRESENTATION_CONTEXT() REPRESENTATION_CONTEXT('2D SPACE',''
  ) );
#12617 = PCURVE('',#12376,#12618);
#12618 = DEFINITIONAL_REPRESENTATION('',(#12619),#12623);
#12619 = LINE('',#12620,#12621);
#12620 = CARTESIAN_POINT('',(1.2,0.));
#12621 = VECTOR('',#12622,1.);
#12622 = DIRECTION('',(0.,1.));
#12623 = ( GEOMETRIC_REPRESENTATION_CONTEXT(2) 
PARAMETRIC_REPRESENTATION_CONTEXT() REPRESENTATION_CONTEXT('2D SPACE',''
  ) );
#12624 = ORIENTED_EDGE('',*,*,#12515,.T.);
#12625 = ORIENTED_EDGE('',*,*,#12168,.F.);
#12626 = ORIENTED_EDGE('',*,*,#12627,.F.);
#12627 = EDGE_CURVE('',#12628,#12141,#12630,.T.);
#12628 = VERTEX_POINT('',#12629);
#12629 = CARTESIAN_POINT('',(-65.,-114.,25.9));
#12630 = SURFACE_CURVE('',#12631,(#12635,#12641),.PCURVE_S1.);
#12631 = LINE('',#12632,#12633);
#12632 = CARTESIAN_POINT('',(-65.,-114.,12.95));
#12633 = VECTOR('',#12634,1.);
#12634 = DIRECTION('',(0.,0.,1.));
#12635 = PCURVE('',#11965,#12636);
#12636 = DEFINITIONAL_REPRESENTATION('',(#12637),#12640);
#12637 = B_SPLINE_CURVE_WITH_KNOTS('',1,(#12638,#12639),.UNSPECIFIED.,
  .F.,.F.,(2,2),(12.95,16.95),.PIECEWISE_BEZIER_KNOTS.);
#12638 = CARTESIAN_POINT('',(25.9,-43.1));
#12639 = CARTESIAN_POINT('',(29.9,-43.1));
#12640 = ( GEOMETRIC_REPRESENTATION_CONTEXT(2) 
PARAMETRIC_REPRESENTATION_CONTEXT() REPRESENTATION_CONTEXT('2D SPACE',''
  ) );
#12641 = PCURVE('',#12156,#12642);
#12642 = DEFINITIONAL_REPRESENTATION('',(#12643),#12646);
#12643 = B_SPLINE_CURVE_WITH_KNOTS('',1,(#12644,#12645),.UNSPECIFIED.,
  .F.,.F.,(2,2),(12.95,16.95),.PIECEWISE_BEZIER_KNOTS.);
#12644 = CARTESIAN_POINT('',(0.,12.));
#12645 = CARTESIAN_POINT('',(4.,12.));
#12646 = ( GEOMETRIC_REPRESENTATION_CONTEXT(2) 
PARAMETRIC_REPRESENTATION_CONTEXT() REPRESENTATION_CONTEXT('2D SPACE',''
  ) );
#12647 = ORIENTED_EDGE('',*,*,#12648,.T.);
#12648 = EDGE_CURVE('',#12628,#12649,#12651,.T.);
#12649 = VERTEX_POINT('',#12650);
#12650 = CARTESIAN_POINT('',(-65.,-140.,25.9));
#12651 = SURFACE_CURVE('',#12652,(#12656,#12662),.PCURVE_S1.);
#12652 = LINE('',#12653,#12654);
#12653 = CARTESIAN_POINT('',(-65.,-148.55,25.9));
#12654 = VECTOR('',#12655,1.);
#12655 = DIRECTION('',(0.,-1.,0.));
#12656 = PCURVE('',#11965,#12657);
#12657 = DEFINITIONAL_REPRESENTATION('',(#12658),#12661);
#12658 = B_SPLINE_CURVE_WITH_KNOTS('',1,(#12659,#12660),.UNSPECIFIED.,
  .F.,.F.,(2,2),(-34.55,-8.55),.PIECEWISE_BEZIER_KNOTS.);
#12659 = CARTESIAN_POINT('',(25.9,-43.1));
#12660 = CARTESIAN_POINT('',(25.9,-17.1));
#12661 = ( GEOMETRIC_REPRESENTATION_CONTEXT(2) 
PARAMETRIC_REPRESENTATION_CONTEXT() REPRESENTATION_CONTEXT('2D SPACE',''
  ) );
#12662 = PCURVE('',#12663,#12668);
#12663 = PLANE('',#12664);
#12664 = AXIS2_PLACEMENT_3D('',#12665,#12666,#12667);
#12665 = CARTESIAN_POINT('',(-77.,-140.,25.9));
#12666 = DIRECTION('',(0.,0.,1.));
#12667 = DIRECTION('',(1.,0.,0.));
#12668 = DEFINITIONAL_REPRESENTATION('',(#12669),#12672);
#12669 = B_SPLINE_CURVE_WITH_KNOTS('',1,(#12670,#12671),.UNSPECIFIED.,
  .F.,.F.,(2,2),(-34.55,-8.55),.PIECEWISE_BEZIER_KNOTS.);
#12670 = CARTESIAN_POINT('',(12.,26.));
#12671 = CARTESIAN_POINT('',(12.,0.));
#12672 = ( GEOMETRIC_REPRESENTATION_CONTEXT(2) 
PARAMETRIC_REPRESENTATION_CONTEXT() REPRESENTATION_CONTEXT('2D SPACE',''
  ) );
#12673 = ORIENTED_EDGE('',*,*,#12674,.T.);
#12674 = EDGE_CURVE('',#12649,#11950,#12675,.T.);
#12675 = SURFACE_CURVE('',#12676,(#12680,#12686),.PCURVE_S1.);
#12676 = LINE('',#12677,#12678);
#12677 = CARTESIAN_POINT('',(-65.,-140.,12.95));
#12678 = VECTOR('',#12679,1.);
#12679 = DIRECTION('',(0.,0.,1.));
#12680 = PCURVE('',#11965,#12681);
#12681 = DEFINITIONAL_REPRESENTATION('',(#12682),#12685);
#12682 = B_SPLINE_CURVE_WITH_KNOTS('',1,(#12683,#12684),.UNSPECIFIED.,
  .F.,.F.,(2,2),(12.95,16.95),.PIECEWISE_BEZIER_KNOTS.);
#12683 = CARTESIAN_POINT('',(25.9,-17.1));
#12684 = CARTESIAN_POINT('',(29.9,-17.1));
#12685 = ( GEOMETRIC_REPRESENTATION_CONTEXT(2) 
PARAMETRIC_REPRESENTATION_CONTEXT() REPRESENTATION_CONTEXT('2D SPACE',''
  ) );
#12686 = PCURVE('',#11993,#12687);
#12687 = DEFINITIONAL_REPRESENTATION('',(#12688),#12691);
#12688 = B_SPLINE_CURVE_WITH_KNOTS('',1,(#12689,#12690),.UNSPECIFIED.,
  .F.,.F.,(2,2),(12.95,16.95),.PIECEWISE_BEZIER_KNOTS.);
#12689 = CARTESIAN_POINT('',(0.,12.));
#12690 = CARTESIAN_POINT('',(4.,12.));
#12691 = ( GEOMETRIC_REPRESENTATION_CONTEXT(2) 
PARAMETRIC_REPRESENTATION_CONTEXT() REPRESENTATION_CONTEXT('2D SPACE',''
  ) );
#12692 = ADVANCED_FACE('',(#12693),#11993,.F.);
#12693 = FACE_BOUND('',#12694,.F.);
#12694 = EDGE_LOOP('',(#12695,#12718,#12719,#12720));
#12695 = ORIENTED_EDGE('',*,*,#12696,.F.);
#12696 = EDGE_CURVE('',#12649,#12697,#12699,.T.);
#12697 = VERTEX_POINT('',#12698);
#12698 = CARTESIAN_POINT('',(65.,-140.,25.9));
#12699 = SURFACE_CURVE('',#12700,(#12704,#12711),.PCURVE_S1.);
#12700 = LINE('',#12701,#12702);
#12701 = CARTESIAN_POINT('',(-77.,-140.,25.9));
#12702 = VECTOR('',#12703,1.);
#12703 = DIRECTION('',(1.,0.,0.));
#12704 = PCURVE('',#11993,#12705);
#12705 = DEFINITIONAL_REPRESENTATION('',(#12706),#12710);
#12706 = LINE('',#12707,#12708);
#12707 = CARTESIAN_POINT('',(0.,0.));
#12708 = VECTOR('',#12709,1.);
#12709 = DIRECTION('',(0.,1.));
#12710 = ( GEOMETRIC_REPRESENTATION_CONTEXT(2) 
PARAMETRIC_REPRESENTATION_CONTEXT() REPRESENTATION_CONTEXT('2D SPACE',''
  ) );
#12711 = PCURVE('',#12663,#12712);
#12712 = DEFINITIONAL_REPRESENTATION('',(#12713),#12717);
#12713 = LINE('',#12714,#12715);
#12714 = CARTESIAN_POINT('',(0.,0.));
#12715 = VECTOR('',#12716,1.);
#12716 = DIRECTION('',(1.,0.));
#12717 = ( GEOMETRIC_REPRESENTATION_CONTEXT(2) 
PARAMETRIC_REPRESENTATION_CONTEXT() REPRESENTATION_CONTEXT('2D SPACE',''
  ) );
#12718 = ORIENTED_EDGE('',*,*,#12674,.T.);
#12719 = ORIENTED_EDGE('',*,*,#11977,.T.);
#12720 = ORIENTED_EDGE('',*,*,#12721,.F.);
#12721 = EDGE_CURVE('',#12697,#11978,#12722,.T.);
#12722 = SURFACE_CURVE('',#12723,(#12727,#12733),.PCURVE_S1.);
#12723 = LINE('',#12724,#12725);
#12724 = CARTESIAN_POINT('',(65.,-140.,12.95));
#12725 = VECTOR('',#12726,1.);
#12726 = DIRECTION('',(0.,0.,1.));
#12727 = PCURVE('',#11993,#12728);
#12728 = DEFINITIONAL_REPRESENTATION('',(#12729),#12732);
#12729 = B_SPLINE_CURVE_WITH_KNOTS('',1,(#12730,#12731),.UNSPECIFIED.,
  .F.,.F.,(2,2),(12.95,16.95),.PIECEWISE_BEZIER_KNOTS.);
#12730 = CARTESIAN_POINT('',(0.,142.));
#12731 = CARTESIAN_POINT('',(4.,142.));
#12732 = ( GEOMETRIC_REPRESENTATION_CONTEXT(2) 
PARAMETRIC_REPRESENTATION_CONTEXT() REPRESENTATION_CONTEXT('2D SPACE',''
  ) );
#12733 = PCURVE('',#12021,#12734);
#12734 = DEFINITIONAL_REPRESENTATION('',(#12735),#12738);
#12735 = B_SPLINE_CURVE_WITH_KNOTS('',1,(#12736,#12737),.UNSPECIFIED.,
  .F.,.F.,(2,2),(12.95,16.95),.PIECEWISE_BEZIER_KNOTS.);
#12736 = CARTESIAN_POINT('',(25.9,-17.1));
#12737 = CARTESIAN_POINT('',(29.9,-17.1));
#12738 = ( GEOMETRIC_REPRESENTATION_CONTEXT(2) 
PARAMETRIC_REPRESENTATION_CONTEXT() REPRESENTATION_CONTEXT('2D SPACE',''
  ) );
#12739 = ADVANCED_FACE('',(#12740),#12156,.T.);
#12740 = FACE_BOUND('',#12741,.T.);
#12741 = EDGE_LOOP('',(#12742,#12765,#12766,#12767));
#12742 = ORIENTED_EDGE('',*,*,#12743,.F.);
#12743 = EDGE_CURVE('',#12628,#12744,#12746,.T.);
#12744 = VERTEX_POINT('',#12745);
#12745 = CARTESIAN_POINT('',(65.,-114.,25.9));
#12746 = SURFACE_CURVE('',#12747,(#12751,#12758),.PCURVE_S1.);
#12747 = LINE('',#12748,#12749);
#12748 = CARTESIAN_POINT('',(-77.,-114.,25.9));
#12749 = VECTOR('',#12750,1.);
#12750 = DIRECTION('',(1.,0.,0.));
#12751 = PCURVE('',#12156,#12752);
#12752 = DEFINITIONAL_REPRESENTATION('',(#12753),#12757);
#12753 = LINE('',#12754,#12755);
#12754 = CARTESIAN_POINT('',(0.,0.));
#12755 = VECTOR('',#12756,1.);
#12756 = DIRECTION('',(0.,1.));
#12757 = ( GEOMETRIC_REPRESENTATION_CONTEXT(2) 
PARAMETRIC_REPRESENTATION_CONTEXT() REPRESENTATION_CONTEXT('2D SPACE',''
  ) );
#12758 = PCURVE('',#12663,#12759);
#12759 = DEFINITIONAL_REPRESENTATION('',(#12760),#12764);
#12760 = LINE('',#12761,#12762);
#12761 = CARTESIAN_POINT('',(0.,26.));
#12762 = VECTOR('',#12763,1.);
#12763 = DIRECTION('',(1.,0.));
#12764 = ( GEOMETRIC_REPRESENTATION_CONTEXT(2) 
PARAMETRIC_REPRESENTATION_CONTEXT() REPRESENTATION_CONTEXT('2D SPACE',''
  ) );
#12765 = ORIENTED_EDGE('',*,*,#12627,.T.);
#12766 = ORIENTED_EDGE('',*,*,#12140,.T.);
#12767 = ORIENTED_EDGE('',*,*,#12768,.F.);
#12768 = EDGE_CURVE('',#12744,#12118,#12769,.T.);
#12769 = SURFACE_CURVE('',#12770,(#12774,#12780),.PCURVE_S1.);
#12770 = LINE('',#12771,#12772);
#12771 = CARTESIAN_POINT('',(65.,-114.,12.95));
#12772 = VECTOR('',#12773,1.);
#12773 = DIRECTION('',(0.,0.,1.));
#12774 = PCURVE('',#12156,#12775);
#12775 = DEFINITIONAL_REPRESENTATION('',(#12776),#12779);
#12776 = B_SPLINE_CURVE_WITH_KNOTS('',1,(#12777,#12778),.UNSPECIFIED.,
  .F.,.F.,(2,2),(12.95,16.95),.PIECEWISE_BEZIER_KNOTS.);
#12777 = CARTESIAN_POINT('',(0.,142.));
#12778 = CARTESIAN_POINT('',(4.,142.));
#12779 = ( GEOMETRIC_REPRESENTATION_CONTEXT(2) 
PARAMETRIC_REPRESENTATION_CONTEXT() REPRESENTATION_CONTEXT('2D SPACE',''
  ) );
#12780 = PCURVE('',#12021,#12781);
#12781 = DEFINITIONAL_REPRESENTATION('',(#12782),#12785);
#12782 = B_SPLINE_CURVE_WITH_KNOTS('',1,(#12783,#12784),.UNSPECIFIED.,
  .F.,.F.,(2,2),(12.95,16.95),.PIECEWISE_BEZIER_KNOTS.);
#12783 = CARTESIAN_POINT('',(25.9,-43.1));
#12784 = CARTESIAN_POINT('',(29.9,-43.1));
#12785 = ( GEOMETRIC_REPRESENTATION_CONTEXT(2) 
PARAMETRIC_REPRESENTATION_CONTEXT() REPRESENTATION_CONTEXT('2D SPACE',''
  ) );
#12786 = ADVANCED_FACE('',(#12787),#12021,.F.);
#12787 = FACE_BOUND('',#12788,.F.);
#12788 = EDGE_LOOP('',(#12789,#12790,#12813,#12841,#12862,#12863,#12864,
    #12883));
#12789 = ORIENTED_EDGE('',*,*,#12005,.F.);
#12790 = ORIENTED_EDGE('',*,*,#12791,.F.);
#12791 = EDGE_CURVE('',#12792,#12006,#12794,.T.);
#12792 = VERTEX_POINT('',#12793);
#12793 = CARTESIAN_POINT('',(65.,-157.1,14.4));
#12794 = SURFACE_CURVE('',#12795,(#12799,#12806),.PCURVE_S1.);
#12795 = LINE('',#12796,#12797);
#12796 = CARTESIAN_POINT('',(65.,-157.1,0.));
#12797 = VECTOR('',#12798,1.);
#12798 = DIRECTION('',(0.,0.,1.));
#12799 = PCURVE('',#12021,#12800);
#12800 = DEFINITIONAL_REPRESENTATION('',(#12801),#12805);
#12801 = LINE('',#12802,#12803);
#12802 = CARTESIAN_POINT('',(0.,0.));
#12803 = VECTOR('',#12804,1.);
#12804 = DIRECTION('',(1.,0.));
#12805 = ( GEOMETRIC_REPRESENTATION_CONTEXT(2) 
PARAMETRIC_REPRESENTATION_CONTEXT() REPRESENTATION_CONTEXT('2D SPACE',''
  ) );
#12806 = PCURVE('',#12049,#12807);
#12807 = DEFINITIONAL_REPRESENTATION('',(#12808),#12812);
#12808 = LINE('',#12809,#12810);
#12809 = CARTESIAN_POINT('',(0.,0.));
#12810 = VECTOR('',#12811,1.);
#12811 = DIRECTION('',(1.,0.));
#12812 = ( GEOMETRIC_REPRESENTATION_CONTEXT(2) 
PARAMETRIC_REPRESENTATION_CONTEXT() REPRESENTATION_CONTEXT('2D SPACE',''
  ) );
#12813 = ORIENTED_EDGE('',*,*,#12814,.T.);
#12814 = EDGE_CURVE('',#12792,#12815,#12817,.T.);
#12815 = VERTEX_POINT('',#12816);
#12816 = CARTESIAN_POINT('',(65.,-72.9,14.4));
#12817 = SURFACE_CURVE('',#12818,(#12822,#12829),.PCURVE_S1.);
#12818 = LINE('',#12819,#12820);
#12819 = CARTESIAN_POINT('',(65.,-165.,14.4));
#12820 = VECTOR('',#12821,1.);
#12821 = DIRECTION('',(0.,1.,0.));
#12822 = PCURVE('',#12021,#12823);
#12823 = DEFINITIONAL_REPRESENTATION('',(#12824),#12828);
#12824 = LINE('',#12825,#12826);
#12825 = CARTESIAN_POINT('',(14.4,7.9));
#12826 = VECTOR('',#12827,1.);
#12827 = DIRECTION('',(0.,-1.));
#12828 = ( GEOMETRIC_REPRESENTATION_CONTEXT(2) 
PARAMETRIC_REPRESENTATION_CONTEXT() REPRESENTATION_CONTEXT('2D SPACE',''
  ) );
#12829 = PCURVE('',#12830,#12835);
#12830 = PLANE('',#12831);
#12831 = AXIS2_PLACEMENT_3D('',#12832,#12833,#12834);
#12832 = CARTESIAN_POINT('',(65.,-165.,14.4));
#12833 = DIRECTION('',(0.,0.,1.));
#12834 = DIRECTION('',(1.,0.,0.));
#12835 = DEFINITIONAL_REPRESENTATION('',(#12836),#12840);
#12836 = LINE('',#12837,#12838);
#12837 = CARTESIAN_POINT('',(0.,0.));
#12838 = VECTOR('',#12839,1.);
#12839 = DIRECTION('',(0.,1.));
#12840 = ( GEOMETRIC_REPRESENTATION_CONTEXT(2) 
PARAMETRIC_REPRESENTATION_CONTEXT() REPRESENTATION_CONTEXT('2D SPACE',''
  ) );
#12841 = ORIENTED_EDGE('',*,*,#12842,.T.);
#12842 = EDGE_CURVE('',#12815,#12090,#12843,.T.);
#12843 = SURFACE_CURVE('',#12844,(#12848,#12855),.PCURVE_S1.);
#12844 = LINE('',#12845,#12846);
#12845 = CARTESIAN_POINT('',(65.,-72.9,0.));
#12846 = VECTOR('',#12847,1.);
#12847 = DIRECTION('',(0.,0.,1.));
#12848 = PCURVE('',#12021,#12849);
#12849 = DEFINITIONAL_REPRESENTATION('',(#12850),#12854);
#12850 = LINE('',#12851,#12852);
#12851 = CARTESIAN_POINT('',(0.,-84.2));
#12852 = VECTOR('',#12853,1.);
#12853 = DIRECTION('',(1.,0.));
#12854 = ( GEOMETRIC_REPRESENTATION_CONTEXT(2) 
PARAMETRIC_REPRESENTATION_CONTEXT() REPRESENTATION_CONTEXT('2D SPACE',''
  ) );
#12855 = PCURVE('',#12105,#12856);
#12856 = DEFINITIONAL_REPRESENTATION('',(#12857),#12861);
#12857 = LINE('',#12858,#12859);
#12858 = CARTESIAN_POINT('',(0.,0.));
#12859 = VECTOR('',#12860,1.);
#12860 = DIRECTION('',(1.,0.));
#12861 = ( GEOMETRIC_REPRESENTATION_CONTEXT(2) 
PARAMETRIC_REPRESENTATION_CONTEXT() REPRESENTATION_CONTEXT('2D SPACE',''
  ) );
#12862 = ORIENTED_EDGE('',*,*,#12117,.F.);
#12863 = ORIENTED_EDGE('',*,*,#12768,.F.);
#12864 = ORIENTED_EDGE('',*,*,#12865,.T.);
#12865 = EDGE_CURVE('',#12744,#12697,#12866,.T.);
#12866 = SURFACE_CURVE('',#12867,(#12871,#12877),.PCURVE_S1.);
#12867 = LINE('',#12868,#12869);
#12868 = CARTESIAN_POINT('',(65.,-148.55,25.9));
#12869 = VECTOR('',#12870,1.);
#12870 = DIRECTION('',(0.,-1.,0.));
#12871 = PCURVE('',#12021,#12872);
#12872 = DEFINITIONAL_REPRESENTATION('',(#12873),#12876);
#12873 = B_SPLINE_CURVE_WITH_KNOTS('',1,(#12874,#12875),.UNSPECIFIED.,
  .F.,.F.,(2,2),(-34.55,-8.55),.PIECEWISE_BEZIER_KNOTS.);
#12874 = CARTESIAN_POINT('',(25.9,-43.1));
#12875 = CARTESIAN_POINT('',(25.9,-17.1));
#12876 = ( GEOMETRIC_REPRESENTATION_CONTEXT(2) 
PARAMETRIC_REPRESENTATION_CONTEXT() REPRESENTATION_CONTEXT('2D SPACE',''
  ) );
#12877 = PCURVE('',#12663,#12878);
#12878 = DEFINITIONAL_REPRESENTATION('',(#12879),#12882);
#12879 = B_SPLINE_CURVE_WITH_KNOTS('',1,(#12880,#12881),.UNSPECIFIED.,
  .F.,.F.,(2,2),(-34.55,-8.55),.PIECEWISE_BEZIER_KNOTS.);
#12880 = CARTESIAN_POINT('',(142.,26.));
#12881 = CARTESIAN_POINT('',(142.,0.));
#12882 = ( GEOMETRIC_REPRESENTATION_CONTEXT(2) 
PARAMETRIC_REPRESENTATION_CONTEXT() REPRESENTATION_CONTEXT('2D SPACE',''
  ) );
#12883 = ORIENTED_EDGE('',*,*,#12721,.T.);
#12884 = ADVANCED_FACE('',(#12885),#12049,.F.);
#12885 = FACE_BOUND('',#12886,.F.);
#12886 = EDGE_LOOP('',(#12887,#12910,#12938,#12966,#12992,#13018,#13037,
    #13038));
#12887 = ORIENTED_EDGE('',*,*,#12888,.F.);
#12888 = EDGE_CURVE('',#12889,#12034,#12891,.T.);
#12889 = VERTEX_POINT('',#12890);
#12890 = CARTESIAN_POINT('',(77.,-157.1,0.));
#12891 = SURFACE_CURVE('',#12892,(#12896,#12903),.PCURVE_S1.);
#12892 = LINE('',#12893,#12894);
#12893 = CARTESIAN_POINT('',(77.,-157.1,0.));
#12894 = VECTOR('',#12895,1.);
#12895 = DIRECTION('',(0.,0.,1.));
#12896 = PCURVE('',#12049,#12897);
#12897 = DEFINITIONAL_REPRESENTATION('',(#12898),#12902);
#12898 = LINE('',#12899,#12900);
#12899 = CARTESIAN_POINT('',(0.,12.));
#12900 = VECTOR('',#12901,1.);
#12901 = DIRECTION('',(1.,0.));
#12902 = ( GEOMETRIC_REPRESENTATION_CONTEXT(2) 
PARAMETRIC_REPRESENTATION_CONTEXT() REPRESENTATION_CONTEXT('2D SPACE',''
  ) );
#12903 = PCURVE('',#12077,#12904);
#12904 = DEFINITIONAL_REPRESENTATION('',(#12905),#12909);
#12905 = LINE('',#12906,#12907);
#12906 = CARTESIAN_POINT('',(-25.9,17.1));
#12907 = VECTOR('',#12908,1.);
#12908 = DIRECTION('',(1.,0.));
#12909 = ( GEOMETRIC_REPRESENTATION_CONTEXT(2) 
PARAMETRIC_REPRESENTATION_CONTEXT() REPRESENTATION_CONTEXT('2D SPACE',''
  ) );
#12910 = ORIENTED_EDGE('',*,*,#12911,.F.);
#12911 = EDGE_CURVE('',#12912,#12889,#12914,.T.);
#12912 = VERTEX_POINT('',#12913);
#12913 = CARTESIAN_POINT('',(65.,-157.1,0.));
#12914 = SURFACE_CURVE('',#12915,(#12919,#12926),.PCURVE_S1.);
#12915 = LINE('',#12916,#12917);
#12916 = CARTESIAN_POINT('',(65.,-157.1,0.));
#12917 = VECTOR('',#12918,1.);
#12918 = DIRECTION('',(1.,0.,0.));
#12919 = PCURVE('',#12049,#12920);
#12920 = DEFINITIONAL_REPRESENTATION('',(#12921),#12925);
#12921 = LINE('',#12922,#12923);
#12922 = CARTESIAN_POINT('',(0.,0.));
#12923 = VECTOR('',#12924,1.);
#12924 = DIRECTION('',(0.,1.));
#12925 = ( GEOMETRIC_REPRESENTATION_CONTEXT(2) 
PARAMETRIC_REPRESENTATION_CONTEXT() REPRESENTATION_CONTEXT('2D SPACE',''
  ) );
#12926 = PCURVE('',#12927,#12932);
#12927 = PLANE('',#12928);
#12928 = AXIS2_PLACEMENT_3D('',#12929,#12930,#12931);
#12929 = CARTESIAN_POINT('',(65.,-157.1,0.));
#12930 = DIRECTION('',(0.,0.,1.));
#12931 = DIRECTION('',(1.,0.,0.));
#12932 = DEFINITIONAL_REPRESENTATION('',(#12933),#12937);
#12933 = LINE('',#12934,#12935);
#12934 = CARTESIAN_POINT('',(0.,0.));
#12935 = VECTOR('',#12936,1.);
#12936 = DIRECTION('',(1.,0.));
#12937 = ( GEOMETRIC_REPRESENTATION_CONTEXT(2) 
PARAMETRIC_REPRESENTATION_CONTEXT() REPRESENTATION_CONTEXT('2D SPACE',''
  ) );
#12938 = ORIENTED_EDGE('',*,*,#12939,.T.);
#12939 = EDGE_CURVE('',#12912,#12940,#12942,.T.);
#12940 = VERTEX_POINT('',#12941);
#12941 = CARTESIAN_POINT('',(65.,-157.1,1.3));
#12942 = SURFACE_CURVE('',#12943,(#12947,#12954),.PCURVE_S1.);
#12943 = LINE('',#12944,#12945);
#12944 = CARTESIAN_POINT('',(65.,-157.1,0.));
#12945 = VECTOR('',#12946,1.);
#12946 = DIRECTION('',(0.,0.,1.));
#12947 = PCURVE('',#12049,#12948);
#12948 = DEFINITIONAL_REPRESENTATION('',(#12949),#12953);
#12949 = LINE('',#12950,#12951);
#12950 = CARTESIAN_POINT('',(0.,0.));
#12951 = VECTOR('',#12952,1.);
#12952 = DIRECTION('',(1.,0.));
#12953 = ( GEOMETRIC_REPRESENTATION_CONTEXT(2) 
PARAMETRIC_REPRESENTATION_CONTEXT() REPRESENTATION_CONTEXT('2D SPACE',''
  ) );
#12954 = PCURVE('',#12955,#12960);
#12955 = PLANE('',#12956);
#12956 = AXIS2_PLACEMENT_3D('',#12957,#12958,#12959);
#12957 = CARTESIAN_POINT('',(65.,-157.1,0.));
#12958 = DIRECTION('',(1.,0.,0.));
#12959 = DIRECTION('',(0.,0.,1.));
#12960 = DEFINITIONAL_REPRESENTATION('',(#12961),#12965);
#12961 = LINE('',#12962,#12963);
#12962 = CARTESIAN_POINT('',(0.,0.));
#12963 = VECTOR('',#12964,1.);
#12964 = DIRECTION('',(1.,0.));
#12965 = ( GEOMETRIC_REPRESENTATION_CONTEXT(2) 
PARAMETRIC_REPRESENTATION_CONTEXT() REPRESENTATION_CONTEXT('2D SPACE',''
  ) );
#12966 = ORIENTED_EDGE('',*,*,#12967,.T.);
#12967 = EDGE_CURVE('',#12940,#12968,#12970,.T.);
#12968 = VERTEX_POINT('',#12969);
#12969 = CARTESIAN_POINT('',(66.2,-157.1,1.3));
#12970 = SURFACE_CURVE('',#12971,(#12975,#12981),.PCURVE_S1.);
#12971 = LINE('',#12972,#12973);
#12972 = CARTESIAN_POINT('',(65.,-157.1,1.3));
#12973 = VECTOR('',#12974,1.);
#12974 = DIRECTION('',(1.,0.,0.));
#12975 = PCURVE('',#12049,#12976);
#12976 = DEFINITIONAL_REPRESENTATION('',(#12977),#12980);
#12977 = B_SPLINE_CURVE_WITH_KNOTS('',1,(#12978,#12979),.UNSPECIFIED.,
  .F.,.F.,(2,2),(0.,1.2),.PIECEWISE_BEZIER_KNOTS.);
#12978 = CARTESIAN_POINT('',(1.3,0.));
#12979 = CARTESIAN_POINT('',(1.3,1.2));
#12980 = ( GEOMETRIC_REPRESENTATION_CONTEXT(2) 
PARAMETRIC_REPRESENTATION_CONTEXT() REPRESENTATION_CONTEXT('2D SPACE',''
  ) );
#12981 = PCURVE('',#12982,#12987);
#12982 = PLANE('',#12983);
#12983 = AXIS2_PLACEMENT_3D('',#12984,#12985,#12986);
#12984 = CARTESIAN_POINT('',(65.,-165.,1.3));
#12985 = DIRECTION('',(0.,0.,1.));
#12986 = DIRECTION('',(1.,0.,0.));
#12987 = DEFINITIONAL_REPRESENTATION('',(#12988),#12991);
#12988 = B_SPLINE_CURVE_WITH_KNOTS('',1,(#12989,#12990),.UNSPECIFIED.,
  .F.,.F.,(2,2),(0.,1.2),.PIECEWISE_BEZIER_KNOTS.);
#12989 = CARTESIAN_POINT('',(0.,7.9));
#12990 = CARTESIAN_POINT('',(1.2,7.9));
#12991 = ( GEOMETRIC_REPRESENTATION_CONTEXT(2) 
PARAMETRIC_REPRESENTATION_CONTEXT() REPRESENTATION_CONTEXT('2D SPACE',''
  ) );
#12992 = ORIENTED_EDGE('',*,*,#12993,.F.);
#12993 = EDGE_CURVE('',#12994,#12968,#12996,.T.);
#12994 = VERTEX_POINT('',#12995);
#12995 = CARTESIAN_POINT('',(66.2,-157.1,14.4));
#12996 = SURFACE_CURVE('',#12997,(#13001,#13007),.PCURVE_S1.);
#12997 = LINE('',#12998,#12999);
#12998 = CARTESIAN_POINT('',(66.2,-157.1,0.65));
#12999 = VECTOR('',#13000,1.);
#13000 = DIRECTION('',(0.,0.,-1.));
#13001 = PCURVE('',#12049,#13002);
#13002 = DEFINITIONAL_REPRESENTATION('',(#13003),#13006);
#13003 = B_SPLINE_CURVE_WITH_KNOTS('',1,(#13004,#13005),.UNSPECIFIED.,
  .F.,.F.,(2,2),(-13.75,-0.65),.PIECEWISE_BEZIER_KNOTS.);
#13004 = CARTESIAN_POINT('',(14.4,1.2));
#13005 = CARTESIAN_POINT('',(1.3,1.2));
#13006 = ( GEOMETRIC_REPRESENTATION_CONTEXT(2) 
PARAMETRIC_REPRESENTATION_CONTEXT() REPRESENTATION_CONTEXT('2D SPACE',''
  ) );
#13007 = PCURVE('',#13008,#13013);
#13008 = PLANE('',#13009);
#13009 = AXIS2_PLACEMENT_3D('',#13010,#13011,#13012);
#13010 = CARTESIAN_POINT('',(66.2,-165.,1.3));
#13011 = DIRECTION('',(1.,0.,0.));
#13012 = DIRECTION('',(0.,0.,1.));
#13013 = DEFINITIONAL_REPRESENTATION('',(#13014),#13017);
#13014 = B_SPLINE_CURVE_WITH_KNOTS('',1,(#13015,#13016),.UNSPECIFIED.,
  .F.,.F.,(2,2),(-13.75,-0.65),.PIECEWISE_BEZIER_KNOTS.);
#13015 = CARTESIAN_POINT('',(13.1,-7.9));
#13016 = CARTESIAN_POINT('',(0.,-7.9));
#13017 = ( GEOMETRIC_REPRESENTATION_CONTEXT(2) 
PARAMETRIC_REPRESENTATION_CONTEXT() REPRESENTATION_CONTEXT('2D SPACE',''
  ) );
#13018 = ORIENTED_EDGE('',*,*,#13019,.F.);
#13019 = EDGE_CURVE('',#12792,#12994,#13020,.T.);
#13020 = SURFACE_CURVE('',#13021,(#13025,#13031),.PCURVE_S1.);
#13021 = LINE('',#13022,#13023);
#13022 = CARTESIAN_POINT('',(65.,-157.1,14.4));
#13023 = VECTOR('',#13024,1.);
#13024 = DIRECTION('',(1.,0.,0.));
#13025 = PCURVE('',#12049,#13026);
#13026 = DEFINITIONAL_REPRESENTATION('',(#13027),#13030);
#13027 = B_SPLINE_CURVE_WITH_KNOTS('',1,(#13028,#13029),.UNSPECIFIED.,
  .F.,.F.,(2,2),(0.,1.2),.PIECEWISE_BEZIER_KNOTS.);
#13028 = CARTESIAN_POINT('',(14.4,0.));
#13029 = CARTESIAN_POINT('',(14.4,1.2));
#13030 = ( GEOMETRIC_REPRESENTATION_CONTEXT(2) 
PARAMETRIC_REPRESENTATION_CONTEXT() REPRESENTATION_CONTEXT('2D SPACE',''
  ) );
#13031 = PCURVE('',#12830,#13032);
#13032 = DEFINITIONAL_REPRESENTATION('',(#13033),#13036);
#13033 = B_SPLINE_CURVE_WITH_KNOTS('',1,(#13034,#13035),.UNSPECIFIED.,
  .F.,.F.,(2,2),(0.,1.2),.PIECEWISE_BEZIER_KNOTS.);
#13034 = CARTESIAN_POINT('',(0.,7.9));
#13035 = CARTESIAN_POINT('',(1.2,7.9));
#13036 = ( GEOMETRIC_REPRESENTATION_CONTEXT(2) 
PARAMETRIC_REPRESENTATION_CONTEXT() REPRESENTATION_CONTEXT('2D SPACE',''
  ) );
#13037 = ORIENTED_EDGE('',*,*,#12791,.T.);
#13038 = ORIENTED_EDGE('',*,*,#12033,.T.);
#13039 = ADVANCED_FACE('',(#13040),#12105,.T.);
#13040 = FACE_BOUND('',#13041,.T.);
#13041 = EDGE_LOOP('',(#13042,#13065,#13088,#13111,#13132,#13153,#13172,
    #13173));
#13042 = ORIENTED_EDGE('',*,*,#13043,.F.);
#13043 = EDGE_CURVE('',#13044,#12062,#13046,.T.);
#13044 = VERTEX_POINT('',#13045);
#13045 = CARTESIAN_POINT('',(77.,-72.9,0.));
#13046 = SURFACE_CURVE('',#13047,(#13051,#13058),.PCURVE_S1.);
#13047 = LINE('',#13048,#13049);
#13048 = CARTESIAN_POINT('',(77.,-72.9,0.));
#13049 = VECTOR('',#13050,1.);
#13050 = DIRECTION('',(0.,0.,1.));
#13051 = PCURVE('',#12105,#13052);
#13052 = DEFINITIONAL_REPRESENTATION('',(#13053),#13057);
#13053 = LINE('',#13054,#13055);
#13054 = CARTESIAN_POINT('',(0.,12.));
#13055 = VECTOR('',#13056,1.);
#13056 = DIRECTION('',(1.,0.));
#13057 = ( GEOMETRIC_REPRESENTATION_CONTEXT(2) 
PARAMETRIC_REPRESENTATION_CONTEXT() REPRESENTATION_CONTEXT('2D SPACE',''
  ) );
#13058 = PCURVE('',#12077,#13059);
#13059 = DEFINITIONAL_REPRESENTATION('',(#13060),#13064);
#13060 = LINE('',#13061,#13062);
#13061 = CARTESIAN_POINT('',(-25.9,-67.1));
#13062 = VECTOR('',#13063,1.);
#13063 = DIRECTION('',(1.,0.));
#13064 = ( GEOMETRIC_REPRESENTATION_CONTEXT(2) 
PARAMETRIC_REPRESENTATION_CONTEXT() REPRESENTATION_CONTEXT('2D SPACE',''
  ) );
#13065 = ORIENTED_EDGE('',*,*,#13066,.F.);
#13066 = EDGE_CURVE('',#13067,#13044,#13069,.T.);
#13067 = VERTEX_POINT('',#13068);
#13068 = CARTESIAN_POINT('',(65.,-72.9,0.));
#13069 = SURFACE_CURVE('',#13070,(#13074,#13081),.PCURVE_S1.);
#13070 = LINE('',#13071,#13072);
#13071 = CARTESIAN_POINT('',(65.,-72.9,0.));
#13072 = VECTOR('',#13073,1.);
#13073 = DIRECTION('',(1.,0.,0.));
#13074 = PCURVE('',#12105,#13075);
#13075 = DEFINITIONAL_REPRESENTATION('',(#13076),#13080);
#13076 = LINE('',#13077,#13078);
#13077 = CARTESIAN_POINT('',(0.,0.));
#13078 = VECTOR('',#13079,1.);
#13079 = DIRECTION('',(0.,1.));
#13080 = ( GEOMETRIC_REPRESENTATION_CONTEXT(2) 
PARAMETRIC_REPRESENTATION_CONTEXT() REPRESENTATION_CONTEXT('2D SPACE',''
  ) );
#13081 = PCURVE('',#12927,#13082);
#13082 = DEFINITIONAL_REPRESENTATION('',(#13083),#13087);
#13083 = LINE('',#13084,#13085);
#13084 = CARTESIAN_POINT('',(0.,84.2));
#13085 = VECTOR('',#13086,1.);
#13086 = DIRECTION('',(1.,0.));
#13087 = ( GEOMETRIC_REPRESENTATION_CONTEXT(2) 
PARAMETRIC_REPRESENTATION_CONTEXT() REPRESENTATION_CONTEXT('2D SPACE',''
  ) );
#13088 = ORIENTED_EDGE('',*,*,#13089,.T.);
#13089 = EDGE_CURVE('',#13067,#13090,#13092,.T.);
#13090 = VERTEX_POINT('',#13091);
#13091 = CARTESIAN_POINT('',(65.,-72.9,1.3));
#13092 = SURFACE_CURVE('',#13093,(#13097,#13104),.PCURVE_S1.);
#13093 = LINE('',#13094,#13095);
#13094 = CARTESIAN_POINT('',(65.,-72.9,0.));
#13095 = VECTOR('',#13096,1.);
#13096 = DIRECTION('',(0.,0.,1.));
#13097 = PCURVE('',#12105,#13098);
#13098 = DEFINITIONAL_REPRESENTATION('',(#13099),#13103);
#13099 = LINE('',#13100,#13101);
#13100 = CARTESIAN_POINT('',(0.,0.));
#13101 = VECTOR('',#13102,1.);
#13102 = DIRECTION('',(1.,0.));
#13103 = ( GEOMETRIC_REPRESENTATION_CONTEXT(2) 
PARAMETRIC_REPRESENTATION_CONTEXT() REPRESENTATION_CONTEXT('2D SPACE',''
  ) );
#13104 = PCURVE('',#12955,#13105);
#13105 = DEFINITIONAL_REPRESENTATION('',(#13106),#13110);
#13106 = LINE('',#13107,#13108);
#13107 = CARTESIAN_POINT('',(0.,-84.2));
#13108 = VECTOR('',#13109,1.);
#13109 = DIRECTION('',(1.,0.));
#13110 = ( GEOMETRIC_REPRESENTATION_CONTEXT(2) 
PARAMETRIC_REPRESENTATION_CONTEXT() REPRESENTATION_CONTEXT('2D SPACE',''
  ) );
#13111 = ORIENTED_EDGE('',*,*,#13112,.T.);
#13112 = EDGE_CURVE('',#13090,#13113,#13115,.T.);
#13113 = VERTEX_POINT('',#13114);
#13114 = CARTESIAN_POINT('',(66.2,-72.9,1.3));
#13115 = SURFACE_CURVE('',#13116,(#13120,#13126),.PCURVE_S1.);
#13116 = LINE('',#13117,#13118);
#13117 = CARTESIAN_POINT('',(65.,-72.9,1.3));
#13118 = VECTOR('',#13119,1.);
#13119 = DIRECTION('',(1.,0.,0.));
#13120 = PCURVE('',#12105,#13121);
#13121 = DEFINITIONAL_REPRESENTATION('',(#13122),#13125);
#13122 = B_SPLINE_CURVE_WITH_KNOTS('',1,(#13123,#13124),.UNSPECIFIED.,
  .F.,.F.,(2,2),(0.,1.2),.PIECEWISE_BEZIER_KNOTS.);
#13123 = CARTESIAN_POINT('',(1.3,0.));
#13124 = CARTESIAN_POINT('',(1.3,1.2));
#13125 = ( GEOMETRIC_REPRESENTATION_CONTEXT(2) 
PARAMETRIC_REPRESENTATION_CONTEXT() REPRESENTATION_CONTEXT('2D SPACE',''
  ) );
#13126 = PCURVE('',#12982,#13127);
#13127 = DEFINITIONAL_REPRESENTATION('',(#13128),#13131);
#13128 = B_SPLINE_CURVE_WITH_KNOTS('',1,(#13129,#13130),.UNSPECIFIED.,
  .F.,.F.,(2,2),(0.,1.2),.PIECEWISE_BEZIER_KNOTS.);
#13129 = CARTESIAN_POINT('',(0.,92.1));
#13130 = CARTESIAN_POINT('',(1.2,92.1));
#13131 = ( GEOMETRIC_REPRESENTATION_CONTEXT(2) 
PARAMETRIC_REPRESENTATION_CONTEXT() REPRESENTATION_CONTEXT('2D SPACE',''
  ) );
#13132 = ORIENTED_EDGE('',*,*,#13133,.F.);
#13133 = EDGE_CURVE('',#13134,#13113,#13136,.T.);
#13134 = VERTEX_POINT('',#13135);
#13135 = CARTESIAN_POINT('',(66.2,-72.9,14.4));
#13136 = SURFACE_CURVE('',#13137,(#13141,#13147),.PCURVE_S1.);
#13137 = LINE('',#13138,#13139);
#13138 = CARTESIAN_POINT('',(66.2,-72.9,0.65));
#13139 = VECTOR('',#13140,1.);
#13140 = DIRECTION('',(0.,0.,-1.));
#13141 = PCURVE('',#12105,#13142);
#13142 = DEFINITIONAL_REPRESENTATION('',(#13143),#13146);
#13143 = B_SPLINE_CURVE_WITH_KNOTS('',1,(#13144,#13145),.UNSPECIFIED.,
  .F.,.F.,(2,2),(-13.75,-0.65),.PIECEWISE_BEZIER_KNOTS.);
#13144 = CARTESIAN_POINT('',(14.4,1.2));
#13145 = CARTESIAN_POINT('',(1.3,1.2));
#13146 = ( GEOMETRIC_REPRESENTATION_CONTEXT(2) 
PARAMETRIC_REPRESENTATION_CONTEXT() REPRESENTATION_CONTEXT('2D SPACE',''
  ) );
#13147 = PCURVE('',#13008,#13148);
#13148 = DEFINITIONAL_REPRESENTATION('',(#13149),#13152);
#13149 = B_SPLINE_CURVE_WITH_KNOTS('',1,(#13150,#13151),.UNSPECIFIED.,
  .F.,.F.,(2,2),(-13.75,-0.65),.PIECEWISE_BEZIER_KNOTS.);
#13150 = CARTESIAN_POINT('',(13.1,-92.1));
#13151 = CARTESIAN_POINT('',(0.,-92.1));
#13152 = ( GEOMETRIC_REPRESENTATION_CONTEXT(2) 
PARAMETRIC_REPRESENTATION_CONTEXT() REPRESENTATION_CONTEXT('2D SPACE',''
  ) );
#13153 = ORIENTED_EDGE('',*,*,#13154,.F.);
#13154 = EDGE_CURVE('',#12815,#13134,#13155,.T.);
#13155 = SURFACE_CURVE('',#13156,(#13160,#13166),.PCURVE_S1.);
#13156 = LINE('',#13157,#13158);
#13157 = CARTESIAN_POINT('',(65.,-72.9,14.4));
#13158 = VECTOR('',#13159,1.);
#13159 = DIRECTION('',(1.,0.,0.));
#13160 = PCURVE('',#12105,#13161);
#13161 = DEFINITIONAL_REPRESENTATION('',(#13162),#13165);
#13162 = B_SPLINE_CURVE_WITH_KNOTS('',1,(#13163,#13164),.UNSPECIFIED.,
  .F.,.F.,(2,2),(0.,1.2),.PIECEWISE_BEZIER_KNOTS.);
#13163 = CARTESIAN_POINT('',(14.4,0.));
#13164 = CARTESIAN_POINT('',(14.4,1.2));
#13165 = ( GEOMETRIC_REPRESENTATION_CONTEXT(2) 
PARAMETRIC_REPRESENTATION_CONTEXT() REPRESENTATION_CONTEXT('2D SPACE',''
  ) );
#13166 = PCURVE('',#12830,#13167);
#13167 = DEFINITIONAL_REPRESENTATION('',(#13168),#13171);
#13168 = B_SPLINE_CURVE_WITH_KNOTS('',1,(#13169,#13170),.UNSPECIFIED.,
  .F.,.F.,(2,2),(0.,1.2),.PIECEWISE_BEZIER_KNOTS.);
#13169 = CARTESIAN_POINT('',(0.,92.1));
#13170 = CARTESIAN_POINT('',(1.2,92.1));
#13171 = ( GEOMETRIC_REPRESENTATION_CONTEXT(2) 
PARAMETRIC_REPRESENTATION_CONTEXT() REPRESENTATION_CONTEXT('2D SPACE',''
  ) );
#13172 = ORIENTED_EDGE('',*,*,#12842,.T.);
#13173 = ORIENTED_EDGE('',*,*,#12089,.T.);
#13174 = ADVANCED_FACE('',(#13175),#12077,.T.);
#13175 = FACE_BOUND('',#13176,.T.);
#13176 = EDGE_LOOP('',(#13177,#13178,#13179,#13200));
#13177 = ORIENTED_EDGE('',*,*,#12061,.F.);
#13178 = ORIENTED_EDGE('',*,*,#12888,.F.);
#13179 = ORIENTED_EDGE('',*,*,#13180,.T.);
#13180 = EDGE_CURVE('',#12889,#13044,#13181,.T.);
#13181 = SURFACE_CURVE('',#13182,(#13186,#13193),.PCURVE_S1.);
#13182 = LINE('',#13183,#13184);
#13183 = CARTESIAN_POINT('',(77.,-157.1,0.));
#13184 = VECTOR('',#13185,1.);
#13185 = DIRECTION('',(0.,1.,0.));
#13186 = PCURVE('',#12077,#13187);
#13187 = DEFINITIONAL_REPRESENTATION('',(#13188),#13192);
#13188 = LINE('',#13189,#13190);
#13189 = CARTESIAN_POINT('',(-25.9,17.1));
#13190 = VECTOR('',#13191,1.);
#13191 = DIRECTION('',(0.,-1.));
#13192 = ( GEOMETRIC_REPRESENTATION_CONTEXT(2) 
PARAMETRIC_REPRESENTATION_CONTEXT() REPRESENTATION_CONTEXT('2D SPACE',''
  ) );
#13193 = PCURVE('',#12927,#13194);
#13194 = DEFINITIONAL_REPRESENTATION('',(#13195),#13199);
#13195 = LINE('',#13196,#13197);
#13196 = CARTESIAN_POINT('',(12.,0.));
#13197 = VECTOR('',#13198,1.);
#13198 = DIRECTION('',(0.,1.));
#13199 = ( GEOMETRIC_REPRESENTATION_CONTEXT(2) 
PARAMETRIC_REPRESENTATION_CONTEXT() REPRESENTATION_CONTEXT('2D SPACE',''
  ) );
#13200 = ORIENTED_EDGE('',*,*,#13043,.T.);
#13201 = ADVANCED_FACE('',(#13202),#12235,.F.);
#13202 = FACE_BOUND('',#13203,.T.);
#13203 = EDGE_LOOP('',(#13204,#13237,#13258,#13259));
#13204 = ORIENTED_EDGE('',*,*,#13205,.T.);
#13205 = EDGE_CURVE('',#13206,#13206,#13208,.T.);
#13206 = VERTEX_POINT('',#13207);
#13207 = CARTESIAN_POINT('',(-26.25,-127.,27.7));
#13208 = SURFACE_CURVE('',#13209,(#13214,#13221),.PCURVE_S1.);
#13209 = CIRCLE('',#13210,1.75);
#13210 = AXIS2_PLACEMENT_3D('',#13211,#13212,#13213);
#13211 = CARTESIAN_POINT('',(-28.,-127.,27.7));
#13212 = DIRECTION('',(0.,0.,-1.));
#13213 = DIRECTION('',(1.,0.,0.));
#13214 = PCURVE('',#12235,#13215);
#13215 = DEFINITIONAL_REPRESENTATION('',(#13216),#13220);
#13216 = LINE('',#13217,#13218);
#13217 = CARTESIAN_POINT('',(-6.28318530718,-2.8));
#13218 = VECTOR('',#13219,1.);
#13219 = DIRECTION('',(1.,-0.));
#13220 = ( GEOMETRIC_REPRESENTATION_CONTEXT(2) 
PARAMETRIC_REPRESENTATION_CONTEXT() REPRESENTATION_CONTEXT('2D SPACE',''
  ) );
#13221 = PCURVE('',#13222,#13227);
#13222 = PLANE('',#13223);
#13223 = AXIS2_PLACEMENT_3D('',#13224,#13225,#13226);
#13224 = CARTESIAN_POINT('',(-22.,-127.,27.7));
#13225 = DIRECTION('',(0.,0.,1.));
#13226 = DIRECTION('',(1.,0.,-0.));
#13227 = DEFINITIONAL_REPRESENTATION('',(#13228),#13236);
#13228 = ( BOUNDED_CURVE() B_SPLINE_CURVE(2,(#13229,#13230,#13231,#13232
    ,#13233,#13234,#13235),.UNSPECIFIED.,.T.,.F.) 
B_SPLINE_CURVE_WITH_KNOTS((1,2,2,2,2,1),(-2.094395102393,0.,
    2.094395102393,4.188790204786,6.28318530718,8.377580409573),
.UNSPECIFIED.) CURVE() GEOMETRIC_REPRESENTATION_ITEM() 
RATIONAL_B_SPLINE_CURVE((1.,0.5,1.,0.5,1.,0.5,1.)) REPRESENTATION_ITEM(
  '') );
#13229 = CARTESIAN_POINT('',(-4.25,0.));
#13230 = CARTESIAN_POINT('',(-4.25,-3.031088913246));
#13231 = CARTESIAN_POINT('',(-6.875,-1.515544456623));
#13232 = CARTESIAN_POINT('',(-9.5,-4.286263797016E-16));
#13233 = CARTESIAN_POINT('',(-6.875,1.515544456623));
#13234 = CARTESIAN_POINT('',(-4.25,3.031088913246));
#13235 = CARTESIAN_POINT('',(-4.25,0.));
#13236 = ( GEOMETRIC_REPRESENTATION_CONTEXT(2) 
PARAMETRIC_REPRESENTATION_CONTEXT() REPRESENTATION_CONTEXT('2D SPACE',''
  ) );
#13237 = ORIENTED_EDGE('',*,*,#13238,.T.);
#13238 = EDGE_CURVE('',#13206,#12215,#13239,.T.);
#13239 = SEAM_CURVE('',#13240,(#13244,#13251),.PCURVE_S1.);
#13240 = LINE('',#13241,#13242);
#13241 = CARTESIAN_POINT('',(-26.25,-127.,24.9));
#13242 = VECTOR('',#13243,1.);
#13243 = DIRECTION('',(0.,0.,1.));
#13244 = PCURVE('',#12235,#13245);
#13245 = DEFINITIONAL_REPRESENTATION('',(#13246),#13250);
#13246 = LINE('',#13247,#13248);
#13247 = CARTESIAN_POINT('',(-6.28318530718,0.));
#13248 = VECTOR('',#13249,1.);
#13249 = DIRECTION('',(-0.,-1.));
#13250 = ( GEOMETRIC_REPRESENTATION_CONTEXT(2) 
PARAMETRIC_REPRESENTATION_CONTEXT() REPRESENTATION_CONTEXT('2D SPACE',''
  ) );
#13251 = PCURVE('',#12235,#13252);
#13252 = DEFINITIONAL_REPRESENTATION('',(#13253),#13257);
#13253 = LINE('',#13254,#13255);
#13254 = CARTESIAN_POINT('',(-0.,0.));
#13255 = VECTOR('',#13256,1.);
#13256 = DIRECTION('',(-0.,-1.));
#13257 = ( GEOMETRIC_REPRESENTATION_CONTEXT(2) 
PARAMETRIC_REPRESENTATION_CONTEXT() REPRESENTATION_CONTEXT('2D SPACE',''
  ) );
#13258 = ORIENTED_EDGE('',*,*,#12214,.F.);
#13259 = ORIENTED_EDGE('',*,*,#13238,.F.);
#13260 = ADVANCED_FACE('',(#13261),#12270,.F.);
#13261 = FACE_BOUND('',#13262,.T.);
#13262 = EDGE_LOOP('',(#13263,#13296,#13317,#13318));
#13263 = ORIENTED_EDGE('',*,*,#13264,.T.);
#13264 = EDGE_CURVE('',#13265,#13265,#13267,.T.);
#13265 = VERTEX_POINT('',#13266);
#13266 = CARTESIAN_POINT('',(29.75,-127.,27.7));
#13267 = SURFACE_CURVE('',#13268,(#13273,#13280),.PCURVE_S1.);
#13268 = CIRCLE('',#13269,1.75);
#13269 = AXIS2_PLACEMENT_3D('',#13270,#13271,#13272);
#13270 = CARTESIAN_POINT('',(28.,-127.,27.7));
#13271 = DIRECTION('',(0.,0.,-1.));
#13272 = DIRECTION('',(1.,0.,0.));
#13273 = PCURVE('',#12270,#13274);
#13274 = DEFINITIONAL_REPRESENTATION('',(#13275),#13279);
#13275 = LINE('',#13276,#13277);
#13276 = CARTESIAN_POINT('',(-6.28318530718,-2.8));
#13277 = VECTOR('',#13278,1.);
#13278 = DIRECTION('',(1.,-0.));
#13279 = ( GEOMETRIC_REPRESENTATION_CONTEXT(2) 
PARAMETRIC_REPRESENTATION_CONTEXT() REPRESENTATION_CONTEXT('2D SPACE',''
  ) );
#13280 = PCURVE('',#13281,#13286);
#13281 = PLANE('',#13282);
#13282 = AXIS2_PLACEMENT_3D('',#13283,#13284,#13285);
#13283 = CARTESIAN_POINT('',(22.,-127.,27.7));
#13284 = DIRECTION('',(0.,0.,1.));
#13285 = DIRECTION('',(1.,0.,-0.));
#13286 = DEFINITIONAL_REPRESENTATION('',(#13287),#13295);
#13287 = ( BOUNDED_CURVE() B_SPLINE_CURVE(2,(#13288,#13289,#13290,#13291
    ,#13292,#13293,#13294),.UNSPECIFIED.,.T.,.F.) 
B_SPLINE_CURVE_WITH_KNOTS((1,2,2,2,2,1),(-2.094395102393,0.,
    2.094395102393,4.188790204786,6.28318530718,8.377580409573),
.UNSPECIFIED.) CURVE() GEOMETRIC_REPRESENTATION_ITEM() 
RATIONAL_B_SPLINE_CURVE((1.,0.5,1.,0.5,1.,0.5,1.)) REPRESENTATION_ITEM(
  '') );
#13288 = CARTESIAN_POINT('',(7.75,0.));
#13289 = CARTESIAN_POINT('',(7.75,-3.031088913246));
#13290 = CARTESIAN_POINT('',(5.125,-1.515544456623));
#13291 = CARTESIAN_POINT('',(2.5,-4.286263797016E-16));
#13292 = CARTESIAN_POINT('',(5.125,1.515544456623));
#13293 = CARTESIAN_POINT('',(7.75,3.031088913246));
#13294 = CARTESIAN_POINT('',(7.75,0.));
#13295 = ( GEOMETRIC_REPRESENTATION_CONTEXT(2) 
PARAMETRIC_REPRESENTATION_CONTEXT() REPRESENTATION_CONTEXT('2D SPACE',''
  ) );
#13296 = ORIENTED_EDGE('',*,*,#13297,.T.);
#13297 = EDGE_CURVE('',#13265,#12250,#13298,.T.);
#13298 = SEAM_CURVE('',#13299,(#13303,#13310),.PCURVE_S1.);
#13299 = LINE('',#13300,#13301);
#13300 = CARTESIAN_POINT('',(29.75,-127.,24.9));
#13301 = VECTOR('',#13302,1.);
#13302 = DIRECTION('',(0.,0.,1.));
#13303 = PCURVE('',#12270,#13304);
#13304 = DEFINITIONAL_REPRESENTATION('',(#13305),#13309);
#13305 = LINE('',#13306,#13307);
#13306 = CARTESIAN_POINT('',(-6.28318530718,0.));
#13307 = VECTOR('',#13308,1.);
#13308 = DIRECTION('',(-0.,-1.));
#13309 = ( GEOMETRIC_REPRESENTATION_CONTEXT(2) 
PARAMETRIC_REPRESENTATION_CONTEXT() REPRESENTATION_CONTEXT('2D SPACE',''
  ) );
#13310 = PCURVE('',#12270,#13311);
#13311 = DEFINITIONAL_REPRESENTATION('',(#13312),#13316);
#13312 = LINE('',#13313,#13314);
#13313 = CARTESIAN_POINT('',(-0.,0.));
#13314 = VECTOR('',#13315,1.);
#13315 = DIRECTION('',(-0.,-1.));
#13316 = ( GEOMETRIC_REPRESENTATION_CONTEXT(2) 
PARAMETRIC_REPRESENTATION_CONTEXT() REPRESENTATION_CONTEXT('2D SPACE',''
  ) );
#13317 = ORIENTED_EDGE('',*,*,#12249,.F.);
#13318 = ORIENTED_EDGE('',*,*,#13297,.F.);
#13319 = ADVANCED_FACE('',(#13320),#12303,.T.);
#13320 = FACE_BOUND('',#13321,.T.);
#13321 = EDGE_LOOP('',(#13322,#13343,#13344,#13345));
#13322 = ORIENTED_EDGE('',*,*,#13323,.F.);
#13323 = EDGE_CURVE('',#12288,#12490,#13324,.T.);
#13324 = SURFACE_CURVE('',#13325,(#13329,#13336),.PCURVE_S1.);
#13325 = LINE('',#13326,#13327);
#13326 = CARTESIAN_POINT('',(-65.,-165.,1.3));
#13327 = VECTOR('',#13328,1.);
#13328 = DIRECTION('',(0.,1.,0.));
#13329 = PCURVE('',#12303,#13330);
#13330 = DEFINITIONAL_REPRESENTATION('',(#13331),#13335);
#13331 = LINE('',#13332,#13333);
#13332 = CARTESIAN_POINT('',(1.3,7.9));
#13333 = VECTOR('',#13334,1.);
#13334 = DIRECTION('',(0.,-1.));
#13335 = ( GEOMETRIC_REPRESENTATION_CONTEXT(2) 
PARAMETRIC_REPRESENTATION_CONTEXT() REPRESENTATION_CONTEXT('2D SPACE',''
  ) );
#13336 = PCURVE('',#12426,#13337);
#13337 = DEFINITIONAL_REPRESENTATION('',(#13338),#13342);
#13338 = LINE('',#13339,#13340);
#13339 = CARTESIAN_POINT('',(1.2,0.));
#13340 = VECTOR('',#13341,1.);
#13341 = DIRECTION('',(0.,1.));
#13342 = ( GEOMETRIC_REPRESENTATION_CONTEXT(2) 
PARAMETRIC_REPRESENTATION_CONTEXT() REPRESENTATION_CONTEXT('2D SPACE',''
  ) );
#13343 = ORIENTED_EDGE('',*,*,#12285,.F.);
#13344 = ORIENTED_EDGE('',*,*,#12442,.T.);
#13345 = ORIENTED_EDGE('',*,*,#12489,.T.);
#13346 = ADVANCED_FACE('',(#13347),#12426,.T.);
#13347 = FACE_BOUND('',#13348,.T.);
#13348 = EDGE_LOOP('',(#13349,#13370,#13371,#13372));
#13349 = ORIENTED_EDGE('',*,*,#13350,.F.);
#13350 = EDGE_CURVE('',#12388,#12560,#13351,.T.);
#13351 = SURFACE_CURVE('',#13352,(#13356,#13363),.PCURVE_S1.);
#13352 = LINE('',#13353,#13354);
#13353 = CARTESIAN_POINT('',(-66.2,-165.,1.3));
#13354 = VECTOR('',#13355,1.);
#13355 = DIRECTION('',(0.,1.,0.));
#13356 = PCURVE('',#12426,#13357);
#13357 = DEFINITIONAL_REPRESENTATION('',(#13358),#13362);
#13358 = LINE('',#13359,#13360);
#13359 = CARTESIAN_POINT('',(0.,0.));
#13360 = VECTOR('',#13361,1.);
#13361 = DIRECTION('',(0.,1.));
#13362 = ( GEOMETRIC_REPRESENTATION_CONTEXT(2) 
PARAMETRIC_REPRESENTATION_CONTEXT() REPRESENTATION_CONTEXT('2D SPACE',''
  ) );
#13363 = PCURVE('',#12402,#13364);
#13364 = DEFINITIONAL_REPRESENTATION('',(#13365),#13369);
#13365 = LINE('',#13366,#13367);
#13366 = CARTESIAN_POINT('',(0.,0.));
#13367 = VECTOR('',#13368,1.);
#13368 = DIRECTION('',(0.,-1.));
#13369 = ( GEOMETRIC_REPRESENTATION_CONTEXT(2) 
PARAMETRIC_REPRESENTATION_CONTEXT() REPRESENTATION_CONTEXT('2D SPACE',''
  ) );
#13370 = ORIENTED_EDGE('',*,*,#12413,.T.);
#13371 = ORIENTED_EDGE('',*,*,#13323,.T.);
#13372 = ORIENTED_EDGE('',*,*,#12580,.F.);
#13373 = ADVANCED_FACE('',(#13374),#12402,.T.);
#13374 = FACE_BOUND('',#13375,.T.);
#13375 = EDGE_LOOP('',(#13376,#13397,#13398,#13399));
#13376 = ORIENTED_EDGE('',*,*,#13377,.F.);
#13377 = EDGE_CURVE('',#12362,#12539,#13378,.T.);
#13378 = SURFACE_CURVE('',#13379,(#13383,#13390),.PCURVE_S1.);
#13379 = LINE('',#13380,#13381);
#13380 = CARTESIAN_POINT('',(-66.2,-165.,14.4));
#13381 = VECTOR('',#13382,1.);
#13382 = DIRECTION('',(0.,1.,0.));
#13383 = PCURVE('',#12402,#13384);
#13384 = DEFINITIONAL_REPRESENTATION('',(#13385),#13389);
#13385 = LINE('',#13386,#13387);
#13386 = CARTESIAN_POINT('',(13.1,0.));
#13387 = VECTOR('',#13388,1.);
#13388 = DIRECTION('',(0.,-1.));
#13389 = ( GEOMETRIC_REPRESENTATION_CONTEXT(2) 
PARAMETRIC_REPRESENTATION_CONTEXT() REPRESENTATION_CONTEXT('2D SPACE',''
  ) );
#13390 = PCURVE('',#12376,#13391);
#13391 = DEFINITIONAL_REPRESENTATION('',(#13392),#13396);
#13392 = LINE('',#13393,#13394);
#13393 = CARTESIAN_POINT('',(0.,0.));
#13394 = VECTOR('',#13395,1.);
#13395 = DIRECTION('',(0.,1.));
#13396 = ( GEOMETRIC_REPRESENTATION_CONTEXT(2) 
PARAMETRIC_REPRESENTATION_CONTEXT() REPRESENTATION_CONTEXT('2D SPACE',''
  ) );
#13397 = ORIENTED_EDGE('',*,*,#12387,.T.);
#13398 = ORIENTED_EDGE('',*,*,#13350,.T.);
#13399 = ORIENTED_EDGE('',*,*,#12559,.F.);
#13400 = ADVANCED_FACE('',(#13401),#12376,.F.);
#13401 = FACE_BOUND('',#13402,.F.);
#13402 = EDGE_LOOP('',(#13403,#13404,#13405,#13406));
#13403 = ORIENTED_EDGE('',*,*,#13377,.F.);
#13404 = ORIENTED_EDGE('',*,*,#12361,.T.);
#13405 = ORIENTED_EDGE('',*,*,#12604,.T.);
#13406 = ORIENTED_EDGE('',*,*,#12538,.F.);
#13407 = ADVANCED_FACE('',(#13408,#13414,#13449),#12663,.F.);
#13408 = FACE_BOUND('',#13409,.F.);
#13409 = EDGE_LOOP('',(#13410,#13411,#13412,#13413));
#13410 = ORIENTED_EDGE('',*,*,#12743,.F.);
#13411 = ORIENTED_EDGE('',*,*,#12648,.T.);
#13412 = ORIENTED_EDGE('',*,*,#12696,.T.);
#13413 = ORIENTED_EDGE('',*,*,#12865,.F.);
#13414 = FACE_BOUND('',#13415,.F.);
#13415 = EDGE_LOOP('',(#13416));
#13416 = ORIENTED_EDGE('',*,*,#13417,.T.);
#13417 = EDGE_CURVE('',#13418,#13418,#13420,.T.);
#13418 = VERTEX_POINT('',#13419);
#13419 = CARTESIAN_POINT('',(-11.8,-127.,25.9));
#13420 = SURFACE_CURVE('',#13421,(#13426,#13437),.PCURVE_S1.);
#13421 = CIRCLE('',#13422,10.2);
#13422 = AXIS2_PLACEMENT_3D('',#13423,#13424,#13425);
#13423 = CARTESIAN_POINT('',(-22.,-127.,25.9));
#13424 = DIRECTION('',(0.,0.,-1.));
#13425 = DIRECTION('',(1.,0.,0.));
#13426 = PCURVE('',#12663,#13427);
#13427 = DEFINITIONAL_REPRESENTATION('',(#13428),#13436);
#13428 = ( BOUNDED_CURVE() B_SPLINE_CURVE(2,(#13429,#13430,#13431,#13432
    ,#13433,#13434,#13435),.UNSPECIFIED.,.T.,.F.) 
B_SPLINE_CURVE_WITH_KNOTS((1,2,2,2,2,1),(-2.094395102393,0.,
    2.094395102393,4.188790204786,6.28318530718,8.377580409573),
.UNSPECIFIED.) CURVE() GEOMETRIC_REPRESENTATION_ITEM() 
RATIONAL_B_SPLINE_CURVE((1.,0.5,1.,0.5,1.,0.5,1.)) REPRESENTATION_ITEM(
  '') );
#13429 = CARTESIAN_POINT('',(65.2,13.));
#13430 = CARTESIAN_POINT('',(65.2,-4.666918237203));
#13431 = CARTESIAN_POINT('',(49.9,4.166540881399));
#13432 = CARTESIAN_POINT('',(34.6,13.));
#13433 = CARTESIAN_POINT('',(49.9,21.833459118601));
#13434 = CARTESIAN_POINT('',(65.2,30.666918237203));
#13435 = CARTESIAN_POINT('',(65.2,13.));
#13436 = ( GEOMETRIC_REPRESENTATION_CONTEXT(2) 
PARAMETRIC_REPRESENTATION_CONTEXT() REPRESENTATION_CONTEXT('2D SPACE',''
  ) );
#13437 = PCURVE('',#13438,#13443);
#13438 = CYLINDRICAL_SURFACE('',#13439,10.2);
#13439 = AXIS2_PLACEMENT_3D('',#13440,#13441,#13442);
#13440 = CARTESIAN_POINT('',(-22.,-127.,25.89));
#13441 = DIRECTION('',(-0.,-0.,-1.));
#13442 = DIRECTION('',(1.,0.,0.));
#13443 = DEFINITIONAL_REPRESENTATION('',(#13444),#13448);
#13444 = LINE('',#13445,#13446);
#13445 = CARTESIAN_POINT('',(-6.28318530718,-1.E-02));
#13446 = VECTOR('',#13447,1.);
#13447 = DIRECTION('',(1.,-0.));
#13448 = ( GEOMETRIC_REPRESENTATION_CONTEXT(2) 
PARAMETRIC_REPRESENTATION_CONTEXT() REPRESENTATION_CONTEXT('2D SPACE',''
  ) );
#13449 = FACE_BOUND('',#13450,.F.);
#13450 = EDGE_LOOP('',(#13451));
#13451 = ORIENTED_EDGE('',*,*,#13452,.T.);
#13452 = EDGE_CURVE('',#13453,#13453,#13455,.T.);
#13453 = VERTEX_POINT('',#13454);
#13454 = CARTESIAN_POINT('',(32.2,-127.,25.9));
#13455 = SURFACE_CURVE('',#13456,(#13461,#13472),.PCURVE_S1.);
#13456 = CIRCLE('',#13457,10.2);
#13457 = AXIS2_PLACEMENT_3D('',#13458,#13459,#13460);
#13458 = CARTESIAN_POINT('',(22.,-127.,25.9));
#13459 = DIRECTION('',(0.,0.,-1.));
#13460 = DIRECTION('',(1.,0.,0.));
#13461 = PCURVE('',#12663,#13462);
#13462 = DEFINITIONAL_REPRESENTATION('',(#13463),#13471);
#13463 = ( BOUNDED_CURVE() B_SPLINE_CURVE(2,(#13464,#13465,#13466,#13467
    ,#13468,#13469,#13470),.UNSPECIFIED.,.T.,.F.) 
B_SPLINE_CURVE_WITH_KNOTS((1,2,2,2,2,1),(-2.094395102393,0.,
    2.094395102393,4.188790204786,6.28318530718,8.377580409573),
.UNSPECIFIED.) CURVE() GEOMETRIC_REPRESENTATION_ITEM() 
RATIONAL_B_SPLINE_CURVE((1.,0.5,1.,0.5,1.,0.5,1.)) REPRESENTATION_ITEM(
  '') );
#13464 = CARTESIAN_POINT('',(109.2,13.));
#13465 = CARTESIAN_POINT('',(109.2,-4.666918237203));
#13466 = CARTESIAN_POINT('',(93.9,4.166540881399));
#13467 = CARTESIAN_POINT('',(78.6,13.));
#13468 = CARTESIAN_POINT('',(93.9,21.833459118601));
#13469 = CARTESIAN_POINT('',(109.2,30.666918237203));
#13470 = CARTESIAN_POINT('',(109.2,13.));
#13471 = ( GEOMETRIC_REPRESENTATION_CONTEXT(2) 
PARAMETRIC_REPRESENTATION_CONTEXT() REPRESENTATION_CONTEXT('2D SPACE',''
  ) );
#13472 = PCURVE('',#13473,#13478);
#13473 = CYLINDRICAL_SURFACE('',#13474,10.2);
#13474 = AXIS2_PLACEMENT_3D('',#13475,#13476,#13477);
#13475 = CARTESIAN_POINT('',(22.,-127.,25.89));
#13476 = DIRECTION('',(-0.,-0.,-1.));
#13477 = DIRECTION('',(1.,0.,0.));
#13478 = DEFINITIONAL_REPRESENTATION('',(#13479),#13483);
#13479 = LINE('',#13480,#13481);
#13480 = CARTESIAN_POINT('',(-6.28318530718,-1.E-02));
#13481 = VECTOR('',#13482,1.);
#13482 = DIRECTION('',(1.,-0.));
#13483 = ( GEOMETRIC_REPRESENTATION_CONTEXT(2) 
PARAMETRIC_REPRESENTATION_CONTEXT() REPRESENTATION_CONTEXT('2D SPACE',''
  ) );
#13484 = ADVANCED_FACE('',(#13485),#12830,.F.);
#13485 = FACE_BOUND('',#13486,.F.);
#13486 = EDGE_LOOP('',(#13487,#13488,#13489,#13510));
#13487 = ORIENTED_EDGE('',*,*,#12814,.F.);
#13488 = ORIENTED_EDGE('',*,*,#13019,.T.);
#13489 = ORIENTED_EDGE('',*,*,#13490,.T.);
#13490 = EDGE_CURVE('',#12994,#13134,#13491,.T.);
#13491 = SURFACE_CURVE('',#13492,(#13496,#13503),.PCURVE_S1.);
#13492 = LINE('',#13493,#13494);
#13493 = CARTESIAN_POINT('',(66.2,-165.,14.4));
#13494 = VECTOR('',#13495,1.);
#13495 = DIRECTION('',(0.,1.,0.));
#13496 = PCURVE('',#12830,#13497);
#13497 = DEFINITIONAL_REPRESENTATION('',(#13498),#13502);
#13498 = LINE('',#13499,#13500);
#13499 = CARTESIAN_POINT('',(1.2,0.));
#13500 = VECTOR('',#13501,1.);
#13501 = DIRECTION('',(0.,1.));
#13502 = ( GEOMETRIC_REPRESENTATION_CONTEXT(2) 
PARAMETRIC_REPRESENTATION_CONTEXT() REPRESENTATION_CONTEXT('2D SPACE',''
  ) );
#13503 = PCURVE('',#13008,#13504);
#13504 = DEFINITIONAL_REPRESENTATION('',(#13505),#13509);
#13505 = LINE('',#13506,#13507);
#13506 = CARTESIAN_POINT('',(13.1,0.));
#13507 = VECTOR('',#13508,1.);
#13508 = DIRECTION('',(0.,-1.));
#13509 = ( GEOMETRIC_REPRESENTATION_CONTEXT(2) 
PARAMETRIC_REPRESENTATION_CONTEXT() REPRESENTATION_CONTEXT('2D SPACE',''
  ) );
#13510 = ORIENTED_EDGE('',*,*,#13154,.F.);
#13511 = ADVANCED_FACE('',(#13512),#13008,.F.);
#13512 = FACE_BOUND('',#13513,.F.);
#13513 = EDGE_LOOP('',(#13514,#13515,#13516,#13537));
#13514 = ORIENTED_EDGE('',*,*,#13490,.F.);
#13515 = ORIENTED_EDGE('',*,*,#12993,.T.);
#13516 = ORIENTED_EDGE('',*,*,#13517,.T.);
#13517 = EDGE_CURVE('',#12968,#13113,#13518,.T.);
#13518 = SURFACE_CURVE('',#13519,(#13523,#13530),.PCURVE_S1.);
#13519 = LINE('',#13520,#13521);
#13520 = CARTESIAN_POINT('',(66.2,-165.,1.3));
#13521 = VECTOR('',#13522,1.);
#13522 = DIRECTION('',(0.,1.,0.));
#13523 = PCURVE('',#13008,#13524);
#13524 = DEFINITIONAL_REPRESENTATION('',(#13525),#13529);
#13525 = LINE('',#13526,#13527);
#13526 = CARTESIAN_POINT('',(0.,0.));
#13527 = VECTOR('',#13528,1.);
#13528 = DIRECTION('',(0.,-1.));
#13529 = ( GEOMETRIC_REPRESENTATION_CONTEXT(2) 
PARAMETRIC_REPRESENTATION_CONTEXT() REPRESENTATION_CONTEXT('2D SPACE',''
  ) );
#13530 = PCURVE('',#12982,#13531);
#13531 = DEFINITIONAL_REPRESENTATION('',(#13532),#13536);
#13532 = LINE('',#13533,#13534);
#13533 = CARTESIAN_POINT('',(1.2,0.));
#13534 = VECTOR('',#13535,1.);
#13535 = DIRECTION('',(0.,1.));
#13536 = ( GEOMETRIC_REPRESENTATION_CONTEXT(2) 
PARAMETRIC_REPRESENTATION_CONTEXT() REPRESENTATION_CONTEXT('2D SPACE',''
  ) );
#13537 = ORIENTED_EDGE('',*,*,#13133,.F.);
#13538 = ADVANCED_FACE('',(#13539),#12982,.T.);
#13539 = FACE_BOUND('',#13540,.T.);
#13540 = EDGE_LOOP('',(#13541,#13562,#13563,#13564));
#13541 = ORIENTED_EDGE('',*,*,#13542,.F.);
#13542 = EDGE_CURVE('',#12940,#13090,#13543,.T.);
#13543 = SURFACE_CURVE('',#13544,(#13548,#13555),.PCURVE_S1.);
#13544 = LINE('',#13545,#13546);
#13545 = CARTESIAN_POINT('',(65.,-165.,1.3));
#13546 = VECTOR('',#13547,1.);
#13547 = DIRECTION('',(0.,1.,0.));
#13548 = PCURVE('',#12982,#13549);
#13549 = DEFINITIONAL_REPRESENTATION('',(#13550),#13554);
#13550 = LINE('',#13551,#13552);
#13551 = CARTESIAN_POINT('',(0.,0.));
#13552 = VECTOR('',#13553,1.);
#13553 = DIRECTION('',(0.,1.));
#13554 = ( GEOMETRIC_REPRESENTATION_CONTEXT(2) 
PARAMETRIC_REPRESENTATION_CONTEXT() REPRESENTATION_CONTEXT('2D SPACE',''
  ) );
#13555 = PCURVE('',#12955,#13556);
#13556 = DEFINITIONAL_REPRESENTATION('',(#13557),#13561);
#13557 = LINE('',#13558,#13559);
#13558 = CARTESIAN_POINT('',(1.3,7.9));
#13559 = VECTOR('',#13560,1.);
#13560 = DIRECTION('',(0.,-1.));
#13561 = ( GEOMETRIC_REPRESENTATION_CONTEXT(2) 
PARAMETRIC_REPRESENTATION_CONTEXT() REPRESENTATION_CONTEXT('2D SPACE',''
  ) );
#13562 = ORIENTED_EDGE('',*,*,#12967,.T.);
#13563 = ORIENTED_EDGE('',*,*,#13517,.T.);
#13564 = ORIENTED_EDGE('',*,*,#13112,.F.);
#13565 = ADVANCED_FACE('',(#13566),#12955,.F.);
#13566 = FACE_BOUND('',#13567,.F.);
#13567 = EDGE_LOOP('',(#13568,#13569,#13570,#13591));
#13568 = ORIENTED_EDGE('',*,*,#13542,.F.);
#13569 = ORIENTED_EDGE('',*,*,#12939,.F.);
#13570 = ORIENTED_EDGE('',*,*,#13571,.T.);
#13571 = EDGE_CURVE('',#12912,#13067,#13572,.T.);
#13572 = SURFACE_CURVE('',#13573,(#13577,#13584),.PCURVE_S1.);
#13573 = LINE('',#13574,#13575);
#13574 = CARTESIAN_POINT('',(65.,-157.1,0.));
#13575 = VECTOR('',#13576,1.);
#13576 = DIRECTION('',(0.,1.,0.));
#13577 = PCURVE('',#12955,#13578);
#13578 = DEFINITIONAL_REPRESENTATION('',(#13579),#13583);
#13579 = LINE('',#13580,#13581);
#13580 = CARTESIAN_POINT('',(0.,0.));
#13581 = VECTOR('',#13582,1.);
#13582 = DIRECTION('',(0.,-1.));
#13583 = ( GEOMETRIC_REPRESENTATION_CONTEXT(2) 
PARAMETRIC_REPRESENTATION_CONTEXT() REPRESENTATION_CONTEXT('2D SPACE',''
  ) );
#13584 = PCURVE('',#12927,#13585);
#13585 = DEFINITIONAL_REPRESENTATION('',(#13586),#13590);
#13586 = LINE('',#13587,#13588);
#13587 = CARTESIAN_POINT('',(0.,0.));
#13588 = VECTOR('',#13589,1.);
#13589 = DIRECTION('',(0.,1.));
#13590 = ( GEOMETRIC_REPRESENTATION_CONTEXT(2) 
PARAMETRIC_REPRESENTATION_CONTEXT() REPRESENTATION_CONTEXT('2D SPACE',''
  ) );
#13591 = ORIENTED_EDGE('',*,*,#13089,.T.);
#13592 = ADVANCED_FACE('',(#13593),#12927,.F.);
#13593 = FACE_BOUND('',#13594,.F.);
#13594 = EDGE_LOOP('',(#13595,#13596,#13597,#13598));
#13595 = ORIENTED_EDGE('',*,*,#13571,.F.);
#13596 = ORIENTED_EDGE('',*,*,#12911,.T.);
#13597 = ORIENTED_EDGE('',*,*,#13180,.T.);
#13598 = ORIENTED_EDGE('',*,*,#13066,.F.);
#13599 = ADVANCED_FACE('',(#13600,#13626),#13222,.F.);
#13600 = FACE_BOUND('',#13601,.F.);
#13601 = EDGE_LOOP('',(#13602));
#13602 = ORIENTED_EDGE('',*,*,#13603,.T.);
#13603 = EDGE_CURVE('',#13604,#13604,#13606,.T.);
#13604 = VERTEX_POINT('',#13605);
#13605 = CARTESIAN_POINT('',(-11.8,-127.,27.7));
#13606 = SURFACE_CURVE('',#13607,(#13612,#13619),.PCURVE_S1.);
#13607 = CIRCLE('',#13608,10.2);
#13608 = AXIS2_PLACEMENT_3D('',#13609,#13610,#13611);
#13609 = CARTESIAN_POINT('',(-22.,-127.,27.7));
#13610 = DIRECTION('',(0.,0.,1.));
#13611 = DIRECTION('',(1.,0.,0.));
#13612 = PCURVE('',#13222,#13613);
#13613 = DEFINITIONAL_REPRESENTATION('',(#13614),#13618);
#13614 = CIRCLE('',#13615,10.2);
#13615 = AXIS2_PLACEMENT_2D('',#13616,#13617);
#13616 = CARTESIAN_POINT('',(0.,0.));
#13617 = DIRECTION('',(1.,0.));
#13618 = ( GEOMETRIC_REPRESENTATION_CONTEXT(2) 
PARAMETRIC_REPRESENTATION_CONTEXT() REPRESENTATION_CONTEXT('2D SPACE',''
  ) );
#13619 = PCURVE('',#13438,#13620);
#13620 = DEFINITIONAL_REPRESENTATION('',(#13621),#13625);
#13621 = LINE('',#13622,#13623);
#13622 = CARTESIAN_POINT('',(-0.,-1.81));
#13623 = VECTOR('',#13624,1.);
#13624 = DIRECTION('',(-1.,0.));
#13625 = ( GEOMETRIC_REPRESENTATION_CONTEXT(2) 
PARAMETRIC_REPRESENTATION_CONTEXT() REPRESENTATION_CONTEXT('2D SPACE',''
  ) );
#13626 = FACE_BOUND('',#13627,.F.);
#13627 = EDGE_LOOP('',(#13628));
#13628 = ORIENTED_EDGE('',*,*,#13205,.T.);
#13629 = ADVANCED_FACE('',(#13630,#13656),#13281,.F.);
#13630 = FACE_BOUND('',#13631,.F.);
#13631 = EDGE_LOOP('',(#13632));
#13632 = ORIENTED_EDGE('',*,*,#13633,.T.);
#13633 = EDGE_CURVE('',#13634,#13634,#13636,.T.);
#13634 = VERTEX_POINT('',#13635);
#13635 = CARTESIAN_POINT('',(32.2,-127.,27.7));
#13636 = SURFACE_CURVE('',#13637,(#13642,#13649),.PCURVE_S1.);
#13637 = CIRCLE('',#13638,10.2);
#13638 = AXIS2_PLACEMENT_3D('',#13639,#13640,#13641);
#13639 = CARTESIAN_POINT('',(22.,-127.,27.7));
#13640 = DIRECTION('',(0.,0.,1.));
#13641 = DIRECTION('',(1.,0.,0.));
#13642 = PCURVE('',#13281,#13643);
#13643 = DEFINITIONAL_REPRESENTATION('',(#13644),#13648);
#13644 = CIRCLE('',#13645,10.2);
#13645 = AXIS2_PLACEMENT_2D('',#13646,#13647);
#13646 = CARTESIAN_POINT('',(0.,0.));
#13647 = DIRECTION('',(1.,0.));
#13648 = ( GEOMETRIC_REPRESENTATION_CONTEXT(2) 
PARAMETRIC_REPRESENTATION_CONTEXT() REPRESENTATION_CONTEXT('2D SPACE',''
  ) );
#13649 = PCURVE('',#13473,#13650);
#13650 = DEFINITIONAL_REPRESENTATION('',(#13651),#13655);
#13651 = LINE('',#13652,#13653);
#13652 = CARTESIAN_POINT('',(-0.,-1.81));
#13653 = VECTOR('',#13654,1.);
#13654 = DIRECTION('',(-1.,0.));
#13655 = ( GEOMETRIC_REPRESENTATION_CONTEXT(2) 
PARAMETRIC_REPRESENTATION_CONTEXT() REPRESENTATION_CONTEXT('2D SPACE',''
  ) );
#13656 = FACE_BOUND('',#13657,.F.);
#13657 = EDGE_LOOP('',(#13658));
#13658 = ORIENTED_EDGE('',*,*,#13264,.T.);
#13659 = ADVANCED_FACE('',(#13660),#13438,.F.);
#13660 = FACE_BOUND('',#13661,.T.);
#13661 = EDGE_LOOP('',(#13662,#13663,#13684,#13685));
#13662 = ORIENTED_EDGE('',*,*,#13417,.T.);
#13663 = ORIENTED_EDGE('',*,*,#13664,.T.);
#13664 = EDGE_CURVE('',#13418,#13604,#13665,.T.);
#13665 = SEAM_CURVE('',#13666,(#13670,#13677),.PCURVE_S1.);
#13666 = LINE('',#13667,#13668);
#13667 = CARTESIAN_POINT('',(-11.8,-127.,25.89));
#13668 = VECTOR('',#13669,1.);
#13669 = DIRECTION('',(0.,0.,1.));
#13670 = PCURVE('',#13438,#13671);
#13671 = DEFINITIONAL_REPRESENTATION('',(#13672),#13676);
#13672 = LINE('',#13673,#13674);
#13673 = CARTESIAN_POINT('',(-6.28318530718,0.));
#13674 = VECTOR('',#13675,1.);
#13675 = DIRECTION('',(-0.,-1.));
#13676 = ( GEOMETRIC_REPRESENTATION_CONTEXT(2) 
PARAMETRIC_REPRESENTATION_CONTEXT() REPRESENTATION_CONTEXT('2D SPACE',''
  ) );
#13677 = PCURVE('',#13438,#13678);
#13678 = DEFINITIONAL_REPRESENTATION('',(#13679),#13683);
#13679 = LINE('',#13680,#13681);
#13680 = CARTESIAN_POINT('',(-0.,0.));
#13681 = VECTOR('',#13682,1.);
#13682 = DIRECTION('',(-0.,-1.));
#13683 = ( GEOMETRIC_REPRESENTATION_CONTEXT(2) 
PARAMETRIC_REPRESENTATION_CONTEXT() REPRESENTATION_CONTEXT('2D SPACE',''
  ) );
#13684 = ORIENTED_EDGE('',*,*,#13603,.T.);
#13685 = ORIENTED_EDGE('',*,*,#13664,.F.);
#13686 = ADVANCED_FACE('',(#13687),#13473,.F.);
#13687 = FACE_BOUND('',#13688,.T.);
#13688 = EDGE_LOOP('',(#13689,#13690,#13711,#13712));
#13689 = ORIENTED_EDGE('',*,*,#13452,.T.);
#13690 = ORIENTED_EDGE('',*,*,#13691,.T.);
#13691 = EDGE_CURVE('',#13453,#13634,#13692,.T.);
#13692 = SEAM_CURVE('',#13693,(#13697,#13704),.PCURVE_S1.);
#13693 = LINE('',#13694,#13695);
#13694 = CARTESIAN_POINT('',(32.2,-127.,25.89));
#13695 = VECTOR('',#13696,1.);
#13696 = DIRECTION('',(0.,0.,1.));
#13697 = PCURVE('',#13473,#13698);
#13698 = DEFINITIONAL_REPRESENTATION('',(#13699),#13703);
#13699 = LINE('',#13700,#13701);
#13700 = CARTESIAN_POINT('',(-6.28318530718,0.));
#13701 = VECTOR('',#13702,1.);
#13702 = DIRECTION('',(-0.,-1.));
#13703 = ( GEOMETRIC_REPRESENTATION_CONTEXT(2) 
PARAMETRIC_REPRESENTATION_CONTEXT() REPRESENTATION_CONTEXT('2D SPACE',''
  ) );
#13704 = PCURVE('',#13473,#13705);
#13705 = DEFINITIONAL_REPRESENTATION('',(#13706),#13710);
#13706 = LINE('',#13707,#13708);
#13707 = CARTESIAN_POINT('',(-0.,0.));
#13708 = VECTOR('',#13709,1.);
#13709 = DIRECTION('',(-0.,-1.));
#13710 = ( GEOMETRIC_REPRESENTATION_CONTEXT(2) 
PARAMETRIC_REPRESENTATION_CONTEXT() REPRESENTATION_CONTEXT('2D SPACE',''
  ) );
#13711 = ORIENTED_EDGE('',*,*,#13633,.T.);
#13712 = ORIENTED_EDGE('',*,*,#13691,.F.);
#13713 = ( GEOMETRIC_REPRESENTATION_CONTEXT(3) 
GLOBAL_UNCERTAINTY_ASSIGNED_CONTEXT((#13717)) 
GLOBAL_UNIT_ASSIGNED_CONTEXT((#13714,#13715,#13716)) 
REPRESENTATION_CONTEXT('Context #1',
  '3D Context with UNIT and UNCERTAINTY') );
#13714 = ( LENGTH_UNIT() NAMED_UNIT(*) SI_UNIT(.MILLI.,.METRE.) );
#13715 = ( NAMED_UNIT(*) PLANE_ANGLE_UNIT() SI_UNIT($,.RADIAN.) );
#13716 = ( NAMED_UNIT(*) SI_UNIT($,.STERADIAN.) SOLID_ANGLE_UNIT() );
#13717 = UNCERTAINTY_MEASURE_WITH_UNIT(LENGTH_MEASURE(1.E-07),#13714,
  'distance_accuracy_value','confusion accuracy');
#13718 = CONTEXT_DEPENDENT_SHAPE_REPRESENTATION(#13719,#13721);
#13719 = ( REPRESENTATION_RELATIONSHIP('','',#11798,#10) 
REPRESENTATION_RELATIONSHIP_WITH_TRANSFORMATION(#13720) 
SHAPE_REPRESENTATION_RELATIONSHIP() );
#13720 = ITEM_DEFINED_TRANSFORMATION('','',#11,#75);
#13721 = PRODUCT_DEFINITION_SHAPE('Placement','Placement of an item',
  #13722);
#13722 = NEXT_ASSEMBLY_USAGE_OCCURRENCE('18','lamp_cradle','',#5,#11793,
  $);
#13723 = PRODUCT_RELATED_PRODUCT_CATEGORY('part',$,(#11795));
#13724 = SHAPE_DEFINITION_REPRESENTATION(#13725,#13731);
#13725 = PRODUCT_DEFINITION_SHAPE('','',#13726);
#13726 = PRODUCT_DEFINITION('design','',#13727,#13730);
#13727 = PRODUCT_DEFINITION_FORMATION('','',#13728);
#13728 = PRODUCT('glass_sample','glass_sample','',(#13729));
#13729 = PRODUCT_CONTEXT('',#2,'mechanical');
#13730 = PRODUCT_DEFINITION_CONTEXT('part definition',#2,'design');
#13731 = ADVANCED_BREP_SHAPE_REPRESENTATION('',(#11,#13732),#15046);
#13732 = MANIFOLD_SOLID_BREP('',#13733);
#13733 = CLOSED_SHELL('',(#13734,#13854,#13940,#14021,#14102,#14178,
    #14209,#14240,#14316,#14397,#14423,#14504,#14530,#14606,#14638,
    #14670,#14746,#14778,#14847,#14879,#14948,#15015,#15021,#15027,
    #15034,#15040));
#13734 = ADVANCED_FACE('',(#13735),#13749,.F.);
#13735 = FACE_BOUND('',#13736,.F.);
#13736 = EDGE_LOOP('',(#13737,#13772,#13800,#13828));
#13737 = ORIENTED_EDGE('',*,*,#13738,.F.);
#13738 = EDGE_CURVE('',#13739,#13741,#13743,.T.);
#13739 = VERTEX_POINT('',#13740);
#13740 = CARTESIAN_POINT('',(-66.,-152.7,1.9));
#13741 = VERTEX_POINT('',#13742);
#13742 = CARTESIAN_POINT('',(-66.,-152.7,13.8));
#13743 = SURFACE_CURVE('',#13744,(#13748,#13760),.PCURVE_S1.);
#13744 = LINE('',#13745,#13746);
#13745 = CARTESIAN_POINT('',(-66.,-152.7,1.5));
#13746 = VECTOR('',#13747,1.);
#13747 = DIRECTION('',(0.,0.,1.));
#13748 = PCURVE('',#13749,#13754);
#13749 = PLANE('',#13750);
#13750 = AXIS2_PLACEMENT_3D('',#13751,#13752,#13753);
#13751 = CARTESIAN_POINT('',(-66.,-153.1,1.5));
#13752 = DIRECTION('',(1.,0.,0.));
#13753 = DIRECTION('',(0.,0.,1.));
#13754 = DEFINITIONAL_REPRESENTATION('',(#13755),#13759);
#13755 = LINE('',#13756,#13757);
#13756 = CARTESIAN_POINT('',(0.,-0.4));
#13757 = VECTOR('',#13758,1.);
#13758 = DIRECTION('',(1.,0.));
#13759 = ( GEOMETRIC_REPRESENTATION_CONTEXT(2) 
PARAMETRIC_REPRESENTATION_CONTEXT() REPRESENTATION_CONTEXT('2D SPACE',''
  ) );
#13760 = PCURVE('',#13761,#13766);
#13761 = PLANE('',#13762);
#13762 = AXIS2_PLACEMENT_3D('',#13763,#13764,#13765);
#13763 = CARTESIAN_POINT('',(-65.8,-152.9,1.5));
#13764 = DIRECTION('',(-0.707106781187,-0.707106781187,0.));
#13765 = DIRECTION('',(-0.,-0.,-1.));
#13766 = DEFINITIONAL_REPRESENTATION('',(#13767),#13771);
#13767 = LINE('',#13768,#13769);
#13768 = CARTESIAN_POINT('',(-0.,-0.282842712475));
#13769 = VECTOR('',#13770,1.);
#13770 = DIRECTION('',(-1.,0.));
#13771 = ( GEOMETRIC_REPRESENTATION_CONTEXT(2) 
PARAMETRIC_REPRESENTATION_CONTEXT() REPRESENTATION_CONTEXT('2D SPACE',''
  ) );
#13772 = ORIENTED_EDGE('',*,*,#13773,.T.);
#13773 = EDGE_CURVE('',#13739,#13774,#13776,.T.);
#13774 = VERTEX_POINT('',#13775);
#13775 = CARTESIAN_POINT('',(-66.,-77.3,1.9));
#13776 = SURFACE_CURVE('',#13777,(#13781,#13788),.PCURVE_S1.);
#13777 = LINE('',#13778,#13779);
#13778 = CARTESIAN_POINT('',(-66.,-153.1,1.9));
#13779 = VECTOR('',#13780,1.);
#13780 = DIRECTION('',(0.,1.,0.));
#13781 = PCURVE('',#13749,#13782);
#13782 = DEFINITIONAL_REPRESENTATION('',(#13783),#13787);
#13783 = LINE('',#13784,#13785);
#13784 = CARTESIAN_POINT('',(0.4,0.));
#13785 = VECTOR('',#13786,1.);
#13786 = DIRECTION('',(0.,-1.));
#13787 = ( GEOMETRIC_REPRESENTATION_CONTEXT(2) 
PARAMETRIC_REPRESENTATION_CONTEXT() REPRESENTATION_CONTEXT('2D SPACE',''
  ) );
#13788 = PCURVE('',#13789,#13794);
#13789 = PLANE('',#13790);
#13790 = AXIS2_PLACEMENT_3D('',#13791,#13792,#13793);
#13791 = CARTESIAN_POINT('',(-65.8,-153.1,1.7));
#13792 = DIRECTION('',(-0.707106781187,0.,-0.707106781187));
#13793 = DIRECTION('',(0.,1.,0.));
#13794 = DEFINITIONAL_REPRESENTATION('',(#13795),#13799);
#13795 = LINE('',#13796,#13797);
#13796 = CARTESIAN_POINT('',(0.,-0.282842712475));
#13797 = VECTOR('',#13798,1.);
#13798 = DIRECTION('',(1.,0.));
#13799 = ( GEOMETRIC_REPRESENTATION_CONTEXT(2) 
PARAMETRIC_REPRESENTATION_CONTEXT() REPRESENTATION_CONTEXT('2D SPACE',''
  ) );
#13800 = ORIENTED_EDGE('',*,*,#13801,.T.);
#13801 = EDGE_CURVE('',#13774,#13802,#13804,.T.);
#13802 = VERTEX_POINT('',#13803);
#13803 = CARTESIAN_POINT('',(-66.,-77.3,13.8));
#13804 = SURFACE_CURVE('',#13805,(#13809,#13816),.PCURVE_S1.);
#13805 = LINE('',#13806,#13807);
#13806 = CARTESIAN_POINT('',(-66.,-77.3,1.5));
#13807 = VECTOR('',#13808,1.);
#13808 = DIRECTION('',(0.,0.,1.));
#13809 = PCURVE('',#13749,#13810);
#13810 = DEFINITIONAL_REPRESENTATION('',(#13811),#13815);
#13811 = LINE('',#13812,#13813);
#13812 = CARTESIAN_POINT('',(0.,-75.8));
#13813 = VECTOR('',#13814,1.);
#13814 = DIRECTION('',(1.,0.));
#13815 = ( GEOMETRIC_REPRESENTATION_CONTEXT(2) 
PARAMETRIC_REPRESENTATION_CONTEXT() REPRESENTATION_CONTEXT('2D SPACE',''
  ) );
#13816 = PCURVE('',#13817,#13822);
#13817 = PLANE('',#13818);
#13818 = AXIS2_PLACEMENT_3D('',#13819,#13820,#13821);
#13819 = CARTESIAN_POINT('',(-65.8,-77.1,1.5));
#13820 = DIRECTION('',(0.707106781187,-0.707106781187,0.));
#13821 = DIRECTION('',(-0.,-0.,-1.));
#13822 = DEFINITIONAL_REPRESENTATION('',(#13823),#13827);
#13823 = LINE('',#13824,#13825);
#13824 = CARTESIAN_POINT('',(-0.,-0.282842712475));
#13825 = VECTOR('',#13826,1.);
#13826 = DIRECTION('',(-1.,0.));
#13827 = ( GEOMETRIC_REPRESENTATION_CONTEXT(2) 
PARAMETRIC_REPRESENTATION_CONTEXT() REPRESENTATION_CONTEXT('2D SPACE',''
  ) );
#13828 = ORIENTED_EDGE('',*,*,#13829,.F.);
#13829 = EDGE_CURVE('',#13741,#13802,#13830,.T.);
#13830 = SURFACE_CURVE('',#13831,(#13835,#13842),.PCURVE_S1.);
#13831 = LINE('',#13832,#13833);
#13832 = CARTESIAN_POINT('',(-66.,-153.1,13.8));
#13833 = VECTOR('',#13834,1.);
#13834 = DIRECTION('',(0.,1.,0.));
#13835 = PCURVE('',#13749,#13836);
#13836 = DEFINITIONAL_REPRESENTATION('',(#13837),#13841);
#13837 = LINE('',#13838,#13839);
#13838 = CARTESIAN_POINT('',(12.3,0.));
#13839 = VECTOR('',#13840,1.);
#13840 = DIRECTION('',(0.,-1.));
#13841 = ( GEOMETRIC_REPRESENTATION_CONTEXT(2) 
PARAMETRIC_REPRESENTATION_CONTEXT() REPRESENTATION_CONTEXT('2D SPACE',''
  ) );
#13842 = PCURVE('',#13843,#13848);
#13843 = PLANE('',#13844);
#13844 = AXIS2_PLACEMENT_3D('',#13845,#13846,#13847);
#13845 = CARTESIAN_POINT('',(-65.8,-153.1,14.));
#13846 = DIRECTION('',(0.707106781187,3.474993633276E-18,-0.707106781187
    ));
#13847 = DIRECTION('',(-2.457191562669E-18,1.,2.457191562669E-18));
#13848 = DEFINITIONAL_REPRESENTATION('',(#13849),#13853);
#13849 = LINE('',#13850,#13851);
#13850 = CARTESIAN_POINT('',(0.,-0.282842712475));
#13851 = VECTOR('',#13852,1.);
#13852 = DIRECTION('',(1.,0.));
#13853 = ( GEOMETRIC_REPRESENTATION_CONTEXT(2) 
PARAMETRIC_REPRESENTATION_CONTEXT() REPRESENTATION_CONTEXT('2D SPACE',''
  ) );
#13854 = ADVANCED_FACE('',(#13855),#13761,.T.);
#13855 = FACE_BOUND('',#13856,.F.);
#13856 = EDGE_LOOP('',(#13857,#13858,#13886,#13914));
#13857 = ORIENTED_EDGE('',*,*,#13738,.T.);
#13858 = ORIENTED_EDGE('',*,*,#13859,.T.);
#13859 = EDGE_CURVE('',#13741,#13860,#13862,.T.);
#13860 = VERTEX_POINT('',#13861);
#13861 = CARTESIAN_POINT('',(-65.6,-153.1,13.8));
#13862 = SURFACE_CURVE('',#13863,(#13867,#13874),.PCURVE_S1.);
#13863 = LINE('',#13864,#13865);
#13864 = CARTESIAN_POINT('',(-65.8,-152.9,13.8));
#13865 = VECTOR('',#13866,1.);
#13866 = DIRECTION('',(0.707106781187,-0.707106781187,
    -5.336221454714E-14));
#13867 = PCURVE('',#13761,#13868);
#13868 = DEFINITIONAL_REPRESENTATION('',(#13869),#13873);
#13869 = LINE('',#13870,#13871);
#13870 = CARTESIAN_POINT('',(-12.3,3.115063438029E-13));
#13871 = VECTOR('',#13872,1.);
#13872 = DIRECTION('',(5.336221454714E-14,1.));
#13873 = ( GEOMETRIC_REPRESENTATION_CONTEXT(2) 
PARAMETRIC_REPRESENTATION_CONTEXT() REPRESENTATION_CONTEXT('2D SPACE',''
  ) );
#13874 = PCURVE('',#13875,#13880);
#13875 = PLANE('',#13876);
#13876 = AXIS2_PLACEMENT_3D('',#13877,#13878,#13879);
#13877 = CARTESIAN_POINT('',(-65.6,-152.7,14.2));
#13878 = DIRECTION('',(0.57735026919,0.57735026919,-0.57735026919));
#13879 = DIRECTION('',(0.707106781187,-0.707106781187,
    -2.825517597671E-14));
#13880 = DEFINITIONAL_REPRESENTATION('',(#13881),#13885);
#13881 = LINE('',#13882,#13883);
#13882 = CARTESIAN_POINT('',(3.0770386239E-13,0.489897948557));
#13883 = VECTOR('',#13884,1.);
#13884 = DIRECTION('',(1.,3.074698979405E-14));
#13885 = ( GEOMETRIC_REPRESENTATION_CONTEXT(2) 
PARAMETRIC_REPRESENTATION_CONTEXT() REPRESENTATION_CONTEXT('2D SPACE',''
  ) );
#13886 = ORIENTED_EDGE('',*,*,#13887,.F.);
#13887 = EDGE_CURVE('',#13888,#13860,#13890,.T.);
#13888 = VERTEX_POINT('',#13889);
#13889 = CARTESIAN_POINT('',(-65.6,-153.1,1.9));
#13890 = SURFACE_CURVE('',#13891,(#13895,#13902),.PCURVE_S1.);
#13891 = LINE('',#13892,#13893);
#13892 = CARTESIAN_POINT('',(-65.6,-153.1,1.5));
#13893 = VECTOR('',#13894,1.);
#13894 = DIRECTION('',(0.,0.,1.));
#13895 = PCURVE('',#13761,#13896);
#13896 = DEFINITIONAL_REPRESENTATION('',(#13897),#13901);
#13897 = LINE('',#13898,#13899);
#13898 = CARTESIAN_POINT('',(-0.,0.282842712475));
#13899 = VECTOR('',#13900,1.);
#13900 = DIRECTION('',(-1.,0.));
#13901 = ( GEOMETRIC_REPRESENTATION_CONTEXT(2) 
PARAMETRIC_REPRESENTATION_CONTEXT() REPRESENTATION_CONTEXT('2D SPACE',''
  ) );
#13902 = PCURVE('',#13903,#13908);
#13903 = PLANE('',#13904);
#13904 = AXIS2_PLACEMENT_3D('',#13905,#13906,#13907);
#13905 = CARTESIAN_POINT('',(-66.,-153.1,1.5));
#13906 = DIRECTION('',(0.,1.,0.));
#13907 = DIRECTION('',(0.,0.,1.));
#13908 = DEFINITIONAL_REPRESENTATION('',(#13909),#13913);
#13909 = LINE('',#13910,#13911);
#13910 = CARTESIAN_POINT('',(0.,0.4));
#13911 = VECTOR('',#13912,1.);
#13912 = DIRECTION('',(1.,0.));
#13913 = ( GEOMETRIC_REPRESENTATION_CONTEXT(2) 
PARAMETRIC_REPRESENTATION_CONTEXT() REPRESENTATION_CONTEXT('2D SPACE',''
  ) );
#13914 = ORIENTED_EDGE('',*,*,#13915,.F.);
#13915 = EDGE_CURVE('',#13739,#13888,#13916,.T.);
#13916 = SURFACE_CURVE('',#13917,(#13921,#13928),.PCURVE_S1.);
#13917 = LINE('',#13918,#13919);
#13918 = CARTESIAN_POINT('',(-65.8,-152.9,1.9));
#13919 = VECTOR('',#13920,1.);
#13920 = DIRECTION('',(0.707106781187,-0.707106781187,6.047717648676E-14
    ));
#13921 = PCURVE('',#13761,#13922);
#13922 = DEFINITIONAL_REPRESENTATION('',(#13923),#13927);
#13923 = LINE('',#13924,#13925);
#13924 = CARTESIAN_POINT('',(-0.4,-1.004859173558E-14));
#13925 = VECTOR('',#13926,1.);
#13926 = DIRECTION('',(-6.047717648676E-14,1.));
#13927 = ( GEOMETRIC_REPRESENTATION_CONTEXT(2) 
PARAMETRIC_REPRESENTATION_CONTEXT() REPRESENTATION_CONTEXT('2D SPACE',''
  ) );
#13928 = PCURVE('',#13929,#13934);
#13929 = PLANE('',#13930);
#13930 = AXIS2_PLACEMENT_3D('',#13931,#13932,#13933);
#13931 = CARTESIAN_POINT('',(-65.6,-152.7,1.5));
#13932 = DIRECTION('',(-0.57735026919,-0.57735026919,-0.57735026919));
#13933 = DIRECTION('',(0.707106781187,-0.707106781187,3.527733660746E-14
    ));
#13934 = DEFINITIONAL_REPRESENTATION('',(#13935),#13939);
#13935 = LINE('',#13936,#13937);
#13936 = CARTESIAN_POINT('',(-1.100786128916E-14,0.489897948557));
#13937 = VECTOR('',#13938,1.);
#13938 = DIRECTION('',(1.,3.083868331436E-14));
#13939 = ( GEOMETRIC_REPRESENTATION_CONTEXT(2) 
PARAMETRIC_REPRESENTATION_CONTEXT() REPRESENTATION_CONTEXT('2D SPACE',''
  ) );
#13940 = ADVANCED_FACE('',(#13941),#13789,.T.);
#13941 = FACE_BOUND('',#13942,.T.);
#13942 = EDGE_LOOP('',(#13943,#13966,#13967,#13995));
#13943 = ORIENTED_EDGE('',*,*,#13944,.T.);
#13944 = EDGE_CURVE('',#13945,#13739,#13947,.T.);
#13945 = VERTEX_POINT('',#13946);
#13946 = CARTESIAN_POINT('',(-65.6,-152.7,1.5));
#13947 = SURFACE_CURVE('',#13948,(#13952,#13959),.PCURVE_S1.);
#13948 = LINE('',#13949,#13950);
#13949 = CARTESIAN_POINT('',(-65.7,-152.7,1.6));
#13950 = VECTOR('',#13951,1.);
#13951 = DIRECTION('',(-0.707106781187,-1.490296081947E-14,
    0.707106781187));
#13952 = PCURVE('',#13789,#13953);
#13953 = DEFINITIONAL_REPRESENTATION('',(#13954),#13958);
#13954 = LINE('',#13955,#13956);
#13955 = CARTESIAN_POINT('',(0.4,0.141421356237));
#13956 = VECTOR('',#13957,1.);
#13957 = DIRECTION('',(-1.490296081947E-14,-1.));
#13958 = ( GEOMETRIC_REPRESENTATION_CONTEXT(2) 
PARAMETRIC_REPRESENTATION_CONTEXT() REPRESENTATION_CONTEXT('2D SPACE',''
  ) );
#13959 = PCURVE('',#13929,#13960);
#13960 = DEFINITIONAL_REPRESENTATION('',(#13961),#13965);
#13961 = LINE('',#13962,#13963);
#13962 = CARTESIAN_POINT('',(-7.071067811865E-02,0.122474487139));
#13963 = VECTOR('',#13964,1.);
#13964 = DIRECTION('',(-0.5,0.866025403784));
#13965 = ( GEOMETRIC_REPRESENTATION_CONTEXT(2) 
PARAMETRIC_REPRESENTATION_CONTEXT() REPRESENTATION_CONTEXT('2D SPACE',''
  ) );
#13966 = ORIENTED_EDGE('',*,*,#13773,.T.);
#13967 = ORIENTED_EDGE('',*,*,#13968,.F.);
#13968 = EDGE_CURVE('',#13969,#13774,#13971,.T.);
#13969 = VERTEX_POINT('',#13970);
#13970 = CARTESIAN_POINT('',(-65.6,-77.3,1.5));
#13971 = SURFACE_CURVE('',#13972,(#13976,#13983),.PCURVE_S1.);
#13972 = LINE('',#13973,#13974);
#13973 = CARTESIAN_POINT('',(-65.7,-77.3,1.6));
#13974 = VECTOR('',#13975,1.);
#13975 = DIRECTION('',(-0.707106781187,1.634518283426E-15,0.707106781187
    ));
#13976 = PCURVE('',#13789,#13977);
#13977 = DEFINITIONAL_REPRESENTATION('',(#13978),#13982);
#13978 = LINE('',#13979,#13980);
#13979 = CARTESIAN_POINT('',(75.8,0.141421356237));
#13980 = VECTOR('',#13981,1.);
#13981 = DIRECTION('',(1.634518283426E-15,-1.));
#13982 = ( GEOMETRIC_REPRESENTATION_CONTEXT(2) 
PARAMETRIC_REPRESENTATION_CONTEXT() REPRESENTATION_CONTEXT('2D SPACE',''
  ) );
#13983 = PCURVE('',#13984,#13989);
#13984 = PLANE('',#13985);
#13985 = AXIS2_PLACEMENT_3D('',#13986,#13987,#13988);
#13986 = CARTESIAN_POINT('',(-65.6,-77.3,1.5));
#13987 = DIRECTION('',(0.57735026919,-0.57735026919,0.57735026919));
#13988 = DIRECTION('',(0.707106781187,0.707106781187,-9.020562075079E-15
    ));
#13989 = DEFINITIONAL_REPRESENTATION('',(#13990),#13994);
#13990 = LINE('',#13991,#13992);
#13991 = CARTESIAN_POINT('',(-7.071067811864E-02,0.122474487139));
#13992 = VECTOR('',#13993,1.);
#13993 = DIRECTION('',(-0.5,0.866025403784));
#13994 = ( GEOMETRIC_REPRESENTATION_CONTEXT(2) 
PARAMETRIC_REPRESENTATION_CONTEXT() REPRESENTATION_CONTEXT('2D SPACE',''
  ) );
#13995 = ORIENTED_EDGE('',*,*,#13996,.F.);
#13996 = EDGE_CURVE('',#13945,#13969,#13997,.T.);
#13997 = SURFACE_CURVE('',#13998,(#14002,#14009),.PCURVE_S1.);
#13998 = LINE('',#13999,#14000);
#13999 = CARTESIAN_POINT('',(-65.6,-153.1,1.5));
#14000 = VECTOR('',#14001,1.);
#14001 = DIRECTION('',(0.,1.,0.));
#14002 = PCURVE('',#13789,#14003);
#14003 = DEFINITIONAL_REPRESENTATION('',(#14004),#14008);
#14004 = LINE('',#14005,#14006);
#14005 = CARTESIAN_POINT('',(0.,0.282842712475));
#14006 = VECTOR('',#14007,1.);
#14007 = DIRECTION('',(1.,0.));
#14008 = ( GEOMETRIC_REPRESENTATION_CONTEXT(2) 
PARAMETRIC_REPRESENTATION_CONTEXT() REPRESENTATION_CONTEXT('2D SPACE',''
  ) );
#14009 = PCURVE('',#14010,#14015);
#14010 = PLANE('',#14011);
#14011 = AXIS2_PLACEMENT_3D('',#14012,#14013,#14014);
#14012 = CARTESIAN_POINT('',(-66.,-153.1,1.5));
#14013 = DIRECTION('',(0.,0.,1.));
#14014 = DIRECTION('',(1.,0.,0.));
#14015 = DEFINITIONAL_REPRESENTATION('',(#14016),#14020);
#14016 = LINE('',#14017,#14018);
#14017 = CARTESIAN_POINT('',(0.4,0.));
#14018 = VECTOR('',#14019,1.);
#14019 = DIRECTION('',(0.,1.));
#14020 = ( GEOMETRIC_REPRESENTATION_CONTEXT(2) 
PARAMETRIC_REPRESENTATION_CONTEXT() REPRESENTATION_CONTEXT('2D SPACE',''
  ) );
#14021 = ADVANCED_FACE('',(#14022),#13843,.F.);
#14022 = FACE_BOUND('',#14023,.F.);
#14023 = EDGE_LOOP('',(#14024,#14047,#14048,#14076));
#14024 = ORIENTED_EDGE('',*,*,#14025,.T.);
#14025 = EDGE_CURVE('',#14026,#13741,#14028,.T.);
#14026 = VERTEX_POINT('',#14027);
#14027 = CARTESIAN_POINT('',(-65.6,-152.7,14.2));
#14028 = SURFACE_CURVE('',#14029,(#14033,#14040),.PCURVE_S1.);
#14029 = LINE('',#14030,#14031);
#14030 = CARTESIAN_POINT('',(-65.7,-152.7,14.1));
#14031 = VECTOR('',#14032,1.);
#14032 = DIRECTION('',(-0.707106781187,-9.710961566237E-15,
    -0.707106781187));
#14033 = PCURVE('',#13843,#14034);
#14034 = DEFINITIONAL_REPRESENTATION('',(#14035),#14039);
#14035 = LINE('',#14036,#14037);
#14036 = CARTESIAN_POINT('',(0.4,0.141421356237));
#14037 = VECTOR('',#14038,1.);
#14038 = DIRECTION('',(-9.710961566237E-15,-1.));
#14039 = ( GEOMETRIC_REPRESENTATION_CONTEXT(2) 
PARAMETRIC_REPRESENTATION_CONTEXT() REPRESENTATION_CONTEXT('2D SPACE',''
  ) );
#14040 = PCURVE('',#13875,#14041);
#14041 = DEFINITIONAL_REPRESENTATION('',(#14042),#14046);
#14042 = LINE('',#14043,#14044);
#14043 = CARTESIAN_POINT('',(-7.071067811865E-02,0.122474487139));
#14044 = VECTOR('',#14045,1.);
#14045 = DIRECTION('',(-0.5,0.866025403784));
#14046 = ( GEOMETRIC_REPRESENTATION_CONTEXT(2) 
PARAMETRIC_REPRESENTATION_CONTEXT() REPRESENTATION_CONTEXT('2D SPACE',''
  ) );
#14047 = ORIENTED_EDGE('',*,*,#13829,.T.);
#14048 = ORIENTED_EDGE('',*,*,#14049,.T.);
#14049 = EDGE_CURVE('',#13802,#14050,#14052,.T.);
#14050 = VERTEX_POINT('',#14051);
#14051 = CARTESIAN_POINT('',(-65.6,-77.3,14.2));
#14052 = SURFACE_CURVE('',#14053,(#14057,#14064),.PCURVE_S1.);
#14053 = LINE('',#14054,#14055);
#14054 = CARTESIAN_POINT('',(-65.8,-77.3,14.));
#14055 = VECTOR('',#14056,1.);
#14056 = DIRECTION('',(0.707106781187,-2.884444029575E-16,0.707106781187
    ));
#14057 = PCURVE('',#13843,#14058);
#14058 = DEFINITIONAL_REPRESENTATION('',(#14059),#14063);
#14059 = LINE('',#14060,#14061);
#14060 = CARTESIAN_POINT('',(75.8,1.507288760336E-14));
#14061 = VECTOR('',#14062,1.);
#14062 = DIRECTION('',(-2.884444029575E-16,1.));
#14063 = ( GEOMETRIC_REPRESENTATION_CONTEXT(2) 
PARAMETRIC_REPRESENTATION_CONTEXT() REPRESENTATION_CONTEXT('2D SPACE',''
  ) );
#14064 = PCURVE('',#14065,#14070);
#14065 = PLANE('',#14066);
#14066 = AXIS2_PLACEMENT_3D('',#14067,#14068,#14069);
#14067 = CARTESIAN_POINT('',(-65.6,-76.9,13.8));
#14068 = DIRECTION('',(0.57735026919,-0.57735026919,-0.57735026919));
#14069 = DIRECTION('',(0.707106781187,-8.326672684689E-17,0.707106781187
    ));
#14070 = DEFINITIONAL_REPRESENTATION('',(#14071),#14075);
#14071 = LINE('',#14072,#14073);
#14072 = CARTESIAN_POINT('',(1.951216965779E-14,0.489897948557));
#14073 = VECTOR('',#14074,1.);
#14074 = DIRECTION('',(1.,2.22044604925E-16));
#14075 = ( GEOMETRIC_REPRESENTATION_CONTEXT(2) 
PARAMETRIC_REPRESENTATION_CONTEXT() REPRESENTATION_CONTEXT('2D SPACE',''
  ) );
#14076 = ORIENTED_EDGE('',*,*,#14077,.F.);
#14077 = EDGE_CURVE('',#14026,#14050,#14078,.T.);
#14078 = SURFACE_CURVE('',#14079,(#14083,#14090),.PCURVE_S1.);
#14079 = LINE('',#14080,#14081);
#14080 = CARTESIAN_POINT('',(-65.6,-153.1,14.2));
#14081 = VECTOR('',#14082,1.);
#14082 = DIRECTION('',(0.,1.,0.));
#14083 = PCURVE('',#13843,#14084);
#14084 = DEFINITIONAL_REPRESENTATION('',(#14085),#14089);
#14085 = LINE('',#14086,#14087);
#14086 = CARTESIAN_POINT('',(0.,0.282842712475));
#14087 = VECTOR('',#14088,1.);
#14088 = DIRECTION('',(1.,0.));
#14089 = ( GEOMETRIC_REPRESENTATION_CONTEXT(2) 
PARAMETRIC_REPRESENTATION_CONTEXT() REPRESENTATION_CONTEXT('2D SPACE',''
  ) );
#14090 = PCURVE('',#14091,#14096);
#14091 = PLANE('',#14092);
#14092 = AXIS2_PLACEMENT_3D('',#14093,#14094,#14095);
#14093 = CARTESIAN_POINT('',(-66.,-153.1,14.2));
#14094 = DIRECTION('',(0.,0.,1.));
#14095 = DIRECTION('',(1.,0.,0.));
#14096 = DEFINITIONAL_REPRESENTATION('',(#14097),#14101);
#14097 = LINE('',#14098,#14099);
#14098 = CARTESIAN_POINT('',(0.4,0.));
#14099 = VECTOR('',#14100,1.);
#14100 = DIRECTION('',(0.,1.));
#14101 = ( GEOMETRIC_REPRESENTATION_CONTEXT(2) 
PARAMETRIC_REPRESENTATION_CONTEXT() REPRESENTATION_CONTEXT('2D SPACE',''
  ) );
#14102 = ADVANCED_FACE('',(#14103),#13817,.F.);
#14103 = FACE_BOUND('',#14104,.T.);
#14104 = EDGE_LOOP('',(#14105,#14106,#14129,#14157));
#14105 = ORIENTED_EDGE('',*,*,#13801,.T.);
#14106 = ORIENTED_EDGE('',*,*,#14107,.F.);
#14107 = EDGE_CURVE('',#14108,#13802,#14110,.T.);
#14108 = VERTEX_POINT('',#14109);
#14109 = CARTESIAN_POINT('',(-65.6,-76.9,13.8));
#14110 = SURFACE_CURVE('',#14111,(#14115,#14122),.PCURVE_S1.);
#14111 = LINE('',#14112,#14113);
#14112 = CARTESIAN_POINT('',(-65.7,-77.,13.8));
#14113 = VECTOR('',#14114,1.);
#14114 = DIRECTION('',(-0.707106781187,-0.707106781187,
    -3.46133283549E-14));
#14115 = PCURVE('',#13817,#14116);
#14116 = DEFINITIONAL_REPRESENTATION('',(#14117),#14121);
#14117 = LINE('',#14118,#14119);
#14118 = CARTESIAN_POINT('',(-12.3,0.141421356237));
#14119 = VECTOR('',#14120,1.);
#14120 = DIRECTION('',(3.46133283549E-14,-1.));
#14121 = ( GEOMETRIC_REPRESENTATION_CONTEXT(2) 
PARAMETRIC_REPRESENTATION_CONTEXT() REPRESENTATION_CONTEXT('2D SPACE',''
  ) );
#14122 = PCURVE('',#14065,#14123);
#14123 = DEFINITIONAL_REPRESENTATION('',(#14124),#14128);
#14124 = LINE('',#14125,#14126);
#14125 = CARTESIAN_POINT('',(-7.071067811874E-02,0.122474487139));
#14126 = VECTOR('',#14127,1.);
#14127 = DIRECTION('',(-0.5,0.866025403784));
#14128 = ( GEOMETRIC_REPRESENTATION_CONTEXT(2) 
PARAMETRIC_REPRESENTATION_CONTEXT() REPRESENTATION_CONTEXT('2D SPACE',''
  ) );
#14129 = ORIENTED_EDGE('',*,*,#14130,.F.);
#14130 = EDGE_CURVE('',#14131,#14108,#14133,.T.);
#14131 = VERTEX_POINT('',#14132);
#14132 = CARTESIAN_POINT('',(-65.6,-76.9,1.9));
#14133 = SURFACE_CURVE('',#14134,(#14138,#14145),.PCURVE_S1.);
#14134 = LINE('',#14135,#14136);
#14135 = CARTESIAN_POINT('',(-65.6,-76.9,1.5));
#14136 = VECTOR('',#14137,1.);
#14137 = DIRECTION('',(0.,0.,1.));
#14138 = PCURVE('',#13817,#14139);
#14139 = DEFINITIONAL_REPRESENTATION('',(#14140),#14144);
#14140 = LINE('',#14141,#14142);
#14141 = CARTESIAN_POINT('',(-0.,0.282842712475));
#14142 = VECTOR('',#14143,1.);
#14143 = DIRECTION('',(-1.,0.));
#14144 = ( GEOMETRIC_REPRESENTATION_CONTEXT(2) 
PARAMETRIC_REPRESENTATION_CONTEXT() REPRESENTATION_CONTEXT('2D SPACE',''
  ) );
#14145 = PCURVE('',#14146,#14151);
#14146 = PLANE('',#14147);
#14147 = AXIS2_PLACEMENT_3D('',#14148,#14149,#14150);
#14148 = CARTESIAN_POINT('',(-66.,-76.9,1.5));
#14149 = DIRECTION('',(0.,1.,0.));
#14150 = DIRECTION('',(0.,0.,1.));
#14151 = DEFINITIONAL_REPRESENTATION('',(#14152),#14156);
#14152 = LINE('',#14153,#14154);
#14153 = CARTESIAN_POINT('',(0.,0.4));
#14154 = VECTOR('',#14155,1.);
#14155 = DIRECTION('',(1.,0.));
#14156 = ( GEOMETRIC_REPRESENTATION_CONTEXT(2) 
PARAMETRIC_REPRESENTATION_CONTEXT() REPRESENTATION_CONTEXT('2D SPACE',''
  ) );
#14157 = ORIENTED_EDGE('',*,*,#14158,.F.);
#14158 = EDGE_CURVE('',#13774,#14131,#14159,.T.);
#14159 = SURFACE_CURVE('',#14160,(#14164,#14171),.PCURVE_S1.);
#14160 = LINE('',#14161,#14162);
#14161 = CARTESIAN_POINT('',(-65.8,-77.1,1.9));
#14162 = VECTOR('',#14163,1.);
#14163 = DIRECTION('',(0.707106781187,0.707106781187,-3.413258768331E-14
    ));
#14164 = PCURVE('',#13817,#14165);
#14165 = DEFINITIONAL_REPRESENTATION('',(#14166),#14170);
#14166 = LINE('',#14167,#14168);
#14167 = CARTESIAN_POINT('',(-0.4,2.009718347115E-14));
#14168 = VECTOR('',#14169,1.);
#14169 = DIRECTION('',(3.413258768331E-14,1.));
#14170 = ( GEOMETRIC_REPRESENTATION_CONTEXT(2) 
PARAMETRIC_REPRESENTATION_CONTEXT() REPRESENTATION_CONTEXT('2D SPACE',''
  ) );
#14171 = PCURVE('',#13984,#14172);
#14172 = DEFINITIONAL_REPRESENTATION('',(#14173),#14177);
#14173 = LINE('',#14174,#14175);
#14174 = CARTESIAN_POINT('',(2.151057110211E-14,0.489897948557));
#14175 = VECTOR('',#14176,1.);
#14176 = DIRECTION('',(1.,-3.070020985443E-14));
#14177 = ( GEOMETRIC_REPRESENTATION_CONTEXT(2) 
PARAMETRIC_REPRESENTATION_CONTEXT() REPRESENTATION_CONTEXT('2D SPACE',''
  ) );
#14178 = ADVANCED_FACE('',(#14179),#13929,.T.);
#14179 = FACE_BOUND('',#14180,.T.);
#14180 = EDGE_LOOP('',(#14181,#14182,#14208));
#14181 = ORIENTED_EDGE('',*,*,#13944,.F.);
#14182 = ORIENTED_EDGE('',*,*,#14183,.T.);
#14183 = EDGE_CURVE('',#13945,#13888,#14184,.T.);
#14184 = SURFACE_CURVE('',#14185,(#14189,#14196),.PCURVE_S1.);
#14185 = LINE('',#14186,#14187);
#14186 = CARTESIAN_POINT('',(-65.6,-152.8,1.6));
#14187 = VECTOR('',#14188,1.);
#14188 = DIRECTION('',(4.557421566729E-14,-0.707106781187,0.707106781187
    ));
#14189 = PCURVE('',#13929,#14190);
#14190 = DEFINITIONAL_REPRESENTATION('',(#14191),#14195);
#14191 = LINE('',#14192,#14193);
#14192 = CARTESIAN_POINT('',(7.071067811865E-02,0.122474487139));
#14193 = VECTOR('',#14194,1.);
#14194 = DIRECTION('',(0.5,0.866025403784));
#14195 = ( GEOMETRIC_REPRESENTATION_CONTEXT(2) 
PARAMETRIC_REPRESENTATION_CONTEXT() REPRESENTATION_CONTEXT('2D SPACE',''
  ) );
#14196 = PCURVE('',#14197,#14202);
#14197 = PLANE('',#14198);
#14198 = AXIS2_PLACEMENT_3D('',#14199,#14200,#14201);
#14199 = CARTESIAN_POINT('',(-66.,-152.9,1.7));
#14200 = DIRECTION('',(0.,-0.707106781187,-0.707106781187));
#14201 = DIRECTION('',(-1.,-0.,-0.));
#14202 = DEFINITIONAL_REPRESENTATION('',(#14203),#14207);
#14203 = LINE('',#14204,#14205);
#14204 = CARTESIAN_POINT('',(-0.4,0.141421356237));
#14205 = VECTOR('',#14206,1.);
#14206 = DIRECTION('',(-4.557421566729E-14,-1.));
#14207 = ( GEOMETRIC_REPRESENTATION_CONTEXT(2) 
PARAMETRIC_REPRESENTATION_CONTEXT() REPRESENTATION_CONTEXT('2D SPACE',''
  ) );
#14208 = ORIENTED_EDGE('',*,*,#13915,.F.);
#14209 = ADVANCED_FACE('',(#14210),#13875,.F.);
#14210 = FACE_BOUND('',#14211,.F.);
#14211 = EDGE_LOOP('',(#14212,#14213,#14239));
#14212 = ORIENTED_EDGE('',*,*,#14025,.F.);
#14213 = ORIENTED_EDGE('',*,*,#14214,.T.);
#14214 = EDGE_CURVE('',#14026,#13860,#14215,.T.);
#14215 = SURFACE_CURVE('',#14216,(#14220,#14227),.PCURVE_S1.);
#14216 = LINE('',#14217,#14218);
#14217 = CARTESIAN_POINT('',(-65.6,-152.8,14.1));
#14218 = VECTOR('',#14219,1.);
#14219 = DIRECTION('',(4.374740111523E-14,-0.707106781187,
    -0.707106781187));
#14220 = PCURVE('',#13875,#14221);
#14221 = DEFINITIONAL_REPRESENTATION('',(#14222),#14226);
#14222 = LINE('',#14223,#14224);
#14223 = CARTESIAN_POINT('',(7.071067811865E-02,0.122474487139));
#14224 = VECTOR('',#14225,1.);
#14225 = DIRECTION('',(0.5,0.866025403784));
#14226 = ( GEOMETRIC_REPRESENTATION_CONTEXT(2) 
PARAMETRIC_REPRESENTATION_CONTEXT() REPRESENTATION_CONTEXT('2D SPACE',''
  ) );
#14227 = PCURVE('',#14228,#14233);
#14228 = PLANE('',#14229);
#14229 = AXIS2_PLACEMENT_3D('',#14230,#14231,#14232);
#14230 = CARTESIAN_POINT('',(-66.,-152.9,14.));
#14231 = DIRECTION('',(-3.474993633276E-18,0.707106781187,
    -0.707106781187));
#14232 = DIRECTION('',(-1.,-2.457191562669E-18,2.457191562669E-18));
#14233 = DEFINITIONAL_REPRESENTATION('',(#14234),#14238);
#14234 = LINE('',#14235,#14236);
#14235 = CARTESIAN_POINT('',(-0.4,0.141421356237));
#14236 = VECTOR('',#14237,1.);
#14237 = DIRECTION('',(-4.374740111523E-14,-1.));
#14238 = ( GEOMETRIC_REPRESENTATION_CONTEXT(2) 
PARAMETRIC_REPRESENTATION_CONTEXT() REPRESENTATION_CONTEXT('2D SPACE',''
  ) );
#14239 = ORIENTED_EDGE('',*,*,#13859,.F.);
#14240 = ADVANCED_FACE('',(#14241),#13903,.F.);
#14241 = FACE_BOUND('',#14242,.F.);
#14242 = EDGE_LOOP('',(#14243,#14244,#14267,#14295));
#14243 = ORIENTED_EDGE('',*,*,#13887,.T.);
#14244 = ORIENTED_EDGE('',*,*,#14245,.T.);
#14245 = EDGE_CURVE('',#13860,#14246,#14248,.T.);
#14246 = VERTEX_POINT('',#14247);
#14247 = CARTESIAN_POINT('',(65.6,-153.1,13.8));
#14248 = SURFACE_CURVE('',#14249,(#14253,#14260),.PCURVE_S1.);
#14249 = LINE('',#14250,#14251);
#14250 = CARTESIAN_POINT('',(-66.,-153.1,13.8));
#14251 = VECTOR('',#14252,1.);
#14252 = DIRECTION('',(1.,0.,0.));
#14253 = PCURVE('',#13903,#14254);
#14254 = DEFINITIONAL_REPRESENTATION('',(#14255),#14259);
#14255 = LINE('',#14256,#14257);
#14256 = CARTESIAN_POINT('',(12.3,0.));
#14257 = VECTOR('',#14258,1.);
#14258 = DIRECTION('',(0.,1.));
#14259 = ( GEOMETRIC_REPRESENTATION_CONTEXT(2) 
PARAMETRIC_REPRESENTATION_CONTEXT() REPRESENTATION_CONTEXT('2D SPACE',''
  ) );
#14260 = PCURVE('',#14228,#14261);
#14261 = DEFINITIONAL_REPRESENTATION('',(#14262),#14266);
#14262 = LINE('',#14263,#14264);
#14263 = CARTESIAN_POINT('',(-0.,-0.282842712475));
#14264 = VECTOR('',#14265,1.);
#14265 = DIRECTION('',(-1.,0.));
#14266 = ( GEOMETRIC_REPRESENTATION_CONTEXT(2) 
PARAMETRIC_REPRESENTATION_CONTEXT() REPRESENTATION_CONTEXT('2D SPACE',''
  ) );
#14267 = ORIENTED_EDGE('',*,*,#14268,.F.);
#14268 = EDGE_CURVE('',#14269,#14246,#14271,.T.);
#14269 = VERTEX_POINT('',#14270);
#14270 = CARTESIAN_POINT('',(65.6,-153.1,1.9));
#14271 = SURFACE_CURVE('',#14272,(#14276,#14283),.PCURVE_S1.);
#14272 = LINE('',#14273,#14274);
#14273 = CARTESIAN_POINT('',(65.6,-153.1,1.5));
#14274 = VECTOR('',#14275,1.);
#14275 = DIRECTION('',(0.,0.,1.));
#14276 = PCURVE('',#13903,#14277);
#14277 = DEFINITIONAL_REPRESENTATION('',(#14278),#14282);
#14278 = LINE('',#14279,#14280);
#14279 = CARTESIAN_POINT('',(0.,131.6));
#14280 = VECTOR('',#14281,1.);
#14281 = DIRECTION('',(1.,0.));
#14282 = ( GEOMETRIC_REPRESENTATION_CONTEXT(2) 
PARAMETRIC_REPRESENTATION_CONTEXT() REPRESENTATION_CONTEXT('2D SPACE',''
  ) );
#14283 = PCURVE('',#14284,#14289);
#14284 = PLANE('',#14285);
#14285 = AXIS2_PLACEMENT_3D('',#14286,#14287,#14288);
#14286 = CARTESIAN_POINT('',(65.8,-152.9,1.5));
#14287 = DIRECTION('',(-0.707106781187,0.707106781187,0.));
#14288 = DIRECTION('',(-0.,-0.,-1.));
#14289 = DEFINITIONAL_REPRESENTATION('',(#14290),#14294);
#14290 = LINE('',#14291,#14292);
#14291 = CARTESIAN_POINT('',(-0.,0.282842712475));
#14292 = VECTOR('',#14293,1.);
#14293 = DIRECTION('',(-1.,0.));
#14294 = ( GEOMETRIC_REPRESENTATION_CONTEXT(2) 
PARAMETRIC_REPRESENTATION_CONTEXT() REPRESENTATION_CONTEXT('2D SPACE',''
  ) );
#14295 = ORIENTED_EDGE('',*,*,#14296,.F.);
#14296 = EDGE_CURVE('',#13888,#14269,#14297,.T.);
#14297 = SURFACE_CURVE('',#14298,(#14302,#14309),.PCURVE_S1.);
#14298 = LINE('',#14299,#14300);
#14299 = CARTESIAN_POINT('',(-66.,-153.1,1.9));
#14300 = VECTOR('',#14301,1.);
#14301 = DIRECTION('',(1.,0.,0.));
#14302 = PCURVE('',#13903,#14303);
#14303 = DEFINITIONAL_REPRESENTATION('',(#14304),#14308);
#14304 = LINE('',#14305,#14306);
#14305 = CARTESIAN_POINT('',(0.4,0.));
#14306 = VECTOR('',#14307,1.);
#14307 = DIRECTION('',(0.,1.));
#14308 = ( GEOMETRIC_REPRESENTATION_CONTEXT(2) 
PARAMETRIC_REPRESENTATION_CONTEXT() REPRESENTATION_CONTEXT('2D SPACE',''
  ) );
#14309 = PCURVE('',#14197,#14310);
#14310 = DEFINITIONAL_REPRESENTATION('',(#14311),#14315);
#14311 = LINE('',#14312,#14313);
#14312 = CARTESIAN_POINT('',(-0.,-0.282842712475));
#14313 = VECTOR('',#14314,1.);
#14314 = DIRECTION('',(-1.,0.));
#14315 = ( GEOMETRIC_REPRESENTATION_CONTEXT(2) 
PARAMETRIC_REPRESENTATION_CONTEXT() REPRESENTATION_CONTEXT('2D SPACE',''
  ) );
#14316 = ADVANCED_FACE('',(#14317),#14010,.F.);
#14317 = FACE_BOUND('',#14318,.F.);
#14318 = EDGE_LOOP('',(#14319,#14320,#14343,#14371));
#14319 = ORIENTED_EDGE('',*,*,#13996,.F.);
#14320 = ORIENTED_EDGE('',*,*,#14321,.T.);
#14321 = EDGE_CURVE('',#13945,#14322,#14324,.T.);
#14322 = VERTEX_POINT('',#14323);
#14323 = CARTESIAN_POINT('',(65.6,-152.7,1.5));
#14324 = SURFACE_CURVE('',#14325,(#14329,#14336),.PCURVE_S1.);
#14325 = LINE('',#14326,#14327);
#14326 = CARTESIAN_POINT('',(-66.,-152.7,1.5));
#14327 = VECTOR('',#14328,1.);
#14328 = DIRECTION('',(1.,0.,0.));
#14329 = PCURVE('',#14010,#14330);
#14330 = DEFINITIONAL_REPRESENTATION('',(#14331),#14335);
#14331 = LINE('',#14332,#14333);
#14332 = CARTESIAN_POINT('',(0.,0.4));
#14333 = VECTOR('',#14334,1.);
#14334 = DIRECTION('',(1.,0.));
#14335 = ( GEOMETRIC_REPRESENTATION_CONTEXT(2) 
PARAMETRIC_REPRESENTATION_CONTEXT() REPRESENTATION_CONTEXT('2D SPACE',''
  ) );
#14336 = PCURVE('',#14197,#14337);
#14337 = DEFINITIONAL_REPRESENTATION('',(#14338),#14342);
#14338 = LINE('',#14339,#14340);
#14339 = CARTESIAN_POINT('',(-0.,0.282842712475));
#14340 = VECTOR('',#14341,1.);
#14341 = DIRECTION('',(-1.,0.));
#14342 = ( GEOMETRIC_REPRESENTATION_CONTEXT(2) 
PARAMETRIC_REPRESENTATION_CONTEXT() REPRESENTATION_CONTEXT('2D SPACE',''
  ) );
#14343 = ORIENTED_EDGE('',*,*,#14344,.T.);
#14344 = EDGE_CURVE('',#14322,#14345,#14347,.T.);
#14345 = VERTEX_POINT('',#14346);
#14346 = CARTESIAN_POINT('',(65.6,-77.3,1.5));
#14347 = SURFACE_CURVE('',#14348,(#14352,#14359),.PCURVE_S1.);
#14348 = LINE('',#14349,#14350);
#14349 = CARTESIAN_POINT('',(65.6,-153.1,1.5));
#14350 = VECTOR('',#14351,1.);
#14351 = DIRECTION('',(0.,1.,0.));
#14352 = PCURVE('',#14010,#14353);
#14353 = DEFINITIONAL_REPRESENTATION('',(#14354),#14358);
#14354 = LINE('',#14355,#14356);
#14355 = CARTESIAN_POINT('',(131.6,0.));
#14356 = VECTOR('',#14357,1.);
#14357 = DIRECTION('',(0.,1.));
#14358 = ( GEOMETRIC_REPRESENTATION_CONTEXT(2) 
PARAMETRIC_REPRESENTATION_CONTEXT() REPRESENTATION_CONTEXT('2D SPACE',''
  ) );
#14359 = PCURVE('',#14360,#14365);
#14360 = PLANE('',#14361);
#14361 = AXIS2_PLACEMENT_3D('',#14362,#14363,#14364);
#14362 = CARTESIAN_POINT('',(65.8,-153.1,1.7));
#14363 = DIRECTION('',(-0.707106781187,0.,0.707106781187));
#14364 = DIRECTION('',(0.,1.,0.));
#14365 = DEFINITIONAL_REPRESENTATION('',(#14366),#14370);
#14366 = LINE('',#14367,#14368);
#14367 = CARTESIAN_POINT('',(0.,0.282842712475));
#14368 = VECTOR('',#14369,1.);
#14369 = DIRECTION('',(1.,0.));
#14370 = ( GEOMETRIC_REPRESENTATION_CONTEXT(2) 
PARAMETRIC_REPRESENTATION_CONTEXT() REPRESENTATION_CONTEXT('2D SPACE',''
  ) );
#14371 = ORIENTED_EDGE('',*,*,#14372,.F.);
#14372 = EDGE_CURVE('',#13969,#14345,#14373,.T.);
#14373 = SURFACE_CURVE('',#14374,(#14378,#14385),.PCURVE_S1.);
#14374 = LINE('',#14375,#14376);
#14375 = CARTESIAN_POINT('',(-66.,-77.3,1.5));
#14376 = VECTOR('',#14377,1.);
#14377 = DIRECTION('',(1.,0.,0.));
#14378 = PCURVE('',#14010,#14379);
#14379 = DEFINITIONAL_REPRESENTATION('',(#14380),#14384);
#14380 = LINE('',#14381,#14382);
#14381 = CARTESIAN_POINT('',(0.,75.8));
#14382 = VECTOR('',#14383,1.);
#14383 = DIRECTION('',(1.,0.));
#14384 = ( GEOMETRIC_REPRESENTATION_CONTEXT(2) 
PARAMETRIC_REPRESENTATION_CONTEXT() REPRESENTATION_CONTEXT('2D SPACE',''
  ) );
#14385 = PCURVE('',#14386,#14391);
#14386 = PLANE('',#14387);
#14387 = AXIS2_PLACEMENT_3D('',#14388,#14389,#14390);
#14388 = CARTESIAN_POINT('',(-66.,-77.1,1.7));
#14389 = DIRECTION('',(0.,-0.707106781187,0.707106781187));
#14390 = DIRECTION('',(-1.,-0.,-0.));
#14391 = DEFINITIONAL_REPRESENTATION('',(#14392),#14396);
#14392 = LINE('',#14393,#14394);
#14393 = CARTESIAN_POINT('',(-0.,0.282842712475));
#14394 = VECTOR('',#14395,1.);
#14395 = DIRECTION('',(-1.,0.));
#14396 = ( GEOMETRIC_REPRESENTATION_CONTEXT(2) 
PARAMETRIC_REPRESENTATION_CONTEXT() REPRESENTATION_CONTEXT('2D SPACE',''
  ) );
#14397 = ADVANCED_FACE('',(#14398),#13984,.F.);
#14398 = FACE_BOUND('',#14399,.F.);
#14399 = EDGE_LOOP('',(#14400,#14401,#14422));
#14400 = ORIENTED_EDGE('',*,*,#13968,.F.);
#14401 = ORIENTED_EDGE('',*,*,#14402,.T.);
#14402 = EDGE_CURVE('',#13969,#14131,#14403,.T.);
#14403 = SURFACE_CURVE('',#14404,(#14408,#14415),.PCURVE_S1.);
#14404 = LINE('',#14405,#14406);
#14405 = CARTESIAN_POINT('',(-65.6,-77.2,1.6));
#14406 = VECTOR('',#14407,1.);
#14407 = DIRECTION('',(-3.576710596673E-14,0.707106781187,0.707106781187
    ));
#14408 = PCURVE('',#13984,#14409);
#14409 = DEFINITIONAL_REPRESENTATION('',(#14410),#14414);
#14410 = LINE('',#14411,#14412);
#14411 = CARTESIAN_POINT('',(7.071067811866E-02,0.122474487139));
#14412 = VECTOR('',#14413,1.);
#14413 = DIRECTION('',(0.5,0.866025403784));
#14414 = ( GEOMETRIC_REPRESENTATION_CONTEXT(2) 
PARAMETRIC_REPRESENTATION_CONTEXT() REPRESENTATION_CONTEXT('2D SPACE',''
  ) );
#14415 = PCURVE('',#14386,#14416);
#14416 = DEFINITIONAL_REPRESENTATION('',(#14417),#14421);
#14417 = LINE('',#14418,#14419);
#14418 = CARTESIAN_POINT('',(-0.4,0.141421356237));
#14419 = VECTOR('',#14420,1.);
#14420 = DIRECTION('',(3.576710596673E-14,-1.));
#14421 = ( GEOMETRIC_REPRESENTATION_CONTEXT(2) 
PARAMETRIC_REPRESENTATION_CONTEXT() REPRESENTATION_CONTEXT('2D SPACE',''
  ) );
#14422 = ORIENTED_EDGE('',*,*,#14158,.F.);
#14423 = ADVANCED_FACE('',(#14424),#14091,.T.);
#14424 = FACE_BOUND('',#14425,.T.);
#14425 = EDGE_LOOP('',(#14426,#14427,#14450,#14478));
#14426 = ORIENTED_EDGE('',*,*,#14077,.F.);
#14427 = ORIENTED_EDGE('',*,*,#14428,.T.);
#14428 = EDGE_CURVE('',#14026,#14429,#14431,.T.);
#14429 = VERTEX_POINT('',#14430);
#14430 = CARTESIAN_POINT('',(65.6,-152.7,14.2));
#14431 = SURFACE_CURVE('',#14432,(#14436,#14443),.PCURVE_S1.);
#14432 = LINE('',#14433,#14434);
#14433 = CARTESIAN_POINT('',(-66.,-152.7,14.2));
#14434 = VECTOR('',#14435,1.);
#14435 = DIRECTION('',(1.,0.,0.));
#14436 = PCURVE('',#14091,#14437);
#14437 = DEFINITIONAL_REPRESENTATION('',(#14438),#14442);
#14438 = LINE('',#14439,#14440);
#14439 = CARTESIAN_POINT('',(0.,0.4));
#14440 = VECTOR('',#14441,1.);
#14441 = DIRECTION('',(1.,0.));
#14442 = ( GEOMETRIC_REPRESENTATION_CONTEXT(2) 
PARAMETRIC_REPRESENTATION_CONTEXT() REPRESENTATION_CONTEXT('2D SPACE',''
  ) );
#14443 = PCURVE('',#14228,#14444);
#14444 = DEFINITIONAL_REPRESENTATION('',(#14445),#14449);
#14445 = LINE('',#14446,#14447);
#14446 = CARTESIAN_POINT('',(-0.,0.282842712475));
#14447 = VECTOR('',#14448,1.);
#14448 = DIRECTION('',(-1.,0.));
#14449 = ( GEOMETRIC_REPRESENTATION_CONTEXT(2) 
PARAMETRIC_REPRESENTATION_CONTEXT() REPRESENTATION_CONTEXT('2D SPACE',''
  ) );
#14450 = ORIENTED_EDGE('',*,*,#14451,.T.);
#14451 = EDGE_CURVE('',#14429,#14452,#14454,.T.);
#14452 = VERTEX_POINT('',#14453);
#14453 = CARTESIAN_POINT('',(65.6,-77.3,14.2));
#14454 = SURFACE_CURVE('',#14455,(#14459,#14466),.PCURVE_S1.);
#14455 = LINE('',#14456,#14457);
#14456 = CARTESIAN_POINT('',(65.6,-153.1,14.2));
#14457 = VECTOR('',#14458,1.);
#14458 = DIRECTION('',(0.,1.,0.));
#14459 = PCURVE('',#14091,#14460);
#14460 = DEFINITIONAL_REPRESENTATION('',(#14461),#14465);
#14461 = LINE('',#14462,#14463);
#14462 = CARTESIAN_POINT('',(131.6,0.));
#14463 = VECTOR('',#14464,1.);
#14464 = DIRECTION('',(0.,1.));
#14465 = ( GEOMETRIC_REPRESENTATION_CONTEXT(2) 
PARAMETRIC_REPRESENTATION_CONTEXT() REPRESENTATION_CONTEXT('2D SPACE',''
  ) );
#14466 = PCURVE('',#14467,#14472);
#14467 = PLANE('',#14468);
#14468 = AXIS2_PLACEMENT_3D('',#14469,#14470,#14471);
#14469 = CARTESIAN_POINT('',(65.8,-153.1,14.));
#14470 = DIRECTION('',(0.707106781187,-3.474993633276E-18,0.707106781187
    ));
#14471 = DIRECTION('',(2.457191562669E-18,1.,2.457191562669E-18));
#14472 = DEFINITIONAL_REPRESENTATION('',(#14473),#14477);
#14473 = LINE('',#14474,#14475);
#14474 = CARTESIAN_POINT('',(0.,0.282842712475));
#14475 = VECTOR('',#14476,1.);
#14476 = DIRECTION('',(1.,0.));
#14477 = ( GEOMETRIC_REPRESENTATION_CONTEXT(2) 
PARAMETRIC_REPRESENTATION_CONTEXT() REPRESENTATION_CONTEXT('2D SPACE',''
  ) );
#14478 = ORIENTED_EDGE('',*,*,#14479,.F.);
#14479 = EDGE_CURVE('',#14050,#14452,#14480,.T.);
#14480 = SURFACE_CURVE('',#14481,(#14485,#14492),.PCURVE_S1.);
#14481 = LINE('',#14482,#14483);
#14482 = CARTESIAN_POINT('',(-66.,-77.3,14.2));
#14483 = VECTOR('',#14484,1.);
#14484 = DIRECTION('',(1.,0.,0.));
#14485 = PCURVE('',#14091,#14486);
#14486 = DEFINITIONAL_REPRESENTATION('',(#14487),#14491);
#14487 = LINE('',#14488,#14489);
#14488 = CARTESIAN_POINT('',(0.,75.8));
#14489 = VECTOR('',#14490,1.);
#14490 = DIRECTION('',(1.,0.));
#14491 = ( GEOMETRIC_REPRESENTATION_CONTEXT(2) 
PARAMETRIC_REPRESENTATION_CONTEXT() REPRESENTATION_CONTEXT('2D SPACE',''
  ) );
#14492 = PCURVE('',#14493,#14498);
#14493 = PLANE('',#14494);
#14494 = AXIS2_PLACEMENT_3D('',#14495,#14496,#14497);
#14495 = CARTESIAN_POINT('',(-66.,-77.1,14.));
#14496 = DIRECTION('',(3.474993633276E-18,0.707106781187,0.707106781187)
  );
#14497 = DIRECTION('',(-1.,2.457191562669E-18,2.457191562669E-18));
#14498 = DEFINITIONAL_REPRESENTATION('',(#14499),#14503);
#14499 = LINE('',#14500,#14501);
#14500 = CARTESIAN_POINT('',(-0.,0.282842712475));
#14501 = VECTOR('',#14502,1.);
#14502 = DIRECTION('',(-1.,0.));
#14503 = ( GEOMETRIC_REPRESENTATION_CONTEXT(2) 
PARAMETRIC_REPRESENTATION_CONTEXT() REPRESENTATION_CONTEXT('2D SPACE',''
  ) );
#14504 = ADVANCED_FACE('',(#14505),#14065,.F.);
#14505 = FACE_BOUND('',#14506,.F.);
#14506 = EDGE_LOOP('',(#14507,#14508,#14529));
#14507 = ORIENTED_EDGE('',*,*,#14107,.F.);
#14508 = ORIENTED_EDGE('',*,*,#14509,.T.);
#14509 = EDGE_CURVE('',#14108,#14050,#14510,.T.);
#14510 = SURFACE_CURVE('',#14511,(#14515,#14522),.PCURVE_S1.);
#14511 = LINE('',#14512,#14513);
#14512 = CARTESIAN_POINT('',(-65.6,-77.,13.9));
#14513 = VECTOR('',#14514,1.);
#14514 = DIRECTION('',(3.480562462354E-14,-0.707106781187,0.707106781187
    ));
#14515 = PCURVE('',#14065,#14516);
#14516 = DEFINITIONAL_REPRESENTATION('',(#14517),#14521);
#14517 = LINE('',#14518,#14519);
#14518 = CARTESIAN_POINT('',(7.071067811865E-02,0.122474487139));
#14519 = VECTOR('',#14520,1.);
#14520 = DIRECTION('',(0.5,0.866025403784));
#14521 = ( GEOMETRIC_REPRESENTATION_CONTEXT(2) 
PARAMETRIC_REPRESENTATION_CONTEXT() REPRESENTATION_CONTEXT('2D SPACE',''
  ) );
#14522 = PCURVE('',#14493,#14523);
#14523 = DEFINITIONAL_REPRESENTATION('',(#14524),#14528);
#14524 = LINE('',#14525,#14526);
#14525 = CARTESIAN_POINT('',(-0.4,-0.141421356237));
#14526 = VECTOR('',#14527,1.);
#14527 = DIRECTION('',(-3.480562462354E-14,1.));
#14528 = ( GEOMETRIC_REPRESENTATION_CONTEXT(2) 
PARAMETRIC_REPRESENTATION_CONTEXT() REPRESENTATION_CONTEXT('2D SPACE',''
  ) );
#14529 = ORIENTED_EDGE('',*,*,#14049,.F.);
#14530 = ADVANCED_FACE('',(#14531),#14146,.T.);
#14531 = FACE_BOUND('',#14532,.T.);
#14532 = EDGE_LOOP('',(#14533,#14534,#14557,#14585));
#14533 = ORIENTED_EDGE('',*,*,#14130,.T.);
#14534 = ORIENTED_EDGE('',*,*,#14535,.T.);
#14535 = EDGE_CURVE('',#14108,#14536,#14538,.T.);
#14536 = VERTEX_POINT('',#14537);
#14537 = CARTESIAN_POINT('',(65.6,-76.9,13.8));
#14538 = SURFACE_CURVE('',#14539,(#14543,#14550),.PCURVE_S1.);
#14539 = LINE('',#14540,#14541);
#14540 = CARTESIAN_POINT('',(-66.,-76.9,13.8));
#14541 = VECTOR('',#14542,1.);
#14542 = DIRECTION('',(1.,0.,0.));
#14543 = PCURVE('',#14146,#14544);
#14544 = DEFINITIONAL_REPRESENTATION('',(#14545),#14549);
#14545 = LINE('',#14546,#14547);
#14546 = CARTESIAN_POINT('',(12.3,0.));
#14547 = VECTOR('',#14548,1.);
#14548 = DIRECTION('',(0.,1.));
#14549 = ( GEOMETRIC_REPRESENTATION_CONTEXT(2) 
PARAMETRIC_REPRESENTATION_CONTEXT() REPRESENTATION_CONTEXT('2D SPACE',''
  ) );
#14550 = PCURVE('',#14493,#14551);
#14551 = DEFINITIONAL_REPRESENTATION('',(#14552),#14556);
#14552 = LINE('',#14553,#14554);
#14553 = CARTESIAN_POINT('',(-0.,-0.282842712475));
#14554 = VECTOR('',#14555,1.);
#14555 = DIRECTION('',(-1.,0.));
#14556 = ( GEOMETRIC_REPRESENTATION_CONTEXT(2) 
PARAMETRIC_REPRESENTATION_CONTEXT() REPRESENTATION_CONTEXT('2D SPACE',''
  ) );
#14557 = ORIENTED_EDGE('',*,*,#14558,.F.);
#14558 = EDGE_CURVE('',#14559,#14536,#14561,.T.);
#14559 = VERTEX_POINT('',#14560);
#14560 = CARTESIAN_POINT('',(65.6,-76.9,1.9));
#14561 = SURFACE_CURVE('',#14562,(#14566,#14573),.PCURVE_S1.);
#14562 = LINE('',#14563,#14564);
#14563 = CARTESIAN_POINT('',(65.6,-76.9,1.5));
#14564 = VECTOR('',#14565,1.);
#14565 = DIRECTION('',(0.,0.,1.));
#14566 = PCURVE('',#14146,#14567);
#14567 = DEFINITIONAL_REPRESENTATION('',(#14568),#14572);
#14568 = LINE('',#14569,#14570);
#14569 = CARTESIAN_POINT('',(0.,131.6));
#14570 = VECTOR('',#14571,1.);
#14571 = DIRECTION('',(1.,0.));
#14572 = ( GEOMETRIC_REPRESENTATION_CONTEXT(2) 
PARAMETRIC_REPRESENTATION_CONTEXT() REPRESENTATION_CONTEXT('2D SPACE',''
  ) );
#14573 = PCURVE('',#14574,#14579);
#14574 = PLANE('',#14575);
#14575 = AXIS2_PLACEMENT_3D('',#14576,#14577,#14578);
#14576 = CARTESIAN_POINT('',(65.8,-77.1,1.5));
#14577 = DIRECTION('',(0.707106781187,0.707106781187,0.));
#14578 = DIRECTION('',(-0.,0.,-1.));
#14579 = DEFINITIONAL_REPRESENTATION('',(#14580),#14584);
#14580 = LINE('',#14581,#14582);
#14581 = CARTESIAN_POINT('',(-0.,0.282842712475));
#14582 = VECTOR('',#14583,1.);
#14583 = DIRECTION('',(-1.,0.));
#14584 = ( GEOMETRIC_REPRESENTATION_CONTEXT(2) 
PARAMETRIC_REPRESENTATION_CONTEXT() REPRESENTATION_CONTEXT('2D SPACE',''
  ) );
#14585 = ORIENTED_EDGE('',*,*,#14586,.F.);
#14586 = EDGE_CURVE('',#14131,#14559,#14587,.T.);
#14587 = SURFACE_CURVE('',#14588,(#14592,#14599),.PCURVE_S1.);
#14588 = LINE('',#14589,#14590);
#14589 = CARTESIAN_POINT('',(-66.,-76.9,1.9));
#14590 = VECTOR('',#14591,1.);
#14591 = DIRECTION('',(1.,0.,0.));
#14592 = PCURVE('',#14146,#14593);
#14593 = DEFINITIONAL_REPRESENTATION('',(#14594),#14598);
#14594 = LINE('',#14595,#14596);
#14595 = CARTESIAN_POINT('',(0.4,0.));
#14596 = VECTOR('',#14597,1.);
#14597 = DIRECTION('',(0.,1.));
#14598 = ( GEOMETRIC_REPRESENTATION_CONTEXT(2) 
PARAMETRIC_REPRESENTATION_CONTEXT() REPRESENTATION_CONTEXT('2D SPACE',''
  ) );
#14599 = PCURVE('',#14386,#14600);
#14600 = DEFINITIONAL_REPRESENTATION('',(#14601),#14605);
#14601 = LINE('',#14602,#14603);
#14602 = CARTESIAN_POINT('',(-0.,-0.282842712475));
#14603 = VECTOR('',#14604,1.);
#14604 = DIRECTION('',(-1.,0.));
#14605 = ( GEOMETRIC_REPRESENTATION_CONTEXT(2) 
PARAMETRIC_REPRESENTATION_CONTEXT() REPRESENTATION_CONTEXT('2D SPACE',''
  ) );
#14606 = ADVANCED_FACE('',(#14607),#14197,.T.);
#14607 = FACE_BOUND('',#14608,.F.);
#14608 = EDGE_LOOP('',(#14609,#14610,#14611,#14637));
#14609 = ORIENTED_EDGE('',*,*,#14183,.T.);
#14610 = ORIENTED_EDGE('',*,*,#14296,.T.);
#14611 = ORIENTED_EDGE('',*,*,#14612,.F.);
#14612 = EDGE_CURVE('',#14322,#14269,#14613,.T.);
#14613 = SURFACE_CURVE('',#14614,(#14618,#14625),.PCURVE_S1.);
#14614 = LINE('',#14615,#14616);
#14615 = CARTESIAN_POINT('',(65.6,-152.8,1.600000000003));
#14616 = VECTOR('',#14617,1.);
#14617 = DIRECTION('',(-7.076502685892E-14,-0.707106781187,
    0.707106781187));
#14618 = PCURVE('',#14197,#14619);
#14619 = DEFINITIONAL_REPRESENTATION('',(#14620),#14624);
#14620 = LINE('',#14621,#14622);
#14621 = CARTESIAN_POINT('',(-131.6,0.141421356233));
#14622 = VECTOR('',#14623,1.);
#14623 = DIRECTION('',(7.076502685892E-14,-1.));
#14624 = ( GEOMETRIC_REPRESENTATION_CONTEXT(2) 
PARAMETRIC_REPRESENTATION_CONTEXT() REPRESENTATION_CONTEXT('2D SPACE',''
  ) );
#14625 = PCURVE('',#14626,#14631);
#14626 = PLANE('',#14627);
#14627 = AXIS2_PLACEMENT_3D('',#14628,#14629,#14630);
#14628 = CARTESIAN_POINT('',(65.6,-152.7,1.5));
#14629 = DIRECTION('',(-0.57735026919,0.57735026919,0.57735026919));
#14630 = DIRECTION('',(-0.707106781187,-0.707106781187,3.53328477587E-14
    ));
#14631 = DEFINITIONAL_REPRESENTATION('',(#14632),#14636);
#14632 = LINE('',#14633,#14634);
#14633 = CARTESIAN_POINT('',(7.071067812099E-02,0.122474487143));
#14634 = VECTOR('',#14635,1.);
#14635 = DIRECTION('',(0.5,0.866025403784));
#14636 = ( GEOMETRIC_REPRESENTATION_CONTEXT(2) 
PARAMETRIC_REPRESENTATION_CONTEXT() REPRESENTATION_CONTEXT('2D SPACE',''
  ) );
#14637 = ORIENTED_EDGE('',*,*,#14321,.F.);
#14638 = ADVANCED_FACE('',(#14639),#14228,.F.);
#14639 = FACE_BOUND('',#14640,.T.);
#14640 = EDGE_LOOP('',(#14641,#14642,#14643,#14669));
#14641 = ORIENTED_EDGE('',*,*,#14214,.T.);
#14642 = ORIENTED_EDGE('',*,*,#14245,.T.);
#14643 = ORIENTED_EDGE('',*,*,#14644,.F.);
#14644 = EDGE_CURVE('',#14429,#14246,#14645,.T.);
#14645 = SURFACE_CURVE('',#14646,(#14650,#14657),.PCURVE_S1.);
#14646 = LINE('',#14647,#14648);
#14647 = CARTESIAN_POINT('',(65.6,-152.8,14.099999999997));
#14648 = VECTOR('',#14649,1.);
#14649 = DIRECTION('',(-6.903436044117E-14,-0.707106781187,
    -0.707106781187));
#14650 = PCURVE('',#14228,#14651);
#14651 = DEFINITIONAL_REPRESENTATION('',(#14652),#14656);
#14652 = LINE('',#14653,#14654);
#14653 = CARTESIAN_POINT('',(-131.6,0.141421356233));
#14654 = VECTOR('',#14655,1.);
#14655 = DIRECTION('',(6.903436044117E-14,-1.));
#14656 = ( GEOMETRIC_REPRESENTATION_CONTEXT(2) 
PARAMETRIC_REPRESENTATION_CONTEXT() REPRESENTATION_CONTEXT('2D SPACE',''
  ) );
#14657 = PCURVE('',#14658,#14663);
#14658 = PLANE('',#14659);
#14659 = AXIS2_PLACEMENT_3D('',#14660,#14661,#14662);
#14660 = CARTESIAN_POINT('',(65.6,-152.7,14.2));
#14661 = DIRECTION('',(0.57735026919,-0.57735026919,0.57735026919));
#14662 = DIRECTION('',(-0.707106781187,-0.707106781187,
    -2.836619827917E-14));
#14663 = DEFINITIONAL_REPRESENTATION('',(#14664),#14668);
#14664 = LINE('',#14665,#14666);
#14665 = CARTESIAN_POINT('',(7.071067812093E-02,0.122474487143));
#14666 = VECTOR('',#14667,1.);
#14667 = DIRECTION('',(0.5,0.866025403784));
#14668 = ( GEOMETRIC_REPRESENTATION_CONTEXT(2) 
PARAMETRIC_REPRESENTATION_CONTEXT() REPRESENTATION_CONTEXT('2D SPACE',''
  ) );
#14669 = ORIENTED_EDGE('',*,*,#14428,.F.);
#14670 = ADVANCED_FACE('',(#14671),#14284,.F.);
#14671 = FACE_BOUND('',#14672,.T.);
#14672 = EDGE_LOOP('',(#14673,#14703,#14724,#14725));
#14673 = ORIENTED_EDGE('',*,*,#14674,.T.);
#14674 = EDGE_CURVE('',#14675,#14677,#14679,.T.);
#14675 = VERTEX_POINT('',#14676);
#14676 = CARTESIAN_POINT('',(66.,-152.7,1.9));
#14677 = VERTEX_POINT('',#14678);
#14678 = CARTESIAN_POINT('',(66.,-152.7,13.8));
#14679 = SURFACE_CURVE('',#14680,(#14684,#14691),.PCURVE_S1.);
#14680 = LINE('',#14681,#14682);
#14681 = CARTESIAN_POINT('',(66.,-152.7,1.5));
#14682 = VECTOR('',#14683,1.);
#14683 = DIRECTION('',(0.,0.,1.));
#14684 = PCURVE('',#14284,#14685);
#14685 = DEFINITIONAL_REPRESENTATION('',(#14686),#14690);
#14686 = LINE('',#14687,#14688);
#14687 = CARTESIAN_POINT('',(-0.,-0.282842712475));
#14688 = VECTOR('',#14689,1.);
#14689 = DIRECTION('',(-1.,0.));
#14690 = ( GEOMETRIC_REPRESENTATION_CONTEXT(2) 
PARAMETRIC_REPRESENTATION_CONTEXT() REPRESENTATION_CONTEXT('2D SPACE',''
  ) );
#14691 = PCURVE('',#14692,#14697);
#14692 = PLANE('',#14693);
#14693 = AXIS2_PLACEMENT_3D('',#14694,#14695,#14696);
#14694 = CARTESIAN_POINT('',(66.,-153.1,1.5));
#14695 = DIRECTION('',(1.,0.,0.));
#14696 = DIRECTION('',(0.,0.,1.));
#14697 = DEFINITIONAL_REPRESENTATION('',(#14698),#14702);
#14698 = LINE('',#14699,#14700);
#14699 = CARTESIAN_POINT('',(0.,-0.4));
#14700 = VECTOR('',#14701,1.);
#14701 = DIRECTION('',(1.,0.));
#14702 = ( GEOMETRIC_REPRESENTATION_CONTEXT(2) 
PARAMETRIC_REPRESENTATION_CONTEXT() REPRESENTATION_CONTEXT('2D SPACE',''
  ) );
#14703 = ORIENTED_EDGE('',*,*,#14704,.T.);
#14704 = EDGE_CURVE('',#14677,#14246,#14705,.T.);
#14705 = SURFACE_CURVE('',#14706,(#14710,#14717),.PCURVE_S1.);
#14706 = LINE('',#14707,#14708);
#14707 = CARTESIAN_POINT('',(65.8,-152.9,13.8));
#14708 = VECTOR('',#14709,1.);
#14709 = DIRECTION('',(-0.707106781187,-0.707106781187,
    -7.874532200741E-14));
#14710 = PCURVE('',#14284,#14711);
#14711 = DEFINITIONAL_REPRESENTATION('',(#14712),#14716);
#14712 = LINE('',#14713,#14714);
#14713 = CARTESIAN_POINT('',(-12.3,4.722838115721E-13));
#14714 = VECTOR('',#14715,1.);
#14715 = DIRECTION('',(7.874532200741E-14,1.));
#14716 = ( GEOMETRIC_REPRESENTATION_CONTEXT(2) 
PARAMETRIC_REPRESENTATION_CONTEXT() REPRESENTATION_CONTEXT('2D SPACE',''
  ) );
#14717 = PCURVE('',#14658,#14718);
#14718 = DEFINITIONAL_REPRESENTATION('',(#14719),#14723);
#14719 = LINE('',#14720,#14721);
#14720 = CARTESIAN_POINT('',(4.634848060903E-13,0.489897948557));
#14721 = VECTOR('',#14722,1.);
#14722 = DIRECTION('',(1.,6.174177322646E-14));
#14723 = ( GEOMETRIC_REPRESENTATION_CONTEXT(2) 
PARAMETRIC_REPRESENTATION_CONTEXT() REPRESENTATION_CONTEXT('2D SPACE',''
  ) );
#14724 = ORIENTED_EDGE('',*,*,#14268,.F.);
#14725 = ORIENTED_EDGE('',*,*,#14726,.F.);
#14726 = EDGE_CURVE('',#14675,#14269,#14727,.T.);
#14727 = SURFACE_CURVE('',#14728,(#14732,#14739),.PCURVE_S1.);
#14728 = LINE('',#14729,#14730);
#14729 = CARTESIAN_POINT('',(65.8,-152.9,1.9));
#14730 = VECTOR('',#14731,1.);
#14731 = DIRECTION('',(-0.707106781187,-0.707106781187,
    8.566798767839E-14));
#14732 = PCURVE('',#14284,#14733);
#14733 = DEFINITIONAL_REPRESENTATION('',(#14734),#14738);
#14734 = LINE('',#14735,#14736);
#14735 = CARTESIAN_POINT('',(-0.4,-2.009718347115E-14));
#14736 = VECTOR('',#14737,1.);
#14737 = DIRECTION('',(-8.566798767839E-14,1.));
#14738 = ( GEOMETRIC_REPRESENTATION_CONTEXT(2) 
PARAMETRIC_REPRESENTATION_CONTEXT() REPRESENTATION_CONTEXT('2D SPACE',''
  ) );
#14739 = PCURVE('',#14626,#14740);
#14740 = DEFINITIONAL_REPRESENTATION('',(#14741),#14745);
#14741 = LINE('',#14742,#14743);
#14742 = CARTESIAN_POINT('',(-2.608468996357E-14,0.489897948557));
#14743 = VECTOR('',#14744,1.);
#14744 = DIRECTION('',(1.,6.167645750091E-14));
#14745 = ( GEOMETRIC_REPRESENTATION_CONTEXT(2) 
PARAMETRIC_REPRESENTATION_CONTEXT() REPRESENTATION_CONTEXT('2D SPACE',''
  ) );
#14746 = ADVANCED_FACE('',(#14747),#14386,.F.);
#14747 = FACE_BOUND('',#14748,.T.);
#14748 = EDGE_LOOP('',(#14749,#14750,#14751,#14777));
#14749 = ORIENTED_EDGE('',*,*,#14402,.T.);
#14750 = ORIENTED_EDGE('',*,*,#14586,.T.);
#14751 = ORIENTED_EDGE('',*,*,#14752,.F.);
#14752 = EDGE_CURVE('',#14345,#14559,#14753,.T.);
#14753 = SURFACE_CURVE('',#14754,(#14758,#14765),.PCURVE_S1.);
#14754 = LINE('',#14755,#14756);
#14755 = CARTESIAN_POINT('',(65.6,-77.2,1.599999999997));
#14756 = VECTOR('',#14757,1.);
#14757 = DIRECTION('',(6.105406529268E-14,0.707106781187,0.707106781187)
  );
#14758 = PCURVE('',#14386,#14759);
#14759 = DEFINITIONAL_REPRESENTATION('',(#14760),#14764);
#14760 = LINE('',#14761,#14762);
#14761 = CARTESIAN_POINT('',(-131.6,0.141421356241));
#14762 = VECTOR('',#14763,1.);
#14763 = DIRECTION('',(-6.105406529268E-14,-1.));
#14764 = ( GEOMETRIC_REPRESENTATION_CONTEXT(2) 
PARAMETRIC_REPRESENTATION_CONTEXT() REPRESENTATION_CONTEXT('2D SPACE',''
  ) );
#14765 = PCURVE('',#14766,#14771);
#14766 = PLANE('',#14767);
#14767 = AXIS2_PLACEMENT_3D('',#14768,#14769,#14770);
#14768 = CARTESIAN_POINT('',(65.6,-77.3,1.5));
#14769 = DIRECTION('',(0.57735026919,0.57735026919,-0.57735026919));
#14770 = DIRECTION('',(-0.707106781187,0.707106781187,
    -9.103828801926E-15));
#14771 = DEFINITIONAL_REPRESENTATION('',(#14772),#14776);
#14772 = LINE('',#14773,#14774);
#14773 = CARTESIAN_POINT('',(7.071067811666E-02,0.122474487136));
#14774 = VECTOR('',#14775,1.);
#14775 = DIRECTION('',(0.5,0.866025403784));
#14776 = ( GEOMETRIC_REPRESENTATION_CONTEXT(2) 
PARAMETRIC_REPRESENTATION_CONTEXT() REPRESENTATION_CONTEXT('2D SPACE',''
  ) );
#14777 = ORIENTED_EDGE('',*,*,#14372,.F.);
#14778 = ADVANCED_FACE('',(#14779),#14360,.F.);
#14779 = FACE_BOUND('',#14780,.F.);
#14780 = EDGE_LOOP('',(#14781,#14802,#14825,#14846));
#14781 = ORIENTED_EDGE('',*,*,#14782,.T.);
#14782 = EDGE_CURVE('',#14322,#14675,#14783,.T.);
#14783 = SURFACE_CURVE('',#14784,(#14788,#14795),.PCURVE_S1.);
#14784 = LINE('',#14785,#14786);
#14785 = CARTESIAN_POINT('',(65.7,-152.7,1.6));
#14786 = VECTOR('',#14787,1.);
#14787 = DIRECTION('',(0.707106781187,-1.490296081947E-14,0.707106781187
    ));
#14788 = PCURVE('',#14360,#14789);
#14789 = DEFINITIONAL_REPRESENTATION('',(#14790),#14794);
#14790 = LINE('',#14791,#14792);
#14791 = CARTESIAN_POINT('',(0.4,0.141421356237));
#14792 = VECTOR('',#14793,1.);
#14793 = DIRECTION('',(-1.490296081947E-14,-1.));
#14794 = ( GEOMETRIC_REPRESENTATION_CONTEXT(2) 
PARAMETRIC_REPRESENTATION_CONTEXT() REPRESENTATION_CONTEXT('2D SPACE',''
  ) );
#14795 = PCURVE('',#14626,#14796);
#14796 = DEFINITIONAL_REPRESENTATION('',(#14797),#14801);
#14797 = LINE('',#14798,#14799);
#14798 = CARTESIAN_POINT('',(-7.071067811865E-02,0.122474487139));
#14799 = VECTOR('',#14800,1.);
#14800 = DIRECTION('',(-0.5,0.866025403784));
#14801 = ( GEOMETRIC_REPRESENTATION_CONTEXT(2) 
PARAMETRIC_REPRESENTATION_CONTEXT() REPRESENTATION_CONTEXT('2D SPACE',''
  ) );
#14802 = ORIENTED_EDGE('',*,*,#14803,.T.);
#14803 = EDGE_CURVE('',#14675,#14804,#14806,.T.);
#14804 = VERTEX_POINT('',#14805);
#14805 = CARTESIAN_POINT('',(66.,-77.3,1.9));
#14806 = SURFACE_CURVE('',#14807,(#14811,#14818),.PCURVE_S1.);
#14807 = LINE('',#14808,#14809);
#14808 = CARTESIAN_POINT('',(66.,-153.1,1.9));
#14809 = VECTOR('',#14810,1.);
#14810 = DIRECTION('',(0.,1.,0.));
#14811 = PCURVE('',#14360,#14812);
#14812 = DEFINITIONAL_REPRESENTATION('',(#14813),#14817);
#14813 = LINE('',#14814,#14815);
#14814 = CARTESIAN_POINT('',(0.,-0.282842712475));
#14815 = VECTOR('',#14816,1.);
#14816 = DIRECTION('',(1.,0.));
#14817 = ( GEOMETRIC_REPRESENTATION_CONTEXT(2) 
PARAMETRIC_REPRESENTATION_CONTEXT() REPRESENTATION_CONTEXT('2D SPACE',''
  ) );
#14818 = PCURVE('',#14692,#14819);
#14819 = DEFINITIONAL_REPRESENTATION('',(#14820),#14824);
#14820 = LINE('',#14821,#14822);
#14821 = CARTESIAN_POINT('',(0.4,0.));
#14822 = VECTOR('',#14823,1.);
#14823 = DIRECTION('',(0.,-1.));
#14824 = ( GEOMETRIC_REPRESENTATION_CONTEXT(2) 
PARAMETRIC_REPRESENTATION_CONTEXT() REPRESENTATION_CONTEXT('2D SPACE',''
  ) );
#14825 = ORIENTED_EDGE('',*,*,#14826,.F.);
#14826 = EDGE_CURVE('',#14345,#14804,#14827,.T.);
#14827 = SURFACE_CURVE('',#14828,(#14832,#14839),.PCURVE_S1.);
#14828 = LINE('',#14829,#14830);
#14829 = CARTESIAN_POINT('',(65.7,-77.3,1.6));
#14830 = VECTOR('',#14831,1.);
#14831 = DIRECTION('',(0.707106781187,1.634518283426E-15,0.707106781187)
  );
#14832 = PCURVE('',#14360,#14833);
#14833 = DEFINITIONAL_REPRESENTATION('',(#14834),#14838);
#14834 = LINE('',#14835,#14836);
#14835 = CARTESIAN_POINT('',(75.8,0.141421356237));
#14836 = VECTOR('',#14837,1.);
#14837 = DIRECTION('',(1.634518283426E-15,-1.));
#14838 = ( GEOMETRIC_REPRESENTATION_CONTEXT(2) 
PARAMETRIC_REPRESENTATION_CONTEXT() REPRESENTATION_CONTEXT('2D SPACE',''
  ) );
#14839 = PCURVE('',#14766,#14840);
#14840 = DEFINITIONAL_REPRESENTATION('',(#14841),#14845);
#14841 = LINE('',#14842,#14843);
#14842 = CARTESIAN_POINT('',(-7.071067811864E-02,0.122474487139));
#14843 = VECTOR('',#14844,1.);
#14844 = DIRECTION('',(-0.5,0.866025403784));
#14845 = ( GEOMETRIC_REPRESENTATION_CONTEXT(2) 
PARAMETRIC_REPRESENTATION_CONTEXT() REPRESENTATION_CONTEXT('2D SPACE',''
  ) );
#14846 = ORIENTED_EDGE('',*,*,#14344,.F.);
#14847 = ADVANCED_FACE('',(#14848),#14493,.T.);
#14848 = FACE_BOUND('',#14849,.F.);
#14849 = EDGE_LOOP('',(#14850,#14851,#14852,#14878));
#14850 = ORIENTED_EDGE('',*,*,#14509,.F.);
#14851 = ORIENTED_EDGE('',*,*,#14535,.T.);
#14852 = ORIENTED_EDGE('',*,*,#14853,.T.);
#14853 = EDGE_CURVE('',#14536,#14452,#14854,.T.);
#14854 = SURFACE_CURVE('',#14855,(#14859,#14866),.PCURVE_S1.);
#14855 = LINE('',#14856,#14857);
#14856 = CARTESIAN_POINT('',(65.6,-77.,13.900000000003));
#14857 = VECTOR('',#14858,1.);
#14858 = DIRECTION('',(-5.990028768085E-14,-0.707106781187,
    0.707106781187));
#14859 = PCURVE('',#14493,#14860);
#14860 = DEFINITIONAL_REPRESENTATION('',(#14861),#14865);
#14861 = LINE('',#14862,#14863);
#14862 = CARTESIAN_POINT('',(-131.6,-0.141421356233));
#14863 = VECTOR('',#14864,1.);
#14864 = DIRECTION('',(5.990028768085E-14,1.));
#14865 = ( GEOMETRIC_REPRESENTATION_CONTEXT(2) 
PARAMETRIC_REPRESENTATION_CONTEXT() REPRESENTATION_CONTEXT('2D SPACE',''
  ) );
#14866 = PCURVE('',#14867,#14872);
#14867 = PLANE('',#14868);
#14868 = AXIS2_PLACEMENT_3D('',#14869,#14870,#14871);
#14869 = CARTESIAN_POINT('',(65.6,-76.9,13.8));
#14870 = DIRECTION('',(0.57735026919,0.57735026919,0.57735026919));
#14871 = DIRECTION('',(-0.707106781187,0.,0.707106781187));
#14872 = DEFINITIONAL_REPRESENTATION('',(#14873),#14877);
#14873 = LINE('',#14874,#14875);
#14874 = CARTESIAN_POINT('',(7.071067812062E-02,0.122474487143));
#14875 = VECTOR('',#14876,1.);
#14876 = DIRECTION('',(0.5,0.866025403784));
#14877 = ( GEOMETRIC_REPRESENTATION_CONTEXT(2) 
PARAMETRIC_REPRESENTATION_CONTEXT() REPRESENTATION_CONTEXT('2D SPACE',''
  ) );
#14878 = ORIENTED_EDGE('',*,*,#14479,.F.);
#14879 = ADVANCED_FACE('',(#14880),#14467,.T.);
#14880 = FACE_BOUND('',#14881,.T.);
#14881 = EDGE_LOOP('',(#14882,#14903,#14926,#14947));
#14882 = ORIENTED_EDGE('',*,*,#14883,.T.);
#14883 = EDGE_CURVE('',#14429,#14677,#14884,.T.);
#14884 = SURFACE_CURVE('',#14885,(#14889,#14896),.PCURVE_S1.);
#14885 = LINE('',#14886,#14887);
#14886 = CARTESIAN_POINT('',(65.7,-152.7,14.1));
#14887 = VECTOR('',#14888,1.);
#14888 = DIRECTION('',(0.707106781187,-9.710961566236E-15,
    -0.707106781187));
#14889 = PCURVE('',#14467,#14890);
#14890 = DEFINITIONAL_REPRESENTATION('',(#14891),#14895);
#14891 = LINE('',#14892,#14893);
#14892 = CARTESIAN_POINT('',(0.4,0.141421356237));
#14893 = VECTOR('',#14894,1.);
#14894 = DIRECTION('',(-9.710961566236E-15,-1.));
#14895 = ( GEOMETRIC_REPRESENTATION_CONTEXT(2) 
PARAMETRIC_REPRESENTATION_CONTEXT() REPRESENTATION_CONTEXT('2D SPACE',''
  ) );
#14896 = PCURVE('',#14658,#14897);
#14897 = DEFINITIONAL_REPRESENTATION('',(#14898),#14902);
#14898 = LINE('',#14899,#14900);
#14899 = CARTESIAN_POINT('',(-7.071067811865E-02,0.122474487139));
#14900 = VECTOR('',#14901,1.);
#14901 = DIRECTION('',(-0.5,0.866025403784));
#14902 = ( GEOMETRIC_REPRESENTATION_CONTEXT(2) 
PARAMETRIC_REPRESENTATION_CONTEXT() REPRESENTATION_CONTEXT('2D SPACE',''
  ) );
#14903 = ORIENTED_EDGE('',*,*,#14904,.T.);
#14904 = EDGE_CURVE('',#14677,#14905,#14907,.T.);
#14905 = VERTEX_POINT('',#14906);
#14906 = CARTESIAN_POINT('',(66.,-77.3,13.8));
#14907 = SURFACE_CURVE('',#14908,(#14912,#14919),.PCURVE_S1.);
#14908 = LINE('',#14909,#14910);
#14909 = CARTESIAN_POINT('',(66.,-153.1,13.8));
#14910 = VECTOR('',#14911,1.);
#14911 = DIRECTION('',(0.,1.,0.));
#14912 = PCURVE('',#14467,#14913);
#14913 = DEFINITIONAL_REPRESENTATION('',(#14914),#14918);
#14914 = LINE('',#14915,#14916);
#14915 = CARTESIAN_POINT('',(0.,-0.282842712475));
#14916 = VECTOR('',#14917,1.);
#14917 = DIRECTION('',(1.,0.));
#14918 = ( GEOMETRIC_REPRESENTATION_CONTEXT(2) 
PARAMETRIC_REPRESENTATION_CONTEXT() REPRESENTATION_CONTEXT('2D SPACE',''
  ) );
#14919 = PCURVE('',#14692,#14920);
#14920 = DEFINITIONAL_REPRESENTATION('',(#14921),#14925);
#14921 = LINE('',#14922,#14923);
#14922 = CARTESIAN_POINT('',(12.3,0.));
#14923 = VECTOR('',#14924,1.);
#14924 = DIRECTION('',(0.,-1.));
#14925 = ( GEOMETRIC_REPRESENTATION_CONTEXT(2) 
PARAMETRIC_REPRESENTATION_CONTEXT() REPRESENTATION_CONTEXT('2D SPACE',''
  ) );
#14926 = ORIENTED_EDGE('',*,*,#14927,.T.);
#14927 = EDGE_CURVE('',#14905,#14452,#14928,.T.);
#14928 = SURFACE_CURVE('',#14929,(#14933,#14940),.PCURVE_S1.);
#14929 = LINE('',#14930,#14931);
#14930 = CARTESIAN_POINT('',(65.8,-77.3,14.));
#14931 = VECTOR('',#14932,1.);
#14932 = DIRECTION('',(-0.707106781187,-1.922962686384E-16,
    0.707106781187));
#14933 = PCURVE('',#14467,#14934);
#14934 = DEFINITIONAL_REPRESENTATION('',(#14935),#14939);
#14935 = LINE('',#14936,#14937);
#14936 = CARTESIAN_POINT('',(75.8,0.));
#14937 = VECTOR('',#14938,1.);
#14938 = DIRECTION('',(-1.922962686384E-16,1.));
#14939 = ( GEOMETRIC_REPRESENTATION_CONTEXT(2) 
PARAMETRIC_REPRESENTATION_CONTEXT() REPRESENTATION_CONTEXT('2D SPACE',''
  ) );
#14940 = PCURVE('',#14867,#14941);
#14941 = DEFINITIONAL_REPRESENTATION('',(#14942),#14946);
#14942 = LINE('',#14943,#14944);
#14943 = CARTESIAN_POINT('',(1.446065489574E-14,0.489897948557));
#14944 = VECTOR('',#14945,1.);
#14945 = DIRECTION('',(1.,2.22044604925E-16));
#14946 = ( GEOMETRIC_REPRESENTATION_CONTEXT(2) 
PARAMETRIC_REPRESENTATION_CONTEXT() REPRESENTATION_CONTEXT('2D SPACE',''
  ) );
#14947 = ORIENTED_EDGE('',*,*,#14451,.F.);
#14948 = ADVANCED_FACE('',(#14949),#14574,.T.);
#14949 = FACE_BOUND('',#14950,.F.);
#14950 = EDGE_LOOP('',(#14951,#14972,#14993,#14994));
#14951 = ORIENTED_EDGE('',*,*,#14952,.T.);
#14952 = EDGE_CURVE('',#14804,#14905,#14953,.T.);
#14953 = SURFACE_CURVE('',#14954,(#14958,#14965),.PCURVE_S1.);
#14954 = LINE('',#14955,#14956);
#14955 = CARTESIAN_POINT('',(66.,-77.3,1.5));
#14956 = VECTOR('',#14957,1.);
#14957 = DIRECTION('',(0.,0.,1.));
#14958 = PCURVE('',#14574,#14959);
#14959 = DEFINITIONAL_REPRESENTATION('',(#14960),#14964);
#14960 = LINE('',#14961,#14962);
#14961 = CARTESIAN_POINT('',(-0.,-0.282842712475));
#14962 = VECTOR('',#14963,1.);
#14963 = DIRECTION('',(-1.,0.));
#14964 = ( GEOMETRIC_REPRESENTATION_CONTEXT(2) 
PARAMETRIC_REPRESENTATION_CONTEXT() REPRESENTATION_CONTEXT('2D SPACE',''
  ) );
#14965 = PCURVE('',#14692,#14966);
#14966 = DEFINITIONAL_REPRESENTATION('',(#14967),#14971);
#14967 = LINE('',#14968,#14969);
#14968 = CARTESIAN_POINT('',(0.,-75.8));
#14969 = VECTOR('',#14970,1.);
#14970 = DIRECTION('',(1.,0.));
#14971 = ( GEOMETRIC_REPRESENTATION_CONTEXT(2) 
PARAMETRIC_REPRESENTATION_CONTEXT() REPRESENTATION_CONTEXT('2D SPACE',''
  ) );
#14972 = ORIENTED_EDGE('',*,*,#14973,.F.);
#14973 = EDGE_CURVE('',#14536,#14905,#14974,.T.);
#14974 = SURFACE_CURVE('',#14975,(#14979,#14986),.PCURVE_S1.);
#14975 = LINE('',#14976,#14977);
#14976 = CARTESIAN_POINT('',(65.7,-77.,13.8));
#14977 = VECTOR('',#14978,1.);
#14978 = DIRECTION('',(0.707106781187,-0.707106781187,
    -5.970799141221E-14));
#14979 = PCURVE('',#14574,#14980);
#14980 = DEFINITIONAL_REPRESENTATION('',(#14981),#14985);
#14981 = LINE('',#14982,#14983);
#14982 = CARTESIAN_POINT('',(-12.3,0.141421356237));
#14983 = VECTOR('',#14984,1.);
#14984 = DIRECTION('',(5.970799141221E-14,-1.));
#14985 = ( GEOMETRIC_REPRESENTATION_CONTEXT(2) 
PARAMETRIC_REPRESENTATION_CONTEXT() REPRESENTATION_CONTEXT('2D SPACE',''
  ) );
#14986 = PCURVE('',#14867,#14987);
#14987 = DEFINITIONAL_REPRESENTATION('',(#14988),#14992);
#14988 = LINE('',#14989,#14990);
#14989 = CARTESIAN_POINT('',(-7.071067811881E-02,0.122474487139));
#14990 = VECTOR('',#14991,1.);
#14991 = DIRECTION('',(-0.5,0.866025403784));
#14992 = ( GEOMETRIC_REPRESENTATION_CONTEXT(2) 
PARAMETRIC_REPRESENTATION_CONTEXT() REPRESENTATION_CONTEXT('2D SPACE',''
  ) );
#14993 = ORIENTED_EDGE('',*,*,#14558,.F.);
#14994 = ORIENTED_EDGE('',*,*,#14995,.F.);
#14995 = EDGE_CURVE('',#14804,#14559,#14996,.T.);
#14996 = SURFACE_CURVE('',#14997,(#15001,#15008),.PCURVE_S1.);
#14997 = LINE('',#14998,#14999);
#14998 = CARTESIAN_POINT('',(65.8,-77.1,1.9));
#14999 = VECTOR('',#15000,1.);
#15000 = DIRECTION('',(-0.707106781187,0.707106781187,
    -5.941954700925E-14));
#15001 = PCURVE('',#14574,#15002);
#15002 = DEFINITIONAL_REPRESENTATION('',(#15003),#15007);
#15003 = LINE('',#15004,#15005);
#15004 = CARTESIAN_POINT('',(-0.4,2.009718347115E-14));
#15005 = VECTOR('',#15006,1.);
#15006 = DIRECTION('',(5.941954700925E-14,1.));
#15007 = ( GEOMETRIC_REPRESENTATION_CONTEXT(2) 
PARAMETRIC_REPRESENTATION_CONTEXT() REPRESENTATION_CONTEXT('2D SPACE',''
  ) );
#15008 = PCURVE('',#14766,#15009);
#15009 = DEFINITIONAL_REPRESENTATION('',(#15010),#15014);
#15010 = LINE('',#15011,#15012);
#15011 = CARTESIAN_POINT('',(2.652877917342E-14,0.489897948557));
#15012 = VECTOR('',#15013,1.);
#15013 = DIRECTION('',(1.,-6.16164886639E-14));
#15014 = ( GEOMETRIC_REPRESENTATION_CONTEXT(2) 
PARAMETRIC_REPRESENTATION_CONTEXT() REPRESENTATION_CONTEXT('2D SPACE',''
  ) );
#15015 = ADVANCED_FACE('',(#15016),#14626,.F.);
#15016 = FACE_BOUND('',#15017,.F.);
#15017 = EDGE_LOOP('',(#15018,#15019,#15020));
#15018 = ORIENTED_EDGE('',*,*,#14782,.F.);
#15019 = ORIENTED_EDGE('',*,*,#14612,.T.);
#15020 = ORIENTED_EDGE('',*,*,#14726,.F.);
#15021 = ADVANCED_FACE('',(#15022),#14658,.T.);
#15022 = FACE_BOUND('',#15023,.T.);
#15023 = EDGE_LOOP('',(#15024,#15025,#15026));
#15024 = ORIENTED_EDGE('',*,*,#14883,.F.);
#15025 = ORIENTED_EDGE('',*,*,#14644,.T.);
#15026 = ORIENTED_EDGE('',*,*,#14704,.F.);
#15027 = ADVANCED_FACE('',(#15028),#14692,.T.);
#15028 = FACE_BOUND('',#15029,.T.);
#15029 = EDGE_LOOP('',(#15030,#15031,#15032,#15033));
#15030 = ORIENTED_EDGE('',*,*,#14674,.F.);
#15031 = ORIENTED_EDGE('',*,*,#14803,.T.);
#15032 = ORIENTED_EDGE('',*,*,#14952,.T.);
#15033 = ORIENTED_EDGE('',*,*,#14904,.F.);
#15034 = ADVANCED_FACE('',(#15035),#14766,.T.);
#15035 = FACE_BOUND('',#15036,.T.);
#15036 = EDGE_LOOP('',(#15037,#15038,#15039));
#15037 = ORIENTED_EDGE('',*,*,#14826,.F.);
#15038 = ORIENTED_EDGE('',*,*,#14752,.T.);
#15039 = ORIENTED_EDGE('',*,*,#14995,.F.);
#15040 = ADVANCED_FACE('',(#15041),#14867,.T.);
#15041 = FACE_BOUND('',#15042,.T.);
#15042 = EDGE_LOOP('',(#15043,#15044,#15045));
#15043 = ORIENTED_EDGE('',*,*,#14973,.F.);
#15044 = ORIENTED_EDGE('',*,*,#14853,.T.);
#15045 = ORIENTED_EDGE('',*,*,#14927,.F.);
#15046 = ( GEOMETRIC_REPRESENTATION_CONTEXT(3) 
GLOBAL_UNCERTAINTY_ASSIGNED_CONTEXT((#15050)) 
GLOBAL_UNIT_ASSIGNED_CONTEXT((#15047,#15048,#15049)) 
REPRESENTATION_CONTEXT('Context #1',
  '3D Context with UNIT and UNCERTAINTY') );
#15047 = ( LENGTH_UNIT() NAMED_UNIT(*) SI_UNIT(.MILLI.,.METRE.) );
#15048 = ( NAMED_UNIT(*) PLANE_ANGLE_UNIT() SI_UNIT($,.RADIAN.) );
#15049 = ( NAMED_UNIT(*) SI_UNIT($,.STERADIAN.) SOLID_ANGLE_UNIT() );
#15050 = UNCERTAINTY_MEASURE_WITH_UNIT(LENGTH_MEASURE(5.E-05),#15047,
  'distance_accuracy_value','confusion accuracy');
#15051 = CONTEXT_DEPENDENT_SHAPE_REPRESENTATION(#15052,#15054);
#15052 = ( REPRESENTATION_RELATIONSHIP('','',#13731,#10) 
REPRESENTATION_RELATIONSHIP_WITH_TRANSFORMATION(#15053) 
SHAPE_REPRESENTATION_RELATIONSHIP() );
#15053 = ITEM_DEFINED_TRANSFORMATION('','',#11,#79);
#15054 = PRODUCT_DEFINITION_SHAPE('Placement','Placement of an item',
  #15055);
#15055 = NEXT_ASSEMBLY_USAGE_OCCURRENCE('19','glass_sample','',#5,#13726
  ,$);
#15056 = PRODUCT_RELATED_PRODUCT_CATEGORY('part',$,(#13728));
#15057 = SHAPE_DEFINITION_REPRESENTATION(#15058,#15064);
#15058 = PRODUCT_DEFINITION_SHAPE('','',#15059);
#15059 = PRODUCT_DEFINITION('design','',#15060,#15063);
#15060 = PRODUCT_DEFINITION_FORMATION('','',#15061);
#15061 = PRODUCT('led_stars','led_stars','',(#15062));
#15062 = PRODUCT_CONTEXT('',#2,'mechanical');
#15063 = PRODUCT_DEFINITION_CONTEXT('part definition',#2,'design');
#15064 = SHAPE_REPRESENTATION('',(#11,#15065,#15253),#15441);
#15065 = MANIFOLD_SOLID_BREP('',#15066);
#15066 = CLOSED_SHELL('',(#15067,#15155,#15190,#15194,#15249));
#15067 = ADVANCED_FACE('',(#15068),#15082,.T.);
#15068 = FACE_BOUND('',#15069,.F.);
#15069 = EDGE_LOOP('',(#15070,#15100,#15127,#15128));
#15070 = ORIENTED_EDGE('',*,*,#15071,.T.);
#15071 = EDGE_CURVE('',#15072,#15074,#15076,.T.);
#15072 = VERTEX_POINT('',#15073);
#15073 = CARTESIAN_POINT('',(-12.,-127.,26.1));
#15074 = VERTEX_POINT('',#15075);
#15075 = CARTESIAN_POINT('',(-12.,-127.,27.7));
#15076 = SEAM_CURVE('',#15077,(#15081,#15093),.PCURVE_S1.);
#15077 = LINE('',#15078,#15079);
#15078 = CARTESIAN_POINT('',(-12.,-127.,26.1));
#15079 = VECTOR('',#15080,1.);
#15080 = DIRECTION('',(0.,0.,1.));
#15081 = PCURVE('',#15082,#15087);
#15082 = CYLINDRICAL_SURFACE('',#15083,10.);
#15083 = AXIS2_PLACEMENT_3D('',#15084,#15085,#15086);
#15084 = CARTESIAN_POINT('',(-22.,-127.,26.1));
#15085 = DIRECTION('',(-0.,-0.,-1.));
#15086 = DIRECTION('',(1.,0.,0.));
#15087 = DEFINITIONAL_REPRESENTATION('',(#15088),#15092);
#15088 = LINE('',#15089,#15090);
#15089 = CARTESIAN_POINT('',(-0.,0.));
#15090 = VECTOR('',#15091,1.);
#15091 = DIRECTION('',(-0.,-1.));
#15092 = ( GEOMETRIC_REPRESENTATION_CONTEXT(2) 
PARAMETRIC_REPRESENTATION_CONTEXT() REPRESENTATION_CONTEXT('2D SPACE',''
  ) );
#15093 = PCURVE('',#15082,#15094);
#15094 = DEFINITIONAL_REPRESENTATION('',(#15095),#15099);
#15095 = LINE('',#15096,#15097);
#15096 = CARTESIAN_POINT('',(-6.28318530718,0.));
#15097 = VECTOR('',#15098,1.);
#15098 = DIRECTION('',(-0.,-1.));
#15099 = ( GEOMETRIC_REPRESENTATION_CONTEXT(2) 
PARAMETRIC_REPRESENTATION_CONTEXT() REPRESENTATION_CONTEXT('2D SPACE',''
  ) );
#15100 = ORIENTED_EDGE('',*,*,#15101,.T.);
#15101 = EDGE_CURVE('',#15074,#15074,#15102,.T.);
#15102 = SURFACE_CURVE('',#15103,(#15108,#15115),.PCURVE_S1.);
#15103 = CIRCLE('',#15104,10.);
#15104 = AXIS2_PLACEMENT_3D('',#15105,#15106,#15107);
#15105 = CARTESIAN_POINT('',(-22.,-127.,27.7));
#15106 = DIRECTION('',(0.,0.,1.));
#15107 = DIRECTION('',(1.,0.,0.));
#15108 = PCURVE('',#15082,#15109);
#15109 = DEFINITIONAL_REPRESENTATION('',(#15110),#15114);
#15110 = LINE('',#15111,#15112);
#15111 = CARTESIAN_POINT('',(-0.,-1.6));
#15112 = VECTOR('',#15113,1.);
#15113 = DIRECTION('',(-1.,0.));
#15114 = ( GEOMETRIC_REPRESENTATION_CONTEXT(2) 
PARAMETRIC_REPRESENTATION_CONTEXT() REPRESENTATION_CONTEXT('2D SPACE',''
  ) );
#15115 = PCURVE('',#15116,#15121);
#15116 = PLANE('',#15117);
#15117 = AXIS2_PLACEMENT_3D('',#15118,#15119,#15120);
#15118 = CARTESIAN_POINT('',(-22.,-127.,27.7));
#15119 = DIRECTION('',(0.,0.,1.));
#15120 = DIRECTION('',(1.,0.,-0.));
#15121 = DEFINITIONAL_REPRESENTATION('',(#15122),#15126);
#15122 = CIRCLE('',#15123,10.);
#15123 = AXIS2_PLACEMENT_2D('',#15124,#15125);
#15124 = CARTESIAN_POINT('',(0.,0.));
#15125 = DIRECTION('',(1.,0.));
#15126 = ( GEOMETRIC_REPRESENTATION_CONTEXT(2) 
PARAMETRIC_REPRESENTATION_CONTEXT() REPRESENTATION_CONTEXT('2D SPACE',''
  ) );
#15127 = ORIENTED_EDGE('',*,*,#15071,.F.);
#15128 = ORIENTED_EDGE('',*,*,#15129,.F.);
#15129 = EDGE_CURVE('',#15072,#15072,#15130,.T.);
#15130 = SURFACE_CURVE('',#15131,(#15136,#15143),.PCURVE_S1.);
#15131 = CIRCLE('',#15132,10.);
#15132 = AXIS2_PLACEMENT_3D('',#15133,#15134,#15135);
#15133 = CARTESIAN_POINT('',(-22.,-127.,26.1));
#15134 = DIRECTION('',(0.,0.,1.));
#15135 = DIRECTION('',(1.,0.,0.));
#15136 = PCURVE('',#15082,#15137);
#15137 = DEFINITIONAL_REPRESENTATION('',(#15138),#15142);
#15138 = LINE('',#15139,#15140);
#15139 = CARTESIAN_POINT('',(-0.,0.));
#15140 = VECTOR('',#15141,1.);
#15141 = DIRECTION('',(-1.,0.));
#15142 = ( GEOMETRIC_REPRESENTATION_CONTEXT(2) 
PARAMETRIC_REPRESENTATION_CONTEXT() REPRESENTATION_CONTEXT('2D SPACE',''
  ) );
#15143 = PCURVE('',#15144,#15149);
#15144 = PLANE('',#15145);
#15145 = AXIS2_PLACEMENT_3D('',#15146,#15147,#15148);
#15146 = CARTESIAN_POINT('',(-22.,-127.,26.1));
#15147 = DIRECTION('',(0.,0.,1.));
#15148 = DIRECTION('',(1.,0.,-0.));
#15149 = DEFINITIONAL_REPRESENTATION('',(#15150),#15154);
#15150 = CIRCLE('',#15151,10.);
#15151 = AXIS2_PLACEMENT_2D('',#15152,#15153);
#15152 = CARTESIAN_POINT('',(0.,0.));
#15153 = DIRECTION('',(1.,0.));
#15154 = ( GEOMETRIC_REPRESENTATION_CONTEXT(2) 
PARAMETRIC_REPRESENTATION_CONTEXT() REPRESENTATION_CONTEXT('2D SPACE',''
  ) );
#15155 = ADVANCED_FACE('',(#15156,#15159),#15144,.F.);
#15156 = FACE_BOUND('',#15157,.F.);
#15157 = EDGE_LOOP('',(#15158));
#15158 = ORIENTED_EDGE('',*,*,#15129,.T.);
#15159 = FACE_BOUND('',#15160,.F.);
#15160 = EDGE_LOOP('',(#15161));
#15161 = ORIENTED_EDGE('',*,*,#15162,.F.);
#15162 = EDGE_CURVE('',#15163,#15163,#15165,.T.);
#15163 = VERTEX_POINT('',#15164);
#15164 = CARTESIAN_POINT('',(-19.5,-127.,26.1));
#15165 = SURFACE_CURVE('',#15166,(#15171,#15178),.PCURVE_S1.);
#15166 = CIRCLE('',#15167,2.5);
#15167 = AXIS2_PLACEMENT_3D('',#15168,#15169,#15170);
#15168 = CARTESIAN_POINT('',(-22.,-127.,26.1));
#15169 = DIRECTION('',(0.,0.,1.));
#15170 = DIRECTION('',(1.,0.,0.));
#15171 = PCURVE('',#15144,#15172);
#15172 = DEFINITIONAL_REPRESENTATION('',(#15173),#15177);
#15173 = CIRCLE('',#15174,2.5);
#15174 = AXIS2_PLACEMENT_2D('',#15175,#15176);
#15175 = CARTESIAN_POINT('',(0.,0.));
#15176 = DIRECTION('',(1.,0.));
#15177 = ( GEOMETRIC_REPRESENTATION_CONTEXT(2) 
PARAMETRIC_REPRESENTATION_CONTEXT() REPRESENTATION_CONTEXT('2D SPACE',''
  ) );
#15178 = PCURVE('',#15179,#15184);
#15179 = CYLINDRICAL_SURFACE('',#15180,2.5);
#15180 = AXIS2_PLACEMENT_3D('',#15181,#15182,#15183);
#15181 = CARTESIAN_POINT('',(-22.,-127.,24.1));
#15182 = DIRECTION('',(-0.,-0.,-1.));
#15183 = DIRECTION('',(1.,0.,0.));
#15184 = DEFINITIONAL_REPRESENTATION('',(#15185),#15189);
#15185 = LINE('',#15186,#15187);
#15186 = CARTESIAN_POINT('',(-0.,-2.));
#15187 = VECTOR('',#15188,1.);
#15188 = DIRECTION('',(-1.,0.));
#15189 = ( GEOMETRIC_REPRESENTATION_CONTEXT(2) 
PARAMETRIC_REPRESENTATION_CONTEXT() REPRESENTATION_CONTEXT('2D SPACE',''
  ) );
#15190 = ADVANCED_FACE('',(#15191),#15116,.T.);
#15191 = FACE_BOUND('',#15192,.T.);
#15192 = EDGE_LOOP('',(#15193));
#15193 = ORIENTED_EDGE('',*,*,#15101,.T.);
#15194 = ADVANCED_FACE('',(#15195),#15179,.T.);
#15195 = FACE_BOUND('',#15196,.F.);
#15196 = EDGE_LOOP('',(#15197,#15220,#15221,#15222));
#15197 = ORIENTED_EDGE('',*,*,#15198,.T.);
#15198 = EDGE_CURVE('',#15199,#15163,#15201,.T.);
#15199 = VERTEX_POINT('',#15200);
#15200 = CARTESIAN_POINT('',(-19.5,-127.,24.1));
#15201 = SEAM_CURVE('',#15202,(#15206,#15213),.PCURVE_S1.);
#15202 = LINE('',#15203,#15204);
#15203 = CARTESIAN_POINT('',(-19.5,-127.,24.1));
#15204 = VECTOR('',#15205,1.);
#15205 = DIRECTION('',(0.,0.,1.));
#15206 = PCURVE('',#15179,#15207);
#15207 = DEFINITIONAL_REPRESENTATION('',(#15208),#15212);
#15208 = LINE('',#15209,#15210);
#15209 = CARTESIAN_POINT('',(-0.,0.));
#15210 = VECTOR('',#15211,1.);
#15211 = DIRECTION('',(-0.,-1.));
#15212 = ( GEOMETRIC_REPRESENTATION_CONTEXT(2) 
PARAMETRIC_REPRESENTATION_CONTEXT() REPRESENTATION_CONTEXT('2D SPACE',''
  ) );
#15213 = PCURVE('',#15179,#15214);
#15214 = DEFINITIONAL_REPRESENTATION('',(#15215),#15219);
#15215 = LINE('',#15216,#15217);
#15216 = CARTESIAN_POINT('',(-6.28318530718,0.));
#15217 = VECTOR('',#15218,1.);
#15218 = DIRECTION('',(-0.,-1.));
#15219 = ( GEOMETRIC_REPRESENTATION_CONTEXT(2) 
PARAMETRIC_REPRESENTATION_CONTEXT() REPRESENTATION_CONTEXT('2D SPACE',''
  ) );
#15220 = ORIENTED_EDGE('',*,*,#15162,.T.);
#15221 = ORIENTED_EDGE('',*,*,#15198,.F.);
#15222 = ORIENTED_EDGE('',*,*,#15223,.F.);
#15223 = EDGE_CURVE('',#15199,#15199,#15224,.T.);
#15224 = SURFACE_CURVE('',#15225,(#15230,#15237),.PCURVE_S1.);
#15225 = CIRCLE('',#15226,2.5);
#15226 = AXIS2_PLACEMENT_3D('',#15227,#15228,#15229);
#15227 = CARTESIAN_POINT('',(-22.,-127.,24.1));
#15228 = DIRECTION('',(0.,0.,1.));
#15229 = DIRECTION('',(1.,0.,0.));
#15230 = PCURVE('',#15179,#15231);
#15231 = DEFINITIONAL_REPRESENTATION('',(#15232),#15236);
#15232 = LINE('',#15233,#15234);
#15233 = CARTESIAN_POINT('',(-0.,0.));
#15234 = VECTOR('',#15235,1.);
#15235 = DIRECTION('',(-1.,0.));
#15236 = ( GEOMETRIC_REPRESENTATION_CONTEXT(2) 
PARAMETRIC_REPRESENTATION_CONTEXT() REPRESENTATION_CONTEXT('2D SPACE',''
  ) );
#15237 = PCURVE('',#15238,#15243);
#15238 = PLANE('',#15239);
#15239 = AXIS2_PLACEMENT_3D('',#15240,#15241,#15242);
#15240 = CARTESIAN_POINT('',(-22.,-127.,24.1));
#15241 = DIRECTION('',(0.,0.,1.));
#15242 = DIRECTION('',(1.,0.,-0.));
#15243 = DEFINITIONAL_REPRESENTATION('',(#15244),#15248);
#15244 = CIRCLE('',#15245,2.5);
#15245 = AXIS2_PLACEMENT_2D('',#15246,#15247);
#15246 = CARTESIAN_POINT('',(0.,0.));
#15247 = DIRECTION('',(1.,0.));
#15248 = ( GEOMETRIC_REPRESENTATION_CONTEXT(2) 
PARAMETRIC_REPRESENTATION_CONTEXT() REPRESENTATION_CONTEXT('2D SPACE',''
  ) );
#15249 = ADVANCED_FACE('',(#15250),#15238,.F.);
#15250 = FACE_BOUND('',#15251,.F.);
#15251 = EDGE_LOOP('',(#15252));
#15252 = ORIENTED_EDGE('',*,*,#15223,.T.);
#15253 = MANIFOLD_SOLID_BREP('',#15254);
#15254 = CLOSED_SHELL('',(#15255,#15343,#15378,#15382,#15437));
#15255 = ADVANCED_FACE('',(#15256),#15270,.T.);
#15256 = FACE_BOUND('',#15257,.F.);
#15257 = EDGE_LOOP('',(#15258,#15288,#15315,#15316));
#15258 = ORIENTED_EDGE('',*,*,#15259,.T.);
#15259 = EDGE_CURVE('',#15260,#15262,#15264,.T.);
#15260 = VERTEX_POINT('',#15261);
#15261 = CARTESIAN_POINT('',(32.,-127.,26.1));
#15262 = VERTEX_POINT('',#15263);
#15263 = CARTESIAN_POINT('',(32.,-127.,27.7));
#15264 = SEAM_CURVE('',#15265,(#15269,#15281),.PCURVE_S1.);
#15265 = LINE('',#15266,#15267);
#15266 = CARTESIAN_POINT('',(32.,-127.,26.1));
#15267 = VECTOR('',#15268,1.);
#15268 = DIRECTION('',(0.,0.,1.));
#15269 = PCURVE('',#15270,#15275);
#15270 = CYLINDRICAL_SURFACE('',#15271,10.);
#15271 = AXIS2_PLACEMENT_3D('',#15272,#15273,#15274);
#15272 = CARTESIAN_POINT('',(22.,-127.,26.1));
#15273 = DIRECTION('',(-0.,-0.,-1.));
#15274 = DIRECTION('',(1.,0.,0.));
#15275 = DEFINITIONAL_REPRESENTATION('',(#15276),#15280);
#15276 = LINE('',#15277,#15278);
#15277 = CARTESIAN_POINT('',(-0.,0.));
#15278 = VECTOR('',#15279,1.);
#15279 = DIRECTION('',(-0.,-1.));
#15280 = ( GEOMETRIC_REPRESENTATION_CONTEXT(2) 
PARAMETRIC_REPRESENTATION_CONTEXT() REPRESENTATION_CONTEXT('2D SPACE',''
  ) );
#15281 = PCURVE('',#15270,#15282);
#15282 = DEFINITIONAL_REPRESENTATION('',(#15283),#15287);
#15283 = LINE('',#15284,#15285);
#15284 = CARTESIAN_POINT('',(-6.28318530718,0.));
#15285 = VECTOR('',#15286,1.);
#15286 = DIRECTION('',(-0.,-1.));
#15287 = ( GEOMETRIC_REPRESENTATION_CONTEXT(2) 
PARAMETRIC_REPRESENTATION_CONTEXT() REPRESENTATION_CONTEXT('2D SPACE',''
  ) );
#15288 = ORIENTED_EDGE('',*,*,#15289,.T.);
#15289 = EDGE_CURVE('',#15262,#15262,#15290,.T.);
#15290 = SURFACE_CURVE('',#15291,(#15296,#15303),.PCURVE_S1.);
#15291 = CIRCLE('',#15292,10.);
#15292 = AXIS2_PLACEMENT_3D('',#15293,#15294,#15295);
#15293 = CARTESIAN_POINT('',(22.,-127.,27.7));
#15294 = DIRECTION('',(0.,0.,1.));
#15295 = DIRECTION('',(1.,0.,0.));
#15296 = PCURVE('',#15270,#15297);
#15297 = DEFINITIONAL_REPRESENTATION('',(#15298),#15302);
#15298 = LINE('',#15299,#15300);
#15299 = CARTESIAN_POINT('',(-0.,-1.6));
#15300 = VECTOR('',#15301,1.);
#15301 = DIRECTION('',(-1.,0.));
#15302 = ( GEOMETRIC_REPRESENTATION_CONTEXT(2) 
PARAMETRIC_REPRESENTATION_CONTEXT() REPRESENTATION_CONTEXT('2D SPACE',''
  ) );
#15303 = PCURVE('',#15304,#15309);
#15304 = PLANE('',#15305);
#15305 = AXIS2_PLACEMENT_3D('',#15306,#15307,#15308);
#15306 = CARTESIAN_POINT('',(22.,-127.,27.7));
#15307 = DIRECTION('',(0.,0.,1.));
#15308 = DIRECTION('',(1.,0.,-0.));
#15309 = DEFINITIONAL_REPRESENTATION('',(#15310),#15314);
#15310 = CIRCLE('',#15311,10.);
#15311 = AXIS2_PLACEMENT_2D('',#15312,#15313);
#15312 = CARTESIAN_POINT('',(0.,0.));
#15313 = DIRECTION('',(1.,0.));
#15314 = ( GEOMETRIC_REPRESENTATION_CONTEXT(2) 
PARAMETRIC_REPRESENTATION_CONTEXT() REPRESENTATION_CONTEXT('2D SPACE',''
  ) );
#15315 = ORIENTED_EDGE('',*,*,#15259,.F.);
#15316 = ORIENTED_EDGE('',*,*,#15317,.F.);
#15317 = EDGE_CURVE('',#15260,#15260,#15318,.T.);
#15318 = SURFACE_CURVE('',#15319,(#15324,#15331),.PCURVE_S1.);
#15319 = CIRCLE('',#15320,10.);
#15320 = AXIS2_PLACEMENT_3D('',#15321,#15322,#15323);
#15321 = CARTESIAN_POINT('',(22.,-127.,26.1));
#15322 = DIRECTION('',(0.,0.,1.));
#15323 = DIRECTION('',(1.,0.,0.));
#15324 = PCURVE('',#15270,#15325);
#15325 = DEFINITIONAL_REPRESENTATION('',(#15326),#15330);
#15326 = LINE('',#15327,#15328);
#15327 = CARTESIAN_POINT('',(-0.,0.));
#15328 = VECTOR('',#15329,1.);
#15329 = DIRECTION('',(-1.,0.));
#15330 = ( GEOMETRIC_REPRESENTATION_CONTEXT(2) 
PARAMETRIC_REPRESENTATION_CONTEXT() REPRESENTATION_CONTEXT('2D SPACE',''
  ) );
#15331 = PCURVE('',#15332,#15337);
#15332 = PLANE('',#15333);
#15333 = AXIS2_PLACEMENT_3D('',#15334,#15335,#15336);
#15334 = CARTESIAN_POINT('',(22.,-127.,26.1));
#15335 = DIRECTION('',(0.,0.,1.));
#15336 = DIRECTION('',(1.,0.,-0.));
#15337 = DEFINITIONAL_REPRESENTATION('',(#15338),#15342);
#15338 = CIRCLE('',#15339,10.);
#15339 = AXIS2_PLACEMENT_2D('',#15340,#15341);
#15340 = CARTESIAN_POINT('',(0.,0.));
#15341 = DIRECTION('',(1.,0.));
#15342 = ( GEOMETRIC_REPRESENTATION_CONTEXT(2) 
PARAMETRIC_REPRESENTATION_CONTEXT() REPRESENTATION_CONTEXT('2D SPACE',''
  ) );
#15343 = ADVANCED_FACE('',(#15344,#15347),#15332,.F.);
#15344 = FACE_BOUND('',#15345,.F.);
#15345 = EDGE_LOOP('',(#15346));
#15346 = ORIENTED_EDGE('',*,*,#15317,.T.);
#15347 = FACE_BOUND('',#15348,.F.);
#15348 = EDGE_LOOP('',(#15349));
#15349 = ORIENTED_EDGE('',*,*,#15350,.F.);
#15350 = EDGE_CURVE('',#15351,#15351,#15353,.T.);
#15351 = VERTEX_POINT('',#15352);
#15352 = CARTESIAN_POINT('',(24.5,-127.,26.1));
#15353 = SURFACE_CURVE('',#15354,(#15359,#15366),.PCURVE_S1.);
#15354 = CIRCLE('',#15355,2.5);
#15355 = AXIS2_PLACEMENT_3D('',#15356,#15357,#15358);
#15356 = CARTESIAN_POINT('',(22.,-127.,26.1));
#15357 = DIRECTION('',(0.,0.,1.));
#15358 = DIRECTION('',(1.,0.,0.));
#15359 = PCURVE('',#15332,#15360);
#15360 = DEFINITIONAL_REPRESENTATION('',(#15361),#15365);
#15361 = CIRCLE('',#15362,2.5);
#15362 = AXIS2_PLACEMENT_2D('',#15363,#15364);
#15363 = CARTESIAN_POINT('',(0.,0.));
#15364 = DIRECTION('',(1.,0.));
#15365 = ( GEOMETRIC_REPRESENTATION_CONTEXT(2) 
PARAMETRIC_REPRESENTATION_CONTEXT() REPRESENTATION_CONTEXT('2D SPACE',''
  ) );
#15366 = PCURVE('',#15367,#15372);
#15367 = CYLINDRICAL_SURFACE('',#15368,2.5);
#15368 = AXIS2_PLACEMENT_3D('',#15369,#15370,#15371);
#15369 = CARTESIAN_POINT('',(22.,-127.,24.1));
#15370 = DIRECTION('',(-0.,-0.,-1.));
#15371 = DIRECTION('',(1.,0.,0.));
#15372 = DEFINITIONAL_REPRESENTATION('',(#15373),#15377);
#15373 = LINE('',#15374,#15375);
#15374 = CARTESIAN_POINT('',(-0.,-2.));
#15375 = VECTOR('',#15376,1.);
#15376 = DIRECTION('',(-1.,0.));
#15377 = ( GEOMETRIC_REPRESENTATION_CONTEXT(2) 
PARAMETRIC_REPRESENTATION_CONTEXT() REPRESENTATION_CONTEXT('2D SPACE',''
  ) );
#15378 = ADVANCED_FACE('',(#15379),#15304,.T.);
#15379 = FACE_BOUND('',#15380,.T.);
#15380 = EDGE_LOOP('',(#15381));
#15381 = ORIENTED_EDGE('',*,*,#15289,.T.);
#15382 = ADVANCED_FACE('',(#15383),#15367,.T.);
#15383 = FACE_BOUND('',#15384,.F.);
#15384 = EDGE_LOOP('',(#15385,#15408,#15409,#15410));
#15385 = ORIENTED_EDGE('',*,*,#15386,.T.);
#15386 = EDGE_CURVE('',#15387,#15351,#15389,.T.);
#15387 = VERTEX_POINT('',#15388);
#15388 = CARTESIAN_POINT('',(24.5,-127.,24.1));
#15389 = SEAM_CURVE('',#15390,(#15394,#15401),.PCURVE_S1.);
#15390 = LINE('',#15391,#15392);
#15391 = CARTESIAN_POINT('',(24.5,-127.,24.1));
#15392 = VECTOR('',#15393,1.);
#15393 = DIRECTION('',(0.,0.,1.));
#15394 = PCURVE('',#15367,#15395);
#15395 = DEFINITIONAL_REPRESENTATION('',(#15396),#15400);
#15396 = LINE('',#15397,#15398);
#15397 = CARTESIAN_POINT('',(-0.,0.));
#15398 = VECTOR('',#15399,1.);
#15399 = DIRECTION('',(-0.,-1.));
#15400 = ( GEOMETRIC_REPRESENTATION_CONTEXT(2) 
PARAMETRIC_REPRESENTATION_CONTEXT() REPRESENTATION_CONTEXT('2D SPACE',''
  ) );
#15401 = PCURVE('',#15367,#15402);
#15402 = DEFINITIONAL_REPRESENTATION('',(#15403),#15407);
#15403 = LINE('',#15404,#15405);
#15404 = CARTESIAN_POINT('',(-6.28318530718,0.));
#15405 = VECTOR('',#15406,1.);
#15406 = DIRECTION('',(-0.,-1.));
#15407 = ( GEOMETRIC_REPRESENTATION_CONTEXT(2) 
PARAMETRIC_REPRESENTATION_CONTEXT() REPRESENTATION_CONTEXT('2D SPACE',''
  ) );
#15408 = ORIENTED_EDGE('',*,*,#15350,.T.);
#15409 = ORIENTED_EDGE('',*,*,#15386,.F.);
#15410 = ORIENTED_EDGE('',*,*,#15411,.F.);
#15411 = EDGE_CURVE('',#15387,#15387,#15412,.T.);
#15412 = SURFACE_CURVE('',#15413,(#15418,#15425),.PCURVE_S1.);
#15413 = CIRCLE('',#15414,2.5);
#15414 = AXIS2_PLACEMENT_3D('',#15415,#15416,#15417);
#15415 = CARTESIAN_POINT('',(22.,-127.,24.1));
#15416 = DIRECTION('',(0.,0.,1.));
#15417 = DIRECTION('',(1.,0.,0.));
#15418 = PCURVE('',#15367,#15419);
#15419 = DEFINITIONAL_REPRESENTATION('',(#15420),#15424);
#15420 = LINE('',#15421,#15422);
#15421 = CARTESIAN_POINT('',(-0.,0.));
#15422 = VECTOR('',#15423,1.);
#15423 = DIRECTION('',(-1.,0.));
#15424 = ( GEOMETRIC_REPRESENTATION_CONTEXT(2) 
PARAMETRIC_REPRESENTATION_CONTEXT() REPRESENTATION_CONTEXT('2D SPACE',''
  ) );
#15425 = PCURVE('',#15426,#15431);
#15426 = PLANE('',#15427);
#15427 = AXIS2_PLACEMENT_3D('',#15428,#15429,#15430);
#15428 = CARTESIAN_POINT('',(22.,-127.,24.1));
#15429 = DIRECTION('',(0.,0.,1.));
#15430 = DIRECTION('',(1.,0.,-0.));
#15431 = DEFINITIONAL_REPRESENTATION('',(#15432),#15436);
#15432 = CIRCLE('',#15433,2.5);
#15433 = AXIS2_PLACEMENT_2D('',#15434,#15435);
#15434 = CARTESIAN_POINT('',(0.,0.));
#15435 = DIRECTION('',(1.,0.));
#15436 = ( GEOMETRIC_REPRESENTATION_CONTEXT(2) 
PARAMETRIC_REPRESENTATION_CONTEXT() REPRESENTATION_CONTEXT('2D SPACE',''
  ) );
#15437 = ADVANCED_FACE('',(#15438),#15426,.F.);
#15438 = FACE_BOUND('',#15439,.F.);
#15439 = EDGE_LOOP('',(#15440));
#15440 = ORIENTED_EDGE('',*,*,#15411,.T.);
#15441 = ( GEOMETRIC_REPRESENTATION_CONTEXT(3) 
GLOBAL_UNCERTAINTY_ASSIGNED_CONTEXT((#15445)) 
GLOBAL_UNIT_ASSIGNED_CONTEXT((#15442,#15443,#15444)) 
REPRESENTATION_CONTEXT('Context #1',
  '3D Context with UNIT and UNCERTAINTY') );
#15442 = ( LENGTH_UNIT() NAMED_UNIT(*) SI_UNIT(.MILLI.,.METRE.) );
#15443 = ( NAMED_UNIT(*) PLANE_ANGLE_UNIT() SI_UNIT($,.RADIAN.) );
#15444 = ( NAMED_UNIT(*) SI_UNIT($,.STERADIAN.) SOLID_ANGLE_UNIT() );
#15445 = UNCERTAINTY_MEASURE_WITH_UNIT(LENGTH_MEASURE(1.E-07),#15442,
  'distance_accuracy_value','confusion accuracy');
#15446 = CONTEXT_DEPENDENT_SHAPE_REPRESENTATION(#15447,#15449);
#15447 = ( REPRESENTATION_RELATIONSHIP('','',#15064,#10) 
REPRESENTATION_RELATIONSHIP_WITH_TRANSFORMATION(#15448) 
SHAPE_REPRESENTATION_RELATIONSHIP() );
#15448 = ITEM_DEFINED_TRANSFORMATION('','',#11,#83);
#15449 = PRODUCT_DEFINITION_SHAPE('Placement','Placement of an item',
  #15450);
#15450 = NEXT_ASSEMBLY_USAGE_OCCURRENCE('20','led_stars','',#5,#15059,$
  );
#15451 = PRODUCT_RELATED_PRODUCT_CATEGORY('part',$,(#15061));
ENDSEC;
END-ISO-10303-21;
